State,Avg Daily Distance (km),Brand,Model,Price (INR),Year of Manufacture,Engine Capacity (cc),Fuel Type,Mileage (km/l),Owner Type,Registration Year,Insurance Status,Seller Type,Resale Price (INR),City Tier
Karnataka,29.66,Ktm,250 Duke,162227.0,2020,690.0,Hybrid,76.29,Second,2024.0,Active,Individual,133472.89,Metro
Gujarat,20.27,Yamaha,R15 V4,280899.0,2021,308.0,Electric,88.68,Second,2022.0,Not Available,Dealer,118779.67,Tier 2
Maharashtra,21.05,Ktm,250 Duke,310277.0,2022,417.0,Hybrid,69.05,Second,2022.0,Expired,Dealer,133472.89,Metro
Tamil Nadu,77.06,Hero,Hf Deluxe,324844.0,2023,497.0,Petrol,36.61,Second,2024.0,Not Available,Dealer,163710.98,Tier 3
Delhi,54.87,Hero,Hf Deluxe,149728.0,2023,644.0,Electric,80.9,First,2023.0,Not Available,Dealer,74701.67,Metro
Karnataka,24.38,Bajaj,Pulsar 150,319080.0,2020,111.0,Hybrid,72.9,Third,2022.0,Expired,Dealer,199482.09,Tier 3
Punjab,76.19,Bajaj,Ct 100,288359.0,2022,194.0,Petrol,59.42,Second,2022.0,Expired,Dealer,123412.86,Tier 1
Tamil Nadu,23.04,Yamaha,Mt-15,92829.0,2017,200.0,Electric,99.77,Second,2021.0,Active,Individual,42934.94,Tier 3
West Bengal,70.83,Tvs,Ronin,150991.0,2020,577.0,Electric,63.73,Third,2024.0,Expired,Individual,75730.39,Tier 1
Gujarat,52.04,Yamaha,Mt-15,280917.0,2016,609.0,Hybrid,79.37,Second,2021.0,Active,Individual,193576.22,Metro
Karnataka,24.32,Royal Enfield,Classic 350,327312.0,2024,123.0,Hybrid,92.78,First,2024.0,Expired,Individual,230889.91,Tier 3
Delhi,75.35,Tvs,Ronin,169295.0,2024,495.0,Hybrid,86.52,Second,2024.0,Active,Dealer,111197.11,Metro
Madhya Pradesh,38.44,Hero,Glamour,110183.0,2020,948.0,Petrol,29.14,Third,2021.0,Expired,Dealer,77592.06,Tier 2
Gujarat,57.25,Tvs,Ntorq 125,195569.0,2021,849.0,Petrol,70.2,Second,2023.0,Active,Dealer,102735.95,Tier 2
Rajasthan,78.97,Yamaha,R15 V4,146648.0,2015,824.0,Hybrid,97.41,Second,2021.0,Not Available,Individual,94594.79,Tier 3
Madhya Pradesh,50.39,Tvs,Jupiter,298601.0,2021,497.0,Electric,70.2,Second,2021.0,Expired,Dealer,162021.7,Tier 1
Punjab,51.75,Ktm,Duke 200,338066.0,2024,859.0,Hybrid,87.06,First,2024.0,Active,Dealer,238810.17,Metro
Uttar Pradesh,73.54,Honda,Dio,283241.0,2019,489.0,Petrol,70.2,Third,2023.0,Not Available,Individual,123017.53,Metro
Rajasthan,68.42,Kawasaki,Ninja 400,203644.0,2022,639.0,Electric,81.17,Second,2022.0,Not Available,Individual,109714.36,Tier 1
Delhi,32.69,Yamaha,Ray Zr,309798.0,2020,270.0,Hybrid,74.4,Third,2023.0,Expired,Dealer,234867.7,Tier 3
Karnataka,41.17,Bajaj,Avenger 220,111375.0,2022,256.0,Petrol,54.78,Third,2023.0,Not Available,Individual,57908.05,Tier 1
West Bengal,48.46,Bajaj,Pulsar 150,377609.0,2023,607.0,Hybrid,74.86,First,2023.0,Not Available,Dealer,199073.49,Tier 3
Karnataka,54.22,Bajaj,Ct 100,340430.0,2022,631.0,Hybrid,89.65,First,2022.0,Not Available,Individual,162159.98,Tier 1
Rajasthan,19.64,Bajaj,Platina 110,238654.0,2021,194.0,Hybrid,71.65,Second,2021.0,Active,Dealer,132667.57,Metro
Punjab,77.04,Hero,Passion Pro,265716.0,2021,438.0,Electric,96.32,Second,2023.0,Not Available,Dealer,152776.0,Tier 3
Rajasthan,61.81,Hero,Hf Deluxe,308713.0,2024,402.0,Electric,96.26,Second,2024.0,Not Available,Individual,229702.91,Tier 2
Madhya Pradesh,44.95,Royal Enfield,Classic 350,321321.0,2020,667.0,Electric,89.5,Third,2023.0,Expired,Individual,227938.71,Tier 1
Punjab,5.22,Ktm,390 Adventure,286670.0,2020,717.0,Electric,74.57,Second,2021.0,Expired,Dealer,170160.5,Tier 3
Maharashtra,13.39,Bajaj,Pulsar 150,278790.0,2017,960.0,Electric,84.35,Second,2023.0,Not Available,Dealer,214469.05,Tier 3
Gujarat,12.14,Yamaha,Fascino 125,390239.0,2021,592.0,Petrol,42.77,First,2021.0,Active,Individual,311322.43,Tier 3
Uttar Pradesh,52.64,Yamaha,Fz V3,327445.0,2022,786.0,Electric,61.54,Third,2024.0,Expired,Individual,196190.94,Tier 1
Rajasthan,77.24,Hero,Glamour,200210.0,2022,254.0,Electric,70.65,First,2022.0,Not Available,Individual,133418.39,Tier 3
Tamil Nadu,12.15,Hero,Passion Pro,178709.0,2019,406.0,Electric,83.0,Second,2021.0,Active,Dealer,126289.57,Tier 3
Maharashtra,43.94,Royal Enfield,Hunter 350,334314.0,2017,440.0,Petrol,47.24,Second,2024.0,Not Available,Individual,192353.34,Tier 2
Uttar Pradesh,17.33,Yamaha,Mt-15,147881.0,2022,118.0,Hybrid,66.91,Second,2022.0,Expired,Individual,79418.16,Tier 1
Uttar Pradesh,31.91,Hero,Splendor Plus,281327.0,2020,313.0,Petrol,36.93,Second,2024.0,Active,Individual,188254.84,Metro
Maharashtra,56.35,Royal Enfield,Himalayan,239013.0,2024,234.0,Petrol,36.12,Second,2024.0,Not Available,Dealer,101833.67,Tier 1
West Bengal,19.72,Tvs,Jupiter,236825.0,2024,276.0,Petrol,43.46,Second,2024.0,Active,Dealer,121040.77,Tier 1
Tamil Nadu,72.23,Kawasaki,Z650,155574.0,2024,840.0,Petrol,49.8,Second,2024.0,Expired,Individual,121376.15,Tier 1
Gujarat,22.57,Honda,Dio,70947.0,2022,498.0,Hybrid,62.68,Second,2022.0,Expired,Dealer,48073.78,Tier 3
Delhi,72.1,Tvs,Jupiter,396472.0,2021,942.0,Petrol,32.86,Second,2024.0,Active,Dealer,269387.72,Tier 3
Gujarat,54.54,Yamaha,R15 V4,203588.0,2021,583.0,Electric,70.2,Second,2024.0,Expired,Individual,109603.43,Tier 1
Gujarat,67.83,Kawasaki,Vulcan S,206540.0,2024,469.0,Hybrid,80.07,Second,2024.0,Not Available,Dealer,130554.44,Metro
Karnataka,43.95,Tvs,Apache Rtr 160,144565.0,2024,167.0,Petrol,29.44,First,2024.0,Expired,Dealer,86786.8,Metro
Punjab,45.1,Kawasaki,Vulcan S,393154.0,2020,568.0,Petrol,36.22,Second,2024.0,Expired,Dealer,292425.77,Tier 2
Delhi,34.69,Royal Enfield,Classic 350,397044.0,2015,923.0,Hybrid,68.77,Second,2022.0,Active,Dealer,259274.4,Tier 2
Gujarat,13.16,Royal Enfield,Interceptor 650,336431.0,2019,354.0,Hybrid,76.79,Second,2023.0,Active,Individual,147155.4,Tier 1
Gujarat,74.42,Honda,Activa,211818.0,2017,416.0,Hybrid,85.4,Third,2022.0,Not Available,Individual,127083.99,Metro
Madhya Pradesh,5.41,Honda,Activa,352157.0,2016,826.0,Electric,77.86,Second,2022.0,Expired,Individual,133472.89,Metro
Tamil Nadu,33.15,Ktm,250 Duke,107263.0,2024,476.0,Electric,95.53,Second,2024.0,Expired,Individual,54706.06,Tier 3
Punjab,75.43,Tvs,Sport,322747.0,2022,252.0,Petrol,57.12,Second,2023.0,Active,Dealer,203970.76,Tier 2
Tamil Nadu,76.4,Kawasaki,Z650,103570.0,2021,862.0,Hybrid,85.11,Second,2021.0,Active,Dealer,43966.51,Tier 3
Uttar Pradesh,68.37,Yamaha,Fascino 125,151506.0,2021,497.0,Petrol,34.12,First,2021.0,Not Available,Individual,109657.87,Metro
Karnataka,24.14,Tvs,Jupiter,145061.0,2024,353.0,Petrol,28.08,Second,2024.0,Not Available,Individual,83042.09,Tier 2
West Bengal,9.49,Hero,Hf Deluxe,229778.0,2020,368.0,Electric,91.29,Third,2021.0,Expired,Individual,168530.22,Tier 2
Delhi,7.61,Hero,Hf Deluxe,171260.0,2021,170.0,Hybrid,66.03,First,2021.0,Active,Individual,103862.2,Tier 3
Tamil Nadu,74.85,Yamaha,Fascino 125,288764.0,2023,470.0,Petrol,51.89,Second,2023.0,Active,Dealer,120996.42,Tier 2
Delhi,68.0,Kawasaki,Ninja 400,64863.0,2024,909.0,Hybrid,80.89,Second,2024.0,Not Available,Dealer,50611.96,Tier 3
Karnataka,10.5,Honda,Cbr 650R,254581.0,2022,834.0,Petrol,36.04,Second,2022.0,Expired,Individual,181456.98,Tier 2
Madhya Pradesh,73.26,Kawasaki,Versys 650,74684.0,2023,293.0,Petrol,54.62,Third,2023.0,Not Available,Dealer,48193.79,Tier 1
Maharashtra,59.61,Kawasaki,Ninja 300,251783.0,2016,779.0,Petrol,59.73,Second,2021.0,Not Available,Individual,193643.8,Tier 3
Rajasthan,26.18,Bajaj,Ct 100,68000.0,2021,109.0,Electric,63.74,Second,2023.0,Active,Dealer,30586.37,Tier 1
Tamil Nadu,11.83,Royal Enfield,Classic 350,263728.0,2021,984.0,Electric,81.06,Second,2023.0,Expired,Dealer,112885.83,Tier 1
Madhya Pradesh,44.9,Yamaha,Mt-15,57844.0,2019,218.0,Electric,61.1,Second,2022.0,Not Available,Dealer,27256.09,Tier 3
West Bengal,72.81,Bajaj,Avenger 220,328379.0,2023,287.0,Electric,68.35,Third,2024.0,Expired,Dealer,180932.26,Metro
Karnataka,31.27,Tvs,Apache Rtr 160,224917.0,2016,454.0,Petrol,27.28,Second,2024.0,Expired,Dealer,103546.72,Tier 3
Punjab,20.31,Hero,Splendor Plus,284414.0,2024,688.0,Petrol,70.2,Second,2024.0,Expired,Dealer,144228.41,Tier 1
Maharashtra,38.23,Hero,Glamour,365868.0,2018,321.0,Hybrid,67.94,Second,2022.0,Active,Dealer,189300.15,Metro
Rajasthan,39.13,Kawasaki,Z650,53478.0,2023,219.0,Petrol,47.44,Third,2024.0,Not Available,Individual,33120.17,Tier 2
Gujarat,77.0,Tvs,Ronin,133181.0,2023,633.0,Electric,90.84,Second,2023.0,Not Available,Dealer,73345.51,Metro
Rajasthan,72.57,Royal Enfield,Himalayan,68340.0,2016,692.0,Hybrid,70.2,Second,2023.0,Expired,Individual,40992.71,Tier 1
Punjab,64.45,Royal Enfield,Meteor 350,389673.0,2021,661.0,Petrol,43.68,Second,2022.0,Active,Dealer,202998.35,Tier 2
Delhi,57.97,Royal Enfield,Interceptor 650,326146.0,2023,516.0,Electric,65.97,Second,2023.0,Active,Dealer,133472.89,Tier 2
Maharashtra,37.9,Kawasaki,Ninja 300,91212.0,2020,765.0,Petrol,37.22,Second,2023.0,Not Available,Dealer,61811.9,Tier 2
Uttar Pradesh,34.9,Bajaj,Pulsar 150,59432.0,2024,280.0,Hybrid,77.82,First,2024.0,Active,Individual,24330.03,Tier 2
Madhya Pradesh,66.9,Tvs,Ntorq 125,190264.0,2022,950.0,Hybrid,81.43,Second,2022.0,Expired,Dealer,78046.59,Tier 1
Madhya Pradesh,52.33,Tvs,Apache Rtr 160,71147.0,2024,118.0,Hybrid,61.3,Second,2024.0,Expired,Dealer,52113.17,Tier 2
Madhya Pradesh,45.8,Kawasaki,Versys 650,176472.0,2019,136.0,Electric,72.41,Second,2021.0,Expired,Individual,120124.55962193829,Tier 2
Rajasthan,30.68,Tvs,Ntorq 125,297364.0,2024,766.0,Electric,61.5,Second,2024.0,Active,Individual,157167.08,Tier 2
Delhi,63.52,Honda,Unicorn,123763.0,2017,846.0,Electric,70.2,Second,2021.0,Not Available,Dealer,97547.24,Tier 2
Tamil Nadu,52.38,Royal Enfield,Hunter 350,355717.0,2022,123.0,Electric,63.57,Second,2022.0,Active,Dealer,133472.89,Tier 3
Gujarat,28.08,Bajaj,Dominar 400,314916.0,2024,395.0,Hybrid,62.98,Second,2024.0,Active,Dealer,250720.88,Tier 3
Madhya Pradesh,45.11,Yamaha,Fz V3,170625.0,2019,771.0,Hybrid,77.16,Second,2023.0,Not Available,Dealer,133472.89,Tier 3
Gujarat,52.09,Ktm,250 Duke,203395.0,2016,778.0,Hybrid,87.31,Second,2021.0,Active,Dealer,93904.44,Tier 3
Rajasthan,18.39,Hero,Glamour,349074.0,2020,108.0,Hybrid,74.61,Second,2022.0,Active,Dealer,215820.32,Tier 2
Delhi,29.77,Ktm,125 Duke,189719.0,2021,506.0,Electric,100.0,Second,2023.0,Not Available,Dealer,103130.48,Tier 2
Punjab,29.47,Tvs,Sport,250186.0,2022,913.0,Hybrid,97.17,First,2022.0,Active,Individual,179327.71,Tier 1
Punjab,22.89,Ktm,Rc 390,121511.0,2015,900.0,Petrol,29.32,Second,2021.0,Active,Dealer,59257.67,Metro
Delhi,67.23,Royal Enfield,Hunter 350,370924.0,2015,982.0,Hybrid,96.88,Second,2022.0,Not Available,Individual,227203.75,Tier 3
Rajasthan,34.37,Tvs,Ntorq 125,198844.0,2018,985.0,Hybrid,88.25,Second,2023.0,Expired,Dealer,133472.89,Tier 2
Gujarat,73.13,Tvs,Sport,248990.0,2019,817.0,Petrol,27.34,Third,2023.0,Active,Dealer,135623.95,Metro
Uttar Pradesh,50.32,Honda,Shine,163818.0,2023,927.0,Petrol,56.24,First,2023.0,Not Available,Individual,82044.35308294119,Tier 2
Maharashtra,24.17,Hero,Splendor Plus,256232.0,2024,925.0,Hybrid,91.15,Second,2024.0,Expired,Individual,115828.07,Tier 1
Karnataka,59.45,Yamaha,R15 V4,57299.0,2021,150.0,Electric,73.4,Second,2022.0,Not Available,Dealer,33881.87,Tier 2
West Bengal,31.26,Royal Enfield,Himalayan,305726.0,2015,354.0,Petrol,39.9,Third,2024.0,Expired,Dealer,227989.69,Metro
Punjab,56.77,Bajaj,Platina 110,366557.0,2020,744.0,Petrol,40.13,Second,2022.0,Not Available,Dealer,148456.38,Metro
Rajasthan,39.48,Royal Enfield,Interceptor 650,147687.0,2015,206.0,Hybrid,97.94,Second,2023.0,Not Available,Dealer,64326.22,Metro
Delhi,70.69,Kawasaki,Ninja 400,97886.0,2021,559.0,Electric,64.67,First,2021.0,Active,Individual,75883.46,Tier 3
Tamil Nadu,67.57,Kawasaki,Ninja 300,256525.0,2015,345.0,Petrol,33.16,Second,2023.0,Expired,Individual,112643.18,Tier 1
Gujarat,9.28,Royal Enfield,Interceptor 650,220153.0,2016,511.0,Hybrid,85.92,Third,2023.0,Not Available,Individual,154301.47,Tier 3
Punjab,48.38,Hero,Passion Pro,115457.0,2017,817.0,Electric,89.77,Second,2022.0,Not Available,Dealer,71432.04,Tier 3
Delhi,45.86,Hero,Xtreme 160R,180257.0,2024,878.0,Hybrid,85.01,Second,2024.0,Active,Individual,118702.07,Tier 3
Madhya Pradesh,77.54,Kawasaki,Versys 650,267705.0,2022,279.0,Electric,80.72,First,2022.0,Expired,Dealer,122729.96,Tier 1
Tamil Nadu,52.06,Royal Enfield,Classic 350,70807.0,2024,169.0,Electric,79.0,Second,2024.0,Expired,Dealer,40452.4,Tier 3
Gujarat,47.34,Hero,Passion Pro,323689.0,2023,882.0,Hybrid,96.12,First,2023.0,Not Available,Individual,190567.82,Tier 3
Uttar Pradesh,69.69,Kawasaki,Ninja 300,99188.0,2021,884.0,Petrol,38.37,Second,2022.0,Expired,Dealer,48082.34,Tier 1
Delhi,58.85,Yamaha,Mt-15,367495.0,2021,940.0,Petrol,33.31,First,2021.0,Not Available,Dealer,207348.58,Metro
Maharashtra,78.16,Royal Enfield,Classic 350,179532.0,2024,243.0,Hybrid,81.56,Second,2024.0,Expired,Dealer,100192.4,Tier 2
Delhi,37.54,Royal Enfield,Interceptor 650,239448.0,2022,929.0,Hybrid,87.6,Third,2023.0,Not Available,Dealer,124898.55,Tier 3
Delhi,20.82,Kawasaki,Ninja 400,276946.0,2017,920.0,Electric,74.6,Second,2024.0,Active,Individual,151057.87,Tier 2
West Bengal,24.08,Kawasaki,Z650,63817.0,2020,806.0,Petrol,40.17,Second,2024.0,Not Available,Dealer,35450.41,Metro
Maharashtra,45.76,Royal Enfield,Hunter 350,52553.0,2022,957.0,Hybrid,64.44,Second,2023.0,Not Available,Individual,37099.94,Tier 1
Maharashtra,7.82,Bajaj,Dominar 400,246951.0,2019,310.0,Hybrid,87.26,Second,2022.0,Expired,Individual,151360.44,Tier 2
Tamil Nadu,73.74,Kawasaki,Versys 650,71712.0,2023,831.0,Electric,84.15,Third,2023.0,Active,Individual,46908.64,Tier 2
Maharashtra,26.84,Tvs,Ronin,391116.0,2024,786.0,Hybrid,97.87,Second,2024.0,Active,Individual,182577.01,Tier 3
Rajasthan,12.27,Tvs,Ntorq 125,290595.0,2021,316.0,Electric,95.77,Third,2021.0,Not Available,Individual,173216.16,Metro
Maharashtra,25.85,Yamaha,Ray Zr,397114.0,2021,748.0,Petrol,29.49,Second,2023.0,Active,Dealer,168734.2,Tier 3
Gujarat,19.59,Royal Enfield,Himalayan,145174.0,2023,501.0,Hybrid,89.2,Second,2024.0,Expired,Dealer,62482.95,Tier 1
Maharashtra,50.45,Tvs,Apache Rtr 160,213360.0,2023,943.0,Electric,63.7,Second,2023.0,Expired,Individual,132374.64,Metro
Gujarat,16.49,Yamaha,Ray Zr,116927.0,2020,559.0,Electric,99.89,Second,2021.0,Active,Individual,85717.29,Tier 2
Rajasthan,7.96,Hero,Passion Pro,101186.0,2021,188.0,Petrol,27.28,Third,2022.0,Active,Dealer,57289.08,Metro
Karnataka,32.64,Honda,Shine,336638.0,2017,575.0,Hybrid,70.37,Third,2021.0,Not Available,Individual,238462.12,Tier 3
Gujarat,12.57,Hero,Glamour,229863.0,2015,325.0,Petrol,26.75,Second,2021.0,Active,Individual,133472.89,Tier 1
Madhya Pradesh,12.41,Honda,Shine,194359.0,2022,206.0,Electric,69.49,First,2022.0,Expired,Individual,133472.89,Tier 2
Madhya Pradesh,75.84,Hero,Glamour,354292.0,2020,634.0,Petrol,41.63,Second,2023.0,Not Available,Dealer,141918.22,Tier 1
Madhya Pradesh,45.64,Tvs,Apache Rtr 160,383794.0,2022,485.0,Hybrid,70.2,Second,2022.0,Not Available,Dealer,165262.96,Metro
Tamil Nadu,49.38,Bajaj,Avenger 220,65050.0,2016,795.0,Hybrid,87.54,Second,2021.0,Expired,Dealer,31898.3,Metro
Rajasthan,75.95,Tvs,Ntorq 125,178415.0,2024,413.0,Petrol,47.96,Second,2024.0,Active,Dealer,72804.55,Metro
Rajasthan,46.06,Honda,Cbr 650R,347482.0,2021,463.0,Hybrid,60.52,Third,2023.0,Expired,Dealer,247940.74,Tier 3
West Bengal,53.24,Bajaj,Avenger 220,113339.0,2024,275.0,Electric,61.54,First,2024.0,Active,Dealer,46046.71,Tier 2
Madhya Pradesh,52.71,Ktm,Duke 200,361550.0,2022,373.0,Hybrid,70.2,Third,2022.0,Active,Dealer,284628.24,Metro
Madhya Pradesh,61.06,Kawasaki,Ninja 300,356968.0,2024,915.0,Electric,79.65,Second,2024.0,Expired,Individual,246256.68,Metro
Rajasthan,54.51,Hero,Hf Deluxe,134558.0,2018,844.0,Hybrid,82.98,Second,2021.0,Expired,Dealer,76700.88,Metro
Delhi,71.4,Yamaha,Ray Zr,56965.0,2018,579.0,Petrol,34.47,Second,2022.0,Active,Dealer,24281.9,Tier 3
Maharashtra,39.08,Royal Enfield,Hunter 350,346064.0,2021,835.0,Petrol,47.67,First,2021.0,Not Available,Individual,138645.53,Tier 3
Rajasthan,53.99,Bajaj,Dominar 400,286374.0,2023,383.0,Electric,67.65,Second,2023.0,Not Available,Individual,197803.25,Metro
Rajasthan,7.22,Tvs,Sport,57393.0,2017,301.0,Electric,76.78,Second,2021.0,Active,Individual,23870.33,Tier 2
Karnataka,36.17,Ktm,250 Duke,257044.0,2017,863.0,Hybrid,91.3,Second,2024.0,Expired,Individual,168619.55,Tier 2
Gujarat,40.72,Tvs,Jupiter,264082.0,2023,887.0,Electric,88.93,Second,2023.0,Not Available,Individual,151373.77,Tier 3
Madhya Pradesh,73.33,Kawasaki,Vulcan S,76657.0,2020,486.0,Hybrid,85.85,Second,2022.0,Active,Dealer,52337.66,Tier 1
Punjab,24.29,Ktm,Duke 200,279073.0,2024,810.0,Electric,70.2,First,2024.0,Active,Individual,133472.89,Tier 1
Uttar Pradesh,30.28,Honda,Cbr 650R,241438.0,2017,937.0,Electric,67.66,Second,2021.0,Not Available,Dealer,177605.95,Tier 2
Tamil Nadu,63.78,Honda,Shine,296688.0,2017,279.0,Electric,96.04,Third,2023.0,Active,Individual,157530.76,Tier 1
Madhya Pradesh,6.59,Royal Enfield,Hunter 350,208965.0,2023,798.0,Electric,69.17,First,2023.0,Active,Individual,133023.75,Tier 2
Madhya Pradesh,73.51,Honda,Dio,88122.0,2015,420.0,Hybrid,81.24,Second,2023.0,Expired,Dealer,60153.85,Metro
Madhya Pradesh,76.08,Bajaj,Pulsar 150,167294.0,2023,978.0,Electric,61.48,Second,2023.0,Active,Individual,100722.68,Tier 3
Karnataka,42.43,Yamaha,Mt-15,306467.0,2021,384.0,Electric,81.9,Second,2021.0,Expired,Individual,202926.83,Tier 3
Rajasthan,21.66,Honda,Unicorn,324838.0,2019,704.0,Hybrid,71.16,Second,2023.0,Active,Individual,174196.92,Tier 3
Gujarat,23.05,Tvs,Jupiter,170015.0,2023,136.0,Petrol,28.36,Second,2023.0,Expired,Dealer,119849.58,Metro
Tamil Nadu,47.49,Kawasaki,Versys 650,210081.0,2022,312.0,Electric,86.59,Second,2022.0,Active,Individual,92171.82,Tier 3
Gujarat,17.72,Royal Enfield,Meteor 350,211957.0,2022,865.0,Hybrid,87.77,Second,2022.0,Not Available,Individual,133472.89,Tier 3
Uttar Pradesh,60.22,Royal Enfield,Himalayan,103943.0,2020,889.0,Hybrid,64.47,Second,2021.0,Active,Individual,76488.43,Tier 1
Rajasthan,39.03,Ktm,Duke 200,184770.0,2023,852.0,Petrol,32.58,Second,2024.0,Active,Individual,132795.45,Metro
Uttar Pradesh,44.45,Royal Enfield,Himalayan,371817.0,2015,184.0,Hybrid,68.32,Second,2024.0,Active,Individual,176380.2,Metro
Gujarat,5.49,Bajaj,Dominar 400,332854.0,2022,540.0,Hybrid,79.6,Second,2022.0,Active,Dealer,210951.57,Tier 1
Rajasthan,35.42,Hero,Splendor Plus,185512.0,2019,473.0,Petrol,51.98,Second,2024.0,Active,Individual,111048.37,Tier 1
Delhi,31.16,Ktm,250 Duke,187346.0,2016,698.0,Petrol,56.09,Second,2022.0,Not Available,Individual,99072.27,Tier 3
Tamil Nadu,74.74,Kawasaki,Ninja 300,159429.0,2016,245.0,Petrol,56.93,Second,2021.0,Active,Dealer,133472.89,Metro
Punjab,18.93,Honda,Activa,187822.0,2017,739.0,Hybrid,78.88,Second,2022.0,Active,Dealer,101608.64,Tier 3
Tamil Nadu,22.06,Royal Enfield,Classic 350,269978.0,2018,739.0,Petrol,42.06,Second,2022.0,Active,Dealer,142760.2,Tier 3
Karnataka,49.03,Royal Enfield,Hunter 350,103039.0,2021,280.0,Petrol,47.99,Second,2021.0,Expired,Dealer,78265.4,Tier 1
West Bengal,48.65,Bajaj,Pulsar 150,260387.0,2024,113.0,Electric,95.94,Third,2024.0,Not Available,Individual,205280.82,Tier 1
Tamil Nadu,27.81,Honda,Activa,154583.0,2020,296.0,Hybrid,60.74,Third,2021.0,Active,Individual,114765.92,Tier 1
Delhi,16.61,Bajaj,Dominar 400,200847.0,2021,254.0,Electric,75.29,Second,2021.0,Active,Dealer,132396.12,Tier 2
Madhya Pradesh,50.85,Tvs,Sport,205159.0,2024,550.0,Hybrid,70.2,Third,2024.0,Expired,Individual,95686.6,Tier 1
Gujarat,12.39,Yamaha,Mt-15,322550.0,2024,303.0,Hybrid,71.54,Third,2024.0,Expired,Dealer,158068.57,Tier 2
Tamil Nadu,35.63,Hero,Xtreme 160R,325033.0,2024,716.0,Hybrid,77.37,Second,2024.0,Active,Dealer,217534.18,Tier 2
Karnataka,22.69,Kawasaki,Versys 650,190670.0,2021,781.0,Hybrid,92.56,First,2021.0,Expired,Individual,137764.92,Metro
West Bengal,55.64,Ktm,390 Adventure,77455.0,2021,144.0,Petrol,35.7,Third,2021.0,Expired,Individual,56485.24,Tier 3
Punjab,77.59,Tvs,Sport,105774.0,2023,125.0,Electric,86.52,Second,2023.0,Not Available,Individual,133472.89,Tier 1
Madhya Pradesh,58.97,Ktm,Duke 200,303841.0,2016,717.0,Petrol,39.79,Second,2023.0,Not Available,Dealer,149668.88,Tier 2
Karnataka,16.65,Tvs,Jupiter,324453.0,2023,981.0,Petrol,34.66,Second,2024.0,Active,Dealer,147993.07,Metro
Tamil Nadu,53.54,Bajaj,Pulsar 150,81515.0,2021,293.0,Petrol,33.28,Third,2021.0,Not Available,Individual,46098.5,Metro
Delhi,66.55,Yamaha,Mt-15,295724.0,2021,409.0,Electric,86.44,First,2021.0,Not Available,Dealer,219296.96,Metro
Uttar Pradesh,23.48,Tvs,Ronin,88359.0,2020,342.0,Hybrid,88.4,Second,2021.0,Expired,Individual,42475.98,Tier 3
West Bengal,34.81,Yamaha,Fz V3,118565.0,2021,880.0,Petrol,32.74,Second,2021.0,Expired,Individual,79071.09,Tier 3
Gujarat,53.97,Hero,Splendor Plus,149706.0,2019,427.0,Hybrid,88.56,Second,2023.0,Expired,Dealer,74281.06,Tier 2
Rajasthan,70.65,Tvs,Ntorq 125,185402.0,2022,270.0,Hybrid,92.47,Third,2023.0,Active,Dealer,147529.71,Metro
Punjab,76.13,Bajaj,Pulsar 150,138818.0,2016,871.0,Petrol,38.87,Second,2022.0,Active,Dealer,69901.91,Tier 3
Rajasthan,77.74,Hero,Xtreme 160R,374188.0,2024,753.0,Hybrid,99.4,First,2024.0,Not Available,Dealer,232737.07,Tier 3
Karnataka,49.48,Honda,Shine,92527.0,2024,491.0,Hybrid,72.14,First,2024.0,Active,Individual,52249.09,Metro
Gujarat,54.65,Ktm,250 Duke,370998.0,2019,441.0,Electric,98.79,Second,2021.0,Active,Individual,235275.35,Tier 2
Punjab,7.34,Royal Enfield,Hunter 350,322592.0,2017,603.0,Petrol,58.39,Second,2024.0,Active,Individual,251898.53,Metro
Tamil Nadu,79.61,Hero,Passion Pro,199595.0,2022,361.0,Petrol,55.52,Second,2022.0,Expired,Dealer,134569.17,Tier 1
Gujarat,29.22,Kawasaki,Vulcan S,399401.0,2024,200.0,Electric,73.05,Second,2024.0,Expired,Individual,241488.02,Tier 3
Rajasthan,34.75,Yamaha,Ray Zr,327484.0,2024,977.0,Hybrid,79.0,Second,2024.0,Not Available,Individual,241200.65,Tier 3
Delhi,29.93,Ktm,Rc 390,176667.0,2024,661.0,Hybrid,90.33,First,2024.0,Expired,Individual,89086.51,Tier 3
Maharashtra,38.91,Hero,Splendor Plus,353758.0,2023,468.0,Petrol,59.07,Second,2024.0,Not Available,Individual,241776.17,Tier 2
Rajasthan,49.33,Royal Enfield,Interceptor 650,305662.0,2022,781.0,Hybrid,65.93,Second,2023.0,Active,Individual,133472.89,Tier 1
West Bengal,53.15,Royal Enfield,Classic 350,376420.0,2021,695.0,Electric,66.03,Second,2021.0,Active,Individual,157324.62,Tier 3
Punjab,68.73,Hero,Glamour,202579.0,2022,802.0,Petrol,58.03,Second,2022.0,Expired,Individual,151397.27,Tier 3
Uttar Pradesh,15.64,Tvs,Ntorq 125,249088.0,2022,509.0,Electric,76.32,Second,2022.0,Active,Individual,101387.95,Tier 3
Maharashtra,63.55,Yamaha,R15 V4,375301.0,2019,356.0,Petrol,45.34,Second,2022.0,Active,Dealer,164882.1,Tier 1
Karnataka,40.25,Kawasaki,Versys 650,209439.0,2021,142.0,Petrol,30.1,First,2021.0,Expired,Individual,110721.04,Metro
West Bengal,71.47,Tvs,Ronin,280350.0,2022,817.0,Petrol,34.37,Second,2024.0,Expired,Individual,117145.83,Tier 3
Gujarat,56.96,Honda,Activa,169350.0,2024,128.0,Electric,89.84,Second,2024.0,Not Available,Dealer,130929.77,Metro
Madhya Pradesh,23.4,Royal Enfield,Classic 350,237857.0,2022,674.0,Electric,96.0,Third,2022.0,Not Available,Dealer,126989.87,Tier 3
Maharashtra,14.95,Tvs,Ntorq 125,296111.0,2018,771.0,Electric,70.2,Second,2024.0,Not Available,Dealer,156094.29,Tier 2
Tamil Nadu,75.77,Hero,Hf Deluxe,214670.0,2023,863.0,Hybrid,98.34,Second,2023.0,Expired,Dealer,154540.91,Tier 3
Maharashtra,38.64,Honda,Activa,303877.0,2023,897.0,Petrol,29.23,Second,2023.0,Expired,Dealer,198938.91,Metro
Tamil Nadu,40.2,Tvs,Ntorq 125,222303.0,2023,655.0,Electric,81.48,Second,2024.0,Not Available,Individual,90418.7,Tier 1
Maharashtra,31.18,Honda,Activa,211991.0,2018,475.0,Electric,74.19,Second,2022.0,Not Available,Dealer,133472.89,Tier 1
Gujarat,59.43,Royal Enfield,Classic 350,176793.0,2015,524.0,Electric,76.19,Second,2022.0,Not Available,Individual,113762.36,Metro
Tamil Nadu,16.74,Ktm,Rc 390,119648.0,2023,473.0,Electric,96.99,Second,2024.0,Expired,Dealer,60695.73,Tier 3
Rajasthan,13.92,Honda,Unicorn,171628.0,2017,843.0,Electric,90.41,Second,2024.0,Not Available,Dealer,109812.79,Tier 2
Gujarat,30.82,Hero,Xtreme 160R,234746.0,2021,161.0,Hybrid,85.71,First,2021.0,Not Available,Individual,100582.94,Tier 1
Punjab,66.79,Royal Enfield,Hunter 350,145211.0,2021,313.0,Electric,73.69,Second,2023.0,Expired,Individual,133472.89,Tier 1
Gujarat,55.67,Kawasaki,Ninja 300,72439.0,2022,203.0,Electric,72.3,Second,2022.0,Not Available,Individual,55334.24,Tier 3
Maharashtra,75.63,Kawasaki,Z650,219734.0,2016,480.0,Electric,83.91,Second,2023.0,Not Available,Dealer,113663.02,Metro
Karnataka,66.41,Yamaha,Fascino 125,376685.0,2016,710.0,Petrol,27.13,Second,2023.0,Expired,Individual,216642.21,Metro
Karnataka,33.51,Honda,Shine,112210.0,2022,944.0,Petrol,25.17,Third,2022.0,Not Available,Dealer,89014.69,Metro
Delhi,56.53,Tvs,Ntorq 125,181939.0,2023,393.0,Electric,90.44,Second,2023.0,Expired,Dealer,123655.03,Tier 1
Uttar Pradesh,42.53,Honda,Cbr 650R,300304.0,2023,408.0,Electric,73.42,First,2023.0,Expired,Dealer,232946.61,Metro
Maharashtra,31.0,Royal Enfield,Meteor 350,144741.0,2023,506.0,Petrol,25.81,Third,2024.0,Active,Dealer,67374.69,Tier 1
West Bengal,57.19,Royal Enfield,Meteor 350,279934.0,2021,795.0,Hybrid,63.49,Third,2023.0,Expired,Individual,190699.96,Tier 3
Gujarat,71.65,Royal Enfield,Interceptor 650,77234.0,2018,100.0,Petrol,50.24,Second,2021.0,Expired,Individual,42684.1,Tier 2
Gujarat,31.91,Yamaha,Fz V3,351179.0,2020,152.0,Hybrid,77.37,Second,2022.0,Active,Individual,191284.33,Metro
West Bengal,68.99,Kawasaki,Versys 650,146437.0,2016,241.0,Electric,77.58,Second,2023.0,Not Available,Dealer,133472.89,Tier 2
Punjab,47.94,Tvs,Ronin,83258.0,2020,824.0,Electric,65.49,Third,2022.0,Expired,Individual,63804.33,Tier 2
Delhi,71.3,Hero,Hf Deluxe,155030.0,2023,392.0,Electric,62.02,Second,2024.0,Expired,Dealer,78135.33,Tier 2
Gujarat,38.65,Kawasaki,Versys 650,293596.0,2024,905.0,Petrol,35.53,Second,2024.0,Active,Individual,152934.29,Metro
Uttar Pradesh,14.34,Ktm,250 Duke,332903.0,2018,193.0,Hybrid,61.84,Second,2024.0,Active,Dealer,246090.49,Tier 3
Karnataka,27.75,Ktm,390 Adventure,251707.0,2021,403.0,Electric,74.68,Second,2021.0,Active,Dealer,141137.73,Tier 2
Madhya Pradesh,57.61,Tvs,Ronin,179407.0,2024,168.0,Electric,90.65,First,2024.0,Expired,Dealer,105619.7,Tier 3
Karnataka,60.22,Tvs,Ntorq 125,158510.0,2022,334.0,Electric,97.13,Third,2024.0,Expired,Dealer,125015.68,Tier 1
Gujarat,5.13,Ktm,Duke 200,246128.0,2021,714.0,Electric,70.2,Second,2024.0,Not Available,Individual,157736.21,Tier 3
Uttar Pradesh,71.26,Ktm,125 Duke,396271.0,2023,439.0,Petrol,41.72,Second,2023.0,Expired,Dealer,188607.3,Tier 2
Uttar Pradesh,5.13,Honda,Shine,173711.0,2021,647.0,Petrol,52.5,Second,2023.0,Not Available,Dealer,126811.11,Tier 2
Rajasthan,70.63,Kawasaki,Versys 650,198602.0,2022,232.0,Electric,71.71,Third,2022.0,Expired,Individual,149081.41,Tier 2
Punjab,64.26,Honda,Cbr 650R,184766.0,2021,985.0,Petrol,37.75,Second,2021.0,Not Available,Individual,116644.19,Tier 1
Uttar Pradesh,70.08,Yamaha,Mt-15,84507.0,2018,585.0,Electric,76.65,Second,2022.0,Expired,Individual,42031.96,Tier 2
West Bengal,74.06,Honda,Unicorn,342958.0,2020,885.0,Hybrid,69.9,Second,2021.0,Expired,Individual,168843.81,Tier 2
Madhya Pradesh,15.44,Honda,Activa,196341.0,2019,713.0,Petrol,34.76,Second,2021.0,Not Available,Dealer,93577.33,Tier 1
Rajasthan,17.73,Yamaha,R15 V4,113798.0,2021,833.0,Electric,99.02,Third,2021.0,Not Available,Dealer,52373.12,Tier 2
Maharashtra,26.81,Hero,Glamour,114736.0,2018,533.0,Electric,96.91,Second,2022.0,Expired,Individual,67640.15,Tier 2
Karnataka,68.84,Royal Enfield,Hunter 350,252816.0,2021,672.0,Electric,78.41,Second,2024.0,Expired,Individual,149934.18,Tier 3
Punjab,46.68,Hero,Hf Deluxe,77849.0,2021,625.0,Electric,71.21,Third,2023.0,Expired,Dealer,41539.47,Tier 3
Maharashtra,21.67,Yamaha,Ray Zr,245454.0,2023,528.0,Electric,70.2,First,2023.0,Active,Individual,149633.12510143127,Tier 3
Karnataka,35.77,Honda,Shine,193088.0,2022,159.0,Hybrid,61.78,Second,2024.0,Active,Individual,123641.82,Tier 1
Maharashtra,79.89,Kawasaki,Vulcan S,70068.0,2024,345.0,Hybrid,91.01,Second,2024.0,Active,Dealer,133472.89,Tier 3
Gujarat,49.46,Kawasaki,Ninja 400,209473.0,2023,246.0,Hybrid,63.09,First,2023.0,Not Available,Dealer,86434.47,Tier 2
Uttar Pradesh,50.78,Royal Enfield,Classic 350,75068.0,2023,565.0,Hybrid,87.87,Second,2024.0,Expired,Individual,45342.56,Tier 3
West Bengal,32.49,Tvs,Ronin,191137.0,2019,902.0,Electric,96.1,Second,2023.0,Active,Individual,97146.27,Tier 2
Madhya Pradesh,18.92,Honda,Unicorn,117991.0,2017,272.0,Petrol,40.61,Second,2021.0,Expired,Individual,84964.89,Tier 1
Gujarat,69.59,Bajaj,Platina 110,288971.0,2015,758.0,Petrol,25.72,Second,2023.0,Not Available,Individual,137973.74,Tier 2
Gujarat,6.4,Honda,Activa,238664.0,2024,457.0,Hybrid,71.61,Second,2024.0,Not Available,Dealer,146748.13,Tier 1
West Bengal,36.94,Royal Enfield,Himalayan,170910.0,2024,211.0,Electric,61.91,Third,2024.0,Not Available,Individual,103132.98,Tier 2
Delhi,31.8,Royal Enfield,Hunter 350,62554.0,2015,850.0,Electric,94.87,Second,2022.0,Expired,Dealer,37976.67,Tier 2
Maharashtra,6.61,Tvs,Apache Rtr 160,209659.0,2018,111.0,Hybrid,70.2,Second,2024.0,Expired,Dealer,164100.93,Tier 2
Delhi,30.68,Hero,Glamour,293513.0,2022,797.0,Hybrid,85.85,Second,2023.0,Not Available,Dealer,133472.89,Metro
West Bengal,75.3,Royal Enfield,Himalayan,384107.0,2024,722.0,Hybrid,74.33,First,2024.0,Not Available,Individual,260013.88,Metro
Maharashtra,43.84,Royal Enfield,Himalayan,205310.0,2023,227.0,Petrol,27.45,Second,2024.0,Not Available,Dealer,161235.58,Tier 3
Delhi,15.04,Ktm,Duke 200,146504.0,2021,529.0,Electric,79.84,First,2021.0,Expired,Individual,96749.47,Metro
Gujarat,48.8,Ktm,125 Duke,106414.0,2023,959.0,Electric,97.78,Second,2023.0,Active,Dealer,50928.16,Tier 3
Tamil Nadu,31.68,Yamaha,Ray Zr,260913.0,2015,401.0,Petrol,53.91,Second,2022.0,Not Available,Dealer,119481.2,Tier 3
Delhi,49.65,Bajaj,Ct 100,390628.0,2023,808.0,Electric,73.89,Second,2023.0,Expired,Individual,261352.84,Tier 3
Rajasthan,74.81,Kawasaki,Versys 650,280526.0,2018,552.0,Electric,66.59,Third,2022.0,Active,Individual,133472.89,Metro
Karnataka,77.58,Royal Enfield,Classic 350,160907.0,2023,562.0,Petrol,43.75,Second,2023.0,Expired,Dealer,115384.01,Tier 3
Tamil Nadu,52.27,Ktm,Duke 200,86821.0,2023,812.0,Hybrid,78.45,Second,2023.0,Not Available,Individual,133472.89,Tier 2
Gujarat,40.93,Ktm,250 Duke,243950.0,2021,488.0,Hybrid,76.14,Second,2021.0,Expired,Individual,174942.68,Tier 3
Rajasthan,69.13,Yamaha,Fz V3,81252.0,2022,715.0,Petrol,30.81,Second,2024.0,Not Available,Dealer,36115.9,Tier 3
West Bengal,49.07,Yamaha,Mt-15,168018.0,2017,0.0,Hybrid,62.72,Second,2022.0,Expired,Individual,78205.3,Metro
Karnataka,22.62,Bajaj,Pulsar 150,382461.0,2023,996.0,Electric,76.47,First,2023.0,Expired,Individual,298616.86,Tier 2
Uttar Pradesh,12.36,Ktm,Duke 200,316842.0,2024,473.0,Hybrid,79.14,Third,2024.0,Not Available,Individual,152306.11,Tier 3
Punjab,15.78,Ktm,125 Duke,324613.0,2019,722.0,Petrol,59.07,Second,2022.0,Not Available,Dealer,148306.99,Tier 2
West Bengal,17.39,Bajaj,Pulsar 150,314001.0,2022,197.0,Electric,84.19,Second,2023.0,Active,Dealer,247775.7,Metro
Uttar Pradesh,47.96,Ktm,Rc 390,54699.0,2021,501.0,Petrol,35.71,Second,2024.0,Not Available,Individual,38361.68,Tier 3
West Bengal,21.24,Bajaj,Platina 110,219782.0,2021,735.0,Hybrid,82.81,Second,2021.0,Not Available,Individual,113307.5,Metro
Maharashtra,8.26,Kawasaki,Z650,275694.0,2023,788.0,Electric,78.52,First,2023.0,Not Available,Individual,147449.5,Tier 3
Madhya Pradesh,44.03,Bajaj,Pulsar 150,372936.0,2019,935.0,Hybrid,61.2,Second,2021.0,Expired,Individual,191081.7,Tier 1
Tamil Nadu,66.92,Ktm,390 Adventure,312311.0,2018,667.0,Electric,80.38,Second,2024.0,Active,Dealer,139165.74,Tier 2
Delhi,64.38,Honda,Unicorn,285279.0,2023,602.0,Hybrid,70.2,Third,2023.0,Not Available,Dealer,190528.5,Tier 1
Delhi,34.19,Ktm,250 Duke,81961.0,2021,487.0,Petrol,47.27,Second,2021.0,Active,Individual,64138.67,Metro
Tamil Nadu,78.43,Honda,Shine,148576.0,2024,672.0,Electric,91.97,First,2024.0,Active,Individual,78200.86,Tier 1
Gujarat,8.23,Honda,Cbr 650R,334693.0,2023,326.0,Petrol,52.58,Second,2023.0,Expired,Individual,224756.78,Tier 3
Punjab,29.45,Tvs,Ronin,389845.0,2015,759.0,Hybrid,61.19,Second,2023.0,Not Available,Individual,306241.55,Tier 2
Gujarat,58.3,Hero,Glamour,50031.0,2020,395.0,Electric,77.61,Third,2021.0,Expired,Individual,34348.76,Tier 2
Madhya Pradesh,9.56,Tvs,Ntorq 125,336222.0,2023,380.0,Electric,84.39,First,2023.0,Not Available,Dealer,133472.89,Tier 2
Delhi,31.06,Honda,Dio,148929.0,2021,124.0,Petrol,39.61,First,2021.0,Expired,Individual,76790.65,Metro
Punjab,73.52,Hero,Glamour,135694.0,2022,825.0,Electric,76.24,Third,2023.0,Expired,Dealer,92609.89,Metro
Tamil Nadu,68.94,Hero,Passion Pro,198991.0,2020,896.0,Petrol,40.72,Second,2023.0,Not Available,Individual,115717.79,Tier 3
West Bengal,38.2,Yamaha,Fascino 125,196186.0,2023,519.0,Petrol,35.81,Second,2023.0,Active,Dealer,83122.39,Metro
Tamil Nadu,58.44,Bajaj,Avenger 220,70357.0,2023,886.0,Hybrid,64.25,Second,2023.0,Expired,Individual,30716.93,Tier 1
Uttar Pradesh,20.09,Bajaj,Ct 100,64632.0,2022,610.0,Petrol,26.78,Third,2024.0,Not Available,Dealer,36203.53,Tier 2
Karnataka,71.61,Yamaha,Fascino 125,261063.0,2022,586.0,Petrol,48.17,Second,2023.0,Expired,Dealer,178748.23,Tier 3
Gujarat,20.43,Ktm,125 Duke,79336.0,2023,529.0,Petrol,47.06,Second,2024.0,Expired,Individual,40931.26,Metro
West Bengal,57.01,Tvs,Ntorq 125,207539.0,2023,127.0,Electric,70.2,Second,2024.0,Active,Individual,138053.75,Tier 3
West Bengal,33.45,Hero,Passion Pro,348265.0,2019,970.0,Petrol,37.55,Second,2024.0,Expired,Individual,205891.22,Metro
Rajasthan,39.01,Hero,Xtreme 160R,383434.0,2021,856.0,Hybrid,70.2,First,2021.0,Active,Individual,279084.38,Tier 3
Gujarat,64.34,Bajaj,Ct 100,340533.0,2021,871.0,Hybrid,69.98,Second,2024.0,Expired,Individual,185111.28,Tier 2
West Bengal,7.44,Hero,Hf Deluxe,355292.0,2022,753.0,Petrol,48.04,Second,2022.0,Expired,Dealer,274093.47,Tier 3
Rajasthan,25.89,Kawasaki,Vulcan S,326983.0,2016,748.0,Electric,91.05,Second,2022.0,Active,Dealer,170717.76,Tier 1
Tamil Nadu,12.47,Ktm,Duke 200,327776.0,2022,344.0,Petrol,37.91,Third,2023.0,Active,Dealer,187088.84,Metro
Karnataka,63.16,Yamaha,R15 V4,251733.0,2023,218.0,Petrol,29.46,Second,2023.0,Expired,Dealer,134705.19,Tier 2
Tamil Nadu,46.6,Bajaj,Ct 100,300694.0,2022,840.0,Hybrid,93.02,Second,2022.0,Expired,Dealer,154332.58,Tier 1
Delhi,7.33,Royal Enfield,Hunter 350,96009.0,2024,819.0,Hybrid,76.34,Second,2024.0,Not Available,Individual,46834.03,Metro
West Bengal,79.5,Yamaha,Fz V3,55461.0,2024,753.0,Petrol,28.64,Second,2024.0,Not Available,Dealer,31957.86,Tier 3
Gujarat,45.61,Bajaj,Avenger 220,260060.0,2018,274.0,Petrol,45.43,Third,2023.0,Active,Dealer,170047.28,Tier 1
Madhya Pradesh,18.43,Kawasaki,Versys 650,271390.0,2017,566.0,Electric,91.75,Third,2024.0,Expired,Dealer,210822.98,Tier 1
Delhi,55.67,Yamaha,Fascino 125,253284.0,2021,461.0,Petrol,40.51,Third,2022.0,Active,Individual,174166.72,Metro
Tamil Nadu,63.79,Yamaha,Ray Zr,106819.0,2021,600.0,Petrol,54.05,Second,2023.0,Active,Individual,53086.14,Tier 3
Punjab,42.04,Ktm,250 Duke,224792.0,2024,173.0,Electric,62.78,Third,2024.0,Not Available,Dealer,150367.86,Metro
Tamil Nadu,13.17,Yamaha,Fascino 125,302947.0,2019,974.0,Electric,86.3,Second,2022.0,Active,Dealer,126932.24,Metro
Gujarat,9.41,Hero,Glamour,187745.0,2020,258.0,Hybrid,65.75,Second,2021.0,Active,Dealer,148635.18,Tier 3
Uttar Pradesh,74.32,Ktm,250 Duke,129860.0,2021,0.0,Electric,85.83,Second,2022.0,Not Available,Dealer,94229.64,Tier 2
Uttar Pradesh,59.25,Kawasaki,Ninja 300,370967.0,2023,203.0,Electric,74.74,First,2023.0,Expired,Individual,224810.45,Tier 2
Tamil Nadu,54.18,Royal Enfield,Himalayan,326969.0,2022,243.0,Petrol,28.74,Third,2022.0,Not Available,Individual,237293.43,Tier 3
Uttar Pradesh,61.09,Royal Enfield,Hunter 350,79352.0,2020,781.0,Petrol,44.46,Second,2021.0,Expired,Dealer,45177.13,Tier 3
Punjab,40.61,Honda,Unicorn,172577.0,2022,134.0,Electric,63.12,Third,2023.0,Not Available,Dealer,81905.84,Tier 3
Gujarat,63.52,Royal Enfield,Hunter 350,96891.0,2023,710.0,Electric,99.61,First,2023.0,Active,Dealer,72040.58,Tier 1
Karnataka,75.37,Tvs,Jupiter,66435.0,2022,726.0,Hybrid,85.83,Second,2023.0,Not Available,Dealer,44789.56,Metro
Gujarat,27.53,Royal Enfield,Classic 350,210976.0,2019,526.0,Electric,72.95,Second,2024.0,Expired,Dealer,119136.31,Tier 3
Maharashtra,67.55,Hero,Xtreme 160R,259788.0,2023,957.0,Hybrid,94.34,Second,2023.0,Expired,Individual,207642.91,Metro
Tamil Nadu,66.02,Kawasaki,Versys 650,381968.0,2024,375.0,Hybrid,78.99,First,2024.0,Not Available,Dealer,190784.52,Tier 3
West Bengal,15.59,Honda,Dio,219465.0,2019,769.0,Electric,73.01,Second,2021.0,Active,Dealer,101381.44,Tier 1
Gujarat,27.01,Yamaha,Ray Zr,184033.0,2021,700.0,Petrol,26.55,Second,2023.0,Active,Individual,79818.94,Tier 3
Rajasthan,74.15,Bajaj,Dominar 400,117639.0,2022,660.0,Electric,70.2,Third,2023.0,Active,Individual,74126.42,Metro
Uttar Pradesh,58.91,Yamaha,Fascino 125,50263.0,2017,106.0,Hybrid,70.2,Second,2023.0,Expired,Dealer,20532.07,Tier 2
Maharashtra,15.95,Bajaj,Avenger 220,227757.0,2021,542.0,Petrol,32.05,Second,2021.0,Expired,Dealer,118668.34,Tier 1
Madhya Pradesh,49.39,Kawasaki,Versys 650,66077.0,2020,201.0,Petrol,45.63,Second,2021.0,Active,Individual,50392.43,Metro
Tamil Nadu,30.98,Tvs,Ronin,395765.0,2024,214.0,Petrol,41.3,Second,2024.0,Active,Dealer,231713.25,Tier 3
Gujarat,25.09,Ktm,Rc 390,389950.0,2019,401.0,Hybrid,72.65,Third,2023.0,Active,Individual,235149.64,Tier 3
Uttar Pradesh,73.62,Royal Enfield,Classic 350,155323.0,2015,868.0,Petrol,49.17,Second,2023.0,Active,Individual,73680.59,Tier 1
Gujarat,20.47,Ktm,250 Duke,57196.0,2015,598.0,Hybrid,78.42,Second,2021.0,Active,Dealer,37459.68,Tier 1
Madhya Pradesh,24.32,Honda,Unicorn,123333.0,2023,254.0,Electric,98.51,First,2023.0,Expired,Individual,81062.15,Metro
Tamil Nadu,30.52,Honda,Unicorn,391184.0,2021,438.0,Hybrid,72.5,Second,2021.0,Active,Dealer,239917.49,Metro
Gujarat,69.61,Bajaj,Platina 110,289298.0,2024,663.0,Hybrid,86.54,First,2024.0,Expired,Dealer,223172.55,Tier 2
West Bengal,20.11,Kawasaki,Ninja 300,294209.0,2020,118.0,Petrol,31.89,Second,2024.0,Active,Individual,129355.18,Tier 2
Delhi,62.68,Yamaha,Ray Zr,90797.0,2018,104.0,Petrol,58.9,Third,2024.0,Active,Individual,49226.04,Tier 3
Rajasthan,61.89,Ktm,390 Adventure,296866.0,2024,218.0,Petrol,39.41,Second,2024.0,Expired,Individual,197341.1,Tier 3
Karnataka,24.0,Bajaj,Dominar 400,334905.0,2021,207.0,Petrol,56.02,Third,2024.0,Active,Dealer,219895.32,Tier 1
Maharashtra,48.78,Bajaj,Avenger 220,231855.0,2023,616.0,Electric,88.2,Second,2023.0,Expired,Individual,113904.88,Metro
Gujarat,32.33,Kawasaki,Ninja 400,369931.0,2022,731.0,Hybrid,76.91,Second,2023.0,Not Available,Dealer,192240.2277911492,Tier 2
Gujarat,31.46,Royal Enfield,Interceptor 650,285176.0,2017,194.0,Electric,71.64,Second,2024.0,Expired,Dealer,224058.3,Tier 2
Tamil Nadu,35.89,Bajaj,Avenger 220,219530.0,2023,125.0,Petrol,35.92,Second,2024.0,Active,Dealer,143995.28,Tier 3
Maharashtra,43.21,Kawasaki,Ninja 400,107118.0,2022,284.0,Hybrid,80.1,First,2022.0,Expired,Dealer,54313.6,Tier 1
Rajasthan,49.08,Hero,Splendor Plus,152392.0,2023,553.0,Hybrid,78.84,Second,2024.0,Not Available,Individual,84385.53,Tier 3
Rajasthan,11.67,Bajaj,Platina 110,102626.0,2020,147.0,Electric,88.84,Second,2021.0,Not Available,Individual,42684.65,Tier 1
Madhya Pradesh,35.13,Yamaha,Mt-15,326580.0,2023,460.0,Petrol,41.35,Second,2023.0,Not Available,Individual,141051.33,Tier 2
Maharashtra,16.95,Royal Enfield,Interceptor 650,215328.0,2022,857.0,Petrol,54.88,Second,2022.0,Not Available,Dealer,91280.32,Tier 1
Gujarat,30.73,Ktm,Rc 390,360700.0,2024,852.0,Petrol,43.22,Second,2024.0,Expired,Dealer,176058.92,Tier 1
Maharashtra,79.46,Tvs,Apache Rtr 160,157938.0,2021,352.0,Electric,87.92,Second,2021.0,Active,Dealer,90080.7,Metro
Gujarat,59.07,Kawasaki,Ninja 400,153398.0,2020,355.0,Hybrid,67.55,Second,2023.0,Expired,Dealer,107558.21,Tier 3
Maharashtra,47.34,Kawasaki,Ninja 300,107272.0,2022,203.0,Hybrid,72.67,First,2022.0,Not Available,Individual,60192.26,Tier 2
Tamil Nadu,52.38,Royal Enfield,Hunter 350,54167.0,2021,944.0,Hybrid,86.71,Second,2023.0,Expired,Individual,40484.17,Tier 2
Maharashtra,21.19,Bajaj,Avenger 220,236963.0,2016,829.0,Electric,91.98,Second,2024.0,Expired,Individual,140141.04,Tier 3
Madhya Pradesh,56.85,Royal Enfield,Classic 350,350809.0,2024,419.0,Petrol,28.65,First,2024.0,Expired,Dealer,170329.36,Tier 2
Gujarat,75.18,Ktm,125 Duke,378911.0,2018,909.0,Petrol,57.41,Third,2023.0,Not Available,Dealer,228002.34,Tier 2
Uttar Pradesh,30.17,Honda,Unicorn,118352.0,2024,111.0,Hybrid,95.02,Second,2024.0,Not Available,Dealer,91976.43,Tier 1
Delhi,30.02,Yamaha,Fz V3,304093.0,2021,358.0,Petrol,25.98,Second,2021.0,Expired,Individual,219796.68,Tier 1
Uttar Pradesh,62.01,Hero,Xtreme 160R,105559.0,2020,788.0,Hybrid,92.89,Second,2023.0,Not Available,Individual,83287.49,Tier 2
Delhi,72.99,Kawasaki,Z650,214753.0,2016,904.0,Electric,70.81,Second,2021.0,Active,Dealer,129604.39,Metro
Gujarat,64.38,Hero,Xtreme 160R,118213.0,2022,784.0,Hybrid,70.2,Second,2023.0,Not Available,Dealer,54569.86,Metro
West Bengal,52.86,Kawasaki,Versys 650,284043.0,2022,278.0,Hybrid,94.6,Second,2024.0,Not Available,Individual,133472.89,Tier 2
Gujarat,76.17,Ktm,Duke 200,91888.0,2019,698.0,Electric,96.02,Second,2024.0,Expired,Individual,57268.66,Tier 3
Gujarat,62.03,Royal Enfield,Interceptor 650,255739.0,2021,993.0,Petrol,33.98,Second,2021.0,Expired,Dealer,182215.34,Tier 3
Maharashtra,30.37,Tvs,Ronin,54095.0,2024,328.0,Hybrid,89.09,Second,2024.0,Expired,Dealer,37110.26,Metro
Maharashtra,27.44,Royal Enfield,Interceptor 650,119041.0,2019,448.0,Electric,97.59,Second,2021.0,Expired,Individual,133472.89,Metro
West Bengal,47.37,Bajaj,Platina 110,259953.0,2023,797.0,Hybrid,68.78,Second,2023.0,Not Available,Dealer,122045.04,Tier 2
West Bengal,33.93,Hero,Glamour,398569.0,2022,950.0,Hybrid,60.88,Second,2022.0,Active,Individual,310844.97,Metro
Rajasthan,32.79,Bajaj,Dominar 400,361805.0,2022,975.0,Electric,70.2,Third,2023.0,Active,Individual,264542.65,Tier 2
West Bengal,40.4,Bajaj,Platina 110,316871.0,2019,293.0,Electric,99.52,Second,2021.0,Expired,Individual,230325.21,Tier 3
Maharashtra,66.02,Hero,Glamour,257651.0,2018,0.0,Electric,75.0,Second,2022.0,Expired,Individual,166848.04,Tier 2
Gujarat,55.7,Honda,Dio,326765.0,2022,272.0,Hybrid,60.05,Second,2024.0,Active,Individual,250727.57,Tier 2
Punjab,74.78,Kawasaki,Vulcan S,115171.0,2023,613.0,Petrol,26.3,Second,2023.0,Active,Individual,73422.51,Tier 2
Maharashtra,68.07,Kawasaki,Ninja 300,232551.0,2017,786.0,Electric,67.31,Second,2023.0,Not Available,Dealer,95243.86,Tier 2
West Bengal,27.56,Yamaha,Ray Zr,260797.0,2022,779.0,Petrol,54.8,Second,2022.0,Not Available,Dealer,113577.5,Metro
Rajasthan,25.66,Tvs,Apache Rtr 160,192247.0,2024,674.0,Hybrid,97.84,Second,2024.0,Not Available,Individual,119681.44,Tier 3
Maharashtra,57.71,Yamaha,Mt-15,283036.0,2024,755.0,Hybrid,72.66,Second,2024.0,Expired,Dealer,144850.35,Tier 3
Madhya Pradesh,75.34,Kawasaki,Versys 650,180998.0,2022,236.0,Hybrid,69.25,Second,2022.0,Active,Dealer,133472.89,Tier 1
Delhi,68.06,Hero,Xtreme 160R,138162.0,2020,376.0,Electric,86.91,Second,2022.0,Active,Dealer,65702.89,Metro
West Bengal,27.47,Hero,Splendor Plus,62204.0,2019,262.0,Electric,90.34,Third,2023.0,Not Available,Individual,47934.06,Tier 2
Uttar Pradesh,19.4,Royal Enfield,Classic 350,326637.0,2023,469.0,Electric,94.84,Third,2023.0,Expired,Dealer,221510.63,Metro
Uttar Pradesh,26.18,Hero,Passion Pro,61948.0,2023,252.0,Petrol,56.52,First,2023.0,Active,Dealer,43970.91,Tier 3
West Bengal,15.01,Honda,Cbr 650R,191638.0,2022,469.0,Petrol,25.14,First,2022.0,Active,Individual,126985.56,Tier 3
Punjab,27.94,Tvs,Ntorq 125,312965.0,2020,763.0,Electric,89.56,Second,2022.0,Expired,Individual,187801.13,Metro
Madhya Pradesh,22.82,Kawasaki,Z650,262697.0,2015,932.0,Petrol,33.21,Third,2022.0,Active,Dealer,139746.72,Tier 2
Punjab,5.29,Ktm,250 Duke,257702.0,2017,712.0,Hybrid,91.19,Second,2024.0,Expired,Individual,141534.57,Tier 3
Delhi,78.49,Honda,Unicorn,319184.0,2019,438.0,Hybrid,70.83,Second,2022.0,Active,Individual,174688.31,Metro
Uttar Pradesh,69.84,Ktm,Rc 390,186622.0,2017,546.0,Electric,71.67,Second,2021.0,Expired,Individual,145013.34,Tier 3
Tamil Nadu,9.08,Hero,Glamour,346608.0,2023,839.0,Petrol,33.19,Second,2024.0,Expired,Individual,201219.94,Tier 2
Delhi,74.84,Kawasaki,Vulcan S,252154.0,2022,229.0,Petrol,44.33,Third,2024.0,Not Available,Dealer,155492.92,Tier 1
Karnataka,40.32,Royal Enfield,Hunter 350,79686.0,2020,454.0,Petrol,37.37,Second,2024.0,Active,Individual,54761.67,Metro
Madhya Pradesh,72.92,Tvs,Sport,323987.0,2024,321.0,Hybrid,75.03,Second,2024.0,Active,Individual,155323.81,Metro
Tamil Nadu,74.87,Kawasaki,Z650,344866.0,2023,885.0,Hybrid,93.39,Second,2023.0,Not Available,Dealer,230824.44,Tier 1
Madhya Pradesh,66.12,Royal Enfield,Himalayan,232367.0,2017,475.0,Hybrid,67.65,Second,2022.0,Expired,Dealer,155813.49,Tier 1
Delhi,75.8,Hero,Passion Pro,321346.0,2023,719.0,Petrol,41.55,First,2023.0,Not Available,Dealer,197691.81,Tier 2
Madhya Pradesh,18.76,Royal Enfield,Classic 350,220049.0,2019,110.0,Petrol,39.91,Second,2021.0,Expired,Dealer,174463.78,Tier 1
West Bengal,74.92,Hero,Glamour,102025.0,2023,173.0,Hybrid,93.23,Second,2024.0,Expired,Individual,53694.45,Tier 2
Punjab,21.61,Ktm,250 Duke,306286.0,2023,359.0,Hybrid,86.96,Second,2024.0,Active,Dealer,178757.53,Metro
Uttar Pradesh,31.51,Royal Enfield,Hunter 350,198732.0,2023,946.0,Petrol,33.45,Second,2023.0,Active,Individual,87317.61,Tier 1
West Bengal,70.3,Kawasaki,Z650,239591.0,2024,701.0,Petrol,53.69,Third,2024.0,Active,Dealer,129575.79,Metro
West Bengal,48.16,Yamaha,Fascino 125,140993.0,2022,382.0,Hybrid,77.81,Third,2022.0,Not Available,Individual,133472.89,Tier 3
Maharashtra,19.74,Yamaha,Fascino 125,243434.0,2024,643.0,Petrol,34.44,Second,2024.0,Not Available,Individual,173334.67,Tier 3
West Bengal,24.24,Kawasaki,Ninja 400,73179.0,2022,600.0,Electric,81.03,First,2022.0,Not Available,Individual,56576.95,Tier 1
Madhya Pradesh,35.04,Ktm,250 Duke,206888.0,2024,123.0,Petrol,54.37,Second,2024.0,Not Available,Individual,111489.01,Metro
West Bengal,25.73,Honda,Activa,393048.0,2021,628.0,Hybrid,83.38,Second,2023.0,Expired,Dealer,302601.37,Tier 3
West Bengal,22.93,Honda,Unicorn,156889.0,2020,316.0,Petrol,46.51,Second,2024.0,Expired,Dealer,71631.46,Tier 3
West Bengal,16.41,Tvs,Sport,302948.0,2017,898.0,Hybrid,99.35,Second,2022.0,Active,Individual,226375.43,Tier 2
Uttar Pradesh,12.38,Tvs,Jupiter,310557.0,2022,700.0,Electric,80.66,Second,2023.0,Expired,Individual,210425.72,Tier 3
Rajasthan,47.96,Bajaj,Ct 100,109314.0,2016,773.0,Petrol,58.48,Second,2022.0,Not Available,Dealer,75146.3,Tier 2
Rajasthan,59.92,Ktm,Rc 390,219760.0,2021,268.0,Petrol,36.29,Second,2021.0,Expired,Dealer,156469.29,Tier 2
Gujarat,13.01,Royal Enfield,Classic 350,100933.0,2023,117.0,Electric,70.2,Second,2024.0,Expired,Dealer,59731.83,Tier 2
Karnataka,32.85,Ktm,Duke 200,311663.0,2022,981.0,Hybrid,99.65,Second,2024.0,Not Available,Individual,133606.1,Tier 1
Gujarat,40.4,Bajaj,Dominar 400,362812.0,2016,606.0,Hybrid,78.2,Second,2024.0,Not Available,Individual,231215.03,Tier 2
Punjab,71.15,Honda,Cbr 650R,137272.0,2020,322.0,Hybrid,73.82,Second,2022.0,Active,Dealer,56662.45,Tier 1
Gujarat,74.54,Honda,Cbr 650R,201742.0,2021,852.0,Electric,85.34,Second,2023.0,Expired,Individual,97069.58,Tier 3
Punjab,52.68,Tvs,Sport,90275.0,2023,437.0,Hybrid,68.3,Second,2023.0,Active,Dealer,37664.21,Tier 2
Maharashtra,32.34,Royal Enfield,Interceptor 650,140453.0,2016,310.0,Hybrid,90.16,Second,2024.0,Expired,Dealer,58327.47,Metro
Uttar Pradesh,78.15,Honda,Cbr 650R,395200.0,2015,594.0,Electric,86.75,Second,2023.0,Expired,Individual,240234.51,Metro
Tamil Nadu,66.69,Yamaha,Ray Zr,147827.0,2017,768.0,Hybrid,93.97,Third,2022.0,Not Available,Dealer,59473.47,Tier 1
Tamil Nadu,74.66,Tvs,Jupiter,200233.0,2023,407.0,Hybrid,72.09,Second,2024.0,Active,Dealer,99222.46,Tier 1
Karnataka,14.7,Tvs,Ronin,129699.0,2021,348.0,Petrol,25.95,Second,2024.0,Active,Individual,100684.27,Metro
Madhya Pradesh,30.57,Kawasaki,Ninja 300,176904.0,2024,619.0,Petrol,39.73,Second,2024.0,Not Available,Dealer,133255.29,Tier 1
Uttar Pradesh,50.32,Honda,Shine,163818.0,2023,550.0,Petrol,56.24,First,2023.0,Not Available,Individual,83249.94,Tier 2
Madhya Pradesh,40.42,Honda,Unicorn,334696.0,2023,550.0,Electric,94.55,First,2023.0,Expired,Dealer,185571.8,Metro
Punjab,56.72,Ktm,390 Adventure,51911.0,2021,519.0,Petrol,47.68,Second,2022.0,Expired,Individual,29643.72,Tier 1
Uttar Pradesh,62.39,Tvs,Sport,211424.0,2024,403.0,Electric,93.25,First,2024.0,Active,Dealer,150487.66,Metro
Delhi,55.14,Hero,Splendor Plus,79129.0,2024,723.0,Electric,74.36,First,2024.0,Active,Dealer,33690.76,Tier 2
Delhi,59.9,Yamaha,Mt-15,360084.0,2021,595.0,Petrol,57.86,Second,2023.0,Active,Dealer,227035.54,Tier 3
Maharashtra,75.65,Yamaha,R15 V4,159958.0,2020,449.0,Petrol,26.41,Third,2021.0,Active,Dealer,74124.0,Tier 1
Rajasthan,38.98,Ktm,Duke 200,396276.0,2022,850.0,Hybrid,98.85,Third,2024.0,Expired,Individual,247679.06,Tier 3
Punjab,76.17,Bajaj,Avenger 220,388227.0,2020,206.0,Petrol,43.88,Third,2023.0,Active,Dealer,281694.91,Metro
West Bengal,26.6,Hero,Xtreme 160R,246989.0,2021,791.0,Petrol,43.26,Second,2024.0,Not Available,Dealer,102677.13,Tier 2
Punjab,79.98,Yamaha,Fz V3,291145.0,2018,695.0,Hybrid,69.8,Third,2022.0,Expired,Individual,128953.19,Metro
Delhi,47.75,Yamaha,R15 V4,211321.0,2019,291.0,Electric,71.35,Third,2022.0,Active,Dealer,104116.74327195632,Tier 2
Maharashtra,43.24,Bajaj,Avenger 220,199055.0,2020,288.0,Hybrid,98.13,Second,2022.0,Active,Dealer,101061.55,Tier 1
Tamil Nadu,18.2,Royal Enfield,Himalayan,148795.0,2020,243.0,Petrol,30.05,Second,2023.0,Active,Dealer,105115.56,Tier 2
Maharashtra,20.28,Royal Enfield,Meteor 350,185607.0,2018,602.0,Petrol,58.87,Second,2024.0,Active,Dealer,146022.85,Tier 2
Uttar Pradesh,67.72,Tvs,Ronin,190467.0,2021,623.0,Electric,99.52,Second,2021.0,Expired,Dealer,92938.91,Tier 3
Gujarat,29.86,Hero,Xtreme 160R,307074.0,2023,954.0,Electric,65.08,First,2023.0,Not Available,Individual,238951.38,Metro
Delhi,45.22,Honda,Dio,334618.0,2021,179.0,Petrol,41.15,Third,2021.0,Active,Individual,180901.69,Tier 2
West Bengal,45.59,Kawasaki,Vulcan S,191996.0,2024,560.0,Petrol,53.03,Second,2024.0,Expired,Individual,102531.84,Tier 3
Rajasthan,54.66,Yamaha,Fz V3,167055.0,2023,401.0,Hybrid,75.0,Second,2024.0,Expired,Dealer,104205.64,Tier 1
Rajasthan,32.38,Hero,Passion Pro,179748.0,2020,767.0,Hybrid,89.41,Third,2022.0,Active,Individual,91491.82,Metro
Madhya Pradesh,5.74,Bajaj,Avenger 220,383892.0,2019,541.0,Electric,92.75,Second,2022.0,Active,Individual,255462.9634824679,Metro
West Bengal,27.65,Honda,Dio,299560.0,2022,563.0,Electric,65.67,First,2022.0,Expired,Dealer,209483.2,Metro
Uttar Pradesh,23.38,Ktm,390 Adventure,226552.0,2024,544.0,Hybrid,76.53,Second,2024.0,Not Available,Individual,109303.66,Tier 2
Rajasthan,36.61,Hero,Xtreme 160R,324457.0,2022,413.0,Petrol,58.72,Second,2023.0,Active,Individual,154182.76,Tier 3
Delhi,77.46,Tvs,Ntorq 125,348910.0,2024,765.0,Electric,91.63,Second,2024.0,Expired,Individual,212711.83,Tier 3
Maharashtra,57.9,Royal Enfield,Interceptor 650,133932.0,2024,816.0,Electric,64.35,Second,2024.0,Expired,Individual,55506.03,Tier 1
Delhi,17.41,Yamaha,Mt-15,151506.0,2024,539.0,Electric,81.18,Third,2024.0,Active,Individual,73294.16,Tier 1
Madhya Pradesh,15.96,Hero,Hf Deluxe,72987.0,2020,450.0,Hybrid,64.09,Second,2023.0,Expired,Dealer,44533.45,Metro
Madhya Pradesh,25.51,Royal Enfield,Hunter 350,197799.0,2021,222.0,Petrol,36.78,First,2021.0,Active,Individual,81918.0,Tier 1
Uttar Pradesh,17.67,Tvs,Ntorq 125,316179.0,2024,407.0,Petrol,33.52,First,2024.0,Not Available,Individual,133472.89,Tier 1
Uttar Pradesh,79.48,Tvs,Ntorq 125,353654.0,2022,945.0,Hybrid,77.25,Second,2022.0,Expired,Individual,275124.3,Metro
Madhya Pradesh,41.36,Bajaj,Pulsar 150,251947.0,2022,806.0,Electric,94.26,First,2022.0,Not Available,Individual,116588.48,Tier 3
Tamil Nadu,78.22,Hero,Glamour,140902.0,2023,378.0,Petrol,57.08,Second,2023.0,Not Available,Individual,70182.74,Metro
Karnataka,22.42,Bajaj,Dominar 400,171875.0,2024,242.0,Hybrid,82.51,Second,2024.0,Expired,Individual,86323.68,Tier 3
Tamil Nadu,60.99,Royal Enfield,Himalayan,239337.0,2019,299.0,Hybrid,98.78,Second,2022.0,Expired,Individual,127794.71,Tier 1
Karnataka,67.34,Bajaj,Dominar 400,308729.0,2024,923.0,Hybrid,67.87,Second,2024.0,Not Available,Dealer,128193.61,Tier 2
Uttar Pradesh,28.76,Honda,Cbr 650R,148280.0,2024,974.0,Electric,70.2,Second,2024.0,Expired,Dealer,95912.43,Tier 2
West Bengal,22.75,Bajaj,Platina 110,285400.0,2019,656.0,Hybrid,69.86,Third,2022.0,Not Available,Dealer,169255.26,Tier 3
Madhya Pradesh,34.17,Tvs,Ronin,143558.0,2023,979.0,Hybrid,89.8,Second,2024.0,Not Available,Individual,92784.39,Tier 3
Punjab,34.95,Honda,Dio,95109.0,2021,106.0,Hybrid,70.04,Second,2021.0,Expired,Dealer,70912.53,Tier 1
Punjab,19.23,Yamaha,R15 V4,319142.0,2024,251.0,Hybrid,65.62,Second,2024.0,Expired,Individual,227383.89,Metro
Madhya Pradesh,31.11,Ktm,125 Duke,375046.0,2020,463.0,Electric,60.92,Second,2021.0,Expired,Dealer,182507.63,Metro
Tamil Nadu,23.64,Yamaha,R15 V4,243635.0,2024,317.0,Petrol,46.19,Second,2024.0,Expired,Individual,111771.35,Tier 3
Punjab,69.97,Royal Enfield,Himalayan,140322.0,2024,142.0,Hybrid,69.83,Second,2024.0,Expired,Individual,74497.63,Tier 2
Madhya Pradesh,67.15,Bajaj,Pulsar 150,200395.0,2021,347.0,Hybrid,72.37,Second,2024.0,Expired,Dealer,89396.13,Metro
Rajasthan,58.15,Hero,Splendor Plus,70868.0,2024,863.0,Electric,62.96,First,2024.0,Active,Individual,53073.7,Tier 3
Maharashtra,75.68,Tvs,Sport,201782.0,2022,221.0,Electric,78.46,Second,2023.0,Active,Dealer,124270.77,Tier 3
Tamil Nadu,38.89,Yamaha,Fz V3,261436.0,2020,721.0,Hybrid,61.03,Third,2022.0,Active,Individual,182440.06,Tier 3
West Bengal,79.95,Ktm,Rc 390,110363.0,2024,886.0,Hybrid,71.43,First,2024.0,Not Available,Individual,52065.73,Metro
Maharashtra,69.34,Yamaha,Fz V3,232258.0,2019,130.0,Electric,90.42,Second,2021.0,Expired,Dealer,141412.33,Tier 1
Delhi,76.22,Kawasaki,Versys 650,373594.0,2022,670.0,Petrol,49.03,Second,2024.0,Expired,Dealer,197366.85,Metro
Delhi,15.73,Honda,Unicorn,338400.0,2019,698.0,Petrol,40.94,Second,2024.0,Active,Individual,146636.13,Tier 1
Karnataka,52.13,Royal Enfield,Classic 350,298833.0,2018,912.0,Hybrid,92.26,Second,2023.0,Expired,Dealer,196637.39,Tier 1
Gujarat,24.8,Tvs,Jupiter,364784.0,2022,408.0,Hybrid,78.34,Second,2022.0,Expired,Dealer,273452.37,Metro
Rajasthan,16.58,Honda,Activa,208553.0,2022,446.0,Petrol,35.76,First,2022.0,Not Available,Dealer,109105.63,Tier 3
Karnataka,66.29,Hero,Glamour,177433.0,2019,955.0,Petrol,46.91,Second,2024.0,Not Available,Individual,93249.29,Tier 3
Tamil Nadu,19.99,Honda,Unicorn,188897.0,2017,766.0,Petrol,43.51,Second,2024.0,Active,Individual,104487.58,Tier 3
Uttar Pradesh,66.82,Honda,Cbr 650R,384436.0,2022,870.0,Electric,84.45,Second,2024.0,Expired,Individual,241264.25,Tier 3
Uttar Pradesh,73.03,Royal Enfield,Himalayan,340316.0,2024,445.0,Petrol,36.26,Second,2024.0,Active,Individual,183166.86,Tier 2
Madhya Pradesh,63.06,Tvs,Sport,218253.0,2023,570.0,Petrol,32.2,Second,2023.0,Active,Individual,133254.08,Metro
Madhya Pradesh,78.79,Kawasaki,Z650,173125.0,2024,341.0,Petrol,27.19,Second,2024.0,Expired,Individual,83041.81,Tier 3
West Bengal,56.86,Bajaj,Avenger 220,137593.0,2024,578.0,Hybrid,92.12,Second,2024.0,Not Available,Individual,74494.93,Metro
Madhya Pradesh,41.25,Bajaj,Dominar 400,398718.0,2023,808.0,Hybrid,89.03,First,2023.0,Expired,Individual,236765.99,Tier 1
Punjab,35.29,Bajaj,Platina 110,223417.0,2023,379.0,Electric,89.01,Second,2023.0,Expired,Dealer,106707.46,Tier 3
Uttar Pradesh,35.08,Tvs,Apache Rtr 160,344291.0,2024,585.0,Electric,95.45,Second,2024.0,Not Available,Dealer,166083.36,Tier 3
Karnataka,18.55,Kawasaki,Ninja 300,185823.0,2016,537.0,Electric,61.87,Second,2022.0,Expired,Dealer,139508.02,Tier 3
Rajasthan,75.99,Yamaha,Ray Zr,150148.0,2023,657.0,Petrol,32.09,Third,2024.0,Active,Individual,133472.89,Metro
Uttar Pradesh,13.28,Bajaj,Avenger 220,60422.0,2022,855.0,Hybrid,69.41,Second,2024.0,Active,Individual,37439.43,Tier 1
Rajasthan,74.25,Yamaha,Ray Zr,142189.0,2021,281.0,Petrol,42.73,Second,2021.0,Active,Individual,94812.92,Tier 3
Delhi,7.52,Kawasaki,Vulcan S,252106.0,2024,189.0,Electric,70.52,Second,2024.0,Active,Dealer,165051.89,Tier 1
Karnataka,25.97,Yamaha,Mt-15,244919.0,2022,247.0,Electric,94.74,Second,2024.0,Expired,Dealer,117413.7,Tier 3
Karnataka,78.09,Honda,Shine,107848.0,2024,180.0,Electric,93.93,Second,2024.0,Active,Dealer,53987.28,Tier 1
Delhi,8.5,Kawasaki,Z650,315378.0,2023,980.0,Electric,61.83,Second,2024.0,Not Available,Dealer,206266.81,Tier 2
Rajasthan,32.24,Honda,Dio,134620.0,2018,660.0,Electric,71.68,Third,2022.0,Not Available,Individual,61334.18,Metro
Maharashtra,28.21,Kawasaki,Ninja 400,356349.0,2022,670.0,Electric,83.74,Second,2023.0,Expired,Individual,171061.35,Tier 1
Uttar Pradesh,35.75,Bajaj,Ct 100,342355.0,2024,888.0,Hybrid,62.77,Second,2024.0,Not Available,Dealer,150976.97,Tier 3
Maharashtra,61.5,Tvs,Sport,339469.0,2021,222.0,Electric,66.45,Second,2022.0,Expired,Dealer,239906.32,Tier 1
Delhi,20.35,Yamaha,R15 V4,303977.0,2024,763.0,Electric,94.61,Third,2024.0,Not Available,Individual,216470.09,Tier 2
Gujarat,28.96,Bajaj,Ct 100,311371.0,2021,583.0,Electric,76.25,Second,2022.0,Active,Dealer,242886.23,Tier 1
Gujarat,13.86,Honda,Shine,172611.0,2016,418.0,Petrol,33.97,Third,2021.0,Active,Individual,136999.36,Metro
Uttar Pradesh,68.12,Tvs,Jupiter,196018.0,2023,621.0,Electric,97.43,Second,2023.0,Expired,Dealer,134258.46,Metro
Karnataka,9.48,Kawasaki,Z650,198797.0,2021,695.0,Petrol,55.76,Second,2021.0,Expired,Individual,129056.36,Tier 1
Madhya Pradesh,71.08,Ktm,390 Adventure,325983.0,2024,417.0,Hybrid,75.64,Second,2024.0,Expired,Individual,135568.44,Metro
Rajasthan,15.86,Royal Enfield,Himalayan,130774.0,2021,422.0,Petrol,31.99,Second,2021.0,Expired,Individual,75197.62,Tier 1
Uttar Pradesh,11.55,Hero,Splendor Plus,147378.0,2023,865.0,Electric,88.18,Second,2023.0,Active,Dealer,90799.18,Tier 2
Gujarat,17.35,Hero,Xtreme 160R,227837.0,2020,420.0,Hybrid,86.34,Second,2024.0,Active,Individual,131811.57,Tier 3
Madhya Pradesh,71.28,Hero,Hf Deluxe,106823.0,2023,848.0,Electric,79.17,Third,2023.0,Not Available,Dealer,78657.28,Tier 1
Maharashtra,45.05,Ktm,Rc 390,279438.0,2022,565.0,Petrol,28.82,Third,2022.0,Active,Individual,222848.33,Tier 2
Karnataka,25.34,Royal Enfield,Hunter 350,263389.0,2023,976.0,Petrol,45.81,Second,2023.0,Not Available,Dealer,181145.09,Tier 3
Madhya Pradesh,31.32,Royal Enfield,Classic 350,138465.0,2023,642.0,Hybrid,81.95,Second,2024.0,Not Available,Dealer,80175.83,Tier 1
Rajasthan,8.07,Ktm,250 Duke,333013.0,2024,714.0,Electric,83.45,Second,2024.0,Expired,Individual,186714.48,Tier 1
Karnataka,66.29,Tvs,Ntorq 125,242976.0,2016,291.0,Petrol,52.06,Third,2022.0,Expired,Dealer,190481.41,Tier 3
Delhi,38.35,Tvs,Jupiter,306952.0,2019,885.0,Hybrid,99.17,Second,2023.0,Active,Individual,216635.85,Tier 2
Karnataka,8.58,Yamaha,R15 V4,384648.0,2023,150.0,Electric,74.07,Third,2023.0,Expired,Individual,222901.04,Tier 2
Gujarat,58.99,Ktm,390 Adventure,206828.0,2018,909.0,Petrol,48.09,Second,2024.0,Not Available,Individual,130927.45,Tier 1
Madhya Pradesh,49.7,Hero,Hf Deluxe,346104.0,2023,378.0,Electric,79.93,Second,2023.0,Active,Dealer,149455.05,Tier 1
Punjab,60.76,Tvs,Ronin,56685.0,2018,221.0,Petrol,45.43,Second,2021.0,Not Available,Dealer,133472.89,Tier 2
Punjab,7.98,Honda,Dio,161242.0,2024,780.0,Electric,70.97,Second,2024.0,Active,Individual,107358.71,Tier 1
Rajasthan,58.78,Honda,Unicorn,121348.0,2024,399.0,Hybrid,79.69,Third,2024.0,Expired,Dealer,64388.05,Tier 1
Madhya Pradesh,77.83,Ktm,Duke 200,200077.0,2023,441.0,Hybrid,86.29,Second,2023.0,Expired,Individual,133872.86,Tier 3
Uttar Pradesh,23.38,Bajaj,Ct 100,144782.0,2023,448.0,Electric,86.62,Third,2023.0,Not Available,Individual,115244.64,Tier 1
West Bengal,17.98,Royal Enfield,Himalayan,354070.0,2019,346.0,Petrol,46.29,Second,2022.0,Expired,Individual,151568.39,Tier 2
Gujarat,35.65,Honda,Cbr 650R,278366.0,2023,626.0,Hybrid,87.88,Second,2023.0,Active,Individual,208976.55,Tier 1
Madhya Pradesh,49.04,Ktm,Duke 200,265186.0,2024,607.0,Petrol,52.18,Third,2024.0,Not Available,Individual,170127.43,Metro
Delhi,68.26,Royal Enfield,Hunter 350,264839.0,2021,959.0,Petrol,38.76,Second,2022.0,Active,Dealer,131458.48,Tier 1
Karnataka,61.98,Royal Enfield,Meteor 350,325539.0,2018,879.0,Electric,93.52,Second,2021.0,Expired,Dealer,186178.28,Tier 1
Uttar Pradesh,65.07,Honda,Activa,267432.0,2024,559.0,Petrol,35.12,Second,2024.0,Active,Dealer,118096.74,Tier 3
Rajasthan,34.41,Bajaj,Pulsar 150,269952.0,2017,442.0,Electric,70.2,Second,2023.0,Active,Individual,154801.63,Tier 3
Maharashtra,72.83,Honda,Unicorn,106847.0,2022,966.0,Petrol,52.9,Second,2022.0,Expired,Dealer,63176.52,Metro
Gujarat,50.32,Bajaj,Avenger 220,380811.0,2024,785.0,Electric,60.57,Second,2024.0,Expired,Dealer,264035.75,Tier 2
Rajasthan,39.33,Hero,Glamour,374242.0,2023,133.0,Hybrid,61.56,Second,2023.0,Not Available,Individual,155270.57,Metro
Maharashtra,8.0,Bajaj,Pulsar 150,177133.0,2021,159.0,Petrol,35.74,Third,2022.0,Expired,Individual,107142.72,Tier 3
Delhi,68.53,Hero,Splendor Plus,285679.0,2024,318.0,Petrol,31.07,Second,2024.0,Expired,Individual,117592.57,Metro
Karnataka,28.97,Kawasaki,Ninja 400,179094.0,2020,794.0,Electric,74.44,Second,2021.0,Expired,Dealer,133472.89,Tier 1
Tamil Nadu,54.51,Kawasaki,Z650,279319.0,2022,0.0,Hybrid,70.45,Second,2022.0,Expired,Individual,222969.83,Tier 2
Punjab,56.48,Hero,Passion Pro,288187.0,2017,823.0,Electric,91.31,Third,2022.0,Active,Dealer,196649.42,Tier 1
Tamil Nadu,71.6,Ktm,125 Duke,188001.0,2021,759.0,Hybrid,80.58,Second,2023.0,Not Available,Individual,133472.89,Tier 2
Madhya Pradesh,53.33,Honda,Dio,115795.0,2018,375.0,Petrol,57.96,Second,2023.0,Expired,Dealer,133472.89,Tier 1
Punjab,39.12,Yamaha,Fascino 125,123029.0,2024,310.0,Electric,62.87,Second,2024.0,Active,Individual,49873.12,Tier 2
Karnataka,48.11,Tvs,Ntorq 125,314624.0,2020,570.0,Electric,93.28,Second,2023.0,Expired,Dealer,155523.63,Tier 1
Punjab,65.32,Ktm,125 Duke,267039.0,2024,480.0,Electric,60.06,Second,2024.0,Expired,Dealer,191387.0,Tier 1
Gujarat,48.46,Royal Enfield,Hunter 350,392339.0,2017,645.0,Petrol,70.2,Second,2023.0,Active,Individual,310276.01,Tier 3
Maharashtra,41.96,Bajaj,Pulsar 150,312529.0,2022,509.0,Electric,68.16,Third,2024.0,Not Available,Individual,204938.96,Tier 2
Maharashtra,11.05,Kawasaki,Versys 650,318728.0,2017,890.0,Hybrid,96.66,Second,2021.0,Active,Individual,174605.23,Tier 3
Uttar Pradesh,60.88,Royal Enfield,Interceptor 650,354525.0,2020,424.0,Electric,97.9,Third,2024.0,Not Available,Individual,263273.76,Metro
Tamil Nadu,57.96,Ktm,250 Duke,332860.0,2018,948.0,Petrol,36.24,Second,2023.0,Active,Dealer,213065.8,Tier 2
Uttar Pradesh,62.59,Yamaha,Fascino 125,268437.0,2024,197.0,Petrol,34.32,Third,2024.0,Expired,Individual,132527.28,Tier 2
Gujarat,62.41,Ktm,Duke 200,349438.0,2023,477.0,Electric,73.44,Second,2024.0,Not Available,Individual,154776.35,Tier 1
Tamil Nadu,54.79,Yamaha,Fascino 125,50141.0,2020,270.0,Petrol,36.01,Third,2021.0,Expired,Individual,30222.17,Metro
Maharashtra,74.8,Royal Enfield,Himalayan,291633.0,2022,933.0,Petrol,31.69,Second,2024.0,Expired,Dealer,145252.8,Metro
Delhi,11.33,Royal Enfield,Interceptor 650,333716.0,2024,735.0,Petrol,70.2,Second,2024.0,Expired,Dealer,200171.08,Metro
West Bengal,74.74,Ktm,390 Adventure,300409.0,2024,398.0,Electric,64.04,Third,2024.0,Expired,Dealer,160016.58,Tier 2
West Bengal,33.5,Honda,Shine,339397.0,2023,405.0,Electric,91.98,Second,2023.0,Active,Dealer,151836.6,Tier 3
Karnataka,73.07,Bajaj,Platina 110,74279.0,2023,814.0,Petrol,26.3,Second,2023.0,Expired,Dealer,34948.33,Tier 3
Uttar Pradesh,76.35,Yamaha,Ray Zr,305953.0,2021,530.0,Electric,90.01,Second,2021.0,Active,Individual,208428.93,Metro
Madhya Pradesh,5.78,Royal Enfield,Himalayan,369790.0,2022,106.0,Petrol,33.51,Second,2024.0,Active,Individual,241857.12,Tier 1
Maharashtra,69.21,Yamaha,Ray Zr,84017.0,2018,302.0,Petrol,50.1,Second,2024.0,Not Available,Dealer,54916.95,Tier 1
West Bengal,55.57,Honda,Activa,253660.0,2015,927.0,Electric,84.65,Second,2023.0,Active,Dealer,121655.3,Tier 3
Madhya Pradesh,60.32,Hero,Passion Pro,149196.0,2022,296.0,Petrol,58.49,Second,2023.0,Expired,Individual,63500.25,Tier 1
Tamil Nadu,20.63,Honda,Shine,146308.0,2019,808.0,Hybrid,83.77,Second,2022.0,Not Available,Dealer,80884.08,Tier 2
West Bengal,66.6,Kawasaki,Ninja 400,289200.0,2018,858.0,Petrol,48.22,Second,2024.0,Active,Dealer,192885.36,Tier 2
Karnataka,44.85,Honda,Activa,179546.0,2023,596.0,Electric,83.44,Third,2023.0,Active,Individual,110164.84,Metro
Tamil Nadu,57.44,Ktm,250 Duke,88972.0,2023,759.0,Petrol,59.38,First,2023.0,Expired,Dealer,65261.8,Tier 3
Uttar Pradesh,69.47,Hero,Splendor Plus,277903.0,2022,787.0,Petrol,26.73,Second,2022.0,Not Available,Dealer,222272.18,Metro
Rajasthan,20.62,Kawasaki,Versys 650,103050.0,2024,635.0,Hybrid,94.31,Second,2024.0,Expired,Dealer,79743.96,Tier 2
Karnataka,27.09,Bajaj,Pulsar 150,92858.0,2023,661.0,Petrol,50.2,Second,2024.0,Expired,Dealer,48181.67,Metro
Madhya Pradesh,44.41,Honda,Dio,369977.0,2024,665.0,Hybrid,64.82,Second,2024.0,Not Available,Dealer,230065.14,Tier 1
Rajasthan,71.93,Ktm,390 Adventure,269817.0,2024,967.0,Electric,84.32,Third,2024.0,Expired,Individual,186809.41,Tier 1
Punjab,75.54,Yamaha,Mt-15,214334.0,2021,107.0,Petrol,30.48,Third,2021.0,Not Available,Individual,133472.89,Tier 1
Rajasthan,67.42,Royal Enfield,Hunter 350,99308.0,2021,717.0,Petrol,47.43,Second,2023.0,Active,Individual,78139.49,Tier 1
West Bengal,61.56,Yamaha,Fascino 125,61038.0,2024,601.0,Electric,78.34,Third,2024.0,Expired,Individual,38416.65,Tier 3
Maharashtra,20.42,Ktm,Duke 200,271347.0,2016,353.0,Electric,68.5,Second,2024.0,Active,Dealer,161362.42,Metro
Tamil Nadu,17.92,Hero,Xtreme 160R,124335.0,2023,999.0,Hybrid,76.59,Second,2023.0,Not Available,Dealer,54446.58,Tier 1
Madhya Pradesh,74.91,Tvs,Jupiter,145954.0,2021,955.0,Petrol,70.2,First,2021.0,Expired,Dealer,76251.4,Tier 1
Karnataka,31.76,Bajaj,Ct 100,240568.0,2024,976.0,Electric,93.4,Second,2024.0,Expired,Dealer,116702.78,Tier 3
Tamil Nadu,14.44,Yamaha,Ray Zr,111177.0,2023,332.0,Hybrid,87.71,Second,2023.0,Expired,Dealer,54693.24,Tier 1
Maharashtra,44.34,Honda,Shine,158831.0,2015,774.0,Petrol,29.79,Second,2022.0,Not Available,Dealer,74456.06,Tier 3
Delhi,6.85,Bajaj,Platina 110,281949.0,2021,953.0,Petrol,36.19,Second,2022.0,Not Available,Individual,120436.92,Tier 3
Gujarat,50.33,Kawasaki,Versys 650,167483.0,2022,912.0,Petrol,32.81,Second,2022.0,Active,Dealer,96692.39,Tier 1
Madhya Pradesh,32.03,Royal Enfield,Interceptor 650,53430.0,2024,535.0,Hybrid,75.28,Second,2024.0,Expired,Dealer,36029.92,Tier 2
Gujarat,67.46,Honda,Unicorn,392637.0,2022,313.0,Hybrid,89.59,First,2022.0,Not Available,Individual,204272.4,Tier 3
Gujarat,17.59,Kawasaki,Z650,51159.0,2017,684.0,Hybrid,78.07,Second,2022.0,Expired,Individual,133472.89,Tier 2
Karnataka,55.64,Tvs,Ronin,52487.0,2023,222.0,Petrol,55.57,Second,2024.0,Not Available,Dealer,30353.34,Tier 1
Madhya Pradesh,15.3,Yamaha,Ray Zr,269505.0,2016,154.0,Hybrid,84.21,Second,2022.0,Active,Dealer,152520.31,Tier 2
Karnataka,76.94,Royal Enfield,Meteor 350,102101.0,2021,210.0,Electric,96.82,Second,2022.0,Expired,Dealer,69842.89,Tier 3
Tamil Nadu,30.61,Yamaha,Mt-15,226268.0,2020,759.0,Electric,82.07,Third,2022.0,Expired,Individual,98416.52,Metro
Maharashtra,44.19,Kawasaki,Versys 650,58061.0,2017,487.0,Electric,67.2,Third,2023.0,Expired,Individual,24640.71,Tier 2
West Bengal,45.28,Bajaj,Dominar 400,220098.0,2024,616.0,Hybrid,75.08,Second,2024.0,Not Available,Individual,103890.66,Tier 1
Delhi,22.57,Bajaj,Avenger 220,297558.0,2023,802.0,Electric,73.49,Second,2023.0,Expired,Individual,225882.53,Metro
Rajasthan,28.55,Bajaj,Pulsar 150,84775.0,2024,183.0,Electric,81.08,Third,2024.0,Expired,Dealer,35655.38,Tier 2
West Bengal,24.58,Kawasaki,Z650,199100.0,2024,769.0,Hybrid,94.46,Second,2024.0,Not Available,Dealer,146514.89,Tier 1
Rajasthan,65.08,Royal Enfield,Meteor 350,94779.0,2015,985.0,Electric,93.55,Third,2023.0,Not Available,Individual,38045.1,Metro
West Bengal,77.5,Royal Enfield,Meteor 350,199318.0,2016,649.0,Electric,90.28,Second,2024.0,Expired,Dealer,129551.85,Tier 1
Madhya Pradesh,70.43,Kawasaki,Vulcan S,293104.0,2019,837.0,Electric,84.95,Second,2024.0,Expired,Dealer,133472.89,Tier 3
Madhya Pradesh,27.48,Ktm,Duke 200,102836.0,2024,394.0,Electric,89.56,Second,2024.0,Expired,Individual,74732.84,Metro
Rajasthan,18.89,Royal Enfield,Himalayan,163559.0,2022,672.0,Petrol,37.77,First,2022.0,Active,Dealer,84688.9476188345,Tier 1
Rajasthan,28.33,Tvs,Ronin,344140.0,2024,649.0,Hybrid,64.19,Third,2024.0,Expired,Dealer,191969.65,Tier 3
Tamil Nadu,22.2,Hero,Glamour,122872.0,2022,220.0,Electric,98.67,First,2022.0,Expired,Dealer,70268.52,Metro
Maharashtra,76.29,Ktm,125 Duke,73374.0,2019,728.0,Electric,93.3,Third,2021.0,Expired,Dealer,35085.0,Tier 3
Punjab,70.62,Yamaha,Mt-15,345789.0,2022,760.0,Hybrid,76.53,Third,2023.0,Active,Individual,196118.04,Tier 2
West Bengal,39.0,Yamaha,Fascino 125,75372.0,2023,711.0,Electric,78.31,Second,2024.0,Expired,Individual,133472.89,Tier 3
Madhya Pradesh,62.8,Kawasaki,Ninja 300,390768.0,2019,971.0,Electric,64.71,Second,2021.0,Active,Individual,219140.44,Tier 3
West Bengal,61.93,Hero,Passion Pro,91044.0,2018,414.0,Electric,91.45,Second,2024.0,Expired,Individual,39279.59,Tier 2
Uttar Pradesh,40.27,Ktm,Rc 390,316815.0,2021,462.0,Petrol,35.31,Second,2021.0,Active,Dealer,247585.44,Tier 1
Uttar Pradesh,25.67,Royal Enfield,Classic 350,285468.0,2024,649.0,Electric,86.75,Second,2024.0,Not Available,Individual,203528.07,Tier 3
Punjab,79.38,Honda,Shine,107455.0,2020,939.0,Petrol,59.12,Third,2023.0,Not Available,Individual,56630.73,Tier 2
Madhya Pradesh,47.73,Ktm,Rc 390,365544.0,2024,291.0,Electric,93.8,Second,2024.0,Expired,Individual,275179.85,Metro
Punjab,6.54,Ktm,Rc 390,102188.0,2023,772.0,Petrol,55.87,Second,2023.0,Not Available,Dealer,70547.54,Tier 2
Punjab,36.53,Tvs,Jupiter,238313.0,2024,839.0,Electric,99.8,Second,2024.0,Expired,Dealer,145352.13,Tier 1
Tamil Nadu,17.72,Yamaha,Fz V3,222167.0,2019,670.0,Hybrid,80.82,Second,2024.0,Expired,Dealer,144576.81,Tier 1
Karnataka,61.3,Tvs,Ntorq 125,290095.0,2021,797.0,Petrol,57.81,Second,2021.0,Active,Dealer,153024.32,Tier 3
Gujarat,15.96,Hero,Passion Pro,268913.0,2022,602.0,Hybrid,85.39,Third,2022.0,Not Available,Individual,171870.04,Metro
Punjab,14.64,Hero,Xtreme 160R,332911.0,2021,424.0,Hybrid,90.28,Second,2022.0,Expired,Individual,250640.0,Tier 3
Karnataka,18.82,Bajaj,Ct 100,376605.0,2017,498.0,Electric,74.32,Third,2022.0,Expired,Dealer,247209.78,Tier 3
West Bengal,72.76,Kawasaki,Ninja 400,290509.0,2017,182.0,Hybrid,70.2,Third,2021.0,Active,Individual,163183.92,Metro
Delhi,66.59,Yamaha,Mt-15,86315.0,2022,691.0,Hybrid,77.06,Third,2022.0,Active,Dealer,60991.2,Tier 3
Karnataka,77.22,Hero,Splendor Plus,211399.0,2023,530.0,Petrol,56.83,Second,2023.0,Expired,Individual,95030.83,Tier 2
Karnataka,16.26,Yamaha,Mt-15,313833.0,2023,579.0,Electric,95.23,Second,2024.0,Active,Individual,217398.15,Tier 2
Punjab,12.15,Ktm,125 Duke,93578.0,2018,777.0,Petrol,45.96,Second,2021.0,Active,Individual,51371.3,Metro
Rajasthan,44.58,Honda,Shine,221869.0,2024,706.0,Petrol,31.13,First,2024.0,Active,Individual,96427.24,Tier 2
Madhya Pradesh,41.98,Royal Enfield,Interceptor 650,137473.0,2021,923.0,Hybrid,83.69,First,2021.0,Expired,Individual,67717.73,Metro
Tamil Nadu,40.36,Yamaha,Mt-15,62265.0,2021,189.0,Hybrid,71.82,Second,2022.0,Not Available,Individual,133472.89,Tier 2
Rajasthan,75.45,Bajaj,Platina 110,146548.0,2015,285.0,Electric,60.29,Second,2022.0,Expired,Individual,77165.77,Tier 3
West Bengal,22.62,Yamaha,Fascino 125,346728.0,2021,744.0,Hybrid,74.26,Third,2023.0,Expired,Individual,169817.81,Metro
Madhya Pradesh,51.59,Kawasaki,Versys 650,164010.0,2024,400.0,Electric,95.5,Third,2024.0,Active,Dealer,133472.89,Metro
Delhi,48.83,Hero,Xtreme 160R,229546.0,2024,925.0,Electric,83.07,Third,2024.0,Active,Dealer,167535.93,Metro
Karnataka,73.77,Tvs,Apache Rtr 160,295076.0,2022,115.0,Electric,71.1,Third,2023.0,Not Available,Dealer,147987.59,Metro
Punjab,46.48,Honda,Cbr 650R,242278.0,2023,682.0,Electric,76.53,Second,2023.0,Expired,Individual,133472.89,Tier 1
Maharashtra,27.17,Honda,Dio,114917.0,2022,616.0,Electric,61.41,Second,2023.0,Active,Individual,45984.53,Tier 1
Gujarat,6.08,Ktm,250 Duke,122309.0,2017,339.0,Hybrid,80.87,Second,2021.0,Active,Dealer,68963.31,Tier 2
Rajasthan,70.77,Yamaha,Fz V3,229160.0,2019,403.0,Hybrid,61.58,Second,2023.0,Not Available,Dealer,114436.64,Metro
Karnataka,9.28,Ktm,Duke 200,284563.0,2024,747.0,Petrol,42.12,First,2024.0,Active,Dealer,142393.76,Tier 1
Punjab,56.45,Bajaj,Pulsar 150,50141.0,2021,618.0,Petrol,29.93,Third,2022.0,Active,Dealer,36559.21,Tier 2
West Bengal,24.67,Honda,Cbr 650R,65664.0,2021,238.0,Electric,70.2,Second,2023.0,Active,Dealer,46416.23,Tier 2
Rajasthan,29.34,Royal Enfield,Hunter 350,184948.0,2020,927.0,Petrol,59.72,Second,2021.0,Not Available,Individual,106970.79,Metro
West Bengal,51.05,Ktm,390 Adventure,308235.0,2020,245.0,Hybrid,65.98,Second,2022.0,Expired,Individual,190796.08,Tier 3
Gujarat,67.26,Yamaha,Fascino 125,136233.0,2021,879.0,Petrol,29.58,Second,2021.0,Expired,Dealer,69953.64,Tier 1
West Bengal,53.3,Royal Enfield,Interceptor 650,117118.0,2022,557.0,Hybrid,84.38,First,2022.0,Not Available,Individual,73090.89,Tier 2
Gujarat,59.94,Honda,Shine,180159.0,2021,162.0,Electric,85.14,Second,2024.0,Expired,Dealer,133340.64,Tier 3
Punjab,11.28,Tvs,Apache Rtr 160,148711.0,2022,875.0,Petrol,31.46,Third,2023.0,Active,Dealer,105710.86,Metro
Rajasthan,25.69,Honda,Unicorn,162746.0,2024,346.0,Hybrid,70.2,Second,2024.0,Not Available,Individual,75954.74,Metro
Punjab,36.67,Hero,Splendor Plus,392747.0,2016,290.0,Petrol,50.94,Second,2021.0,Active,Dealer,158485.92,Tier 3
Maharashtra,55.22,Bajaj,Pulsar 150,50711.0,2017,764.0,Electric,74.26,Second,2024.0,Not Available,Dealer,27275.13,Tier 3
Uttar Pradesh,48.76,Hero,Hf Deluxe,139690.0,2023,724.0,Hybrid,90.77,Second,2023.0,Not Available,Individual,65532.52,Metro
West Bengal,57.05,Ktm,Rc 390,399829.0,2024,686.0,Petrol,41.12,First,2024.0,Expired,Dealer,233155.41,Tier 1
Punjab,20.23,Royal Enfield,Hunter 350,373360.0,2023,660.0,Electric,93.7,Second,2023.0,Active,Dealer,268625.34,Tier 3
Karnataka,22.09,Kawasaki,Versys 650,138953.0,2024,256.0,Petrol,70.2,Second,2024.0,Not Available,Dealer,133472.89,Tier 2
Delhi,76.24,Royal Enfield,Meteor 350,289021.0,2021,829.0,Petrol,53.63,Second,2023.0,Not Available,Dealer,230447.95,Tier 3
Delhi,5.78,Honda,Activa,390787.0,2017,751.0,Petrol,59.23,Second,2021.0,Expired,Individual,181480.25,Tier 2
Karnataka,24.65,Tvs,Jupiter,138582.0,2017,593.0,Hybrid,68.11,Second,2021.0,Not Available,Individual,107535.69,Metro
Madhya Pradesh,46.45,Honda,Unicorn,229648.0,2023,558.0,Petrol,48.32,Third,2024.0,Expired,Dealer,133472.89,Tier 2
Gujarat,15.99,Tvs,Apache Rtr 160,147875.0,2020,834.0,Petrol,45.34,Second,2023.0,Expired,Dealer,71760.84,Metro
Delhi,14.34,Hero,Glamour,299859.0,2020,598.0,Hybrid,87.08,Second,2022.0,Expired,Individual,173448.35,Tier 1
Punjab,50.54,Yamaha,Fascino 125,220993.0,2016,232.0,Electric,79.5,Second,2023.0,Active,Dealer,106769.74,Metro
Uttar Pradesh,61.76,Hero,Hf Deluxe,64886.0,2017,148.0,Petrol,41.55,Second,2022.0,Expired,Individual,133472.89,Tier 3
West Bengal,41.16,Honda,Activa,163146.0,2019,853.0,Electric,79.83,Second,2023.0,Not Available,Dealer,133472.89,Tier 3
Tamil Nadu,11.92,Ktm,390 Adventure,263585.0,2017,189.0,Petrol,30.69,Third,2021.0,Active,Dealer,150335.94,Tier 2
Delhi,29.37,Hero,Glamour,253624.0,2023,439.0,Electric,91.51,Second,2023.0,Not Available,Dealer,142617.47,Tier 1
Rajasthan,74.06,Bajaj,Dominar 400,138391.0,2023,817.0,Electric,87.62,First,2023.0,Active,Dealer,73618.97,Tier 2
Karnataka,11.18,Tvs,Ronin,222357.0,2018,287.0,Petrol,43.54,Second,2021.0,Not Available,Individual,143902.0,Tier 1
Punjab,52.14,Honda,Unicorn,293860.0,2022,521.0,Electric,79.55,Second,2022.0,Expired,Individual,171373.42,Metro
Rajasthan,45.9,Tvs,Ntorq 125,331449.0,2018,799.0,Electric,75.63,Second,2021.0,Not Available,Individual,228166.43,Tier 1
Tamil Nadu,53.46,Yamaha,Fz V3,84719.0,2019,112.0,Petrol,70.2,Third,2023.0,Active,Individual,39100.44,Tier 1
Rajasthan,55.06,Kawasaki,Ninja 300,328442.0,2024,669.0,Petrol,57.91,Second,2024.0,Not Available,Individual,191918.21,Tier 3
Karnataka,28.34,Ktm,Duke 200,241646.0,2024,390.0,Hybrid,72.21,Second,2024.0,Not Available,Dealer,96157.9045339344,Tier 2
Maharashtra,35.21,Tvs,Sport,119456.0,2024,837.0,Electric,91.4,Second,2024.0,Expired,Individual,84926.28,Metro
Karnataka,39.01,Yamaha,Ray Zr,74997.0,2022,515.0,Petrol,49.14,Second,2024.0,Not Available,Individual,42436.54,Tier 2
Delhi,33.86,Tvs,Ronin,157641.0,2020,103.0,Electric,75.41,Second,2022.0,Expired,Dealer,101759.45,Tier 3
Rajasthan,69.52,Yamaha,Ray Zr,299617.0,2017,531.0,Hybrid,80.26,Third,2024.0,Active,Dealer,140381.99,Tier 1
Tamil Nadu,42.31,Tvs,Sport,194808.0,2022,364.0,Hybrid,71.36,Second,2023.0,Not Available,Dealer,133472.89,Tier 2
West Bengal,78.76,Royal Enfield,Meteor 350,72732.0,2024,585.0,Hybrid,70.94,Second,2024.0,Active,Dealer,32615.64,Tier 3
Punjab,69.13,Bajaj,Dominar 400,63003.0,2017,557.0,Hybrid,87.33,Third,2022.0,Active,Dealer,35948.49,Tier 1
Uttar Pradesh,42.27,Tvs,Sport,65442.0,2024,270.0,Petrol,25.37,First,2024.0,Expired,Individual,31814.98,Tier 2
Tamil Nadu,25.35,Ktm,390 Adventure,77533.0,2018,356.0,Hybrid,88.98,Second,2021.0,Expired,Dealer,43852.09,Tier 1
Punjab,73.35,Honda,Shine,280456.0,2019,896.0,Electric,93.49,Second,2022.0,Expired,Dealer,144283.75,Tier 1
Uttar Pradesh,49.98,Hero,Glamour,359988.0,2021,769.0,Petrol,26.18,Second,2021.0,Active,Dealer,149448.7,Metro
Karnataka,29.07,Tvs,Ntorq 125,317304.0,2022,586.0,Petrol,56.61,Second,2022.0,Active,Dealer,140973.6,Tier 1
West Bengal,8.25,Kawasaki,Vulcan S,150082.0,2018,737.0,Electric,80.26,Second,2023.0,Active,Dealer,108916.12,Tier 3
Uttar Pradesh,20.78,Yamaha,Fascino 125,193613.0,2018,611.0,Hybrid,65.51,Third,2021.0,Expired,Individual,133472.89,Tier 2
Madhya Pradesh,23.75,Yamaha,Fascino 125,83679.0,2023,115.0,Electric,70.2,Second,2024.0,Expired,Dealer,43579.95,Tier 3
Madhya Pradesh,12.0,Kawasaki,Vulcan S,227615.0,2022,951.0,Hybrid,73.85,Third,2024.0,Active,Dealer,120338.32,Tier 3
Delhi,37.32,Hero,Hf Deluxe,98039.0,2020,582.0,Hybrid,70.73,Second,2023.0,Active,Dealer,43867.08,Tier 1
Punjab,66.49,Yamaha,Fascino 125,123013.0,2024,785.0,Electric,73.99,Second,2024.0,Expired,Dealer,66031.47,Tier 3
Uttar Pradesh,28.5,Kawasaki,Ninja 400,381599.0,2021,214.0,Petrol,34.59,Second,2021.0,Active,Individual,208769.35,Tier 3
Rajasthan,55.53,Ktm,Duke 200,228227.0,2018,858.0,Petrol,46.11,Second,2021.0,Expired,Individual,113266.94,Tier 1
Gujarat,33.04,Kawasaki,Vulcan S,182908.0,2021,413.0,Electric,70.2,Second,2021.0,Not Available,Dealer,133472.89,Tier 3
Gujarat,15.65,Tvs,Ronin,377712.0,2022,842.0,Electric,76.49,Second,2023.0,Expired,Dealer,276036.18,Tier 1
Madhya Pradesh,41.43,Hero,Glamour,82376.0,2021,924.0,Electric,68.15,Second,2021.0,Not Available,Individual,48883.89,Metro
Gujarat,24.98,Kawasaki,Ninja 400,71883.0,2023,399.0,Petrol,28.95,Third,2023.0,Expired,Dealer,133472.89,Tier 1
Maharashtra,18.98,Bajaj,Ct 100,231909.0,2020,941.0,Petrol,30.0,Second,2023.0,Active,Dealer,117063.6,Tier 3
West Bengal,47.16,Honda,Unicorn,109327.0,2015,208.0,Hybrid,90.92,Second,2022.0,Active,Individual,70156.24,Tier 2
Uttar Pradesh,65.73,Yamaha,Mt-15,120408.0,2022,754.0,Petrol,38.72,Second,2022.0,Not Available,Individual,84019.79,Metro
Karnataka,53.12,Kawasaki,Versys 650,376677.0,2024,525.0,Petrol,49.57,Second,2024.0,Not Available,Dealer,181967.68,Tier 2
Uttar Pradesh,35.0,Yamaha,Ray Zr,308241.0,2024,241.0,Electric,81.9,Second,2024.0,Not Available,Individual,216549.04,Tier 1
Delhi,62.55,Royal Enfield,Hunter 350,244373.0,2024,728.0,Electric,97.34,Second,2024.0,Expired,Dealer,116018.52,Tier 1
Punjab,77.56,Bajaj,Avenger 220,74384.0,2023,848.0,Petrol,45.45,Second,2023.0,Active,Individual,45687.92,Metro
Madhya Pradesh,22.28,Tvs,Ronin,158682.0,2023,759.0,Electric,85.17,Second,2023.0,Expired,Individual,83726.13,Tier 1
Maharashtra,61.35,Honda,Activa,233992.0,2024,413.0,Hybrid,86.93,Second,2024.0,Not Available,Dealer,95464.74,Tier 2
Delhi,28.41,Tvs,Ntorq 125,122201.0,2022,293.0,Electric,73.84,Second,2024.0,Not Available,Dealer,89765.38548472883,Metro
West Bengal,11.63,Honda,Cbr 650R,237494.0,2015,306.0,Hybrid,83.46,Third,2023.0,Not Available,Individual,97618.61,Tier 3
Punjab,34.38,Hero,Xtreme 160R,305268.0,2022,972.0,Electric,86.76,First,2022.0,Expired,Dealer,128402.9,Tier 2
Maharashtra,35.74,Bajaj,Platina 110,76380.0,2024,123.0,Hybrid,61.96,Third,2024.0,Active,Dealer,36908.29,Tier 1
Uttar Pradesh,21.93,Royal Enfield,Interceptor 650,317223.0,2017,717.0,Petrol,45.12,Second,2021.0,Expired,Individual,247318.41,Tier 3
Delhi,41.49,Kawasaki,Vulcan S,190779.0,2023,446.0,Electric,61.56,Second,2023.0,Active,Dealer,132889.8,Metro
Maharashtra,19.45,Hero,Glamour,347347.0,2024,623.0,Electric,92.94,Second,2024.0,Expired,Individual,240261.05,Tier 1
West Bengal,57.81,Ktm,250 Duke,204806.0,2021,923.0,Petrol,26.42,Second,2023.0,Not Available,Individual,162715.27,Tier 1
Gujarat,27.5,Yamaha,Fz V3,322841.0,2020,726.0,Petrol,41.74,Second,2023.0,Not Available,Individual,177942.84,Tier 3
Maharashtra,5.45,Yamaha,Fascino 125,285679.0,2023,180.0,Petrol,46.1,Second,2023.0,Active,Individual,192079.85,Tier 2
Madhya Pradesh,38.63,Tvs,Sport,353549.0,2024,464.0,Electric,87.69,Second,2024.0,Not Available,Individual,189870.44,Tier 3
Rajasthan,66.06,Bajaj,Avenger 220,341264.0,2024,849.0,Hybrid,84.59,Second,2024.0,Not Available,Dealer,221170.43,Tier 1
Tamil Nadu,9.08,Tvs,Sport,228461.0,2023,627.0,Electric,74.23,Third,2023.0,Expired,Individual,92398.8,Tier 2
Punjab,14.83,Tvs,Jupiter,191672.0,2022,631.0,Electric,69.66,Second,2022.0,Expired,Dealer,88608.71,Tier 1
Karnataka,69.67,Kawasaki,Z650,57886.0,2024,154.0,Electric,94.82,Third,2024.0,Not Available,Dealer,34144.81,Tier 2
Uttar Pradesh,22.63,Kawasaki,Versys 650,221728.0,2022,701.0,Hybrid,85.89,Second,2022.0,Active,Dealer,133551.81,Tier 2
Karnataka,31.86,Hero,Hf Deluxe,127629.0,2024,279.0,Hybrid,77.73,Second,2024.0,Active,Individual,80074.07,Tier 3
Karnataka,27.39,Kawasaki,Versys 650,377274.0,2016,840.0,Petrol,39.55,Second,2021.0,Active,Individual,255079.79,Tier 2
Rajasthan,69.89,Kawasaki,Ninja 400,295018.0,2024,669.0,Electric,93.01,Third,2024.0,Active,Dealer,150986.81,Tier 3
Tamil Nadu,8.13,Ktm,390 Adventure,230477.0,2020,174.0,Hybrid,80.97,Second,2023.0,Not Available,Dealer,104795.74,Tier 2
Karnataka,54.19,Kawasaki,Vulcan S,268395.0,2023,896.0,Hybrid,73.07,Second,2023.0,Expired,Dealer,133472.89,Tier 1
Maharashtra,39.82,Tvs,Ronin,116786.0,2020,558.0,Electric,63.4,Third,2024.0,Active,Individual,63975.97,Metro
Uttar Pradesh,48.51,Kawasaki,Ninja 400,142213.0,2023,349.0,Electric,92.52,Second,2023.0,Not Available,Individual,100219.73,Tier 1
Rajasthan,50.44,Bajaj,Pulsar 150,259124.0,2021,712.0,Hybrid,81.08,First,2021.0,Active,Dealer,133472.89,Tier 3
Tamil Nadu,42.995,Bajaj,Ct 100,232798.0,2021,714.0,Electric,98.2,Third,2021.0,Not Available,Individual,143283.91,Metro
Karnataka,5.6,Honda,Dio,385966.0,2018,969.0,Petrol,59.7,Second,2021.0,Not Available,Individual,202627.73,Tier 3
Uttar Pradesh,37.45,Honda,Shine,51577.0,2022,296.0,Petrol,25.36,Second,2024.0,Not Available,Dealer,28080.53,Metro
Maharashtra,32.35,Ktm,125 Duke,58674.0,2022,966.0,Petrol,26.23,Second,2022.0,Not Available,Individual,38829.85,Tier 2
West Bengal,45.59,Tvs,Apache Rtr 160,175011.0,2022,649.0,Petrol,56.81,First,2022.0,Expired,Dealer,78900.55,Tier 1
West Bengal,62.6,Hero,Splendor Plus,282018.0,2021,844.0,Hybrid,69.29,Second,2023.0,Not Available,Individual,199461.88,Tier 3
Delhi,16.2,Honda,Shine,156564.0,2024,811.0,Hybrid,67.42,Third,2024.0,Not Available,Individual,66431.67,Tier 2
Rajasthan,32.37,Yamaha,Fz V3,357741.0,2021,297.0,Petrol,38.05,Second,2021.0,Expired,Dealer,207378.89,Tier 1
West Bengal,66.25,Honda,Activa,194859.0,2023,595.0,Petrol,47.7,Third,2023.0,Active,Dealer,149127.63,Tier 1
West Bengal,40.48,Bajaj,Ct 100,363663.0,2015,902.0,Electric,95.08,Second,2023.0,Active,Dealer,181765.36,Metro
Tamil Nadu,46.14,Tvs,Jupiter,147730.0,2021,894.0,Hybrid,69.95,Second,2021.0,Expired,Individual,70198.01,Tier 1
Punjab,-5.0,Ktm,250 Duke,147314.0,2018,782.0,Electric,87.97,Second,2021.0,Not Available,Individual,87671.54,Tier 3
Gujarat,44.14,Kawasaki,Ninja 400,53535.0,2018,989.0,Petrol,36.58,Second,2021.0,Active,Individual,25076.68,Tier 2
Karnataka,33.54,Royal Enfield,Meteor 350,131719.0,2021,243.0,Electric,94.52,Second,2021.0,Not Available,Individual,66650.07,Metro
Gujarat,54.24,Royal Enfield,Hunter 350,383341.0,2021,899.0,Hybrid,83.79,Second,2021.0,Active,Dealer,286230.17,Tier 1
Delhi,58.51,Tvs,Ronin,230856.0,2020,744.0,Hybrid,65.76,Second,2023.0,Not Available,Individual,166105.17,Tier 2
Maharashtra,21.26,Ktm,250 Duke,185572.0,2023,900.0,Hybrid,88.28,First,2023.0,Active,Dealer,77924.19,Tier 1
Karnataka,55.98,Royal Enfield,Interceptor 650,143805.0,2019,708.0,Hybrid,80.92,Second,2022.0,Active,Dealer,95956.87,Metro
Karnataka,26.87,Kawasaki,Ninja 400,225271.0,2024,560.0,Hybrid,77.97,Second,2024.0,Expired,Individual,116731.75,Metro
Rajasthan,49.38,Honda,Shine,113330.0,2022,351.0,Hybrid,97.33,Second,2024.0,Expired,Individual,55096.63,Tier 3
Uttar Pradesh,14.11,Hero,Glamour,55331.0,2021,776.0,Petrol,45.56,Second,2023.0,Active,Dealer,33064.88,Metro
Maharashtra,62.32,Hero,Hf Deluxe,260420.0,2023,770.0,Electric,60.26,First,2023.0,Not Available,Individual,111257.22,Tier 3
Delhi,67.87,Honda,Shine,190520.0,2017,794.0,Petrol,70.2,Second,2021.0,Expired,Individual,103159.24,Tier 1
Karnataka,7.17,Kawasaki,Z650,342962.0,2015,458.0,Petrol,40.82,Second,2022.0,Expired,Individual,163948.43,Tier 1
Maharashtra,47.65,Yamaha,R15 V4,346338.0,2021,650.0,Electric,88.78,First,2021.0,Active,Dealer,210190.24,Tier 3
Delhi,42.74,Ktm,Rc 390,386866.0,2016,433.0,Hybrid,96.9,Second,2022.0,Expired,Dealer,224483.94,Metro
Uttar Pradesh,12.69,Hero,Splendor Plus,244864.0,2024,804.0,Hybrid,98.33,Second,2024.0,Expired,Dealer,150882.71,Metro
Madhya Pradesh,17.34,Tvs,Ntorq 125,254188.0,2017,624.0,Hybrid,63.28,Second,2024.0,Expired,Individual,122156.0,Tier 2
Punjab,37.21,Royal Enfield,Interceptor 650,158732.0,2021,786.0,Hybrid,98.06,First,2021.0,Expired,Individual,103884.95,Tier 3
Maharashtra,38.68,Tvs,Jupiter,58579.0,2023,300.0,Hybrid,93.48,Second,2023.0,Active,Dealer,40258.29,Tier 1
Punjab,49.3,Bajaj,Platina 110,324763.0,2023,679.0,Petrol,46.37,Third,2023.0,Active,Dealer,255084.07,Tier 1
Madhya Pradesh,6.32,Tvs,Apache Rtr 160,162140.0,2023,437.0,Electric,70.2,Third,2024.0,Expired,Individual,86200.43,Tier 3
Madhya Pradesh,29.2,Bajaj,Dominar 400,214695.0,2022,400.0,Hybrid,65.63,Second,2022.0,Expired,Dealer,164539.91,Tier 2
West Bengal,71.96,Ktm,390 Adventure,217030.0,2022,608.0,Electric,80.57,First,2022.0,Not Available,Individual,89569.64,Tier 3
Tamil Nadu,66.29,Hero,Xtreme 160R,119748.0,2018,297.0,Electric,99.43,Third,2021.0,Expired,Individual,75200.4,Tier 3
Rajasthan,60.08,Royal Enfield,Hunter 350,62192.0,2018,632.0,Electric,97.54,Second,2021.0,Active,Individual,38429.1,Tier 1
Delhi,76.65,Yamaha,R15 V4,67805.0,2019,105.0,Electric,69.57,Second,2021.0,Not Available,Dealer,35346.13,Metro
West Bengal,49.34,Tvs,Apache Rtr 160,276059.0,2024,541.0,Petrol,34.73,Second,2024.0,Active,Individual,216214.44,Tier 2
West Bengal,39.74,Tvs,Ntorq 125,387348.0,2021,235.0,Hybrid,96.65,First,2021.0,Not Available,Individual,194453.4,Tier 3
West Bengal,47.44,Royal Enfield,Hunter 350,225506.0,2024,210.0,Electric,74.55,Second,2024.0,Expired,Individual,122255.24,Metro
Karnataka,41.86,Bajaj,Dominar 400,398939.0,2023,993.0,Electric,63.81,Second,2024.0,Expired,Individual,181272.53,Tier 3
Tamil Nadu,13.62,Tvs,Sport,365636.0,2015,214.0,Hybrid,96.96,Second,2021.0,Not Available,Dealer,249866.3,Metro
Madhya Pradesh,11.0,Tvs,Jupiter,357760.0,2023,628.0,Hybrid,62.47,First,2023.0,Expired,Dealer,245376.29,Metro
Uttar Pradesh,11.64,Hero,Splendor Plus,192226.0,2023,184.0,Petrol,70.2,Second,2024.0,Not Available,Individual,143342.39,Tier 3
Madhya Pradesh,42.74,Honda,Dio,363996.0,2017,794.0,Electric,64.71,Second,2023.0,Not Available,Individual,271272.55,Metro
Punjab,66.75,Tvs,Jupiter,389683.0,2021,321.0,Hybrid,66.22,First,2021.0,Expired,Individual,190173.80018575344,Tier 2
Punjab,11.66,Hero,Passion Pro,236166.0,2023,164.0,Petrol,29.51,Second,2024.0,Active,Dealer,164926.07,Tier 3
Rajasthan,5.48,Kawasaki,Ninja 300,197257.0,2024,826.0,Electric,64.32,Second,2024.0,Expired,Dealer,99119.68,Metro
Punjab,6.05,Yamaha,Mt-15,301884.0,2023,457.0,Hybrid,88.2,Second,2023.0,Expired,Individual,149397.73,Tier 1
Madhya Pradesh,77.55,Kawasaki,Vulcan S,394293.0,2022,896.0,Hybrid,78.88,Second,2022.0,Expired,Individual,267875.6,Tier 2
Karnataka,42.995,Kawasaki,Z650,355543.0,2022,856.0,Electric,68.87,First,2022.0,Not Available,Dealer,202032.69,Tier 1
Punjab,43.04,Bajaj,Dominar 400,369351.0,2021,533.0,Petrol,35.97,Second,2023.0,Not Available,Individual,245782.38,Tier 1
Karnataka,29.81,Tvs,Ntorq 125,289274.0,2021,210.0,Petrol,40.24,Third,2024.0,Active,Dealer,155066.08,Metro
Rajasthan,9.82,Tvs,Apache Rtr 160,247937.0,2023,792.0,Electric,72.36,Second,2024.0,Active,Dealer,108737.6,Metro
Tamil Nadu,41.24,Honda,Dio,270481.0,2022,896.0,Petrol,43.82,Second,2022.0,Expired,Individual,146011.02,Tier 3
Tamil Nadu,69.84,Honda,Unicorn,347769.0,2024,820.0,Electric,87.92,Second,2024.0,Expired,Dealer,163620.12,Metro
Maharashtra,48.14,Ktm,250 Duke,304941.0,2023,1000.0,Hybrid,75.31,Second,2023.0,Expired,Dealer,133472.89,Tier 2
Delhi,19.06,Tvs,Jupiter,229448.0,2020,651.0,Hybrid,76.48,Second,2022.0,Expired,Dealer,143903.49,Tier 2
Uttar Pradesh,24.69,Royal Enfield,Interceptor 650,227451.0,2024,842.0,Hybrid,77.95,Second,2024.0,Not Available,Individual,154914.72,Metro
Delhi,17.42,Royal Enfield,Meteor 350,272510.0,2021,988.0,Electric,62.67,Second,2023.0,Active,Dealer,212257.74,Tier 3
Punjab,6.05,Royal Enfield,Classic 350,285199.0,2020,301.0,Electric,97.57,Second,2023.0,Active,Individual,115264.68,Tier 3
Gujarat,57.22,Royal Enfield,Hunter 350,52874.0,2024,658.0,Petrol,38.71,Second,2024.0,Not Available,Individual,39180.69,Tier 3
Maharashtra,69.94,Kawasaki,Versys 650,227378.0,2019,963.0,Electric,65.74,Third,2023.0,Active,Individual,157371.56,Tier 2
Rajasthan,9.89,Hero,Passion Pro,379176.0,2015,498.0,Hybrid,67.56,Second,2022.0,Active,Dealer,165354.59,Tier 1
Delhi,18.01,Royal Enfield,Classic 350,135671.0,2020,526.0,Hybrid,79.21,Second,2024.0,Not Available,Dealer,88105.68,Tier 1
Tamil Nadu,35.52,Hero,Xtreme 160R,140114.0,2017,601.0,Petrol,26.19,Second,2021.0,Active,Dealer,65601.49,Tier 3
Maharashtra,23.01,Bajaj,Platina 110,237466.0,2020,263.0,Hybrid,77.22,Third,2021.0,Expired,Individual,177712.92,Metro
West Bengal,32.42,Kawasaki,Ninja 400,277976.0,2024,239.0,Petrol,30.46,Second,2024.0,Not Available,Individual,164139.01,Metro
Karnataka,9.81,Hero,Passion Pro,315009.0,2024,850.0,Hybrid,61.1,First,2024.0,Not Available,Dealer,210652.97,Metro
Gujarat,42.83,Hero,Glamour,236089.0,2024,437.0,Petrol,49.3,First,2024.0,Not Available,Individual,182821.26,Metro
Madhya Pradesh,76.62,Royal Enfield,Classic 350,218532.0,2022,397.0,Hybrid,81.42,Second,2022.0,Expired,Dealer,161564.31,Tier 3
Gujarat,35.98,Kawasaki,Vulcan S,65856.0,2024,530.0,Electric,64.71,Second,2024.0,Expired,Dealer,50178.13,Tier 1
Tamil Nadu,62.16,Tvs,Ronin,253811.0,2024,962.0,Electric,64.56,Second,2024.0,Not Available,Dealer,132110.26,Tier 3
Punjab,56.48,Royal Enfield,Classic 350,378399.0,2018,516.0,Hybrid,84.37,Second,2023.0,Active,Individual,295754.39,Tier 3
Maharashtra,40.38,Ktm,125 Duke,151843.0,2021,663.0,Electric,61.53,Third,2022.0,Not Available,Individual,85688.31,Metro
Maharashtra,62.48,Tvs,Ronin,147474.0,2023,755.0,Electric,78.21,Second,2024.0,Active,Individual,105865.07,Tier 2
Tamil Nadu,28.17,Kawasaki,Vulcan S,214371.0,2023,500.0,Electric,95.52,Second,2024.0,Active,Individual,87261.72,Tier 3
Maharashtra,29.25,Ktm,390 Adventure,300253.0,2021,391.0,Hybrid,82.04,First,2021.0,Active,Individual,127477.35,Tier 2
West Bengal,29.28,Yamaha,Fascino 125,186354.0,2018,576.0,Hybrid,86.41,Second,2021.0,Not Available,Individual,100155.19,Tier 1
Gujarat,16.57,Bajaj,Platina 110,346101.0,2021,103.0,Hybrid,84.5,Second,2023.0,Active,Dealer,220036.7,Tier 1
Gujarat,57.9,Kawasaki,Z650,233763.0,2023,490.0,Electric,65.1,Second,2024.0,Expired,Dealer,183037.91,Tier 3
Gujarat,40.57,Tvs,Ronin,336810.0,2022,771.0,Hybrid,94.1,Second,2022.0,Not Available,Individual,133472.89,Tier 2
West Bengal,71.64,Hero,Glamour,208478.0,2016,790.0,Hybrid,88.34,Second,2022.0,Not Available,Individual,125221.68,Metro
Uttar Pradesh,19.37,Yamaha,Fz V3,328663.0,2020,905.0,Hybrid,79.83,Second,2021.0,Expired,Individual,205358.14,Metro
Delhi,6.11,Royal Enfield,Classic 350,160300.0,2024,878.0,Electric,85.99,Second,2024.0,Active,Dealer,96547.34,Tier 1
Maharashtra,14.6,Ktm,390 Adventure,349927.0,2021,288.0,Hybrid,90.97,Second,2022.0,Active,Individual,272141.95,Tier 2
Madhya Pradesh,60.79,Kawasaki,Ninja 400,168465.0,2022,424.0,Petrol,51.06,Second,2023.0,Active,Dealer,133472.89,Tier 2
Punjab,75.49,Kawasaki,Vulcan S,257796.0,2021,102.0,Electric,75.64,Second,2021.0,Expired,Dealer,133472.89,Tier 1
Uttar Pradesh,61.72,Tvs,Ntorq 125,338595.0,2023,985.0,Hybrid,78.76,First,2023.0,Expired,Dealer,256888.1,Tier 2
Karnataka,16.78,Yamaha,Mt-15,278754.0,2023,684.0,Electric,96.12,Second,2023.0,Not Available,Dealer,169646.47,Metro
Gujarat,64.59,Ktm,250 Duke,327767.0,2017,950.0,Petrol,41.51,Second,2021.0,Expired,Individual,232487.38,Tier 3
Delhi,31.38,Honda,Shine,69958.0,2015,230.0,Petrol,36.9,Third,2022.0,Not Available,Dealer,38953.47,Tier 1
Punjab,56.12,Yamaha,Fz V3,129077.0,2020,653.0,Hybrid,74.99,Second,2024.0,Active,Individual,74931.72,Tier 1
Madhya Pradesh,65.04,Honda,Dio,143967.0,2021,348.0,Petrol,70.2,Third,2024.0,Not Available,Dealer,108572.62,Tier 2
Rajasthan,36.36,Tvs,Sport,79721.0,2022,479.0,Petrol,52.24,Third,2024.0,Expired,Dealer,32843.99,Metro
Rajasthan,30.48,Yamaha,Fz V3,192503.0,2024,174.0,Electric,84.12,First,2024.0,Active,Individual,119614.15,Tier 3
Rajasthan,8.96,Yamaha,Fz V3,337542.0,2022,324.0,Electric,99.38,Third,2022.0,Active,Dealer,149426.1,Tier 1
Tamil Nadu,52.43,Hero,Splendor Plus,163967.0,2021,137.0,Hybrid,73.82,Second,2021.0,Active,Dealer,100551.18,Tier 1
West Bengal,17.74,Kawasaki,Vulcan S,241161.0,2021,382.0,Petrol,43.61,Second,2023.0,Expired,Dealer,152037.02,Tier 3
Tamil Nadu,10.47,Ktm,125 Duke,210260.0,2021,796.0,Petrol,46.6,First,2021.0,Expired,Individual,164949.88,Tier 1
Maharashtra,49.59,Bajaj,Ct 100,359641.0,2015,953.0,Petrol,35.94,Second,2021.0,Not Available,Dealer,176119.75,Tier 1
Tamil Nadu,23.05,Kawasaki,Ninja 300,313332.0,2022,630.0,Hybrid,87.78,Second,2022.0,Not Available,Dealer,213977.88,Tier 1
Delhi,31.49,Hero,Glamour,349664.0,2019,547.0,Hybrid,66.38,Second,2022.0,Expired,Individual,174859.82,Metro
Uttar Pradesh,59.88,Ktm,Duke 200,82535.0,2021,187.0,Electric,93.88,Second,2021.0,Expired,Individual,34055.04,Tier 3
Rajasthan,24.1,Tvs,Sport,187400.0,2021,768.0,Electric,63.03,First,2021.0,Not Available,Individual,137278.39,Tier 1
Tamil Nadu,5.72,Kawasaki,Ninja 400,387258.0,2023,498.0,Petrol,44.19,Second,2024.0,Active,Dealer,176066.02,Tier 3
Tamil Nadu,-5.0,Yamaha,Mt-15,250636.0,2022,968.0,Petrol,32.2,Second,2022.0,Expired,Dealer,170007.72,Tier 2
Tamil Nadu,18.12,Yamaha,R15 V4,367986.0,2020,248.0,Electric,83.93,Second,2021.0,Active,Dealer,273519.68,Tier 2
Uttar Pradesh,79.37,Bajaj,Dominar 400,211877.0,2022,294.0,Petrol,57.62,Second,2022.0,Not Available,Individual,106418.75,Tier 2
Rajasthan,22.17,Ktm,Duke 200,282460.0,2021,390.0,Hybrid,61.88,Third,2022.0,Active,Individual,132649.52,Tier 2
Tamil Nadu,67.2,Kawasaki,Ninja 300,191886.0,2023,236.0,Petrol,25.19,Second,2023.0,Not Available,Dealer,84463.87,Tier 1
Gujarat,48.7,Kawasaki,Vulcan S,338828.0,2021,852.0,Electric,93.65,First,2021.0,Active,Individual,268727.16,Metro
Tamil Nadu,30.88,Tvs,Ntorq 125,320084.0,2016,818.0,Petrol,30.83,Second,2023.0,Expired,Individual,236901.87,Tier 2
Punjab,67.45,Tvs,Sport,309842.0,2022,326.0,Petrol,30.09,Second,2023.0,Active,Individual,181446.79,Tier 3
Tamil Nadu,78.61,Tvs,Sport,378939.0,2022,761.0,Petrol,42.21,Second,2023.0,Not Available,Individual,244964.09,Tier 3
Tamil Nadu,8.44,Royal Enfield,Hunter 350,207174.0,2018,995.0,Electric,81.87,Second,2023.0,Expired,Dealer,137986.06,Metro
West Bengal,18.91,Honda,Shine,368606.0,2021,946.0,Hybrid,95.61,Second,2024.0,Active,Individual,224873.75,Tier 2
Tamil Nadu,48.28,Yamaha,Fascino 125,247561.0,2018,625.0,Electric,75.06,Second,2022.0,Not Available,Dealer,133472.89,Metro
Maharashtra,73.9,Honda,Dio,225031.0,2018,231.0,Hybrid,68.96,Third,2023.0,Not Available,Dealer,145761.48,Tier 2
Punjab,59.43,Kawasaki,Ninja 400,227119.0,2020,314.0,Electric,64.58,Second,2024.0,Active,Individual,127194.91,Metro
Punjab,36.46,Tvs,Sport,389862.0,2024,441.0,Hybrid,73.29,Second,2024.0,Not Available,Individual,225884.76,Tier 2
Punjab,71.75,Yamaha,R15 V4,137436.0,2024,526.0,Hybrid,89.3,Second,2024.0,Expired,Dealer,67194.51,Tier 2
Madhya Pradesh,36.98,Hero,Passion Pro,86110.0,2024,451.0,Hybrid,87.38,Second,2024.0,Expired,Individual,48614.72,Metro
Uttar Pradesh,38.45,Hero,Splendor Plus,244937.0,2020,366.0,Hybrid,70.2,Second,2022.0,Expired,Dealer,131183.11,Tier 3
Delhi,30.88,Yamaha,R15 V4,150889.0,2019,505.0,Petrol,37.44,Second,2023.0,Expired,Individual,102931.19,Metro
West Bengal,56.6,Honda,Unicorn,52697.0,2017,932.0,Hybrid,96.93,Second,2024.0,Expired,Dealer,41040.35,Metro
Delhi,11.06,Yamaha,Mt-15,323337.0,2017,150.0,Petrol,70.2,Second,2021.0,Not Available,Individual,216565.17,Tier 1
Delhi,8.95,Hero,Hf Deluxe,299609.0,2019,430.0,Electric,95.96,Second,2022.0,Expired,Individual,218088.19,Tier 3
Tamil Nadu,51.89,Honda,Activa,222032.0,2021,199.0,Petrol,59.92,Second,2021.0,Active,Dealer,123082.66,Tier 1
Maharashtra,66.36,Kawasaki,Vulcan S,265748.0,2020,864.0,Electric,75.72,Second,2021.0,Active,Individual,198752.51,Tier 1
Uttar Pradesh,13.15,Kawasaki,Ninja 300,85992.0,2024,182.0,Electric,64.26,Second,2024.0,Expired,Dealer,45874.55,Metro
Madhya Pradesh,13.99,Royal Enfield,Himalayan,242802.0,2019,962.0,Hybrid,87.62,Second,2024.0,Active,Dealer,104779.0,Tier 1
Tamil Nadu,31.82,Honda,Shine,101301.0,2015,846.0,Electric,82.88,Second,2021.0,Not Available,Dealer,72183.44,Tier 2
West Bengal,14.82,Kawasaki,Versys 650,258690.0,2022,169.0,Electric,68.63,Third,2024.0,Not Available,Individual,124786.75,Metro
Karnataka,63.19,Honda,Unicorn,211407.0,2022,793.0,Electric,99.94,First,2022.0,Expired,Individual,128795.98,Metro
Maharashtra,42.995,Hero,Xtreme 160R,213536.0,2019,874.0,Electric,89.09,Third,2022.0,Not Available,Dealer,92146.55,Tier 1
Madhya Pradesh,24.47,Honda,Shine,135066.0,2022,685.0,Petrol,29.93,Second,2022.0,Not Available,Dealer,79591.57,Tier 3
Tamil Nadu,39.89,Royal Enfield,Meteor 350,70075.0,2016,500.0,Petrol,52.99,Third,2024.0,Expired,Dealer,46896.66,Tier 3
Gujarat,16.85,Yamaha,R15 V4,250869.0,2019,357.0,Petrol,36.66,Third,2021.0,Expired,Dealer,126018.36,Metro
Karnataka,49.38,Ktm,125 Duke,253100.0,2021,957.0,Hybrid,95.16,Second,2022.0,Active,Individual,136390.28,Tier 2
Madhya Pradesh,46.75,Honda,Shine,86697.0,2023,243.0,Electric,62.54,Second,2024.0,Expired,Individual,51536.56,Tier 1
Maharashtra,10.61,Honda,Unicorn,369640.0,2023,324.0,Electric,76.25,Second,2024.0,Expired,Dealer,288612.75,Tier 1
Tamil Nadu,64.93,Ktm,Duke 200,371783.0,2023,170.0,Electric,92.09,Second,2024.0,Expired,Individual,210454.75,Tier 3
Karnataka,27.87,Honda,Shine,72091.0,2024,917.0,Petrol,59.69,Second,2024.0,Not Available,Individual,56329.93,Tier 1
Punjab,62.91,Royal Enfield,Interceptor 650,352207.0,2024,976.0,Petrol,47.36,Second,2024.0,Expired,Individual,191102.25,Tier 2
Tamil Nadu,48.12,Tvs,Jupiter,388780.0,2023,634.0,Petrol,36.24,Second,2023.0,Expired,Dealer,230793.46,Metro
Rajasthan,28.84,Kawasaki,Ninja 400,63026.0,2022,590.0,Petrol,57.14,Second,2022.0,Not Available,Dealer,44757.45,Tier 1
Punjab,9.17,Royal Enfield,Himalayan,244147.0,2021,244.0,Hybrid,83.19,Second,2024.0,Not Available,Individual,166814.00035845826,Tier 1
Karnataka,41.68,Kawasaki,Z650,392547.0,2023,708.0,Electric,76.63,Third,2024.0,Expired,Dealer,186770.06,Metro
Maharashtra,11.14,Kawasaki,Vulcan S,164900.0,2021,419.0,Electric,92.13,Second,2024.0,Not Available,Individual,67512.06,Tier 2
Tamil Nadu,31.97,Kawasaki,Ninja 300,129983.0,2022,477.0,Electric,67.52,Second,2022.0,Not Available,Dealer,79108.84,Tier 1
West Bengal,33.54,Tvs,Ntorq 125,188250.0,2024,519.0,Electric,60.66,Second,2024.0,Not Available,Individual,77958.01,Tier 3
Karnataka,-5.0,Royal Enfield,Hunter 350,245341.0,2017,710.0,Petrol,35.57,Third,2022.0,Not Available,Individual,119357.08,Tier 1
Rajasthan,39.12,Bajaj,Ct 100,170883.0,2020,342.0,Hybrid,68.79,Second,2024.0,Not Available,Individual,133472.89,Tier 1
Gujarat,68.82,Honda,Shine,180339.0,2021,735.0,Electric,82.38,First,2021.0,Active,Individual,89567.14,Tier 1
Madhya Pradesh,57.96,Bajaj,Avenger 220,185667.0,2022,610.0,Electric,95.26,First,2022.0,Not Available,Dealer,93980.31,Metro
Delhi,73.84,Honda,Cbr 650R,314921.0,2021,852.0,Petrol,53.08,First,2021.0,Not Available,Dealer,211239.99,Tier 3
Tamil Nadu,52.34,Bajaj,Avenger 220,77645.0,2023,295.0,Petrol,31.59,Third,2024.0,Active,Individual,33017.24,Metro
Maharashtra,54.46,Bajaj,Pulsar 150,125458.0,2017,911.0,Petrol,53.75,Second,2023.0,Not Available,Dealer,93722.09,Tier 3
Gujarat,5.03,Kawasaki,Z650,100896.0,2021,179.0,Electric,70.2,Second,2023.0,Expired,Dealer,55471.59,Metro
Rajasthan,8.77,Bajaj,Avenger 220,263855.0,2024,120.0,Petrol,37.13,Second,2024.0,Not Available,Individual,200891.8,Metro
Gujarat,39.54,Yamaha,Fascino 125,321265.0,2020,280.0,Hybrid,61.13,Second,2022.0,Not Available,Dealer,219495.89,Tier 3
West Bengal,25.73,Honda,Activa,393048.0,2021,628.0,Hybrid,83.38,Second,2023.0,Expired,Dealer,301778.04345001845,Tier 3
Punjab,37.0,Ktm,Duke 200,376474.0,2023,618.0,Petrol,49.4,First,2023.0,Expired,Individual,170716.24,Tier 2
Gujarat,53.87,Hero,Xtreme 160R,201019.0,2024,949.0,Hybrid,89.38,Second,2024.0,Not Available,Dealer,119320.18,Tier 3
Maharashtra,7.9,Ktm,390 Adventure,272350.0,2022,252.0,Electric,85.85,Third,2024.0,Expired,Dealer,181409.72,Tier 2
Maharashtra,31.37,Hero,Hf Deluxe,93792.0,2022,121.0,Petrol,45.01,Second,2022.0,Not Available,Dealer,59640.8,Metro
Punjab,76.81,Bajaj,Platina 110,100810.0,2020,430.0,Electric,77.36,Second,2022.0,Not Available,Individual,49865.07,Metro
Madhya Pradesh,17.44,Honda,Shine,221497.0,2017,817.0,Hybrid,78.49,Second,2023.0,Expired,Individual,140511.95,Metro
Punjab,33.83,Tvs,Apache Rtr 160,62790.0,2019,173.0,Hybrid,94.36,Second,2023.0,Not Available,Individual,46532.78,Tier 2
Karnataka,65.73,Royal Enfield,Interceptor 650,318233.0,2021,609.0,Hybrid,84.51,Second,2023.0,Not Available,Individual,234583.16,Tier 3
Uttar Pradesh,30.37,Kawasaki,Vulcan S,221245.0,2021,522.0,Electric,68.27,Third,2024.0,Active,Dealer,172375.86,Tier 2
Punjab,34.59,Ktm,Duke 200,333057.0,2021,381.0,Electric,70.15,Third,2024.0,Active,Dealer,160131.3,Tier 1
Maharashtra,20.74,Kawasaki,Versys 650,141325.0,2022,246.0,Petrol,56.05,Second,2022.0,Expired,Dealer,133472.89,Metro
Gujarat,56.53,Ktm,Duke 200,64139.0,2020,706.0,Hybrid,88.78,Third,2021.0,Expired,Dealer,30071.84,Tier 3
Rajasthan,21.69,Yamaha,Ray Zr,359217.0,2021,448.0,Petrol,33.03,Second,2022.0,Expired,Dealer,282505.91,Tier 2
Maharashtra,19.58,Tvs,Ntorq 125,249041.0,2021,540.0,Electric,66.93,Second,2024.0,Expired,Individual,180182.52,Tier 1
Tamil Nadu,59.42,Royal Enfield,Interceptor 650,302141.0,2021,216.0,Hybrid,64.06,Second,2021.0,Active,Individual,220116.69,Tier 3
Uttar Pradesh,74.46,Honda,Cbr 650R,360430.0,2021,852.0,Electric,71.74,Second,2022.0,Active,Dealer,216419.04,Tier 2
Karnataka,28.64,Bajaj,Avenger 220,368428.0,2023,457.0,Hybrid,91.63,Second,2023.0,Not Available,Dealer,264823.37,Tier 3
West Bengal,25.15,Yamaha,R15 V4,90238.0,2020,905.0,Petrol,49.22,Second,2021.0,Not Available,Dealer,36958.1,Tier 1
Rajasthan,43.37,Kawasaki,Ninja 300,85899.0,2024,337.0,Hybrid,77.37,First,2024.0,Active,Dealer,48756.71,Tier 1
Maharashtra,53.47,Tvs,Jupiter,342285.0,2016,221.0,Petrol,42.98,Second,2024.0,Active,Dealer,265643.71,Metro
Uttar Pradesh,79.99,Kawasaki,Ninja 400,390684.0,2020,529.0,Hybrid,69.0,Second,2021.0,Expired,Dealer,230644.65,Tier 2
Gujarat,32.67,Ktm,250 Duke,72006.0,2022,776.0,Electric,81.74,Second,2022.0,Not Available,Individual,55000.87,Metro
Madhya Pradesh,55.64,Tvs,Ntorq 125,132777.0,2016,335.0,Petrol,56.2,Second,2022.0,Not Available,Dealer,71767.9,Tier 1
Tamil Nadu,5.44,Honda,Activa,245736.0,2021,117.0,Hybrid,67.65,Second,2022.0,Active,Individual,175411.26,Metro
Punjab,65.03,Hero,Xtreme 160R,237826.0,2015,123.0,Hybrid,77.62,Third,2023.0,Not Available,Dealer,183312.8,Metro
Karnataka,24.48,Bajaj,Pulsar 150,305662.0,2021,190.0,Hybrid,64.21,Second,2021.0,Not Available,Dealer,228436.49,Metro
Karnataka,54.01,Royal Enfield,Classic 350,94658.0,2024,956.0,Electric,88.21,Second,2024.0,Expired,Dealer,59439.74,Tier 2
Madhya Pradesh,57.92,Bajaj,Ct 100,175588.0,2024,960.0,Electric,64.6,First,2024.0,Not Available,Individual,133931.85,Metro
Karnataka,60.49,Ktm,390 Adventure,357418.0,2018,567.0,Hybrid,98.59,Second,2021.0,Active,Dealer,225022.35,Tier 1
West Bengal,62.77,Hero,Hf Deluxe,337169.0,2023,776.0,Hybrid,78.55,Second,2023.0,Not Available,Individual,220600.91,Tier 3
Tamil Nadu,69.03,Ktm,390 Adventure,143564.0,2023,749.0,Electric,72.77,Second,2024.0,Active,Individual,92210.2,Tier 3
West Bengal,42.83,Honda,Unicorn,237306.0,2023,247.0,Electric,99.58,Second,2024.0,Expired,Individual,97759.17,Metro
West Bengal,21.7,Hero,Splendor Plus,219933.0,2017,166.0,Hybrid,60.13,Third,2022.0,Expired,Individual,100871.7,Tier 1
Tamil Nadu,61.12,Kawasaki,Versys 650,306105.0,2022,222.0,Hybrid,63.56,Second,2022.0,Active,Individual,136651.47,Metro
Madhya Pradesh,42.87,Yamaha,Mt-15,155016.0,2020,336.0,Petrol,33.13,Second,2021.0,Expired,Dealer,71379.42,Tier 3
Tamil Nadu,60.37,Yamaha,Fz V3,111987.0,2023,980.0,Hybrid,67.31,Second,2023.0,Not Available,Dealer,84805.62,Metro
Gujarat,28.4,Royal Enfield,Hunter 350,79840.0,2023,594.0,Hybrid,98.56,First,2023.0,Expired,Individual,133472.89,Tier 3
Uttar Pradesh,71.77,Kawasaki,Vulcan S,258339.0,2022,767.0,Electric,78.68,Second,2023.0,Active,Dealer,139198.28,Metro
Gujarat,66.49,Yamaha,Fascino 125,387487.0,2015,901.0,Hybrid,71.43,Third,2023.0,Not Available,Individual,275274.81,Tier 3
Uttar Pradesh,25.06,Kawasaki,Ninja 300,207479.0,2018,693.0,Petrol,28.18,Second,2023.0,Active,Individual,129077.01,Tier 2
Punjab,29.91,Tvs,Jupiter,168983.0,2017,856.0,Electric,86.76,Second,2021.0,Active,Individual,128016.71,Tier 3
Punjab,37.85,Royal Enfield,Himalayan,205725.0,2019,696.0,Electric,95.54,Second,2023.0,Expired,Dealer,146454.61,Tier 3
West Bengal,68.7,Kawasaki,Ninja 400,189079.0,2019,435.0,Electric,66.98,Second,2023.0,Active,Individual,140194.71,Tier 2
Delhi,6.88,Yamaha,Fz V3,341294.0,2023,826.0,Hybrid,74.33,Second,2024.0,Expired,Dealer,192021.62,Tier 2
Madhya Pradesh,66.74,Ktm,Duke 200,61295.0,2019,244.0,Petrol,30.58,Second,2024.0,Not Available,Dealer,40425.35,Tier 1
Punjab,57.16,Honda,Unicorn,171599.0,2023,560.0,Electric,89.07,First,2023.0,Expired,Dealer,88765.6,Tier 1
Maharashtra,32.6,Yamaha,R15 V4,262953.0,2022,376.0,Hybrid,78.58,Second,2022.0,Expired,Individual,190638.07,Tier 2
Punjab,51.28,Ktm,390 Adventure,137213.0,2024,678.0,Hybrid,60.77,Second,2024.0,Active,Dealer,84678.7,Tier 1
West Bengal,10.37,Hero,Splendor Plus,199985.0,2024,640.0,Electric,87.68,Second,2024.0,Active,Individual,148394.02,Tier 3
Tamil Nadu,12.29,Ktm,125 Duke,51820.0,2021,448.0,Petrol,29.09,Second,2023.0,Not Available,Dealer,26495.43,Tier 1
Delhi,22.02,Tvs,Jupiter,97429.0,2022,761.0,Hybrid,63.74,First,2022.0,Expired,Individual,46850.88,Tier 3
Karnataka,12.9,Yamaha,Mt-15,254980.0,2024,435.0,Petrol,48.64,Second,2024.0,Active,Dealer,133472.89,Tier 2
Rajasthan,58.62,Honda,Unicorn,399730.0,2023,488.0,Hybrid,66.11,Second,2023.0,Not Available,Dealer,231471.38,Tier 3
West Bengal,48.46,Tvs,Jupiter,304984.0,2023,694.0,Hybrid,70.2,Second,2023.0,Not Available,Dealer,136765.86,Tier 1
Tamil Nadu,55.64,Royal Enfield,Hunter 350,108361.0,2018,861.0,Petrol,41.56,Second,2024.0,Not Available,Individual,62239.94,Tier 1
Delhi,49.58,Hero,Passion Pro,171878.0,2024,981.0,Hybrid,90.6,Second,2024.0,Not Available,Dealer,80360.8,Tier 1
Punjab,62.72,Ktm,125 Duke,269208.0,2021,525.0,Hybrid,74.98,Second,2021.0,Not Available,Individual,129382.68,Tier 2
Uttar Pradesh,79.03,Royal Enfield,Meteor 350,324155.0,2017,388.0,Hybrid,86.42,Third,2024.0,Active,Individual,211946.73,Tier 2
Punjab,10.34,Ktm,Rc 390,308542.0,2017,956.0,Hybrid,69.09,Second,2023.0,Expired,Dealer,194966.08,Metro
West Bengal,62.54,Bajaj,Dominar 400,180575.0,2022,275.0,Petrol,56.64,Second,2023.0,Expired,Individual,79788.94,Metro
Maharashtra,14.0,Royal Enfield,Interceptor 650,377856.0,2024,550.0,Hybrid,87.92,Second,2024.0,Expired,Individual,215757.06,Tier 1
Gujarat,41.34,Bajaj,Dominar 400,334036.0,2021,519.0,Petrol,38.62,Second,2024.0,Not Available,Dealer,229831.41,Metro
Rajasthan,63.91,Honda,Activa,101145.0,2022,451.0,Electric,84.27,Second,2022.0,Expired,Individual,80753.17,Tier 2
Karnataka,37.2,Tvs,Ronin,114764.0,2020,582.0,Electric,66.43,Second,2021.0,Active,Dealer,76427.63,Metro
Punjab,62.5,Ktm,Duke 200,360490.0,2015,295.0,Petrol,44.17,Second,2024.0,Expired,Individual,270405.78,Tier 1
West Bengal,29.15,Hero,Passion Pro,61873.0,2021,549.0,Petrol,31.97,Second,2024.0,Expired,Dealer,33822.11,Metro
Gujarat,64.38,Tvs,Jupiter,169146.0,2016,286.0,Hybrid,65.66,Second,2021.0,Expired,Dealer,133472.89,Tier 3
Punjab,58.58,Bajaj,Platina 110,283985.0,2022,320.0,Electric,62.48,Second,2023.0,Active,Individual,139198.14,Tier 3
Karnataka,60.16,Kawasaki,Ninja 400,136328.0,2022,858.0,Petrol,40.77,First,2022.0,Not Available,Individual,75146.56,Tier 1
Delhi,76.21,Royal Enfield,Meteor 350,69291.0,2017,134.0,Electric,65.73,Second,2023.0,Expired,Dealer,53121.8,Tier 3
Maharashtra,36.37,Honda,Dio,224405.0,2024,588.0,Electric,94.84,Second,2024.0,Not Available,Dealer,135895.37,Tier 3
Delhi,57.83,Bajaj,Platina 110,73407.0,2023,202.0,Electric,66.64,Second,2023.0,Expired,Individual,47519.72,Tier 2
Karnataka,28.34,Ktm,Duke 200,241646.0,2024,390.0,Hybrid,72.21,Second,2024.0,Not Available,Dealer,97027.78,Tier 2
Rajasthan,50.76,Kawasaki,Ninja 300,322366.0,2021,927.0,Petrol,37.55,Second,2023.0,Expired,Dealer,202770.59,Tier 2
Gujarat,50.26,Ktm,390 Adventure,132956.0,2024,506.0,Petrol,59.8,Second,2024.0,Active,Individual,65438.73,Tier 1
Madhya Pradesh,47.76,Tvs,Ntorq 125,366633.0,2018,611.0,Electric,86.29,Second,2022.0,Not Available,Individual,213215.74,Metro
Delhi,74.23,Bajaj,Pulsar 150,104007.0,2024,300.0,Hybrid,68.21,Second,2024.0,Active,Dealer,55787.83,Tier 3
Maharashtra,61.27,Honda,Dio,79578.0,2024,846.0,Petrol,48.72,First,2024.0,Expired,Individual,56690.73,Tier 1
Maharashtra,25.23,Yamaha,Mt-15,345237.0,2016,908.0,Hybrid,77.98,Second,2021.0,Expired,Dealer,237637.35,Tier 1
West Bengal,11.01,Tvs,Ronin,236303.0,2021,877.0,Petrol,53.11,Third,2023.0,Active,Individual,103242.42,Tier 3
Karnataka,34.64,Bajaj,Pulsar 150,65228.0,2017,541.0,Electric,70.47,Second,2021.0,Expired,Individual,45355.55,Tier 2
Madhya Pradesh,75.26,Royal Enfield,Himalayan,372773.0,2023,399.0,Electric,88.57,Second,2023.0,Not Available,Dealer,164262.01,Tier 3
Punjab,10.08,Hero,Glamour,220851.0,2022,809.0,Electric,68.72,Second,2022.0,Not Available,Dealer,152826.74,Tier 3
Gujarat,8.48,Honda,Dio,370481.0,2023,872.0,Hybrid,90.43,Third,2024.0,Not Available,Dealer,173744.48,Tier 3
Delhi,16.62,Ktm,390 Adventure,294657.0,2021,186.0,Hybrid,70.2,Third,2023.0,Expired,Individual,167643.18,Tier 2
West Bengal,42.61,Bajaj,Dominar 400,229467.0,2022,892.0,Petrol,40.74,Second,2023.0,Active,Individual,125900.52,Tier 3
Uttar Pradesh,47.71,Tvs,Ntorq 125,379041.0,2022,183.0,Petrol,57.85,Second,2024.0,Expired,Dealer,133472.89,Tier 3
Delhi,54.81,Kawasaki,Vulcan S,335738.0,2021,697.0,Hybrid,61.76,Second,2021.0,Expired,Dealer,133472.89,Tier 1
Rajasthan,6.15,Royal Enfield,Hunter 350,277631.0,2021,252.0,Electric,84.03,Second,2024.0,Active,Individual,181286.22,Tier 2
West Bengal,16.57,Hero,Passion Pro,175610.0,2022,658.0,Electric,63.9,Second,2024.0,Not Available,Dealer,99036.45,Tier 3
Gujarat,22.22,Ktm,Duke 200,195199.0,2021,190.0,Electric,86.1,First,2021.0,Expired,Dealer,112135.99,Tier 1
Uttar Pradesh,42.53,Royal Enfield,Interceptor 650,387533.0,2024,348.0,Hybrid,72.16,Second,2024.0,Not Available,Dealer,205036.98,Tier 3
Maharashtra,78.28,Ktm,Duke 200,311255.0,2024,360.0,Petrol,41.29,Second,2024.0,Expired,Individual,228628.66,Tier 3
Punjab,61.7,Royal Enfield,Hunter 350,358609.0,2021,621.0,Petrol,56.32,Second,2022.0,Not Available,Individual,202034.4,Tier 3
West Bengal,7.73,Hero,Xtreme 160R,156416.0,2019,387.0,Hybrid,87.78,Second,2023.0,Expired,Dealer,106305.45,Metro
Tamil Nadu,62.31,Honda,Cbr 650R,265997.0,2021,568.0,Petrol,36.3,Second,2024.0,Active,Dealer,140694.3,Tier 2
Delhi,18.07,Royal Enfield,Himalayan,381316.0,2023,756.0,Electric,83.21,Second,2024.0,Expired,Dealer,187644.65,Metro
Delhi,37.36,Tvs,Apache Rtr 160,78840.0,2019,671.0,Hybrid,67.59,Second,2023.0,Active,Individual,56438.07,Tier 1
Uttar Pradesh,40.41,Honda,Shine,332617.0,2015,352.0,Hybrid,76.95,Second,2021.0,Expired,Dealer,167586.09,Tier 3
Gujarat,43.89,Honda,Activa,100031.0,2021,289.0,Petrol,38.07,Second,2024.0,Active,Individual,72816.08,Tier 3
Karnataka,56.03,Ktm,Duke 200,162233.0,2024,799.0,Electric,70.2,Second,2024.0,Active,Dealer,97158.61,Tier 2
Rajasthan,10.7,Ktm,250 Duke,331220.0,2024,614.0,Hybrid,85.96,Second,2024.0,Active,Individual,159162.87,Tier 3
Rajasthan,52.06,Yamaha,Fascino 125,225964.0,2024,940.0,Hybrid,68.56,Second,2024.0,Expired,Dealer,127575.13,Tier 1
Delhi,77.46,Tvs,Ntorq 125,348910.0,2024,765.0,Electric,91.63,Second,2024.0,Expired,Individual,209554.45456697664,Tier 3
Rajasthan,61.35,Kawasaki,Ninja 400,56493.0,2022,973.0,Petrol,39.99,First,2022.0,Not Available,Individual,43477.76010476904,Tier 1
Madhya Pradesh,12.53,Honda,Activa,241441.0,2015,457.0,Hybrid,75.85,Second,2023.0,Active,Individual,106892.38,Metro
Punjab,58.63,Royal Enfield,Himalayan,366935.0,2023,571.0,Petrol,26.51,Second,2023.0,Not Available,Dealer,188181.72,Metro
Madhya Pradesh,66.88,Honda,Dio,135776.0,2021,643.0,Petrol,55.27,Second,2023.0,Not Available,Dealer,65762.37,Metro
Karnataka,59.22,Yamaha,Mt-15,348426.0,2023,238.0,Petrol,34.39,First,2023.0,Not Available,Individual,236846.06,Metro
Punjab,42.37,Hero,Passion Pro,87663.0,2024,737.0,Electric,76.9,Second,2024.0,Active,Dealer,49913.16,Tier 2
Tamil Nadu,31.79,Bajaj,Pulsar 150,307220.0,2019,479.0,Petrol,59.72,Second,2023.0,Not Available,Individual,205676.71,Tier 2
Karnataka,58.57,Kawasaki,Vulcan S,346646.0,2018,486.0,Petrol,38.25,Second,2022.0,Active,Individual,224866.57,Tier 1
Gujarat,65.73,Yamaha,Ray Zr,300685.0,2022,487.0,Electric,94.67,Second,2022.0,Active,Individual,230231.27,Tier 2
Maharashtra,7.01,Yamaha,Mt-15,214265.0,2023,958.0,Petrol,30.29,Third,2024.0,Expired,Dealer,91735.69,Tier 2
Tamil Nadu,18.8,Bajaj,Avenger 220,69627.0,2021,846.0,Electric,75.27,First,2021.0,Active,Dealer,39412.01,Tier 1
Madhya Pradesh,45.79,Honda,Activa,268594.0,2023,835.0,Petrol,39.58,Second,2024.0,Expired,Individual,133472.89,Tier 3
Rajasthan,46.53,Ktm,Duke 200,380020.0,2017,506.0,Electric,61.78,Second,2023.0,Active,Dealer,288191.51,Metro
Uttar Pradesh,18.15,Ktm,Duke 200,261801.0,2019,279.0,Hybrid,95.43,Third,2021.0,Not Available,Dealer,202190.83,Tier 3
Gujarat,77.43,Honda,Unicorn,212431.0,2018,775.0,Electric,96.21,Second,2022.0,Expired,Dealer,122126.36,Tier 3
Tamil Nadu,22.23,Kawasaki,Ninja 400,377585.0,2022,303.0,Electric,60.69,Second,2024.0,Active,Dealer,222498.98,Tier 3
Delhi,76.4,Yamaha,Ray Zr,371067.0,2015,806.0,Electric,79.92,Third,2024.0,Active,Individual,281343.39,Tier 1
Uttar Pradesh,6.22,Ktm,390 Adventure,114386.0,2024,255.0,Electric,96.5,Third,2024.0,Active,Dealer,61908.43,Tier 3
West Bengal,21.86,Honda,Activa,289424.0,2022,1000.0,Petrol,31.37,Second,2023.0,Expired,Dealer,119521.72,Metro
Karnataka,57.06,Kawasaki,Ninja 300,297288.0,2019,592.0,Electric,61.02,Second,2023.0,Not Available,Individual,235411.98,Tier 3
Karnataka,16.82,Honda,Activa,161847.0,2020,875.0,Electric,75.2,Second,2023.0,Expired,Individual,64869.6,Tier 3
Gujarat,32.85,Yamaha,Fz V3,64436.0,2023,730.0,Hybrid,82.75,Third,2023.0,Not Available,Dealer,48782.78,Tier 1
Madhya Pradesh,13.87,Bajaj,Avenger 220,103137.0,2021,315.0,Petrol,32.18,Second,2023.0,Not Available,Individual,44598.47,Tier 1
Punjab,60.49,Ktm,Duke 200,209541.0,2021,662.0,Petrol,27.99,Third,2023.0,Active,Dealer,149611.55,Metro
Uttar Pradesh,22.09,Yamaha,Fascino 125,324679.0,2023,188.0,Petrol,41.43,Second,2023.0,Not Available,Dealer,249265.9,Tier 2
Delhi,29.17,Tvs,Apache Rtr 160,62340.0,2022,482.0,Electric,62.75,Second,2024.0,Not Available,Individual,28226.93,Tier 3
Maharashtra,20.68,Ktm,390 Adventure,287051.0,2024,384.0,Electric,80.75,Second,2024.0,Expired,Dealer,133472.89,Tier 2
West Bengal,62.01,Yamaha,Fascino 125,366844.0,2024,414.0,Electric,79.66,Second,2024.0,Not Available,Individual,208929.75,Tier 3
Tamil Nadu,65.94,Kawasaki,Versys 650,267420.0,2018,551.0,Electric,70.7,Second,2023.0,Not Available,Individual,169538.3,Tier 3
Delhi,13.59,Tvs,Ronin,91772.0,2016,504.0,Electric,65.03,Second,2024.0,Active,Dealer,55227.17,Metro
Tamil Nadu,49.51,Honda,Cbr 650R,120620.0,2023,973.0,Electric,82.31,Second,2024.0,Active,Dealer,73968.83,Metro
Tamil Nadu,54.9,Kawasaki,Z650,68139.0,2021,939.0,Petrol,31.89,Second,2021.0,Expired,Individual,53007.55,Tier 1
Delhi,70.08,Tvs,Ronin,171951.0,2023,670.0,Hybrid,96.64,First,2023.0,Active,Dealer,88378.05,Tier 3
Rajasthan,55.46,Royal Enfield,Meteor 350,141611.0,2024,305.0,Hybrid,72.03,Third,2024.0,Expired,Individual,99837.78,Tier 2
Gujarat,68.26,Yamaha,Ray Zr,187742.0,2016,342.0,Hybrid,86.44,Second,2022.0,Expired,Dealer,134166.86,Tier 3
Tamil Nadu,16.36,Bajaj,Avenger 220,100244.0,2024,0.0,Petrol,35.24,Second,2024.0,Expired,Dealer,75298.43,Tier 3
Gujarat,8.08,Yamaha,Mt-15,270039.0,2017,552.0,Hybrid,97.15,Second,2023.0,Expired,Individual,122438.56,Tier 2
Maharashtra,15.12,Ktm,250 Duke,255981.0,2022,460.0,Electric,77.37,First,2022.0,Active,Individual,138437.64,Tier 2
Delhi,59.05,Tvs,Ntorq 125,185865.0,2023,420.0,Electric,73.46,Third,2024.0,Active,Dealer,115247.0,Tier 1
Delhi,49.74,Honda,Cbr 650R,112323.0,2015,492.0,Electric,76.18,Second,2021.0,Expired,Dealer,76592.53,Tier 1
Uttar Pradesh,45.91,Tvs,Ronin,267565.0,2024,247.0,Petrol,56.22,Second,2024.0,Not Available,Individual,125582.96,Tier 1
Uttar Pradesh,49.07,Hero,Hf Deluxe,176759.0,2024,803.0,Petrol,47.7,Second,2024.0,Active,Individual,95373.15,Metro
West Bengal,79.12,Tvs,Ronin,159331.0,2024,758.0,Electric,94.0,Third,2024.0,Not Available,Dealer,99352.77,Tier 2
Gujarat,5.7,Bajaj,Pulsar 150,207357.0,2023,632.0,Electric,77.37,Second,2023.0,Active,Dealer,145275.17,Tier 1
Gujarat,61.21,Royal Enfield,Classic 350,207409.0,2024,606.0,Hybrid,64.94,Third,2024.0,Not Available,Dealer,146822.51,Tier 1
Gujarat,47.87,Kawasaki,Ninja 400,241815.0,2022,425.0,Hybrid,84.79,Second,2022.0,Expired,Dealer,105496.17,Tier 2
Karnataka,55.49,Bajaj,Ct 100,163623.0,2022,480.0,Electric,75.08,First,2022.0,Active,Dealer,103328.3,Tier 3
West Bengal,72.02,Bajaj,Platina 110,85481.0,2024,337.0,Hybrid,74.58,First,2024.0,Expired,Individual,42520.39,Tier 1
West Bengal,6.49,Royal Enfield,Interceptor 650,185248.0,2024,211.0,Electric,92.15,Third,2024.0,Not Available,Individual,133472.89,Metro
Madhya Pradesh,56.33,Yamaha,Mt-15,376238.0,2017,827.0,Hybrid,74.64,Second,2021.0,Not Available,Dealer,292050.9,Tier 2
Rajasthan,50.49,Honda,Dio,376278.0,2024,822.0,Petrol,54.38,Second,2024.0,Expired,Dealer,296802.47,Metro
Uttar Pradesh,6.39,Honda,Activa,201758.0,2024,442.0,Electric,70.2,Third,2024.0,Expired,Dealer,148297.18093772477,Tier 3
Gujarat,70.26,Honda,Unicorn,176560.0,2023,872.0,Electric,96.93,First,2023.0,Active,Individual,74858.3,Tier 2
Tamil Nadu,39.51,Hero,Hf Deluxe,360129.0,2021,124.0,Hybrid,66.27,First,2021.0,Expired,Dealer,133472.89,Tier 2
Madhya Pradesh,75.47,Kawasaki,Versys 650,173144.0,2019,720.0,Electric,88.91,Second,2022.0,Expired,Dealer,137518.04,Metro
Uttar Pradesh,68.47,Royal Enfield,Himalayan,352968.0,2023,880.0,Petrol,37.66,Second,2024.0,Not Available,Individual,164427.29,Tier 3
Delhi,23.19,Hero,Glamour,273974.0,2017,110.0,Hybrid,93.37,Third,2022.0,Active,Individual,120490.57,Tier 1
Uttar Pradesh,25.96,Ktm,Duke 200,367461.0,2021,965.0,Electric,83.62,Second,2022.0,Not Available,Dealer,133472.89,Tier 1
Maharashtra,41.65,Kawasaki,Versys 650,331047.0,2023,657.0,Hybrid,73.4,Second,2023.0,Expired,Dealer,198382.67,Tier 1
Gujarat,41.92,Honda,Shine,57192.0,2024,299.0,Hybrid,62.0,Second,2024.0,Active,Individual,28850.7,Tier 1
West Bengal,26.61,Ktm,390 Adventure,116152.0,2019,647.0,Electric,90.44,Second,2021.0,Not Available,Dealer,65384.57,Tier 2
Rajasthan,47.46,Tvs,Jupiter,114189.0,2022,565.0,Electric,71.7,Second,2022.0,Expired,Individual,67301.55,Tier 2
Gujarat,73.68,Honda,Unicorn,129971.0,2024,994.0,Hybrid,91.38,Second,2024.0,Expired,Individual,93259.49,Metro
Tamil Nadu,70.84,Bajaj,Dominar 400,202839.0,2021,654.0,Electric,62.62,Second,2021.0,Not Available,Individual,118606.24,Metro
Karnataka,46.75,Honda,Cbr 650R,219862.0,2020,268.0,Petrol,55.44,Second,2022.0,Active,Dealer,117906.48,Tier 3
Rajasthan,27.68,Bajaj,Platina 110,371490.0,2018,961.0,Electric,69.92,Second,2024.0,Active,Dealer,217995.0,Metro
Karnataka,23.46,Yamaha,R15 V4,284895.0,2015,679.0,Petrol,44.77,Second,2023.0,Expired,Individual,183167.13,Tier 1
Madhya Pradesh,65.74,Yamaha,Fascino 125,377303.0,2023,476.0,Petrol,45.28,Second,2023.0,Expired,Dealer,194755.58,Metro
Uttar Pradesh,29.87,Hero,Hf Deluxe,285795.0,2015,586.0,Petrol,34.28,Second,2023.0,Not Available,Individual,123120.00108225436,Metro
Rajasthan,19.19,Royal Enfield,Interceptor 650,83095.0,2017,550.0,Petrol,45.62,Second,2024.0,Active,Dealer,53768.47,Tier 2
West Bengal,73.75,Yamaha,Fz V3,81532.0,2023,225.0,Hybrid,86.23,Second,2023.0,Expired,Individual,33602.95,Metro
Rajasthan,55.21,Honda,Activa,246265.0,2021,690.0,Petrol,28.13,First,2023.0,Active,Individual,153884.56,Metro
Madhya Pradesh,75.04,Yamaha,Fz V3,312574.0,2020,383.0,Hybrid,82.9,Third,2024.0,Active,Individual,230994.46,Tier 2
Rajasthan,12.8,Ktm,125 Duke,129841.0,2024,881.0,Electric,98.14,Second,2024.0,Not Available,Dealer,67178.06,Tier 2
Delhi,50.43,Yamaha,Fascino 125,155535.0,2021,296.0,Electric,68.68,Second,2024.0,Active,Individual,90407.47,Tier 2
Tamil Nadu,67.34,Bajaj,Ct 100,52195.0,2020,223.0,Electric,94.08,Second,2022.0,Expired,Individual,35860.98,Tier 2
Uttar Pradesh,23.9,Bajaj,Platina 110,125531.0,2023,666.0,Electric,91.83,First,2023.0,Not Available,Individual,64185.36,Tier 3
Delhi,40.3,Tvs,Ronin,244831.0,2022,766.0,Petrol,70.2,Second,2022.0,Active,Individual,105728.78,Metro
Delhi,9.54,Bajaj,Platina 110,60240.0,2019,759.0,Hybrid,72.7,Second,2024.0,Not Available,Individual,43850.07,Tier 3
Punjab,36.78,Royal Enfield,Interceptor 650,357408.0,2020,755.0,Electric,70.2,Second,2022.0,Active,Dealer,168370.6,Tier 3
Rajasthan,32.83,Tvs,Apache Rtr 160,367866.0,2023,129.0,Petrol,51.81,Third,2023.0,Expired,Individual,178237.36,Tier 3
Rajasthan,6.4,Hero,Hf Deluxe,218331.0,2024,410.0,Hybrid,60.44,Third,2024.0,Not Available,Individual,149851.85,Tier 2
Madhya Pradesh,36.74,Tvs,Apache Rtr 160,220358.0,2024,768.0,Petrol,32.96,Second,2024.0,Not Available,Individual,164081.94,Tier 3
Uttar Pradesh,66.65,Bajaj,Platina 110,359392.0,2024,389.0,Electric,60.97,Second,2024.0,Active,Dealer,264863.5,Metro
Tamil Nadu,37.83,Kawasaki,Ninja 400,238144.0,2018,905.0,Hybrid,61.27,Second,2023.0,Expired,Dealer,178796.82,Tier 3
West Bengal,7.21,Kawasaki,Ninja 300,160670.0,2022,975.0,Petrol,33.17,Second,2023.0,Active,Individual,127226.71,Tier 2
Delhi,60.52,Honda,Activa,154391.0,2018,313.0,Petrol,42.67,Second,2024.0,Active,Individual,121559.96,Metro
Gujarat,68.09,Kawasaki,Vulcan S,394266.0,2022,437.0,Hybrid,90.31,Second,2024.0,Not Available,Dealer,287961.61,Tier 2
West Bengal,47.3,Hero,Glamour,277959.0,2024,177.0,Electric,62.76,First,2024.0,Expired,Dealer,196402.76,Tier 3
Delhi,6.58,Bajaj,Pulsar 150,293898.0,2016,212.0,Petrol,30.02,Second,2022.0,Expired,Dealer,203366.95,Tier 3
Punjab,68.68,Yamaha,Ray Zr,199523.0,2022,357.0,Electric,81.98,First,2022.0,Not Available,Individual,108115.08,Tier 1
Tamil Nadu,57.55,Hero,Glamour,170844.0,2022,684.0,Hybrid,96.65,Second,2022.0,Not Available,Dealer,135762.55,Tier 3
Karnataka,8.77,Hero,Xtreme 160R,329254.0,2023,921.0,Hybrid,97.74,Third,2024.0,Expired,Individual,221860.24,Tier 2
Punjab,64.71,Kawasaki,Z650,376270.0,2022,337.0,Electric,86.37,Second,2023.0,Expired,Individual,202971.02,Tier 1
Delhi,76.79,Honda,Cbr 650R,324556.0,2024,333.0,Hybrid,79.42,First,2024.0,Not Available,Individual,190833.22,Tier 2
Gujarat,58.33,Honda,Shine,103202.0,2017,185.0,Petrol,32.68,Third,2021.0,Active,Individual,65116.25,Tier 3
Gujarat,51.45,Honda,Dio,59924.0,2021,878.0,Electric,61.15,Second,2021.0,Expired,Dealer,41782.9,Tier 1
Tamil Nadu,67.58,Yamaha,Ray Zr,300594.0,2021,467.0,Electric,84.8,Second,2024.0,Not Available,Dealer,133472.89,Tier 1
Delhi,31.38,Yamaha,Mt-15,300725.0,2024,413.0,Petrol,48.81,First,2024.0,Expired,Dealer,196290.58,Tier 1
West Bengal,21.54,Bajaj,Platina 110,165678.0,2024,367.0,Petrol,46.62,Third,2024.0,Active,Individual,87201.88,Tier 1
West Bengal,65.47,Hero,Splendor Plus,79985.0,2015,336.0,Hybrid,90.4,Second,2023.0,Expired,Dealer,48985.29,Tier 3
West Bengal,22.87,Bajaj,Dominar 400,333612.0,2021,770.0,Electric,70.2,Second,2022.0,Active,Dealer,246078.28,Metro
Karnataka,25.18,Yamaha,R15 V4,387520.0,2015,281.0,Hybrid,64.45,Second,2022.0,Active,Individual,304077.24,Tier 2
Madhya Pradesh,38.7,Honda,Activa,291313.0,2024,233.0,Hybrid,79.88,Third,2024.0,Not Available,Dealer,202949.67,Tier 2
Madhya Pradesh,34.96,Hero,Splendor Plus,155432.0,2023,589.0,Hybrid,85.99,Second,2024.0,Expired,Individual,75924.87,Tier 3
Madhya Pradesh,53.19,Ktm,Rc 390,159755.0,2021,554.0,Hybrid,86.64,Second,2021.0,Active,Dealer,116784.36563563145,Tier 3
West Bengal,68.3,Honda,Unicorn,258166.0,2023,407.0,Hybrid,78.36,Second,2023.0,Active,Dealer,139776.96,Tier 3
Madhya Pradesh,62.4,Yamaha,Mt-15,315890.0,2018,637.0,Petrol,56.03,Second,2022.0,Not Available,Individual,174829.32,Tier 1
Maharashtra,56.89,Yamaha,Fz V3,213563.0,2022,203.0,Electric,65.22,First,2022.0,Not Available,Individual,124666.45,Metro
Maharashtra,69.91,Honda,Shine,96238.0,2017,380.0,Petrol,53.17,Third,2022.0,Expired,Dealer,70637.43,Tier 1
West Bengal,52.63,Tvs,Sport,274591.0,2019,436.0,Electric,66.33,Second,2023.0,Expired,Dealer,173806.14,Tier 1
Uttar Pradesh,14.5,Kawasaki,Z650,226473.0,2020,368.0,Electric,93.99,Second,2022.0,Expired,Individual,116019.09,Tier 3
Tamil Nadu,74.93,Royal Enfield,Meteor 350,230026.0,2019,220.0,Electric,81.37,Second,2022.0,Not Available,Individual,126586.28,Tier 1
Karnataka,63.01,Hero,Hf Deluxe,292024.0,2024,729.0,Petrol,35.91,Second,2024.0,Expired,Individual,191462.68,Metro
Tamil Nadu,9.36,Yamaha,Ray Zr,247224.0,2023,452.0,Electric,98.77,Second,2023.0,Expired,Dealer,136751.79,Tier 1
Maharashtra,34.03,Tvs,Ntorq 125,119795.0,2024,880.0,Petrol,47.47,Second,2024.0,Expired,Dealer,52407.06,Tier 2
Madhya Pradesh,31.2,Tvs,Ntorq 125,240567.0,2021,887.0,Petrol,28.28,Second,2024.0,Active,Dealer,183914.13,Tier 1
Rajasthan,71.7,Bajaj,Dominar 400,310824.0,2024,339.0,Petrol,39.22,Second,2024.0,Not Available,Individual,189195.48,Tier 1
Tamil Nadu,54.94,Tvs,Ronin,262458.0,2023,754.0,Hybrid,68.7,Second,2023.0,Active,Individual,188571.53,Tier 3
Karnataka,12.84,Hero,Hf Deluxe,243257.0,2017,841.0,Petrol,30.99,Third,2023.0,Not Available,Dealer,106830.33,Tier 2
Gujarat,49.09,Royal Enfield,Interceptor 650,305889.0,2019,247.0,Hybrid,61.75,Second,2023.0,Not Available,Individual,192276.39,Metro
Rajasthan,37.37,Hero,Splendor Plus,181229.0,2018,891.0,Electric,87.96,Second,2024.0,Not Available,Dealer,111193.15,Metro
Maharashtra,53.78,Kawasaki,Ninja 300,228829.0,2018,851.0,Petrol,70.2,Second,2024.0,Active,Dealer,107706.69,Metro
Gujarat,49.39,Kawasaki,Ninja 300,68215.0,2016,448.0,Hybrid,93.67,Second,2024.0,Not Available,Dealer,27455.69,Tier 3
Rajasthan,37.77,Royal Enfield,Interceptor 650,91958.0,2023,696.0,Electric,76.67,Second,2024.0,Active,Individual,47201.67,Tier 1
West Bengal,35.88,Honda,Dio,350341.0,2023,920.0,Electric,65.16,Second,2024.0,Expired,Dealer,256441.28,Tier 3
Karnataka,46.81,Ktm,Rc 390,286905.0,2019,152.0,Electric,64.96,Second,2024.0,Expired,Individual,218666.45,Tier 1
Uttar Pradesh,75.68,Hero,Hf Deluxe,386075.0,2024,510.0,Electric,89.73,Second,2024.0,Expired,Dealer,276704.36,Metro
Gujarat,67.54,Tvs,Sport,296029.0,2017,137.0,Petrol,30.57,Second,2024.0,Not Available,Individual,129012.86,Metro
Delhi,30.11,Bajaj,Avenger 220,124936.0,2021,336.0,Petrol,40.65,Second,2023.0,Active,Dealer,61815.75,Tier 2
Maharashtra,72.86,Royal Enfield,Meteor 350,184416.0,2022,963.0,Hybrid,71.48,First,2022.0,Expired,Dealer,106499.44,Metro
Rajasthan,62.87,Honda,Shine,350018.0,2016,639.0,Petrol,47.27,Second,2024.0,Not Available,Individual,133472.89,Metro
Rajasthan,44.47,Tvs,Ronin,206799.0,2022,111.0,Hybrid,71.31,Second,2022.0,Not Available,Dealer,147995.37,Tier 3
Delhi,35.99,Kawasaki,Ninja 400,100081.0,2023,665.0,Electric,69.94,Second,2023.0,Not Available,Individual,51624.66,Tier 2
Gujarat,61.61,Ktm,Duke 200,51260.0,2021,608.0,Electric,95.91,Second,2022.0,Expired,Dealer,29094.35,Metro
Tamil Nadu,36.14,Hero,Xtreme 160R,62022.0,2023,166.0,Petrol,55.2,Second,2023.0,Active,Individual,29649.59,Tier 2
Delhi,20.29,Hero,Passion Pro,344886.0,2024,332.0,Hybrid,76.59,Second,2024.0,Active,Individual,245568.09,Metro
Karnataka,29.41,Bajaj,Avenger 220,356103.0,2021,682.0,Hybrid,65.51,Second,2023.0,Active,Dealer,200667.57,Tier 1
Karnataka,62.26,Yamaha,R15 V4,59888.0,2024,874.0,Electric,64.87,Third,2024.0,Active,Dealer,34506.33,Tier 3
Uttar Pradesh,75.01,Hero,Passion Pro,114629.0,2022,580.0,Electric,85.1,Second,2024.0,Not Available,Individual,82135.65,Tier 2
Tamil Nadu,14.57,Ktm,Rc 390,185309.0,2024,721.0,Hybrid,95.6,Second,2024.0,Not Available,Individual,143824.9,Tier 1
Madhya Pradesh,42.42,Honda,Unicorn,206136.0,2023,892.0,Electric,90.53,Second,2023.0,Expired,Dealer,99716.02,Metro
Gujarat,78.02,Honda,Cbr 650R,74246.0,2020,473.0,Petrol,34.49,Third,2022.0,Not Available,Dealer,29726.98,Metro
Delhi,18.52,Tvs,Ntorq 125,314719.0,2019,631.0,Electric,70.2,Second,2022.0,Expired,Individual,188629.11,Metro
West Bengal,34.91,Ktm,Duke 200,68452.0,2023,512.0,Electric,64.09,Third,2024.0,Not Available,Dealer,28734.28,Metro
Maharashtra,10.03,Bajaj,Avenger 220,101116.0,2022,186.0,Petrol,49.96,Second,2023.0,Active,Individual,53109.65,Tier 3
Uttar Pradesh,60.63,Ktm,125 Duke,166294.0,2016,604.0,Hybrid,68.55,Second,2024.0,Active,Individual,67760.17,Tier 2
Delhi,73.98,Honda,Cbr 650R,136524.0,2024,628.0,Petrol,58.84,Third,2024.0,Not Available,Dealer,60589.33,Tier 3
West Bengal,54.81,Tvs,Jupiter,196907.0,2023,900.0,Petrol,39.27,Third,2023.0,Expired,Individual,142760.49,Tier 2
Uttar Pradesh,74.01,Kawasaki,Ninja 300,111421.0,2024,624.0,Hybrid,67.16,Second,2024.0,Active,Dealer,72560.46,Tier 2
Karnataka,68.48,Bajaj,Pulsar 150,250122.0,2021,136.0,Petrol,42.45,Third,2021.0,Active,Individual,149701.84,Tier 1
West Bengal,66.76,Hero,Passion Pro,134861.0,2023,932.0,Hybrid,88.83,Second,2023.0,Active,Dealer,91325.53,Tier 3
Maharashtra,45.87,Bajaj,Avenger 220,107356.0,2023,329.0,Hybrid,67.75,First,2023.0,Active,Dealer,50211.84,Metro
West Bengal,66.31,Tvs,Jupiter,274490.0,2018,722.0,Petrol,59.26,Second,2023.0,Not Available,Individual,195670.47,Tier 2
Uttar Pradesh,74.6,Hero,Xtreme 160R,59283.0,2021,846.0,Electric,95.79,Second,2023.0,Expired,Individual,28184.8,Tier 1
Punjab,23.37,Tvs,Apache Rtr 160,143493.0,2024,705.0,Hybrid,92.26,Second,2024.0,Active,Dealer,95136.25,Tier 2
Gujarat,37.76,Yamaha,R15 V4,91581.0,2018,597.0,Petrol,70.2,Third,2022.0,Active,Dealer,64964.83,Metro
Punjab,40.46,Royal Enfield,Hunter 350,389840.0,2018,385.0,Hybrid,68.2,Second,2024.0,Expired,Dealer,210251.93,Tier 2
Maharashtra,66.98,Bajaj,Platina 110,83652.0,2017,508.0,Electric,68.15,Second,2021.0,Expired,Dealer,53851.05,Tier 1
Madhya Pradesh,34.27,Royal Enfield,Meteor 350,293401.0,2023,116.0,Hybrid,90.24,Second,2023.0,Expired,Individual,125164.7,Tier 2
Maharashtra,8.08,Royal Enfield,Hunter 350,279288.0,2021,799.0,Hybrid,75.74,Second,2022.0,Expired,Individual,188777.7,Tier 1
Karnataka,51.49,Yamaha,R15 V4,124643.0,2021,435.0,Electric,92.52,Third,2021.0,Active,Individual,74781.44,Tier 3
Gujarat,60.25,Hero,Hf Deluxe,255680.0,2017,338.0,Hybrid,81.64,Third,2022.0,Expired,Individual,176278.95,Tier 1
Madhya Pradesh,9.11,Ktm,Rc 390,281652.0,2018,453.0,Electric,91.69,Second,2023.0,Active,Dealer,169735.82,Tier 1
Karnataka,48.59,Tvs,Ntorq 125,236260.0,2022,650.0,Electric,75.99,Second,2023.0,Expired,Individual,140255.94,Tier 2
Delhi,17.93,Royal Enfield,Interceptor 650,178547.0,2019,276.0,Hybrid,89.5,Third,2021.0,Active,Dealer,71583.61,Tier 1
Tamil Nadu,42.78,Tvs,Ntorq 125,258291.0,2021,550.0,Electric,84.48,Second,2023.0,Expired,Individual,141527.92,Metro
Tamil Nadu,19.59,Hero,Splendor Plus,363748.0,2023,250.0,Hybrid,95.65,Second,2024.0,Expired,Individual,240296.52,Tier 1
Rajasthan,39.7,Bajaj,Pulsar 150,390963.0,2016,308.0,Petrol,43.66,Third,2023.0,Expired,Dealer,195015.93,Tier 3
Maharashtra,35.9,Ktm,125 Duke,163569.0,2023,349.0,Petrol,43.07,First,2023.0,Expired,Dealer,100364.08,Tier 3
Maharashtra,57.87,Yamaha,Fz V3,241508.0,2019,601.0,Hybrid,72.59,Second,2024.0,Not Available,Individual,104088.62,Tier 3
Punjab,39.76,Honda,Activa,102921.0,2017,114.0,Petrol,26.24,Second,2024.0,Active,Individual,66597.97356213703,Tier 3
Tamil Nadu,73.66,Kawasaki,Ninja 400,160368.0,2021,384.0,Petrol,35.17,First,2021.0,Expired,Individual,133472.89,Tier 2
Tamil Nadu,16.42,Royal Enfield,Himalayan,52208.0,2018,440.0,Petrol,43.31,Third,2024.0,Active,Dealer,35865.19,Metro
Gujarat,35.96,Yamaha,R15 V4,270085.0,2021,476.0,Petrol,50.59,Second,2023.0,Expired,Individual,211466.58,Tier 3
Rajasthan,35.83,Kawasaki,Ninja 400,203537.0,2024,395.0,Petrol,46.35,Second,2024.0,Expired,Dealer,87374.49,Tier 3
Rajasthan,46.36,Royal Enfield,Classic 350,83246.0,2019,975.0,Petrol,39.31,Second,2021.0,Not Available,Dealer,64810.36,Tier 1
Delhi,38.35,Kawasaki,Versys 650,198031.0,2021,289.0,Hybrid,70.2,Second,2023.0,Expired,Individual,87336.81,Tier 1
Uttar Pradesh,36.48,Honda,Shine,73350.0,2022,867.0,Petrol,56.1,Second,2022.0,Active,Individual,133472.89,Tier 3
Punjab,17.96,Royal Enfield,Hunter 350,170800.0,2020,816.0,Hybrid,85.75,Second,2023.0,Not Available,Individual,99296.22,Metro
Punjab,54.94,Hero,Hf Deluxe,65736.0,2018,740.0,Electric,73.61,Second,2023.0,Not Available,Dealer,36421.66,Metro
Gujarat,21.76,Bajaj,Platina 110,374981.0,2023,448.0,Petrol,44.07,First,2023.0,Active,Individual,176924.12,Tier 2
Madhya Pradesh,54.89,Royal Enfield,Meteor 350,216930.0,2021,465.0,Electric,80.74,Third,2021.0,Expired,Individual,146395.84,Tier 1
Gujarat,32.97,Kawasaki,Z650,237624.0,2024,0.0,Electric,84.65,Second,2024.0,Not Available,Individual,147198.41,Metro
Tamil Nadu,6.89,Ktm,Rc 390,66556.0,2023,365.0,Petrol,27.23,Second,2023.0,Expired,Dealer,27601.37,Tier 2
Punjab,29.77,Bajaj,Ct 100,100644.0,2021,502.0,Hybrid,82.34,Second,2021.0,Not Available,Dealer,42042.1,Metro
Madhya Pradesh,28.25,Royal Enfield,Classic 350,59213.0,2021,584.0,Electric,94.41,Second,2022.0,Expired,Dealer,41637.42,Tier 3
West Bengal,69.39,Royal Enfield,Interceptor 650,66371.0,2015,524.0,Hybrid,73.95,Second,2021.0,Not Available,Individual,34671.1,Tier 2
Punjab,44.03,Honda,Shine,134473.0,2019,634.0,Petrol,47.84,Second,2023.0,Not Available,Individual,104149.43,Tier 3
Tamil Nadu,33.97,Bajaj,Dominar 400,337699.0,2019,801.0,Hybrid,76.56,Second,2023.0,Expired,Dealer,172051.51,Tier 3
Madhya Pradesh,31.23,Kawasaki,Ninja 400,148766.0,2021,945.0,Hybrid,72.19,Second,2022.0,Expired,Dealer,95250.78,Tier 2
Tamil Nadu,44.6,Kawasaki,Z650,126827.0,2021,183.0,Hybrid,70.2,Second,2021.0,Not Available,Individual,70658.97,Metro
Rajasthan,65.59,Kawasaki,Vulcan S,270939.0,2019,989.0,Hybrid,70.04,Second,2022.0,Active,Dealer,169500.51,Tier 3
Tamil Nadu,31.75,Hero,Xtreme 160R,353910.0,2024,363.0,Hybrid,89.51,Second,2024.0,Expired,Individual,228303.2,Tier 1
Delhi,9.54,Ktm,Rc 390,217872.0,2023,999.0,Electric,79.84,Second,2023.0,Active,Individual,152248.27,Tier 1
Uttar Pradesh,74.7,Tvs,Apache Rtr 160,360333.0,2024,476.0,Hybrid,86.88,Second,2024.0,Not Available,Dealer,266763.89,Tier 3
Delhi,16.54,Tvs,Jupiter,392052.0,2023,144.0,Electric,92.14,First,2023.0,Active,Dealer,239108.04,Tier 1
Maharashtra,22.07,Tvs,Apache Rtr 160,209473.0,2023,502.0,Hybrid,97.4,Second,2024.0,Expired,Dealer,148933.22,Tier 3
Rajasthan,47.34,Ktm,Duke 200,151443.0,2020,227.0,Electric,74.45,Second,2022.0,Expired,Dealer,119580.4,Tier 3
Uttar Pradesh,56.01,Honda,Activa,364901.0,2021,105.0,Hybrid,70.45,Second,2021.0,Expired,Dealer,205957.55,Metro
Karnataka,10.01,Honda,Cbr 650R,186588.0,2022,185.0,Hybrid,69.73,Second,2023.0,Expired,Dealer,121945.16,Tier 3
Karnataka,32.68,Hero,Glamour,364166.0,2021,556.0,Petrol,57.7,Second,2024.0,Active,Individual,259229.47,Tier 3
Gujarat,57.76,Kawasaki,Z650,178475.0,2024,847.0,Electric,83.54,Second,2024.0,Active,Dealer,86175.85,Tier 2
Delhi,60.81,Yamaha,Mt-15,236350.0,2023,992.0,Petrol,26.51,Second,2024.0,Not Available,Individual,155147.94,Tier 1
Rajasthan,42.55,Hero,Glamour,364100.0,2024,151.0,Electric,74.29,Second,2024.0,Expired,Individual,175311.35,Metro
Madhya Pradesh,11.62,Bajaj,Platina 110,196140.0,2022,705.0,Electric,84.7,Third,2022.0,Not Available,Dealer,150293.83,Tier 1
Uttar Pradesh,58.08,Kawasaki,Vulcan S,226972.0,2020,640.0,Hybrid,71.75,Second,2021.0,Not Available,Dealer,129343.32,Tier 3
Gujarat,35.58,Yamaha,Fascino 125,234432.0,2015,535.0,Electric,88.39,Second,2022.0,Active,Dealer,141505.74,Tier 3
Punjab,18.94,Hero,Hf Deluxe,136542.0,2015,721.0,Hybrid,97.09,Second,2023.0,Not Available,Dealer,60879.45,Tier 3
Maharashtra,56.84,Hero,Glamour,277960.0,2018,351.0,Hybrid,93.52,Third,2024.0,Not Available,Dealer,171262.17,Tier 2
Punjab,47.55,Tvs,Apache Rtr 160,399364.0,2018,720.0,Petrol,51.52,Third,2021.0,Expired,Dealer,200066.04,Tier 1
Rajasthan,55.7,Tvs,Sport,150366.0,2024,787.0,Hybrid,70.2,Second,2024.0,Expired,Individual,108832.4,Tier 3
Karnataka,51.66,Kawasaki,Ninja 400,158021.0,2022,609.0,Electric,95.27,Third,2022.0,Not Available,Dealer,102397.48,Tier 1
Uttar Pradesh,78.1,Tvs,Ronin,234912.0,2021,873.0,Electric,83.43,Second,2021.0,Expired,Individual,148067.88,Tier 3
Punjab,73.34,Honda,Unicorn,334998.0,2023,449.0,Electric,71.37,Second,2023.0,Active,Individual,247845.79,Metro
Gujarat,5.32,Tvs,Sport,207061.0,2019,611.0,Petrol,49.26,Second,2024.0,Active,Dealer,160759.94949138805,Tier 2
Uttar Pradesh,10.85,Yamaha,Mt-15,248237.0,2019,575.0,Electric,85.82,Second,2022.0,Not Available,Individual,157756.37,Tier 1
West Bengal,59.55,Kawasaki,Versys 650,322476.0,2021,567.0,Hybrid,99.45,Second,2021.0,Expired,Individual,174911.0,Metro
Karnataka,79.64,Ktm,125 Duke,385644.0,2022,242.0,Petrol,29.87,Second,2022.0,Not Available,Dealer,271344.03,Tier 1
West Bengal,49.9,Hero,Passion Pro,293401.0,2016,997.0,Electric,87.76,Third,2023.0,Active,Dealer,141169.1,Metro
Uttar Pradesh,34.92,Tvs,Jupiter,58677.0,2023,569.0,Hybrid,91.32,Second,2023.0,Expired,Individual,44489.62,Tier 2
Tamil Nadu,78.02,Kawasaki,Z650,316996.0,2024,631.0,Electric,83.46,Second,2024.0,Active,Individual,159856.41,Tier 3
Maharashtra,47.62,Tvs,Ronin,309971.0,2019,423.0,Electric,73.11,Second,2022.0,Expired,Dealer,227016.99,Tier 1
Uttar Pradesh,16.1,Royal Enfield,Interceptor 650,167254.0,2020,109.0,Electric,84.15,Second,2021.0,Not Available,Dealer,129455.7,Metro
Gujarat,35.87,Yamaha,Ray Zr,304479.0,2023,533.0,Hybrid,82.44,First,2023.0,Active,Individual,215546.53,Tier 3
Tamil Nadu,6.87,Tvs,Ronin,125872.0,2020,505.0,Electric,72.31,Second,2024.0,Active,Individual,68009.8,Metro
Madhya Pradesh,78.55,Kawasaki,Vulcan S,297387.0,2024,228.0,Hybrid,77.16,Second,2024.0,Active,Dealer,146978.52,Metro
Madhya Pradesh,55.2,Hero,Hf Deluxe,272777.0,2021,576.0,Hybrid,94.38,Second,2022.0,Not Available,Dealer,132313.09,Tier 3
Rajasthan,20.37,Kawasaki,Ninja 400,150499.0,2022,128.0,Petrol,46.32,Second,2024.0,Not Available,Dealer,70797.34,Tier 1
Maharashtra,18.0,Honda,Unicorn,387704.0,2024,553.0,Electric,80.86,Second,2024.0,Not Available,Individual,234260.61,Tier 3
Tamil Nadu,16.62,Hero,Passion Pro,132573.0,2023,759.0,Hybrid,95.19,Third,2024.0,Expired,Individual,66984.15,Tier 1
Gujarat,41.03,Kawasaki,Z650,363081.0,2022,569.0,Hybrid,96.36,Second,2022.0,Active,Dealer,164649.92,Tier 3
Gujarat,10.79,Honda,Activa,133180.0,2021,386.0,Petrol,0.0,Second,2024.0,Not Available,Dealer,60639.83,Tier 3
Maharashtra,22.43,Kawasaki,Ninja 400,183706.0,2022,934.0,Hybrid,75.27,Second,2022.0,Not Available,Individual,111507.98,Tier 2
Rajasthan,21.55,Tvs,Sport,234040.0,2024,877.0,Petrol,33.32,Second,2024.0,Expired,Dealer,172915.02,Tier 2
Gujarat,40.13,Honda,Cbr 650R,86010.0,2024,246.0,Petrol,44.17,Second,2024.0,Active,Individual,60952.06,Tier 1
Rajasthan,42.32,Bajaj,Pulsar 150,185000.0,2021,495.0,Electric,83.94,Second,2022.0,Not Available,Individual,80810.09,Tier 3
Delhi,24.11,Yamaha,Fascino 125,145242.0,2022,626.0,Hybrid,78.15,Second,2024.0,Expired,Individual,115455.2,Tier 3
West Bengal,65.7,Hero,Hf Deluxe,281586.0,2024,854.0,Electric,67.54,Second,2024.0,Expired,Dealer,127791.63,Tier 3
Madhya Pradesh,76.43,Hero,Splendor Plus,310875.0,2024,192.0,Petrol,47.03,Second,2024.0,Active,Dealer,169566.14,Tier 2
Punjab,45.39,Yamaha,Ray Zr,136228.0,2021,495.0,Petrol,41.25,Second,2023.0,Active,Dealer,93033.2,Tier 1
Delhi,15.01,Ktm,Duke 200,358293.0,2016,953.0,Electric,96.87,Second,2024.0,Not Available,Dealer,226495.96,Tier 3
Maharashtra,24.28,Kawasaki,Ninja 300,132798.0,2024,264.0,Hybrid,86.9,Second,2024.0,Expired,Dealer,57829.48,Tier 2
Karnataka,74.69,Hero,Hf Deluxe,346048.0,2015,678.0,Petrol,46.23,Second,2023.0,Not Available,Dealer,175212.08,Tier 3
Punjab,48.78,Hero,Xtreme 160R,195206.0,2021,155.0,Hybrid,83.63,First,2021.0,Not Available,Dealer,134905.52,Tier 3
Maharashtra,58.28,Ktm,Duke 200,325903.0,2023,674.0,Hybrid,84.64,Second,2023.0,Not Available,Dealer,204598.43,Tier 1
West Bengal,33.7,Ktm,125 Duke,302070.0,2020,910.0,Petrol,34.49,Second,2024.0,Active,Individual,193088.15,Metro
Uttar Pradesh,13.71,Ktm,250 Duke,211384.0,2021,678.0,Hybrid,90.08,Second,2023.0,Active,Dealer,133472.89,Metro
Karnataka,36.68,Bajaj,Avenger 220,204589.0,2024,374.0,Hybrid,80.02,Second,2024.0,Active,Individual,110639.44,Tier 3
Rajasthan,35.2,Honda,Shine,161153.0,2021,799.0,Hybrid,75.24,First,2021.0,Active,Dealer,118695.06,Tier 2
Delhi,10.24,Royal Enfield,Hunter 350,179331.0,2019,476.0,Electric,95.71,Second,2021.0,Not Available,Individual,116634.88,Tier 3
Delhi,59.41,Kawasaki,Z650,387476.0,2021,974.0,Electric,93.72,Second,2021.0,Not Available,Dealer,271180.96,Tier 3
Uttar Pradesh,75.35,Ktm,Rc 390,209963.0,2019,681.0,Hybrid,88.91,Second,2021.0,Expired,Individual,145597.36,Metro
Uttar Pradesh,51.32,Hero,Splendor Plus,78507.0,2020,675.0,Electric,70.2,Second,2024.0,Expired,Individual,41183.54,Tier 3
Karnataka,58.81,Kawasaki,Vulcan S,334411.0,2023,316.0,Hybrid,97.51,Second,2024.0,Not Available,Dealer,267136.46,Metro
Rajasthan,55.4,Kawasaki,Ninja 400,144808.0,2018,136.0,Petrol,30.14,Second,2021.0,Active,Individual,86547.93,Metro
Rajasthan,78.04,Yamaha,Fascino 125,276609.0,2023,846.0,Petrol,36.62,First,2023.0,Expired,Dealer,133472.89,Metro
Maharashtra,48.87,Hero,Xtreme 160R,318360.0,2017,441.0,Petrol,53.46,Second,2024.0,Expired,Individual,133472.89,Tier 1
Rajasthan,32.04,Ktm,125 Duke,312759.0,2017,553.0,Hybrid,90.64,Second,2023.0,Expired,Individual,172423.69,Tier 1
Delhi,46.93,Ktm,Rc 390,333566.0,2020,118.0,Petrol,52.74,Second,2024.0,Not Available,Individual,175024.85,Metro
West Bengal,-5.0,Royal Enfield,Classic 350,296923.0,2016,987.0,Petrol,37.82,Second,2021.0,Expired,Dealer,140026.64,Tier 2
Punjab,16.92,Yamaha,Mt-15,206222.0,2024,669.0,Hybrid,62.71,Second,2024.0,Expired,Dealer,113283.58,Metro
Uttar Pradesh,42.36,Hero,Hf Deluxe,147480.0,2019,685.0,Petrol,25.08,Third,2022.0,Expired,Individual,65401.07,Tier 2
Tamil Nadu,50.34,Honda,Shine,151363.0,2015,377.0,Petrol,41.33,Second,2021.0,Active,Individual,76774.82,Tier 1
West Bengal,78.18,Kawasaki,Versys 650,212667.0,2022,719.0,Hybrid,94.7,Second,2022.0,Expired,Dealer,133472.89,Metro
Delhi,59.71,Tvs,Sport,366078.0,2023,483.0,Petrol,70.2,First,2023.0,Expired,Dealer,245647.2,Metro
Madhya Pradesh,35.46,Hero,Passion Pro,192793.0,2024,623.0,Hybrid,86.96,Second,2024.0,Not Available,Individual,130159.26,Tier 2
Madhya Pradesh,42.995,Tvs,Ronin,237208.0,2019,123.0,Petrol,49.7,Second,2024.0,Expired,Dealer,127569.72,Tier 3
Gujarat,51.07,Royal Enfield,Classic 350,195294.0,2015,336.0,Electric,67.16,Second,2022.0,Active,Individual,107470.45,Tier 3
West Bengal,40.24,Bajaj,Ct 100,162424.0,2021,813.0,Hybrid,70.07,Second,2024.0,Expired,Individual,107159.87,Tier 1
Gujarat,9.15,Royal Enfield,Interceptor 650,221594.0,2024,586.0,Petrol,52.85,Second,2024.0,Not Available,Dealer,175622.7,Tier 3
Karnataka,41.68,Honda,Activa,100898.0,2019,388.0,Petrol,41.94,Second,2023.0,Not Available,Individual,68042.12,Tier 3
Karnataka,9.69,Yamaha,Mt-15,248174.0,2021,519.0,Electric,93.73,Second,2024.0,Expired,Dealer,189255.23,Tier 3
Gujarat,49.81,Kawasaki,Versys 650,188452.0,2022,950.0,Electric,97.43,Third,2022.0,Active,Individual,116702.44,Tier 2
Punjab,22.23,Tvs,Apache Rtr 160,55550.0,2021,432.0,Electric,97.32,Second,2021.0,Active,Dealer,22507.4,Tier 3
West Bengal,30.28,Yamaha,R15 V4,118242.0,2019,744.0,Hybrid,90.32,Second,2023.0,Not Available,Dealer,57603.72,Tier 3
Tamil Nadu,40.37,Yamaha,Mt-15,78801.0,2022,506.0,Electric,78.9,Second,2022.0,Expired,Individual,60750.26,Tier 1
Tamil Nadu,11.13,Kawasaki,Ninja 300,389042.0,2022,349.0,Hybrid,64.67,Second,2022.0,Expired,Dealer,219309.1,Metro
Punjab,21.56,Kawasaki,Ninja 400,342544.0,2023,629.0,Petrol,54.64,Third,2023.0,Active,Individual,184670.86,Tier 1
West Bengal,78.74,Kawasaki,Ninja 300,69473.0,2021,167.0,Hybrid,76.05,Second,2021.0,Active,Dealer,52102.85,Metro
Tamil Nadu,61.03,Tvs,Ronin,324472.0,2019,393.0,Electric,64.57,Second,2022.0,Not Available,Dealer,145692.19,Tier 2
Uttar Pradesh,50.0,Yamaha,Mt-15,177720.0,2018,809.0,Petrol,55.44,Third,2024.0,Active,Individual,82125.23,Tier 3
Punjab,45.05,Honda,Cbr 650R,62668.0,2023,859.0,Hybrid,64.36,Third,2023.0,Active,Dealer,43267.86,Tier 2
Maharashtra,79.64,Kawasaki,Vulcan S,231467.0,2020,677.0,Hybrid,88.97,Second,2021.0,Active,Individual,133472.89,Metro
Madhya Pradesh,20.7,Yamaha,Fascino 125,376662.0,2023,381.0,Petrol,27.32,Second,2023.0,Expired,Dealer,164924.85,Metro
Delhi,38.9,Ktm,Duke 200,276254.0,2021,384.0,Electric,62.43,Second,2021.0,Active,Individual,188126.33,Metro
Gujarat,43.46,Royal Enfield,Meteor 350,129947.0,2022,889.0,Hybrid,62.6,Second,2022.0,Active,Dealer,73045.88,Metro
Maharashtra,67.43,Kawasaki,Ninja 300,66390.0,2022,762.0,Hybrid,62.3,Second,2022.0,Expired,Dealer,29160.32,Tier 2
Uttar Pradesh,71.39,Ktm,390 Adventure,381012.0,2023,917.0,Petrol,50.98,First,2023.0,Expired,Individual,217751.12,Metro
Madhya Pradesh,77.37,Ktm,Duke 200,210685.0,2024,379.0,Hybrid,62.91,Second,2024.0,Expired,Dealer,89932.53,Tier 3
Punjab,5.11,Honda,Cbr 650R,174730.0,2019,129.0,Petrol,70.2,Second,2024.0,Not Available,Individual,127732.46,Metro
Tamil Nadu,36.28,Yamaha,Ray Zr,300186.0,2020,508.0,Electric,62.55,Second,2024.0,Active,Dealer,163861.02,Tier 3
Uttar Pradesh,54.46,Tvs,Sport,363836.0,2021,270.0,Electric,64.27,Third,2024.0,Expired,Individual,195900.41,Metro
Uttar Pradesh,47.48,Hero,Xtreme 160R,194359.0,2021,743.0,Electric,77.25,Second,2023.0,Active,Dealer,111114.85,Tier 1
Uttar Pradesh,58.26,Kawasaki,Vulcan S,75369.0,2017,647.0,Electric,64.62,Third,2024.0,Expired,Dealer,48692.26,Tier 3
West Bengal,29.49,Hero,Splendor Plus,255154.0,2023,355.0,Electric,99.8,Third,2023.0,Expired,Dealer,133472.89,Tier 2
Maharashtra,10.67,Bajaj,Pulsar 150,293184.0,2023,479.0,Petrol,59.6,Second,2023.0,Expired,Dealer,152509.83,Tier 2
Karnataka,64.73,Honda,Unicorn,93378.0,2024,652.0,Hybrid,93.18,First,2024.0,Expired,Individual,47741.69,Tier 3
Rajasthan,26.53,Bajaj,Ct 100,161789.0,2015,856.0,Petrol,36.94,Second,2021.0,Active,Dealer,76659.71,Tier 1
Karnataka,73.96,Ktm,Duke 200,393091.0,2022,745.0,Electric,70.18,Third,2023.0,Not Available,Individual,197439.13,Metro
Karnataka,13.38,Ktm,250 Duke,178752.0,2020,716.0,Electric,76.26,Second,2023.0,Active,Individual,76439.84,Tier 3
Karnataka,30.16,Honda,Shine,166128.0,2021,870.0,Petrol,49.61,Second,2022.0,Expired,Individual,117522.71,Metro
Madhya Pradesh,37.1,Royal Enfield,Interceptor 650,284107.0,2015,699.0,Hybrid,85.82,Third,2022.0,Not Available,Dealer,169774.67,Metro
Punjab,25.7,Honda,Unicorn,137832.0,2022,377.0,Petrol,43.05,Second,2024.0,Not Available,Dealer,102047.34,Tier 2
Madhya Pradesh,16.12,Hero,Hf Deluxe,299808.0,2022,389.0,Electric,77.25,Second,2022.0,Not Available,Dealer,148741.25,Tier 2
Delhi,22.42,Honda,Cbr 650R,279511.0,2022,858.0,Hybrid,60.55,Second,2022.0,Active,Dealer,175520.69,Tier 1
Madhya Pradesh,21.04,Honda,Unicorn,152458.0,2018,552.0,Electric,70.2,Second,2022.0,Active,Dealer,121390.6,Metro
Delhi,28.3,Yamaha,Ray Zr,176957.0,2024,878.0,Electric,70.2,Second,2024.0,Active,Dealer,140616.72,Metro
Tamil Nadu,46.28,Ktm,390 Adventure,208245.0,2019,550.0,Petrol,58.72,Second,2022.0,Not Available,Individual,133472.89,Tier 2
Gujarat,78.56,Royal Enfield,Classic 350,217892.0,2018,881.0,Petrol,54.36,Second,2024.0,Expired,Dealer,164909.8,Tier 1
Punjab,53.11,Ktm,390 Adventure,76172.0,2021,119.0,Hybrid,70.2,Second,2023.0,Active,Individual,133472.89,Metro
Rajasthan,71.56,Tvs,Ntorq 125,247338.0,2024,715.0,Electric,91.15,Third,2024.0,Active,Individual,173656.85,Metro
Madhya Pradesh,49.91,Kawasaki,Ninja 400,365561.0,2022,440.0,Electric,62.4,First,2022.0,Not Available,Individual,250504.43009691575,Tier 3
Karnataka,43.78,Honda,Unicorn,275580.0,2019,234.0,Hybrid,84.33,Second,2024.0,Active,Dealer,188649.39,Metro
Maharashtra,62.11,Bajaj,Pulsar 150,102023.0,2022,519.0,Electric,70.04,Second,2022.0,Expired,Dealer,80329.13746143061,Tier 2
Delhi,36.11,Tvs,Sport,322354.0,2024,125.0,Petrol,58.2,Second,2024.0,Expired,Individual,149357.6,Tier 2
Punjab,37.58,Tvs,Ronin,288846.0,2021,434.0,Hybrid,72.28,Second,2023.0,Not Available,Dealer,209295.91,Tier 1
Tamil Nadu,15.52,Honda,Cbr 650R,260719.0,2024,733.0,Petrol,50.76,Second,2024.0,Expired,Individual,152099.53,Tier 2
Punjab,38.33,Yamaha,Mt-15,186582.0,2022,926.0,Electric,98.22,Third,2023.0,Expired,Dealer,85014.93,Tier 3
Gujarat,46.11,Kawasaki,Ninja 400,308320.0,2016,741.0,Electric,94.38,Second,2022.0,Expired,Dealer,196236.13,Metro
Punjab,11.99,Bajaj,Avenger 220,275741.0,2021,279.0,Petrol,59.25,Second,2021.0,Expired,Dealer,111102.47,Tier 2
Uttar Pradesh,30.55,Bajaj,Platina 110,346617.0,2020,512.0,Hybrid,70.2,Second,2024.0,Active,Dealer,182974.76,Tier 1
Uttar Pradesh,22.75,Hero,Xtreme 160R,101368.0,2021,947.0,Petrol,51.82,Second,2021.0,Active,Dealer,65963.07,Tier 3
Uttar Pradesh,46.66,Tvs,Jupiter,273604.0,2024,959.0,Petrol,37.87,Second,2024.0,Active,Individual,208958.09,Tier 2
Delhi,73.3,Royal Enfield,Interceptor 650,96183.0,2022,515.0,Electric,96.59,Second,2023.0,Active,Individual,45927.48,Metro
Uttar Pradesh,28.06,Kawasaki,Vulcan S,140565.0,2017,742.0,Hybrid,83.81,Second,2023.0,Not Available,Individual,83461.63,Metro
Punjab,32.57,Bajaj,Avenger 220,304077.0,2018,758.0,Electric,73.34,Second,2023.0,Expired,Dealer,133168.16,Tier 1
Tamil Nadu,65.96,Yamaha,Mt-15,380570.0,2024,106.0,Petrol,31.37,Second,2024.0,Not Available,Individual,252724.69,Metro
Maharashtra,50.6,Yamaha,Fz V3,292413.0,2017,405.0,Electric,80.66,Second,2022.0,Active,Dealer,209750.68,Metro
Delhi,77.36,Yamaha,Ray Zr,258965.0,2023,909.0,Petrol,54.95,Second,2023.0,Not Available,Individual,165475.13,Tier 3
Rajasthan,73.52,Honda,Activa,183254.0,2020,392.0,Petrol,55.6,Second,2021.0,Expired,Dealer,113045.93,Metro
Karnataka,61.31,Royal Enfield,Himalayan,87278.0,2024,638.0,Electric,81.37,Second,2024.0,Active,Individual,133472.89,Metro
Rajasthan,12.84,Honda,Shine,326902.0,2024,425.0,Petrol,29.73,Second,2024.0,Not Available,Dealer,160470.56,Tier 3
Madhya Pradesh,72.42,Kawasaki,Versys 650,170194.0,2024,766.0,Petrol,33.48,Second,2024.0,Active,Individual,96207.4,Tier 2
Delhi,66.24,Kawasaki,Ninja 300,193138.0,2024,552.0,Hybrid,85.67,Third,2024.0,Expired,Dealer,81639.63,Tier 2
Tamil Nadu,9.67,Honda,Activa,263070.0,2021,489.0,Hybrid,77.63,Second,2021.0,Expired,Individual,115377.03,Tier 2
Uttar Pradesh,62.63,Honda,Cbr 650R,70261.0,2023,846.0,Petrol,34.43,Second,2024.0,Expired,Dealer,44759.96,Metro
Punjab,15.22,Royal Enfield,Classic 350,242366.0,2022,246.0,Petrol,43.49,Third,2022.0,Active,Individual,113410.25,Tier 3
Madhya Pradesh,38.28,Tvs,Jupiter,396323.0,2018,417.0,Electric,97.58,Second,2024.0,Active,Individual,174281.33,Tier 3
Rajasthan,71.9,Honda,Unicorn,205428.0,2021,976.0,Electric,97.85,Second,2022.0,Not Available,Individual,115254.01,Tier 3
Maharashtra,13.42,Honda,Unicorn,155436.0,2024,133.0,Petrol,51.53,Third,2024.0,Active,Dealer,109227.11,Tier 2
Gujarat,72.65,Hero,Splendor Plus,362500.0,2023,214.0,Petrol,39.26,First,2023.0,Expired,Dealer,178143.96,Tier 1
West Bengal,34.92,Tvs,Sport,277277.0,2023,935.0,Petrol,34.63,Second,2023.0,Active,Dealer,220877.28,Metro
Gujarat,9.19,Honda,Unicorn,87199.0,2015,845.0,Petrol,48.38,Third,2024.0,Active,Individual,68531.69,Tier 3
Rajasthan,26.85,Kawasaki,Vulcan S,320245.0,2021,250.0,Petrol,70.2,Second,2024.0,Active,Dealer,233236.37,Metro
Rajasthan,38.99,Ktm,390 Adventure,142540.0,2022,452.0,Petrol,46.91,Second,2024.0,Active,Dealer,95330.67,Tier 1
Karnataka,31.15,Hero,Hf Deluxe,186900.0,2015,775.0,Electric,75.7,Third,2024.0,Not Available,Dealer,91710.39,Tier 1
Uttar Pradesh,71.67,Yamaha,Fascino 125,221237.0,2015,550.0,Electric,84.74,Third,2022.0,Expired,Individual,175700.95,Metro
Punjab,34.06,Royal Enfield,Interceptor 650,204562.0,2018,242.0,Petrol,44.28,Second,2021.0,Expired,Individual,101581.18,Tier 1
Punjab,64.24,Hero,Passion Pro,235100.0,2023,735.0,Hybrid,65.36,Second,2023.0,Expired,Dealer,122481.24,Tier 1
Maharashtra,71.16,Honda,Shine,272071.0,2021,711.0,Electric,72.65,Second,2021.0,Expired,Individual,212499.44,Tier 1
Maharashtra,33.33,Kawasaki,Vulcan S,133384.0,2021,868.0,Hybrid,92.2,Second,2022.0,Expired,Individual,67342.32,Tier 3
Punjab,15.58,Honda,Cbr 650R,271375.0,2022,336.0,Hybrid,82.92,Second,2022.0,Not Available,Dealer,137974.23,Tier 1
Gujarat,10.72,Honda,Cbr 650R,183009.0,2016,769.0,Electric,76.32,Second,2024.0,Not Available,Individual,93188.21,Tier 1
Gujarat,43.57,Honda,Dio,111335.0,2019,927.0,Hybrid,75.23,Second,2023.0,Not Available,Individual,54383.72,Tier 1
Gujarat,23.71,Bajaj,Avenger 220,365551.0,2020,682.0,Petrol,55.74,Second,2024.0,Active,Individual,227396.53,Tier 2
Delhi,8.7,Royal Enfield,Hunter 350,214853.0,2019,437.0,Hybrid,64.06,Second,2022.0,Active,Individual,169702.17,Tier 1
West Bengal,27.96,Bajaj,Avenger 220,377357.0,2018,933.0,Petrol,43.59,Third,2022.0,Expired,Dealer,186111.75,Tier 2
Tamil Nadu,59.93,Hero,Passion Pro,89854.0,2024,197.0,Petrol,26.79,Second,2024.0,Not Available,Dealer,68962.03,Metro
Gujarat,69.63,Hero,Splendor Plus,105026.0,2021,125.0,Electric,88.2,Second,2024.0,Active,Individual,45787.17,Metro
Uttar Pradesh,22.0,Tvs,Ntorq 125,114827.0,2017,932.0,Petrol,70.2,Second,2022.0,Not Available,Individual,90507.58,Tier 2
Maharashtra,41.66,Ktm,Rc 390,345460.0,2023,738.0,Hybrid,82.61,Second,2023.0,Active,Individual,152745.79,Tier 1
Maharashtra,63.18,Hero,Splendor Plus,190675.0,2024,311.0,Electric,70.18,Second,2024.0,Active,Individual,101944.04,Metro
Karnataka,59.02,Royal Enfield,Meteor 350,187208.0,2021,364.0,Petrol,31.11,Second,2021.0,Not Available,Dealer,111025.21,Tier 1
Karnataka,60.4,Bajaj,Platina 110,232362.0,2022,242.0,Hybrid,70.2,Second,2022.0,Not Available,Dealer,125186.77,Metro
Punjab,8.43,Bajaj,Pulsar 150,212943.0,2023,277.0,Electric,87.42,Second,2023.0,Expired,Individual,146895.14,Tier 2
Karnataka,37.26,Honda,Dio,134085.0,2017,288.0,Petrol,25.2,Second,2024.0,Expired,Individual,102709.46,Metro
West Bengal,73.53,Royal Enfield,Classic 350,236911.0,2017,376.0,Hybrid,68.78,Second,2021.0,Active,Dealer,160238.53,Metro
Maharashtra,73.56,Hero,Hf Deluxe,218886.0,2019,118.0,Hybrid,73.68,Second,2024.0,Active,Individual,129562.57,Tier 1
Uttar Pradesh,50.31,Yamaha,R15 V4,178865.0,2020,706.0,Electric,92.98,Second,2023.0,Active,Dealer,74276.6,Tier 1
Uttar Pradesh,62.88,Ktm,Duke 200,370358.0,2023,241.0,Electric,69.16,Second,2023.0,Expired,Dealer,161209.37,Tier 3
West Bengal,53.9,Honda,Unicorn,347678.0,2023,180.0,Hybrid,77.01,Second,2023.0,Expired,Dealer,133472.89,Tier 2
Maharashtra,51.02,Bajaj,Avenger 220,362434.0,2015,899.0,Petrol,53.82,Second,2021.0,Active,Individual,213475.05,Tier 2
Gujarat,49.75,Honda,Dio,315606.0,2016,123.0,Hybrid,70.2,Second,2024.0,Expired,Dealer,201993.23,Tier 3
Karnataka,74.83,Yamaha,Ray Zr,284611.0,2022,217.0,Petrol,55.17,Third,2023.0,Not Available,Dealer,148186.89,Tier 1
West Bengal,42.56,Honda,Unicorn,335346.0,2023,869.0,Hybrid,71.46,Second,2024.0,Active,Dealer,248193.98,Tier 2
Delhi,45.68,Yamaha,Fascino 125,267920.0,2022,129.0,Electric,99.07,Second,2022.0,Not Available,Dealer,179594.22,Tier 2
Rajasthan,29.9,Kawasaki,Versys 650,140693.0,2019,996.0,Hybrid,70.2,Third,2024.0,Active,Individual,133472.89,Metro
Madhya Pradesh,59.23,Yamaha,Fz V3,286649.0,2020,322.0,Hybrid,97.2,Second,2024.0,Expired,Individual,210494.37,Tier 1
Rajasthan,69.02,Honda,Shine,342326.0,2015,364.0,Hybrid,70.2,Second,2021.0,Expired,Dealer,201354.39,Tier 1
West Bengal,73.39,Kawasaki,Vulcan S,98549.0,2024,296.0,Hybrid,89.25,Second,2024.0,Expired,Individual,75458.54,Tier 1
Karnataka,15.1,Bajaj,Avenger 220,251402.0,2021,516.0,Petrol,40.19,Second,2021.0,Expired,Dealer,118341.84,Tier 2
West Bengal,33.85,Tvs,Apache Rtr 160,188996.0,2021,253.0,Hybrid,61.55,Third,2023.0,Active,Dealer,75883.11,Tier 2
Uttar Pradesh,46.61,Bajaj,Pulsar 150,384459.0,2022,863.0,Electric,73.05,Second,2022.0,Active,Individual,267641.19,Tier 3
Madhya Pradesh,74.82,Honda,Cbr 650R,301933.0,2016,454.0,Hybrid,78.26,Second,2023.0,Active,Individual,186148.85,Tier 2
Madhya Pradesh,30.16,Kawasaki,Z650,270838.0,2023,845.0,Hybrid,99.43,Second,2024.0,Active,Individual,129139.63,Tier 1
Tamil Nadu,31.91,Hero,Hf Deluxe,94336.0,2024,613.0,Electric,93.33,Second,2024.0,Expired,Dealer,37805.8,Tier 2
Delhi,9.24,Kawasaki,Ninja 300,378903.0,2021,939.0,Electric,79.6,Second,2024.0,Active,Individual,300075.43,Tier 1
Madhya Pradesh,23.37,Royal Enfield,Meteor 350,397677.0,2023,831.0,Petrol,57.58,First,2023.0,Not Available,Dealer,316048.39,Tier 3
West Bengal,35.48,Hero,Splendor Plus,151233.0,2022,741.0,Petrol,55.71,Third,2022.0,Not Available,Dealer,68747.6,Tier 2
Madhya Pradesh,26.42,Tvs,Sport,91257.0,2024,345.0,Petrol,46.43,Second,2024.0,Expired,Dealer,66362.51,Tier 1
Uttar Pradesh,45.96,Honda,Dio,140918.0,2022,0.0,Petrol,70.2,Second,2024.0,Expired,Individual,64171.8,Tier 2
Tamil Nadu,78.11,Kawasaki,Ninja 400,287193.0,2021,135.0,Hybrid,77.1,Second,2021.0,Not Available,Individual,143958.15,Tier 1
West Bengal,53.08,Bajaj,Dominar 400,155780.0,2021,704.0,Electric,83.29,Second,2021.0,Not Available,Individual,93105.54,Tier 2
Madhya Pradesh,17.28,Yamaha,Mt-15,121927.0,2021,595.0,Hybrid,80.7,Third,2024.0,Active,Individual,81282.87,Tier 1
Maharashtra,53.0,Hero,Splendor Plus,245543.0,2024,114.0,Hybrid,79.21,Second,2024.0,Expired,Individual,147461.2,Tier 3
Gujarat,75.52,Kawasaki,Ninja 300,80208.0,2020,451.0,Petrol,56.89,Second,2024.0,Active,Dealer,45191.43,Tier 2
Rajasthan,71.35,Hero,Passion Pro,199943.0,2017,592.0,Hybrid,75.14,Second,2023.0,Expired,Dealer,133472.89,Metro
Uttar Pradesh,46.13,Honda,Activa,138267.0,2024,689.0,Electric,60.22,Second,2024.0,Expired,Individual,69113.09,Metro
Tamil Nadu,58.25,Yamaha,Fascino 125,131320.0,2021,439.0,Electric,85.22,Second,2024.0,Active,Individual,67956.54,Tier 2
Punjab,15.13,Ktm,125 Duke,379812.0,2018,674.0,Electric,66.44,Third,2023.0,Not Available,Dealer,188811.99,Tier 3
Tamil Nadu,9.58,Honda,Cbr 650R,203510.0,2024,417.0,Electric,70.88,Second,2024.0,Not Available,Individual,116561.57,Tier 1
Madhya Pradesh,42.96,Royal Enfield,Himalayan,120900.0,2022,900.0,Electric,80.59,Second,2023.0,Not Available,Individual,94362.63,Tier 2
West Bengal,28.05,Tvs,Jupiter,208497.0,2019,929.0,Electric,75.41,Second,2021.0,Expired,Dealer,110550.17,Tier 1
Karnataka,19.41,Tvs,Sport,316073.0,2021,102.0,Electric,68.12,Second,2023.0,Active,Dealer,129796.06,Tier 3
Delhi,39.76,Royal Enfield,Interceptor 650,142627.0,2023,319.0,Petrol,55.16,Second,2024.0,Not Available,Individual,104305.69,Tier 2
Delhi,63.07,Bajaj,Ct 100,162602.0,2021,706.0,Petrol,34.07,Second,2023.0,Active,Dealer,104529.14,Tier 2
Punjab,29.16,Bajaj,Avenger 220,91505.0,2019,244.0,Electric,99.15,Third,2021.0,Active,Dealer,70018.7,Metro
Uttar Pradesh,35.02,Royal Enfield,Interceptor 650,372895.0,2021,237.0,Hybrid,70.2,Third,2023.0,Expired,Individual,247655.39,Metro
Maharashtra,60.63,Yamaha,Fz V3,386607.0,2018,917.0,Electric,95.13,Second,2024.0,Expired,Individual,133472.89,Tier 1
Delhi,55.9,Kawasaki,Versys 650,383761.0,2019,979.0,Hybrid,73.69,Second,2023.0,Active,Dealer,226149.27,Metro
West Bengal,71.01,Bajaj,Platina 110,387523.0,2022,357.0,Electric,81.63,Second,2022.0,Active,Individual,192080.41,Tier 3
Gujarat,53.86,Yamaha,Ray Zr,373772.0,2024,283.0,Electric,90.23,Third,2024.0,Not Available,Dealer,218692.79,Tier 3
West Bengal,13.0,Hero,Splendor Plus,115145.0,2015,476.0,Hybrid,70.2,Third,2022.0,Expired,Dealer,51420.05,Tier 3
Uttar Pradesh,53.86,Kawasaki,Ninja 300,210410.0,2021,641.0,Petrol,27.29,First,2021.0,Not Available,Dealer,122046.88,Tier 2
Rajasthan,70.05,Honda,Shine,247374.0,2023,510.0,Electric,82.76,Second,2024.0,Active,Individual,99910.22,Tier 1
Rajasthan,44.39,Royal Enfield,Classic 350,163173.0,2015,957.0,Petrol,53.98,Second,2024.0,Active,Dealer,85664.01,Metro
Uttar Pradesh,20.01,Royal Enfield,Classic 350,153022.0,2019,381.0,Electric,81.96,Second,2023.0,Expired,Individual,63913.54,Tier 1
Delhi,68.1,Yamaha,Fz V3,353261.0,2024,961.0,Hybrid,84.84,Third,2024.0,Not Available,Individual,270497.77,Tier 2
Delhi,36.86,Tvs,Ronin,263409.0,2019,321.0,Electric,63.61,Third,2022.0,Active,Individual,143849.51,Tier 3
Madhya Pradesh,62.14,Yamaha,R15 V4,367784.0,2015,651.0,Petrol,34.65,Second,2022.0,Expired,Individual,284203.46,Metro
West Bengal,66.98,Yamaha,Ray Zr,255872.0,2021,293.0,Electric,71.68,First,2021.0,Expired,Dealer,118956.08,Metro
Delhi,34.17,Royal Enfield,Interceptor 650,136743.0,2015,336.0,Electric,62.07,Third,2021.0,Active,Dealer,76307.29,Tier 1
Tamil Nadu,79.92,Tvs,Sport,288833.0,2020,931.0,Electric,61.32,Second,2024.0,Active,Dealer,143283.54,Metro
Gujarat,78.53,Hero,Passion Pro,244334.0,2018,808.0,Petrol,50.55,Second,2022.0,Expired,Dealer,129317.5,Tier 3
Punjab,35.81,Royal Enfield,Meteor 350,155285.0,2024,460.0,Hybrid,70.2,Second,2024.0,Expired,Individual,77003.53,Tier 3
Maharashtra,75.43,Yamaha,Fascino 125,137307.0,2019,744.0,Electric,81.66,Second,2021.0,Active,Dealer,83586.62,Tier 1
Gujarat,31.91,Yamaha,Fz V3,351179.0,2020,152.0,Hybrid,77.37,Second,2022.0,Active,Individual,189602.44906425115,Metro
Madhya Pradesh,67.05,Bajaj,Avenger 220,202896.0,2022,726.0,Hybrid,68.93,Second,2023.0,Not Available,Individual,150401.84,Tier 2
Punjab,20.0,Royal Enfield,Interceptor 650,75634.0,2022,630.0,Petrol,55.68,Third,2023.0,Active,Individual,60080.69,Tier 2
Delhi,11.93,Kawasaki,Ninja 300,341300.0,2021,287.0,Electric,76.31,Second,2022.0,Active,Dealer,239500.19,Tier 1
Delhi,74.42,Hero,Xtreme 160R,66295.0,2022,255.0,Electric,90.63,Second,2022.0,Expired,Dealer,43692.37,Metro
Rajasthan,11.22,Royal Enfield,Classic 350,256449.0,2019,939.0,Electric,85.04,Third,2021.0,Active,Individual,113427.35,Tier 2
Karnataka,20.26,Bajaj,Dominar 400,238976.0,2017,315.0,Hybrid,72.2,Second,2024.0,Active,Individual,98635.38,Tier 3
Karnataka,25.56,Royal Enfield,Interceptor 650,319028.0,2021,959.0,Petrol,30.26,Second,2023.0,Expired,Individual,146352.43,Tier 3
Karnataka,61.84,Kawasaki,Versys 650,54359.0,2020,758.0,Electric,82.18,Second,2023.0,Active,Dealer,41635.0,Metro
Madhya Pradesh,73.91,Royal Enfield,Interceptor 650,365719.0,2020,347.0,Petrol,50.4,Third,2021.0,Expired,Dealer,252029.65,Tier 2
Tamil Nadu,20.92,Royal Enfield,Hunter 350,322772.0,2023,388.0,Petrol,42.74,Second,2023.0,Expired,Dealer,230892.23,Tier 1
Uttar Pradesh,26.29,Honda,Dio,129775.0,2023,633.0,Petrol,41.78,Second,2024.0,Active,Dealer,101527.28,Metro
Uttar Pradesh,12.72,Ktm,125 Duke,78385.0,2015,516.0,Electric,70.2,Second,2022.0,Expired,Dealer,40278.1,Tier 1
Punjab,56.34,Yamaha,Fz V3,386302.0,2023,841.0,Petrol,44.61,Second,2024.0,Active,Dealer,263613.91,Tier 3
Uttar Pradesh,15.98,Hero,Hf Deluxe,269366.0,2024,400.0,Petrol,27.79,Second,2024.0,Active,Individual,145505.07,Metro
Maharashtra,7.8,Yamaha,Fascino 125,207745.0,2020,442.0,Hybrid,95.02,Second,2021.0,Expired,Dealer,121312.08,Metro
Karnataka,57.07,Kawasaki,Z650,63055.0,2022,708.0,Petrol,70.2,Second,2022.0,Expired,Individual,34776.44,Tier 1
Gujarat,5.26,Tvs,Jupiter,313427.0,2018,553.0,Hybrid,63.41,Second,2024.0,Active,Individual,166374.74,Tier 3
Punjab,19.2,Honda,Unicorn,64663.0,2022,624.0,Petrol,50.0,Second,2022.0,Active,Dealer,34158.99,Tier 1
Gujarat,68.57,Yamaha,Ray Zr,93907.0,2021,527.0,Electric,78.21,Second,2022.0,Not Available,Dealer,72972.36,Tier 1
Rajasthan,44.89,Royal Enfield,Hunter 350,193459.0,2022,989.0,Electric,67.45,Second,2023.0,Active,Dealer,104693.58,Tier 2
Madhya Pradesh,37.03,Kawasaki,Vulcan S,250617.0,2024,221.0,Electric,85.1,Second,2024.0,Expired,Dealer,159376.95,Tier 2
Punjab,45.6,Yamaha,Ray Zr,76061.0,2021,920.0,Electric,86.43,Third,2023.0,Not Available,Individual,39229.55,Tier 3
Maharashtra,42.82,Hero,Glamour,108551.0,2021,169.0,Petrol,26.58,Second,2023.0,Active,Individual,77724.37,Tier 3
Delhi,64.07,Royal Enfield,Interceptor 650,273027.0,2017,859.0,Petrol,41.47,Third,2023.0,Expired,Dealer,214903.97,Tier 1
Rajasthan,48.72,Hero,Xtreme 160R,304949.0,2024,581.0,Petrol,57.4,Second,2024.0,Not Available,Individual,195146.67,Tier 2
Tamil Nadu,11.52,Bajaj,Pulsar 150,74401.0,2024,190.0,Petrol,48.74,First,2024.0,Active,Dealer,36117.15,Tier 2
Karnataka,57.35,Bajaj,Ct 100,133566.0,2022,363.0,Hybrid,98.75,Second,2023.0,Not Available,Dealer,67226.41,Tier 3
Delhi,55.04,Tvs,Ronin,318397.0,2020,979.0,Hybrid,64.15,Second,2022.0,Not Available,Individual,239949.11,Metro
Karnataka,26.59,Royal Enfield,Himalayan,349028.0,2019,459.0,Electric,75.7,Third,2021.0,Not Available,Dealer,234521.51,Metro
Rajasthan,65.48,Tvs,Ronin,137017.0,2023,359.0,Electric,96.33,Third,2024.0,Active,Dealer,79347.72,Tier 1
Uttar Pradesh,63.18,Hero,Hf Deluxe,334809.0,2024,440.0,Petrol,25.73,Third,2024.0,Expired,Dealer,197507.33,Tier 1
Delhi,17.6,Yamaha,Ray Zr,141370.0,2023,399.0,Petrol,28.02,Second,2023.0,Expired,Individual,103110.93,Tier 1
Maharashtra,26.01,Tvs,Apache Rtr 160,135679.0,2019,140.0,Hybrid,90.87,Second,2023.0,Not Available,Dealer,61657.7,Metro
West Bengal,14.08,Royal Enfield,Hunter 350,196947.0,2016,599.0,Hybrid,85.35,Second,2023.0,Active,Individual,142001.18,Tier 1
Rajasthan,13.83,Tvs,Sport,105989.0,2024,397.0,Electric,69.45,Third,2024.0,Expired,Individual,73023.48,Tier 1
Rajasthan,57.95,Honda,Cbr 650R,384682.0,2016,585.0,Petrol,50.66,Second,2022.0,Expired,Dealer,249192.6,Tier 2
Uttar Pradesh,69.68,Royal Enfield,Hunter 350,347739.0,2020,780.0,Hybrid,98.41,Second,2023.0,Active,Individual,234376.16,Tier 2
West Bengal,18.59,Yamaha,Fascino 125,206005.0,2022,944.0,Petrol,49.54,Second,2022.0,Active,Individual,156970.81,Tier 1
Delhi,23.91,Tvs,Jupiter,292300.0,2018,416.0,Electric,82.77,Third,2021.0,Expired,Individual,208370.19,Tier 1
West Bengal,76.15,Tvs,Ronin,238269.0,2023,968.0,Hybrid,74.53,Second,2024.0,Expired,Dealer,126335.59,Tier 3
Maharashtra,70.93,Honda,Unicorn,146068.0,2022,459.0,Hybrid,94.61,First,2022.0,Not Available,Individual,59944.89,Tier 2
Delhi,50.7,Honda,Dio,91808.0,2022,853.0,Petrol,70.2,Second,2022.0,Active,Dealer,71752.53,Metro
Rajasthan,44.03,Bajaj,Dominar 400,344769.0,2018,601.0,Hybrid,83.91,Third,2023.0,Expired,Dealer,166755.85,Metro
Rajasthan,18.78,Honda,Dio,50808.0,2018,315.0,Petrol,32.49,Third,2024.0,Active,Dealer,37979.43,Tier 2
Uttar Pradesh,10.14,Hero,Glamour,320815.0,2016,977.0,Hybrid,79.88,Second,2021.0,Expired,Dealer,163615.61,Tier 2
Uttar Pradesh,70.56,Yamaha,Fz V3,383357.0,2021,414.0,Petrol,36.11,Third,2021.0,Expired,Individual,189807.29,Metro
Karnataka,79.63,Kawasaki,Ninja 400,265717.0,2021,534.0,Petrol,59.8,Second,2021.0,Not Available,Dealer,182319.64,Tier 3
Madhya Pradesh,73.35,Honda,Activa,103432.0,2024,962.0,Electric,83.68,First,2024.0,Expired,Individual,43335.95,Tier 3
Delhi,61.79,Ktm,Rc 390,158811.0,2017,460.0,Electric,63.06,Second,2022.0,Not Available,Individual,133472.89,Tier 2
Karnataka,19.37,Kawasaki,Ninja 400,216865.0,2022,166.0,Petrol,40.2,Second,2022.0,Active,Individual,112099.57,Tier 3
Uttar Pradesh,74.38,Hero,Hf Deluxe,279836.0,2024,354.0,Petrol,59.27,Second,2024.0,Expired,Individual,176113.51,Tier 3
West Bengal,52.4,Kawasaki,Ninja 400,317128.0,2017,938.0,Petrol,56.77,Second,2022.0,Not Available,Individual,230842.21,Metro
Tamil Nadu,36.6,Royal Enfield,Interceptor 650,282112.0,2022,116.0,Petrol,50.93,Second,2022.0,Expired,Individual,170839.08,Tier 3
Karnataka,43.8,Royal Enfield,Classic 350,273410.0,2022,506.0,Hybrid,71.93,Third,2022.0,Active,Individual,133184.92,Tier 2
Madhya Pradesh,79.02,Yamaha,Mt-15,247439.0,2015,916.0,Hybrid,87.79,Third,2023.0,Not Available,Dealer,113409.06,Tier 3
Gujarat,30.29,Honda,Activa,203623.0,2018,640.0,Petrol,47.6,Second,2022.0,Expired,Individual,104437.95,Tier 3
Uttar Pradesh,71.74,Bajaj,Platina 110,152204.0,2023,958.0,Petrol,28.07,First,2023.0,Expired,Individual,112684.36,Tier 2
Delhi,16.28,Kawasaki,Ninja 300,101476.0,2015,958.0,Petrol,28.67,Second,2024.0,Expired,Dealer,49156.91,Tier 1
Tamil Nadu,18.0,Tvs,Ntorq 125,280876.0,2018,176.0,Electric,77.94,Second,2022.0,Expired,Dealer,133472.89,Tier 2
West Bengal,15.23,Bajaj,Avenger 220,349699.0,2017,152.0,Petrol,58.28,Third,2023.0,Active,Individual,272764.25,Tier 3
Punjab,26.64,Royal Enfield,Himalayan,94032.0,2024,801.0,Electric,85.04,Second,2024.0,Not Available,Individual,64054.15,Tier 3
Tamil Nadu,56.77,Yamaha,Mt-15,122080.0,2024,388.0,Electric,85.68,Second,2024.0,Expired,Dealer,75731.54,Tier 1
West Bengal,61.23,Royal Enfield,Himalayan,337024.0,2019,684.0,Electric,88.38,Second,2024.0,Expired,Dealer,267389.33,Tier 2
Gujarat,68.17,Hero,Passion Pro,264280.0,2022,383.0,Electric,83.44,Third,2022.0,Active,Individual,127755.56,Metro
Uttar Pradesh,63.98,Tvs,Apache Rtr 160,382368.0,2021,149.0,Hybrid,93.83,Second,2022.0,Active,Dealer,176107.43,Metro
Uttar Pradesh,17.75,Kawasaki,Ninja 400,194396.0,2021,268.0,Petrol,49.4,First,2021.0,Not Available,Individual,111751.02,Tier 2
Karnataka,17.2,Kawasaki,Z650,213790.0,2020,169.0,Hybrid,80.56,Second,2023.0,Expired,Dealer,111725.27,Metro
Uttar Pradesh,59.09,Tvs,Ntorq 125,365069.0,2022,839.0,Hybrid,72.01,Second,2022.0,Active,Dealer,217858.58,Tier 1
Madhya Pradesh,64.73,Kawasaki,Ninja 300,248268.0,2021,374.0,Hybrid,64.3,Third,2024.0,Active,Individual,146890.08895342943,Tier 2
Tamil Nadu,43.6,Hero,Hf Deluxe,136748.0,2021,474.0,Petrol,32.38,First,2021.0,Not Available,Dealer,133472.89,Metro
Gujarat,5.21,Kawasaki,Versys 650,343224.0,2023,270.0,Hybrid,91.25,First,2023.0,Active,Dealer,168137.88,Metro
Tamil Nadu,21.29,Kawasaki,Versys 650,231953.0,2021,546.0,Petrol,70.2,First,2021.0,Not Available,Individual,93890.06,Tier 1
Madhya Pradesh,22.57,Bajaj,Platina 110,238650.0,2018,746.0,Hybrid,95.44,Second,2023.0,Active,Dealer,133208.62,Tier 1
Punjab,56.69,Kawasaki,Z650,106862.0,2022,270.0,Hybrid,60.88,Second,2022.0,Expired,Individual,85367.32,Metro
Maharashtra,28.26,Hero,Hf Deluxe,210654.0,2023,243.0,Hybrid,63.02,Second,2023.0,Active,Individual,104865.5,Tier 2
Karnataka,45.93,Kawasaki,Ninja 400,206514.0,2020,672.0,Electric,92.27,Second,2022.0,Expired,Dealer,156067.75,Tier 1
Madhya Pradesh,75.6,Bajaj,Dominar 400,105988.0,2021,820.0,Hybrid,92.3,Second,2023.0,Active,Dealer,133472.89,Tier 3
Maharashtra,36.86,Honda,Dio,204943.0,2017,135.0,Hybrid,91.8,Second,2021.0,Expired,Dealer,150354.2,Metro
Delhi,57.57,Yamaha,Ray Zr,306959.0,2022,462.0,Petrol,40.26,Third,2024.0,Not Available,Dealer,198526.38,Tier 1
Punjab,37.2,Tvs,Ronin,335459.0,2015,848.0,Hybrid,76.53,Third,2024.0,Expired,Dealer,133472.89,Tier 1
Rajasthan,48.02,Ktm,125 Duke,380766.0,2024,109.0,Electric,71.21,Second,2024.0,Expired,Dealer,198918.75,Tier 3
Rajasthan,51.2,Kawasaki,Ninja 400,268765.0,2021,296.0,Petrol,70.2,Second,2022.0,Expired,Dealer,199403.72,Metro
Maharashtra,38.16,Tvs,Ntorq 125,219182.0,2024,731.0,Hybrid,72.47,Second,2024.0,Not Available,Dealer,169050.21,Tier 3
Punjab,75.41,Yamaha,Ray Zr,90428.0,2021,522.0,Petrol,56.66,First,2021.0,Expired,Individual,49726.92,Metro
Tamil Nadu,15.95,Bajaj,Dominar 400,365753.0,2019,464.0,Hybrid,61.67,Second,2021.0,Expired,Dealer,234018.34,Tier 2
Rajasthan,28.85,Royal Enfield,Meteor 350,193858.0,2022,621.0,Electric,70.26,Second,2023.0,Not Available,Individual,132663.16,Tier 3
Uttar Pradesh,17.8,Yamaha,Fascino 125,98666.0,2024,674.0,Petrol,35.49,Second,2024.0,Active,Individual,50401.83,Tier 3
Tamil Nadu,32.01,Yamaha,R15 V4,261668.0,2021,914.0,Electric,75.7,Second,2023.0,Expired,Individual,153029.16,Metro
Delhi,18.07,Kawasaki,Vulcan S,361819.0,2023,390.0,Electric,90.25,Third,2023.0,Active,Dealer,202852.24,Tier 3
Rajasthan,35.81,Tvs,Jupiter,98285.0,2022,395.0,Hybrid,76.57,Second,2022.0,Not Available,Individual,76643.31,Tier 2
West Bengal,71.52,Hero,Passion Pro,248508.0,2020,293.0,Petrol,40.39,Second,2024.0,Not Available,Dealer,125104.66,Metro
Rajasthan,10.72,Tvs,Ronin,56678.0,2021,656.0,Electric,64.39,Second,2023.0,Expired,Dealer,29988.52,Tier 2
Karnataka,32.22,Tvs,Ronin,386768.0,2024,768.0,Electric,84.5,Second,2024.0,Active,Individual,223722.83,Tier 1
Madhya Pradesh,72.9,Tvs,Ronin,383002.0,2015,435.0,Petrol,34.17,Third,2024.0,Not Available,Dealer,198132.28,Metro
Karnataka,15.71,Honda,Dio,143835.0,2023,462.0,Petrol,53.5,Second,2023.0,Not Available,Individual,106373.57,Tier 1
West Bengal,30.36,Kawasaki,Z650,234431.0,2022,719.0,Electric,76.04,Third,2023.0,Not Available,Dealer,136626.98,Metro
Punjab,55.64,Bajaj,Avenger 220,278941.0,2019,199.0,Hybrid,70.2,Second,2021.0,Expired,Dealer,168146.14,Tier 3
Karnataka,17.82,Yamaha,Fz V3,92044.0,2018,489.0,Petrol,35.35,Third,2024.0,Not Available,Dealer,41708.6,Tier 1
Madhya Pradesh,24.11,Royal Enfield,Meteor 350,197458.0,2020,697.0,Hybrid,85.76,Second,2022.0,Active,Individual,113700.29,Tier 2
Rajasthan,57.45,Ktm,125 Duke,200045.0,2024,372.0,Electric,70.2,Second,2024.0,Not Available,Dealer,118041.2,Tier 3
Delhi,66.01,Ktm,Rc 390,399511.0,2024,392.0,Electric,69.79,Second,2024.0,Expired,Individual,288523.06,Tier 2
Karnataka,55.96,Bajaj,Dominar 400,66038.0,2020,779.0,Hybrid,73.42,Third,2022.0,Expired,Individual,35790.09,Tier 2
Punjab,67.54,Royal Enfield,Meteor 350,294460.0,2017,148.0,Petrol,58.79,Second,2021.0,Not Available,Dealer,118853.27,Tier 2
Uttar Pradesh,36.44,Ktm,Rc 390,134404.0,2021,681.0,Electric,88.27,Third,2021.0,Not Available,Dealer,55909.95,Tier 1
Delhi,6.23,Ktm,125 Duke,89699.0,2021,783.0,Electric,93.92,Second,2021.0,Expired,Dealer,43131.88,Tier 1
West Bengal,18.38,Ktm,Rc 390,288240.0,2023,630.0,Hybrid,67.33,First,2023.0,Active,Individual,154387.21,Tier 2
Rajasthan,12.32,Yamaha,R15 V4,168326.0,2018,847.0,Electric,88.79,Second,2023.0,Not Available,Dealer,81070.11,Metro
Maharashtra,18.82,Royal Enfield,Interceptor 650,328373.0,2019,266.0,Petrol,25.68,Second,2021.0,Expired,Dealer,173211.85,Metro
Karnataka,64.8,Yamaha,Ray Zr,325987.0,2023,507.0,Electric,90.14,First,2023.0,Expired,Dealer,214913.61,Metro
Rajasthan,30.39,Tvs,Ntorq 125,163605.0,2024,663.0,Petrol,33.54,First,2024.0,Active,Individual,126956.22,Tier 3
Punjab,64.72,Honda,Shine,240593.0,2019,358.0,Petrol,41.44,Second,2022.0,Expired,Dealer,140392.64,Tier 3
Tamil Nadu,15.3,Royal Enfield,Classic 350,378221.0,2017,172.0,Petrol,39.17,Second,2021.0,Expired,Dealer,228603.03,Tier 3
Maharashtra,74.26,Honda,Unicorn,57953.0,2022,185.0,Petrol,56.69,Second,2022.0,Not Available,Dealer,24406.33,Tier 3
Delhi,67.94,Yamaha,Ray Zr,323622.0,2016,530.0,Petrol,55.28,Third,2022.0,Not Available,Individual,170517.52,Tier 1
Karnataka,76.27,Yamaha,R15 V4,123280.0,2019,553.0,Petrol,54.92,Third,2024.0,Active,Dealer,59480.88,Metro
Rajasthan,61.27,Yamaha,R15 V4,111865.0,2017,331.0,Hybrid,90.4,Third,2021.0,Expired,Dealer,79609.12,Tier 1
Punjab,17.55,Ktm,Duke 200,77297.0,2017,486.0,Electric,92.13,Second,2021.0,Expired,Individual,41986.1,Tier 3
Punjab,52.99,Yamaha,Ray Zr,83757.0,2020,948.0,Hybrid,68.5,Third,2024.0,Expired,Individual,56735.74,Tier 3
Delhi,76.03,Bajaj,Pulsar 150,171170.0,2020,616.0,Electric,92.68,Second,2024.0,Not Available,Individual,74755.3,Tier 2
West Bengal,50.98,Tvs,Ronin,119946.0,2021,893.0,Electric,76.14,Second,2021.0,Not Available,Dealer,70010.31,Tier 3
Punjab,10.83,Tvs,Sport,398637.0,2023,938.0,Hybrid,71.61,Second,2024.0,Active,Individual,176288.4,Tier 2
Tamil Nadu,61.11,Yamaha,Mt-15,311111.0,2019,118.0,Electric,92.52,Second,2021.0,Expired,Individual,201854.02,Tier 3
Punjab,38.36,Tvs,Apache Rtr 160,226340.0,2021,742.0,Electric,94.57,Third,2021.0,Expired,Individual,171484.38,Metro
Karnataka,79.12,Bajaj,Dominar 400,398368.0,2021,476.0,Electric,97.47,First,2021.0,Active,Individual,160405.46,Metro
Madhya Pradesh,17.63,Yamaha,Fz V3,314731.0,2023,615.0,Electric,75.71,Third,2023.0,Active,Individual,214097.21,Tier 3
Gujarat,72.84,Ktm,Duke 200,55020.0,2018,951.0,Electric,86.22,Third,2023.0,Expired,Dealer,40277.24,Tier 1
Karnataka,10.4,Bajaj,Pulsar 150,155846.0,2016,363.0,Petrol,52.96,Second,2021.0,Active,Individual,119481.66,Metro
Rajasthan,5.48,Ktm,250 Duke,328142.0,2021,282.0,Electric,70.91,Second,2022.0,Active,Individual,133472.89,Tier 2
Madhya Pradesh,24.82,Honda,Shine,353639.0,2023,772.0,Petrol,40.65,Third,2024.0,Active,Dealer,156073.22,Metro
Tamil Nadu,63.18,Kawasaki,Ninja 400,144393.0,2021,231.0,Petrol,46.55,Second,2021.0,Not Available,Dealer,63453.84,Metro
Tamil Nadu,64.25,Kawasaki,Ninja 400,328795.0,2024,839.0,Petrol,53.46,First,2024.0,Expired,Individual,251681.6,Metro
Uttar Pradesh,7.48,Bajaj,Avenger 220,63536.0,2021,948.0,Electric,86.73,Third,2023.0,Expired,Dealer,25875.87,Tier 2
Maharashtra,55.67,Royal Enfield,Meteor 350,176397.0,2021,799.0,Petrol,47.93,Second,2023.0,Active,Individual,112703.36,Metro
Rajasthan,48.69,Bajaj,Avenger 220,188748.0,2024,101.0,Petrol,50.63,Second,2024.0,Not Available,Dealer,140649.67,Tier 2
Uttar Pradesh,69.75,Tvs,Ntorq 125,292655.0,2021,878.0,Hybrid,69.39,Second,2023.0,Not Available,Dealer,133472.89,Tier 2
Gujarat,66.72,Kawasaki,Vulcan S,72262.0,2023,713.0,Electric,95.68,First,2023.0,Active,Individual,32548.5,Metro
West Bengal,11.34,Hero,Passion Pro,247707.0,2021,405.0,Hybrid,70.59,Second,2022.0,Expired,Individual,189314.75,Tier 3
Punjab,24.21,Tvs,Ntorq 125,176754.0,2019,612.0,Electric,72.58,Third,2022.0,Not Available,Dealer,99442.14,Tier 1
Uttar Pradesh,29.45,Kawasaki,Versys 650,355329.0,2022,944.0,Petrol,48.55,Second,2024.0,Expired,Dealer,147873.43,Metro
Delhi,65.49,Royal Enfield,Hunter 350,342774.0,2018,489.0,Petrol,43.83,Second,2024.0,Active,Individual,200197.27,Tier 3
Madhya Pradesh,54.88,Honda,Unicorn,159448.0,2021,247.0,Electric,77.1,Third,2021.0,Active,Individual,90189.22,Tier 1
Maharashtra,45.27,Hero,Hf Deluxe,82893.0,2023,917.0,Petrol,58.21,Second,2024.0,Active,Individual,53805.7,Tier 2
West Bengal,11.11,Ktm,Duke 200,142516.0,2023,348.0,Electric,87.72,Second,2023.0,Not Available,Dealer,113601.7,Tier 2
Rajasthan,28.6,Ktm,Duke 200,124765.0,2018,875.0,Electric,61.26,Second,2021.0,Not Available,Dealer,64170.34,Tier 3
Punjab,79.79,Honda,Activa,333201.0,2021,475.0,Petrol,59.15,Second,2022.0,Active,Individual,196936.0253023608,Tier 1
Delhi,73.0,Yamaha,Fascino 125,179674.0,2024,795.0,Petrol,31.0,Second,2024.0,Not Available,Dealer,73397.04,Metro
Punjab,46.56,Royal Enfield,Hunter 350,373399.0,2022,872.0,Petrol,32.83,Second,2024.0,Not Available,Individual,175669.87,Metro
Madhya Pradesh,54.79,Tvs,Jupiter,131703.0,2024,258.0,Hybrid,97.56,Second,2024.0,Expired,Dealer,57880.55,Metro
Rajasthan,33.8,Bajaj,Avenger 220,133539.0,2022,546.0,Electric,70.2,Second,2022.0,Expired,Individual,82260.05,Metro
Karnataka,28.0,Honda,Unicorn,367389.0,2024,391.0,Electric,70.02,Second,2024.0,Not Available,Individual,225091.48,Tier 1
Rajasthan,64.09,Royal Enfield,Interceptor 650,181390.0,2022,599.0,Petrol,49.27,Second,2022.0,Active,Individual,78022.08,Metro
Tamil Nadu,57.03,Tvs,Ronin,53180.0,2019,925.0,Petrol,40.06,Second,2023.0,Expired,Dealer,37228.82,Tier 3
Punjab,54.33,Yamaha,Fz V3,376803.0,2023,143.0,Hybrid,86.17,Third,2023.0,Not Available,Dealer,206311.28,Tier 2
Maharashtra,74.36,Honda,Shine,309168.0,2015,624.0,Electric,88.34,Second,2023.0,Active,Individual,225334.6,Tier 3
Uttar Pradesh,32.15,Yamaha,Fz V3,201484.0,2020,821.0,Petrol,46.28,Second,2024.0,Active,Dealer,123612.16,Tier 2
West Bengal,49.96,Kawasaki,Z650,122920.0,2020,285.0,Hybrid,68.89,Second,2024.0,Active,Dealer,66328.36,Tier 2
Madhya Pradesh,22.52,Kawasaki,Ninja 400,139811.0,2022,282.0,Electric,70.77,Second,2023.0,Active,Dealer,103808.5,Tier 2
Rajasthan,14.88,Yamaha,Fz V3,279231.0,2024,547.0,Electric,98.53,Third,2024.0,Expired,Dealer,120107.78,Tier 1
Punjab,59.12,Royal Enfield,Meteor 350,364161.0,2023,450.0,Hybrid,70.2,First,2023.0,Not Available,Individual,170972.68,Tier 3
Madhya Pradesh,15.91,Royal Enfield,Classic 350,103326.0,2021,921.0,Petrol,30.19,Second,2022.0,Expired,Individual,60426.45,Tier 2
Karnataka,40.38,Bajaj,Pulsar 150,397368.0,2023,869.0,Hybrid,96.33,Second,2024.0,Not Available,Individual,133472.89,Tier 2
Maharashtra,13.72,Hero,Glamour,349530.0,2023,341.0,Petrol,50.79,Second,2024.0,Not Available,Dealer,175676.03,Metro
Delhi,72.34,Bajaj,Dominar 400,162029.0,2022,604.0,Electric,95.92,First,2022.0,Expired,Dealer,78894.65,Tier 3
Madhya Pradesh,23.59,Kawasaki,Ninja 400,208560.0,2021,1000.0,Hybrid,86.21,Second,2021.0,Not Available,Individual,103156.14,Tier 3
Punjab,61.92,Hero,Passion Pro,98332.0,2021,116.0,Petrol,35.78,Second,2024.0,Not Available,Dealer,60656.2,Tier 1
Gujarat,7.74,Hero,Xtreme 160R,339537.0,2024,975.0,Electric,83.12,Second,2024.0,Expired,Dealer,258360.03,Tier 2
Maharashtra,55.23,Yamaha,Ray Zr,318244.0,2024,303.0,Electric,92.68,Second,2024.0,Active,Dealer,198525.23,Tier 3
Tamil Nadu,66.29,Hero,Xtreme 160R,119748.0,2018,297.0,Electric,99.43,Second,2021.0,Expired,Individual,75200.4,Tier 3
Tamil Nadu,70.62,Kawasaki,Vulcan S,327520.0,2023,349.0,Petrol,43.65,Second,2024.0,Active,Individual,208678.57,Tier 1
Punjab,64.53,Tvs,Ntorq 125,81310.0,2021,183.0,Petrol,52.36,First,2021.0,Expired,Dealer,51344.48,Metro
Rajasthan,67.02,Tvs,Sport,191079.0,2023,922.0,Hybrid,84.35,First,2023.0,Expired,Dealer,150876.54,Tier 2
Tamil Nadu,68.73,Kawasaki,Ninja 300,239548.0,2015,998.0,Petrol,70.2,Third,2021.0,Not Available,Individual,153335.69,Tier 2
Maharashtra,66.67,Bajaj,Ct 100,214957.0,2024,468.0,Electric,62.73,Second,2024.0,Not Available,Dealer,168102.67,Tier 1
Delhi,34.29,Bajaj,Ct 100,353274.0,2017,126.0,Petrol,26.78,Second,2024.0,Not Available,Individual,193412.28,Tier 3
Gujarat,25.53,Ktm,Rc 390,128895.0,2022,976.0,Petrol,48.38,First,2022.0,Expired,Individual,91534.15,Tier 3
Maharashtra,77.95,Royal Enfield,Meteor 350,349740.0,2022,970.0,Petrol,58.28,Second,2022.0,Expired,Individual,175038.79,Metro
Delhi,19.95,Hero,Passion Pro,111091.0,2015,660.0,Electric,90.34,Second,2021.0,Active,Individual,47923.1,Tier 3
Madhya Pradesh,23.88,Royal Enfield,Classic 350,157607.0,2018,953.0,Hybrid,95.16,Second,2023.0,Active,Individual,101656.91,Tier 2
Rajasthan,31.1,Kawasaki,Ninja 400,113943.0,2023,584.0,Petrol,43.68,Second,2023.0,Not Available,Individual,77475.03,Tier 2
Punjab,37.41,Ktm,390 Adventure,111237.0,2021,769.0,Hybrid,65.42,Second,2021.0,Not Available,Individual,48325.95,Tier 2
Gujarat,23.86,Kawasaki,Ninja 300,380120.0,2015,442.0,Petrol,58.37,Second,2023.0,Not Available,Individual,301390.02,Metro
Tamil Nadu,46.46,Royal Enfield,Himalayan,58807.0,2023,831.0,Hybrid,62.23,Second,2023.0,Not Available,Individual,35051.22,Tier 3
Gujarat,32.57,Bajaj,Platina 110,95632.0,2024,710.0,Electric,99.24,Second,2024.0,Not Available,Individual,42720.82,Tier 3
Punjab,57.99,Royal Enfield,Hunter 350,135387.0,2018,763.0,Hybrid,63.66,Second,2022.0,Expired,Dealer,94331.83,Metro
Punjab,27.37,Royal Enfield,Himalayan,79419.0,2021,348.0,Electric,83.29,First,2021.0,Expired,Dealer,133472.89,Tier 2
Uttar Pradesh,30.49,Royal Enfield,Himalayan,209522.0,2017,387.0,Electric,73.11,Second,2021.0,Not Available,Individual,109305.63,Tier 2
Karnataka,48.31,Bajaj,Avenger 220,240191.0,2024,377.0,Electric,90.19,Second,2024.0,Expired,Dealer,100011.62,Metro
Rajasthan,44.39,Royal Enfield,Classic 350,163173.0,2015,957.0,Petrol,53.98,Third,2024.0,Active,Dealer,85664.01,Metro
West Bengal,18.58,Kawasaki,Versys 650,270588.0,2019,941.0,Petrol,29.85,Second,2021.0,Not Available,Dealer,191804.11,Tier 3
Rajasthan,65.66,Kawasaki,Vulcan S,374256.0,2022,744.0,Electric,67.63,Second,2023.0,Expired,Individual,226733.04295161535,Tier 1
Delhi,12.3,Bajaj,Platina 110,322421.0,2021,835.0,Petrol,57.8,Second,2023.0,Expired,Dealer,199063.02,Tier 3
Rajasthan,48.58,Royal Enfield,Interceptor 650,352490.0,2015,309.0,Hybrid,85.44,Third,2024.0,Active,Individual,281413.18,Tier 2
Rajasthan,76.19,Yamaha,Ray Zr,354856.0,2024,374.0,Petrol,26.89,Second,2024.0,Active,Dealer,212500.28,Tier 2
Maharashtra,7.99,Honda,Shine,316380.0,2018,953.0,Petrol,30.41,Second,2024.0,Not Available,Individual,166804.08,Metro
Tamil Nadu,36.5,Kawasaki,Z650,259743.0,2024,922.0,Petrol,31.21,Second,2024.0,Active,Dealer,144445.4,Tier 2
Delhi,49.77,Hero,Passion Pro,215022.0,2021,890.0,Electric,61.11,Second,2021.0,Expired,Dealer,114869.72,Metro
Karnataka,76.78,Kawasaki,Versys 650,227755.0,2019,447.0,Hybrid,75.58,Third,2023.0,Expired,Dealer,172778.11,Tier 1
West Bengal,33.73,Bajaj,Platina 110,277137.0,2021,281.0,Hybrid,62.05,Second,2023.0,Active,Individual,188778.56,Tier 2
Rajasthan,53.39,Ktm,390 Adventure,365570.0,2023,492.0,Hybrid,85.3,Second,2023.0,Active,Individual,200681.47,Tier 1
Rajasthan,76.92,Honda,Dio,103418.0,2023,961.0,Hybrid,61.55,First,2023.0,Active,Dealer,80402.38,Tier 2
West Bengal,32.88,Hero,Passion Pro,272661.0,2021,708.0,Hybrid,80.37,Second,2021.0,Not Available,Individual,125655.31,Tier 1
Tamil Nadu,79.01,Yamaha,Fascino 125,361958.0,2022,912.0,Petrol,32.64,Second,2024.0,Active,Individual,165052.51,Tier 1
Uttar Pradesh,27.3,Tvs,Sport,138742.0,2020,274.0,Hybrid,95.15,Second,2024.0,Active,Dealer,69292.6,Metro
Gujarat,43.45,Tvs,Apache Rtr 160,185568.0,2024,686.0,Hybrid,60.92,Third,2024.0,Not Available,Dealer,86459.33350608272,Tier 3
Punjab,78.29,Yamaha,Fz V3,291125.0,2020,307.0,Electric,68.92,Second,2022.0,Not Available,Individual,133472.89,Tier 2
Rajasthan,12.67,Bajaj,Avenger 220,254861.0,2019,198.0,Petrol,54.07,Third,2023.0,Not Available,Dealer,144884.07,Metro
West Bengal,35.78,Honda,Cbr 650R,284919.0,2017,605.0,Hybrid,91.37,Second,2024.0,Active,Dealer,227321.7,Tier 2
Madhya Pradesh,8.89,Kawasaki,Versys 650,237648.0,2020,472.0,Electric,82.41,Second,2023.0,Expired,Individual,185487.79,Tier 2
Maharashtra,16.46,Kawasaki,Versys 650,383293.0,2024,943.0,Petrol,70.2,Third,2024.0,Active,Dealer,216469.19,Metro
Punjab,17.28,Bajaj,Avenger 220,286039.0,2023,502.0,Electric,60.62,Third,2023.0,Not Available,Dealer,135541.11,Tier 2
Maharashtra,26.67,Yamaha,Fascino 125,231546.0,2019,287.0,Hybrid,82.12,Second,2024.0,Active,Individual,122629.45,Tier 1
Delhi,33.37,Honda,Unicorn,180324.0,2021,732.0,Hybrid,74.57,Second,2021.0,Not Available,Individual,88890.07,Tier 1
Punjab,60.98,Yamaha,R15 V4,338016.0,2024,552.0,Electric,67.89,Second,2024.0,Expired,Dealer,197760.78,Tier 2
West Bengal,37.11,Yamaha,Ray Zr,119891.0,2024,994.0,Petrol,32.24,Second,2024.0,Expired,Dealer,50293.58,Tier 2
Gujarat,7.79,Kawasaki,Versys 650,178578.0,2017,407.0,Hybrid,73.95,Second,2024.0,Active,Dealer,135730.3,Tier 1
Tamil Nadu,60.56,Tvs,Apache Rtr 160,250242.0,2023,292.0,Petrol,27.08,Second,2024.0,Active,Dealer,143140.32,Tier 1
West Bengal,55.8,Hero,Passion Pro,63773.0,2022,338.0,Petrol,39.89,Second,2023.0,Active,Dealer,35024.42,Tier 2
Gujarat,13.79,Yamaha,Mt-15,316395.0,2020,542.0,Electric,98.41,Third,2021.0,Active,Individual,143080.03,Tier 3
Delhi,38.61,Honda,Dio,256274.0,2021,438.0,Petrol,51.91,Second,2021.0,Active,Individual,148424.54,Tier 1
Uttar Pradesh,6.64,Bajaj,Dominar 400,273272.0,2024,354.0,Hybrid,70.95,First,2024.0,Active,Individual,147562.71,Tier 3
Karnataka,66.72,Yamaha,Ray Zr,121384.0,2019,132.0,Petrol,33.71,Second,2024.0,Expired,Individual,67718.15,Tier 1
Delhi,69.63,Hero,Xtreme 160R,396650.0,2022,615.0,Petrol,25.89,Third,2024.0,Expired,Individual,204320.46,Tier 3
Delhi,53.34,Ktm,250 Duke,98145.0,2022,751.0,Petrol,38.6,Second,2022.0,Not Available,Individual,133472.89,Tier 2
Madhya Pradesh,72.99,Royal Enfield,Hunter 350,197390.0,2019,237.0,Hybrid,88.97,Second,2024.0,Active,Dealer,96668.26,Metro
Tamil Nadu,66.69,Ktm,125 Duke,140336.0,2024,141.0,Hybrid,76.53,Second,2024.0,Not Available,Dealer,66220.43,Tier 2
Maharashtra,34.17,Yamaha,Fz V3,366452.0,2024,258.0,Electric,62.29,Second,2024.0,Expired,Dealer,284051.65,Metro
Punjab,7.21,Hero,Glamour,166340.0,2021,218.0,Electric,97.5,Second,2024.0,Expired,Dealer,79033.39,Tier 1
Maharashtra,49.56,Hero,Hf Deluxe,220062.0,2022,156.0,Hybrid,85.24,Second,2022.0,Not Available,Dealer,97070.7,Metro
Gujarat,11.8,Kawasaki,Ninja 300,355312.0,2015,303.0,Hybrid,63.93,Third,2023.0,Not Available,Individual,249751.73,Tier 1
Maharashtra,55.06,Bajaj,Platina 110,235608.0,2024,852.0,Electric,60.37,Third,2024.0,Not Available,Individual,174125.5,Tier 3
Gujarat,63.63,Bajaj,Pulsar 150,314313.0,2023,824.0,Hybrid,81.88,Second,2023.0,Expired,Dealer,164523.1,Metro
Gujarat,29.21,Tvs,Jupiter,244561.0,2017,211.0,Hybrid,84.36,Third,2023.0,Expired,Dealer,187052.68,Tier 2
Karnataka,54.79,Bajaj,Platina 110,369718.0,2019,1000.0,Hybrid,88.08,Second,2023.0,Expired,Dealer,188942.11,Tier 3
Rajasthan,36.95,Ktm,125 Duke,68834.0,2024,474.0,Petrol,39.72,Second,2024.0,Not Available,Individual,51187.66,Tier 2
West Bengal,79.48,Ktm,Rc 390,85660.0,2015,282.0,Hybrid,62.34,Second,2022.0,Expired,Dealer,34329.64,Tier 2
Delhi,69.17,Yamaha,Ray Zr,237699.0,2020,400.0,Petrol,44.73,Second,2024.0,Active,Dealer,167101.95,Metro
Uttar Pradesh,25.84,Tvs,Sport,201708.0,2021,391.0,Electric,93.04,Third,2024.0,Active,Individual,111342.11,Metro
Karnataka,46.96,Tvs,Sport,147283.0,2023,782.0,Petrol,48.43,Second,2024.0,Active,Dealer,80307.24,Metro
Madhya Pradesh,66.34,Ktm,390 Adventure,81486.0,2023,657.0,Electric,94.61,Second,2023.0,Active,Individual,58251.64,Tier 2
Tamil Nadu,42.86,Kawasaki,Ninja 400,184592.0,2024,809.0,Petrol,25.76,Second,2024.0,Expired,Individual,125544.16,Tier 2
Tamil Nadu,64.66,Bajaj,Dominar 400,198473.0,2020,192.0,Petrol,32.17,Second,2022.0,Not Available,Dealer,120041.11497305754,Metro
Punjab,14.32,Kawasaki,Vulcan S,213876.0,2024,546.0,Petrol,28.96,Second,2024.0,Expired,Individual,100128.58,Tier 1
Tamil Nadu,68.08,Bajaj,Avenger 220,340899.0,2017,557.0,Electric,74.35,Third,2024.0,Active,Dealer,261636.47,Metro
Uttar Pradesh,60.51,Tvs,Ntorq 125,307281.0,2015,772.0,Petrol,59.0,Second,2024.0,Active,Individual,224487.45,Tier 1
Punjab,45.21,Kawasaki,Versys 650,116931.0,2023,559.0,Hybrid,89.99,Second,2023.0,Not Available,Individual,62836.51,Tier 3
Karnataka,65.16,Yamaha,Mt-15,227353.0,2024,760.0,Petrol,56.25,Second,2024.0,Not Available,Dealer,136190.79,Tier 3
Tamil Nadu,7.32,Yamaha,Mt-15,101063.0,2018,272.0,Petrol,50.64,Second,2024.0,Not Available,Dealer,80662.61,Tier 1
Karnataka,74.13,Bajaj,Ct 100,228463.0,2024,494.0,Hybrid,89.72,Second,2024.0,Active,Dealer,138048.79,Tier 1
Karnataka,11.56,Yamaha,R15 V4,332264.0,2019,615.0,Petrol,57.2,Second,2024.0,Active,Dealer,240777.44,Tier 1
Delhi,14.06,Royal Enfield,Interceptor 650,159747.0,2021,120.0,Electric,83.5,Second,2021.0,Not Available,Dealer,133472.89,Tier 3
Punjab,53.03,Honda,Unicorn,375431.0,2021,584.0,Electric,67.0,Second,2021.0,Active,Individual,291864.15,Tier 3
Maharashtra,39.83,Kawasaki,Z650,190521.0,2024,937.0,Hybrid,91.04,Second,2024.0,Active,Dealer,93340.86,Tier 1
West Bengal,23.98,Hero,Splendor Plus,147271.0,2017,639.0,Electric,91.83,Second,2024.0,Not Available,Dealer,83891.08,Tier 2
Uttar Pradesh,42.69,Honda,Dio,309056.0,2017,889.0,Petrol,31.65,Third,2024.0,Active,Individual,130293.63,Metro
West Bengal,21.21,Kawasaki,Z650,299635.0,2021,442.0,Electric,60.05,First,2021.0,Active,Individual,124533.05,Metro
Uttar Pradesh,66.63,Yamaha,Ray Zr,250917.0,2024,351.0,Hybrid,69.91,Second,2024.0,Expired,Individual,107393.44,Tier 3
West Bengal,72.51,Yamaha,R15 V4,244678.0,2022,791.0,Electric,90.99,Second,2022.0,Expired,Dealer,127260.4,Tier 2
Karnataka,69.46,Royal Enfield,Classic 350,394753.0,2020,543.0,Petrol,48.89,Second,2024.0,Active,Individual,133472.89,Metro
West Bengal,12.22,Kawasaki,Ninja 300,200256.0,2022,276.0,Petrol,41.17,Second,2022.0,Active,Dealer,111280.82,Tier 2
West Bengal,43.27,Ktm,250 Duke,299235.0,2023,763.0,Hybrid,87.1,Second,2023.0,Not Available,Individual,131319.74,Metro
Rajasthan,15.12,Kawasaki,Versys 650,142557.0,2023,215.0,Petrol,39.9,Second,2023.0,Active,Dealer,133472.89,Metro
West Bengal,75.33,Hero,Xtreme 160R,55640.0,2018,718.0,Hybrid,97.3,Second,2024.0,Expired,Dealer,29816.47,Tier 3
Punjab,6.61,Yamaha,Mt-15,267027.0,2023,406.0,Electric,76.6,Second,2023.0,Active,Individual,163457.04,Tier 1
Tamil Nadu,32.49,Kawasaki,Versys 650,210767.0,2022,583.0,Electric,84.56,First,2022.0,Active,Individual,99910.48,Metro
Rajasthan,42.14,Bajaj,Platina 110,188928.0,2022,635.0,Petrol,50.62,Second,2022.0,Expired,Individual,94628.82,Tier 2
Rajasthan,30.14,Kawasaki,Ninja 300,125149.0,2024,417.0,Petrol,33.05,First,2024.0,Expired,Dealer,56251.7,Tier 1
Maharashtra,57.39,Yamaha,Ray Zr,348995.0,2024,166.0,Hybrid,95.41,Second,2024.0,Expired,Individual,182835.76,Metro
West Bengal,53.57,Hero,Glamour,311129.0,2021,185.0,Electric,70.2,Second,2021.0,Expired,Individual,162475.35,Metro
Punjab,5.77,Ktm,250 Duke,141723.0,2019,958.0,Electric,79.32,Second,2024.0,Active,Individual,66849.6,Tier 3
Karnataka,24.95,Kawasaki,Z650,359914.0,2024,831.0,Petrol,48.98,Third,2024.0,Not Available,Individual,158170.49,Metro
West Bengal,18.04,Yamaha,Ray Zr,114279.0,2016,738.0,Electric,71.57,Second,2023.0,Active,Dealer,82101.06,Tier 2
Maharashtra,6.04,Yamaha,Mt-15,150542.0,2022,118.0,Electric,99.73,Second,2022.0,Not Available,Individual,74962.66,Tier 2
Uttar Pradesh,30.67,Hero,Passion Pro,187367.0,2019,410.0,Petrol,57.78,Third,2023.0,Not Available,Individual,97343.16,Tier 3
Punjab,65.91,Kawasaki,Z650,67921.0,2022,114.0,Electric,71.65,Second,2022.0,Expired,Individual,45000.44,Tier 2
Tamil Nadu,75.71,Ktm,125 Duke,391435.0,2023,775.0,Hybrid,88.01,Second,2024.0,Active,Individual,200956.7,Tier 1
Punjab,28.92,Ktm,Rc 390,352132.0,2022,858.0,Hybrid,64.9,Second,2022.0,Not Available,Dealer,163764.7,Tier 3
Karnataka,50.38,Yamaha,R15 V4,242201.0,2023,126.0,Electric,73.31,Second,2024.0,Expired,Individual,120081.92,Tier 2
Punjab,69.72,Bajaj,Platina 110,176500.0,2021,637.0,Petrol,41.9,Second,2024.0,Expired,Individual,88270.3,Metro
Rajasthan,20.82,Ktm,390 Adventure,303416.0,2023,718.0,Hybrid,74.1,First,2023.0,Active,Individual,157281.93,Tier 2
Gujarat,19.75,Bajaj,Dominar 400,108808.0,2023,938.0,Hybrid,66.33,First,2023.0,Active,Dealer,46050.93,Tier 2
Maharashtra,49.77,Kawasaki,Ninja 300,235249.0,2017,862.0,Hybrid,94.39,Second,2022.0,Expired,Individual,101225.26,Tier 3
Maharashtra,33.55,Bajaj,Ct 100,253253.0,2024,224.0,Petrol,48.77,Second,2024.0,Active,Individual,123617.61,Metro
Maharashtra,30.78,Tvs,Ronin,267587.0,2024,751.0,Hybrid,65.5,Second,2024.0,Not Available,Individual,202501.37,Metro
Karnataka,36.25,Honda,Shine,50169.0,2022,921.0,Hybrid,76.13,Second,2022.0,Active,Individual,26040.86,Metro
Delhi,10.6,Kawasaki,Ninja 400,320738.0,2019,980.0,Hybrid,67.35,Second,2023.0,Not Available,Dealer,234411.32,Tier 1
Rajasthan,28.79,Hero,Hf Deluxe,145289.0,2023,109.0,Electric,82.43,Second,2023.0,Active,Dealer,80923.04,Metro
Tamil Nadu,45.54,Tvs,Apache Rtr 160,351099.0,2020,791.0,Petrol,70.2,Second,2022.0,Expired,Dealer,159531.97,Tier 3
Gujarat,6.27,Honda,Activa,388769.0,2015,744.0,Hybrid,72.46,Second,2023.0,Active,Individual,225822.06,Metro
Gujarat,50.23,Yamaha,R15 V4,393799.0,2022,125.0,Hybrid,66.12,Second,2022.0,Active,Individual,172941.45,Tier 3
Uttar Pradesh,57.92,Bajaj,Ct 100,268746.0,2024,401.0,Electric,66.6,First,2024.0,Active,Dealer,109998.46,Metro
Gujarat,26.69,Tvs,Sport,303407.0,2024,197.0,Petrol,28.81,Second,2024.0,Expired,Dealer,144319.09,Tier 3
Rajasthan,61.46,Yamaha,Fz V3,62735.0,2024,403.0,Electric,67.0,First,2024.0,Not Available,Individual,133472.89,Tier 2
West Bengal,42.995,Hero,Splendor Plus,226589.0,2023,561.0,Petrol,38.73,Second,2024.0,Not Available,Dealer,147383.33,Metro
Gujarat,78.73,Yamaha,Fz V3,82411.0,2024,935.0,Hybrid,86.76,Second,2024.0,Expired,Dealer,45607.08,Tier 2
Gujarat,54.46,Yamaha,Fz V3,211854.0,2020,527.0,Petrol,54.17,Third,2022.0,Active,Individual,128000.17,Metro
Uttar Pradesh,47.2,Royal Enfield,Meteor 350,263443.0,2015,185.0,Petrol,36.38,Second,2023.0,Expired,Individual,108772.08,Tier 2
Punjab,19.32,Ktm,250 Duke,302815.0,2024,101.0,Hybrid,81.45,Second,2024.0,Not Available,Dealer,136795.72,Metro
Maharashtra,58.25,Tvs,Ntorq 125,112087.0,2017,576.0,Electric,84.05,Second,2023.0,Expired,Dealer,61075.17,Tier 1
Rajasthan,68.01,Yamaha,Ray Zr,111830.0,2022,873.0,Hybrid,75.49,Second,2024.0,Not Available,Individual,77213.83,Tier 3
Madhya Pradesh,59.03,Kawasaki,Z650,148236.0,2021,171.0,Hybrid,94.86,Third,2023.0,Expired,Dealer,82397.97,Tier 3
Uttar Pradesh,34.44,Ktm,Duke 200,286541.0,2023,576.0,Electric,64.57,Second,2024.0,Active,Individual,224877.65,Tier 1
Tamil Nadu,19.94,Bajaj,Dominar 400,338213.0,2022,799.0,Electric,86.11,Second,2024.0,Active,Individual,232549.64,Tier 2
Gujarat,22.05,Honda,Activa,107765.0,2022,874.0,Electric,93.26,Third,2024.0,Active,Individual,63132.43,Metro
Maharashtra,76.13,Ktm,Duke 200,151962.0,2024,751.0,Electric,91.11,First,2024.0,Not Available,Individual,95715.2,Tier 3
Madhya Pradesh,41.32,Royal Enfield,Himalayan,385666.0,2019,784.0,Electric,95.04,Second,2024.0,Not Available,Individual,133472.89,Metro
Maharashtra,31.96,Bajaj,Platina 110,168142.0,2024,294.0,Hybrid,74.08,Second,2024.0,Not Available,Dealer,79268.98,Tier 3
Punjab,6.46,Bajaj,Dominar 400,156247.0,2022,540.0,Petrol,59.24,First,2022.0,Not Available,Individual,98487.9,Tier 1
Karnataka,74.18,Hero,Xtreme 160R,288733.0,2019,948.0,Electric,66.38,Second,2021.0,Not Available,Dealer,226083.0,Metro
Delhi,27.69,Honda,Dio,210448.0,2022,830.0,Hybrid,88.64,Third,2023.0,Active,Dealer,129726.0,Tier 1
Rajasthan,68.27,Bajaj,Pulsar 150,150615.0,2020,431.0,Hybrid,73.59,Second,2024.0,Active,Individual,119462.41,Metro
Karnataka,71.58,Kawasaki,Versys 650,90412.0,2021,469.0,Petrol,26.51,Second,2021.0,Active,Individual,43390.01,Tier 3
Maharashtra,36.61,Honda,Cbr 650R,202614.0,2018,223.0,Electric,81.74,Second,2022.0,Not Available,Dealer,125879.01,Tier 1
Punjab,15.59,Ktm,Duke 200,120491.0,2021,100.0,Electric,72.77,First,2021.0,Expired,Individual,69487.59,Tier 3
Uttar Pradesh,24.85,Yamaha,R15 V4,384636.0,2022,462.0,Electric,89.88,Third,2022.0,Active,Individual,264244.7,Tier 3
Uttar Pradesh,14.99,Yamaha,Mt-15,245570.0,2020,697.0,Electric,61.47,Second,2022.0,Active,Dealer,100805.93,Tier 2
Madhya Pradesh,64.66,Kawasaki,Vulcan S,192716.0,2023,469.0,Electric,88.39,First,2023.0,Not Available,Individual,99525.66,Tier 1
Madhya Pradesh,33.51,Tvs,Apache Rtr 160,177076.0,2022,846.0,Electric,76.21,Second,2022.0,Active,Dealer,119438.61,Metro
Gujarat,77.95,Hero,Passion Pro,133614.0,2017,672.0,Petrol,31.54,Second,2022.0,Not Available,Dealer,95693.74,Tier 2
West Bengal,30.16,Yamaha,Fz V3,234545.0,2023,919.0,Petrol,70.2,Second,2023.0,Active,Dealer,129215.29,Metro
Rajasthan,19.4,Hero,Splendor Plus,263828.0,2022,397.0,Hybrid,78.94,Second,2022.0,Not Available,Dealer,180753.16,Tier 2
Uttar Pradesh,52.03,Royal Enfield,Interceptor 650,69678.0,2018,913.0,Hybrid,95.6,Second,2023.0,Expired,Dealer,42500.54,Metro
Maharashtra,18.69,Yamaha,R15 V4,207133.0,2019,972.0,Electric,64.42,Second,2021.0,Expired,Dealer,96567.04,Tier 2
Rajasthan,18.41,Royal Enfield,Hunter 350,354067.0,2024,969.0,Hybrid,77.75,Third,2024.0,Active,Individual,227412.05,Tier 2
Karnataka,20.29,Kawasaki,Vulcan S,384188.0,2020,204.0,Petrol,30.95,Second,2023.0,Expired,Dealer,241387.88,Tier 3
West Bengal,39.01,Kawasaki,Ninja 400,241888.0,2021,887.0,Electric,98.44,First,2021.0,Active,Individual,98444.99,Metro
Delhi,77.88,Ktm,125 Duke,200947.0,2023,613.0,Petrol,46.92,Second,2023.0,Not Available,Dealer,104005.02,Tier 2
Madhya Pradesh,51.37,Yamaha,Mt-15,158570.0,2023,569.0,Electric,66.89,Second,2023.0,Expired,Individual,114894.8,Tier 3
Uttar Pradesh,52.0,Bajaj,Ct 100,154358.0,2017,671.0,Hybrid,74.52,Second,2021.0,Not Available,Dealer,65306.95,Tier 3
Madhya Pradesh,29.33,Hero,Glamour,190712.0,2022,128.0,Petrol,52.84,Second,2024.0,Active,Individual,128738.71,Tier 1
Maharashtra,62.84,Bajaj,Avenger 220,368964.0,2019,560.0,Electric,63.04,Second,2022.0,Active,Dealer,208616.03,Tier 2
Karnataka,21.88,Royal Enfield,Himalayan,189612.0,2015,198.0,Petrol,41.89,Third,2024.0,Active,Individual,96260.62,Metro
West Bengal,77.67,Royal Enfield,Himalayan,72937.0,2024,911.0,Hybrid,94.33,Second,2024.0,Expired,Dealer,55519.91,Tier 2
Uttar Pradesh,33.24,Honda,Dio,351708.0,2020,493.0,Hybrid,81.87,Second,2024.0,Expired,Individual,194733.53,Tier 2
Karnataka,18.41,Ktm,125 Duke,324386.0,2022,352.0,Petrol,45.04,Second,2024.0,Not Available,Dealer,133472.89,Tier 2
Punjab,8.18,Ktm,125 Duke,130422.0,2017,295.0,Hybrid,89.68,Second,2021.0,Active,Dealer,72133.47,Tier 1
West Bengal,53.12,Tvs,Jupiter,371848.0,2019,654.0,Petrol,41.67,Second,2021.0,Expired,Dealer,179337.38,Tier 3
Delhi,73.47,Tvs,Apache Rtr 160,352851.0,2020,309.0,Electric,62.34,Second,2022.0,Active,Dealer,255501.27,Metro
Madhya Pradesh,68.88,Tvs,Sport,221970.0,2016,787.0,Hybrid,91.28,Third,2022.0,Not Available,Dealer,160567.18,Tier 3
Madhya Pradesh,39.96,Honda,Shine,267534.0,2015,390.0,Electric,80.65,Third,2023.0,Expired,Individual,161701.18,Metro
Rajasthan,35.52,Ktm,Rc 390,127352.0,2023,580.0,Hybrid,67.57,Second,2024.0,Expired,Dealer,88405.99,Tier 2
Madhya Pradesh,48.54,Yamaha,Ray Zr,333836.0,2019,939.0,Electric,70.2,Second,2023.0,Expired,Individual,133472.89,Metro
West Bengal,49.29,Royal Enfield,Himalayan,352253.0,2019,177.0,Hybrid,86.69,Second,2021.0,Active,Individual,149349.45,Tier 1
West Bengal,79.59,Kawasaki,Z650,196913.0,2023,403.0,Hybrid,85.41,Second,2023.0,Expired,Dealer,135630.87,Tier 2
Delhi,76.14,Royal Enfield,Hunter 350,302081.0,2017,696.0,Hybrid,77.12,Second,2021.0,Not Available,Individual,214488.75,Tier 3
Rajasthan,74.97,Ktm,125 Duke,381533.0,2017,382.0,Petrol,33.04,Second,2024.0,Expired,Individual,133472.89,Tier 3
Punjab,62.6,Kawasaki,Ninja 400,395526.0,2024,201.0,Hybrid,95.76,Third,2024.0,Not Available,Dealer,271576.04,Tier 1
Delhi,22.84,Honda,Shine,238947.0,2017,142.0,Hybrid,73.03,Second,2022.0,Expired,Individual,99843.92,Tier 2
Karnataka,66.66,Ktm,390 Adventure,52554.0,2024,605.0,Petrol,37.15,First,2024.0,Active,Dealer,24337.23,Tier 3
Madhya Pradesh,79.85,Yamaha,Fz V3,146837.0,2024,410.0,Hybrid,60.68,Third,2024.0,Expired,Dealer,113023.18,Tier 2
Karnataka,12.91,Bajaj,Platina 110,315743.0,2021,635.0,Petrol,25.63,Second,2021.0,Not Available,Dealer,152961.29,Tier 2
Tamil Nadu,58.18,Honda,Cbr 650R,50839.0,2022,534.0,Hybrid,79.25,Second,2022.0,Expired,Individual,23580.7,Tier 1
Maharashtra,19.58,Bajaj,Platina 110,187805.0,2021,695.0,Electric,79.86,Third,2023.0,Active,Dealer,96715.1,Tier 3
Maharashtra,59.66,Ktm,250 Duke,50447.0,2022,338.0,Electric,88.9,Second,2023.0,Expired,Dealer,34436.06,Metro
West Bengal,42.5,Bajaj,Avenger 220,257246.0,2021,490.0,Hybrid,70.2,Second,2024.0,Expired,Individual,133472.89,Tier 1
Punjab,64.34,Tvs,Ronin,120481.0,2018,721.0,Hybrid,64.09,Second,2024.0,Not Available,Dealer,88606.8,Tier 2
Rajasthan,78.04,Royal Enfield,Hunter 350,352812.0,2021,930.0,Petrol,26.67,First,2021.0,Not Available,Dealer,244463.0,Metro
Tamil Nadu,12.97,Honda,Shine,64422.0,2021,622.0,Petrol,34.13,Second,2024.0,Active,Dealer,30673.46,Tier 1
West Bengal,39.85,Hero,Splendor Plus,138954.0,2018,834.0,Electric,78.82,Second,2022.0,Active,Individual,82183.87,Tier 2
Rajasthan,7.26,Royal Enfield,Interceptor 650,223508.0,2023,1000.0,Hybrid,74.91,Second,2024.0,Not Available,Dealer,141111.88,Tier 1
Maharashtra,25.52,Ktm,250 Duke,340286.0,2018,438.0,Electric,65.19,Second,2021.0,Active,Individual,163750.28,Tier 1
Rajasthan,5.77,Ktm,Rc 390,162194.0,2022,926.0,Electric,81.55,Second,2023.0,Not Available,Dealer,101100.26,Metro
Uttar Pradesh,51.78,Tvs,Ntorq 125,203334.0,2023,372.0,Hybrid,70.2,Second,2023.0,Expired,Individual,82900.6,Tier 2
Delhi,79.36,Tvs,Sport,55016.0,2023,986.0,Petrol,48.85,Third,2023.0,Expired,Individual,31867.78,Tier 2
Uttar Pradesh,6.98,Yamaha,Fascino 125,326520.0,2015,472.0,Petrol,47.24,Second,2024.0,Active,Individual,198438.6,Metro
Punjab,19.5,Tvs,Ronin,326439.0,2019,321.0,Hybrid,78.77,Third,2022.0,Expired,Individual,144439.99,Metro
Madhya Pradesh,59.41,Tvs,Apache Rtr 160,217978.0,2024,177.0,Electric,90.75,Third,2024.0,Expired,Dealer,116122.67,Metro
Tamil Nadu,75.66,Yamaha,Mt-15,113842.0,2022,743.0,Petrol,49.31,Second,2024.0,Not Available,Individual,74937.72,Tier 1
Rajasthan,19.3,Royal Enfield,Meteor 350,314741.0,2020,778.0,Hybrid,61.47,Second,2024.0,Active,Individual,237830.15,Tier 1
Punjab,51.5,Royal Enfield,Himalayan,299381.0,2023,410.0,Electric,78.64,First,2023.0,Active,Individual,217295.55,Tier 3
Maharashtra,62.07,Tvs,Sport,108253.0,2015,581.0,Petrol,45.01,Second,2022.0,Active,Individual,79762.42,Tier 2
Uttar Pradesh,57.13,Tvs,Sport,290735.0,2023,994.0,Hybrid,62.39,Second,2023.0,Not Available,Dealer,181971.77,Tier 3
Madhya Pradesh,10.24,Yamaha,Ray Zr,196290.0,2021,739.0,Hybrid,94.53,Second,2021.0,Expired,Individual,103602.95,Metro
Delhi,19.58,Ktm,Duke 200,131883.0,2018,703.0,Petrol,49.65,Third,2021.0,Expired,Individual,60444.84,Metro
Gujarat,8.16,Yamaha,Mt-15,356334.0,2021,337.0,Electric,70.2,First,2021.0,Expired,Dealer,155409.33,Metro
Madhya Pradesh,44.49,Royal Enfield,Interceptor 650,236291.0,2023,862.0,Petrol,35.57,First,2023.0,Expired,Individual,106704.21,Tier 2
Karnataka,59.39,Ktm,Duke 200,311646.0,2022,467.0,Electric,90.31,Second,2022.0,Expired,Dealer,158465.54,Tier 3
Gujarat,30.99,Tvs,Ronin,200339.0,2021,692.0,Hybrid,62.79,Second,2021.0,Active,Individual,143911.05,Metro
Gujarat,67.03,Tvs,Ronin,268297.0,2017,699.0,Electric,72.45,Second,2021.0,Active,Dealer,116579.86,Tier 1
Karnataka,29.15,Bajaj,Pulsar 150,370799.0,2022,759.0,Petrol,35.69,Second,2022.0,Expired,Dealer,294285.96,Metro
Karnataka,16.07,Kawasaki,Versys 650,72739.0,2017,316.0,Electric,90.17,Second,2021.0,Not Available,Dealer,58073.78,Tier 3
West Bengal,20.53,Ktm,250 Duke,299086.0,2024,442.0,Hybrid,71.88,Second,2024.0,Expired,Dealer,205313.99,Metro
Punjab,50.27,Tvs,Ntorq 125,334703.0,2024,863.0,Hybrid,89.66,Third,2024.0,Not Available,Individual,217461.32,Tier 1
Maharashtra,62.9,Bajaj,Dominar 400,302614.0,2022,690.0,Petrol,32.26,Third,2023.0,Expired,Individual,133472.89,Tier 3
Uttar Pradesh,16.13,Ktm,Rc 390,375137.0,2021,513.0,Petrol,37.0,Second,2021.0,Active,Dealer,235789.58,Metro
Karnataka,13.33,Royal Enfield,Himalayan,94785.0,2022,298.0,Electric,70.2,First,2022.0,Not Available,Individual,50763.91,Tier 2
Madhya Pradesh,71.88,Honda,Activa,346197.0,2022,312.0,Electric,95.41,Second,2022.0,Active,Dealer,227205.55,Metro
Tamil Nadu,16.56,Tvs,Ronin,128822.0,2018,970.0,Hybrid,74.85,Third,2023.0,Expired,Dealer,63493.15,Metro
Uttar Pradesh,79.4,Hero,Glamour,174807.0,2021,502.0,Petrol,53.48,First,2021.0,Not Available,Dealer,133429.95,Tier 3
Delhi,47.8,Honda,Unicorn,259385.0,2022,195.0,Electric,93.35,First,2022.0,Expired,Individual,197760.05,Tier 2
West Bengal,30.18,Bajaj,Dominar 400,143843.0,2022,332.0,Hybrid,65.55,Third,2022.0,Active,Dealer,86437.27,Tier 1
Maharashtra,32.05,Hero,Hf Deluxe,174191.0,2017,292.0,Hybrid,70.26,Third,2023.0,Expired,Dealer,111118.16,Tier 2
Punjab,79.79,Honda,Activa,333201.0,2021,475.0,Petrol,59.15,Second,2022.0,Active,Individual,194521.81,Tier 1
Rajasthan,41.73,Yamaha,Fascino 125,370269.0,2017,726.0,Petrol,39.25,Second,2022.0,Expired,Individual,206154.54,Tier 2
Uttar Pradesh,26.56,Ktm,Duke 200,138071.0,2018,627.0,Electric,73.47,Second,2022.0,Active,Individual,69045.04,Tier 1
Madhya Pradesh,19.99,Royal Enfield,Meteor 350,64802.0,2018,107.0,Electric,81.27,Second,2024.0,Not Available,Individual,28264.55,Tier 3
West Bengal,42.16,Yamaha,Fz V3,351353.0,2024,259.0,Hybrid,81.25,Second,2024.0,Not Available,Individual,133472.89,Tier 2
Punjab,43.16,Bajaj,Avenger 220,317109.0,2024,894.0,Hybrid,97.69,Second,2024.0,Not Available,Individual,235214.16,Tier 1
Delhi,46.25,Hero,Passion Pro,135690.0,2022,743.0,Hybrid,69.18,Second,2023.0,Not Available,Dealer,88580.31,Tier 1
Maharashtra,20.26,Honda,Unicorn,112425.0,2018,799.0,Hybrid,67.88,Second,2023.0,Expired,Individual,63699.41,Metro
Punjab,42.72,Royal Enfield,Hunter 350,86908.0,2015,869.0,Hybrid,81.3,Second,2024.0,Not Available,Individual,49830.27,Metro
Rajasthan,17.26,Tvs,Apache Rtr 160,386863.0,2024,141.0,Electric,86.95,Third,2024.0,Expired,Dealer,275299.5,Tier 3
Rajasthan,12.37,Ktm,Duke 200,278881.0,2023,298.0,Petrol,35.77,Second,2023.0,Not Available,Dealer,203228.28,Tier 2
Maharashtra,9.32,Kawasaki,Ninja 400,215843.0,2024,187.0,Petrol,33.49,Third,2024.0,Not Available,Dealer,150887.27,Metro
Delhi,10.51,Tvs,Ntorq 125,163565.0,2018,159.0,Electric,77.46,Second,2024.0,Expired,Individual,133472.89,Tier 2
West Bengal,69.48,Royal Enfield,Hunter 350,396841.0,2021,961.0,Petrol,32.91,Second,2022.0,Expired,Dealer,193748.57,Tier 3
Maharashtra,20.78,Royal Enfield,Himalayan,184389.0,2021,196.0,Hybrid,80.0,Third,2022.0,Not Available,Individual,77523.49,Tier 1
Punjab,52.67,Kawasaki,Vulcan S,213171.0,2023,281.0,Petrol,25.81,Second,2023.0,Not Available,Individual,110151.4,Tier 2
Punjab,15.85,Royal Enfield,Interceptor 650,321065.0,2024,726.0,Hybrid,93.66,Second,2024.0,Not Available,Individual,157619.8,Tier 1
Rajasthan,22.45,Honda,Shine,66553.0,2023,479.0,Hybrid,85.9,Second,2024.0,Not Available,Dealer,49108.97,Tier 2
Maharashtra,73.76,Hero,Hf Deluxe,355007.0,2021,440.0,Petrol,29.98,Third,2023.0,Not Available,Individual,159479.26,Metro
Rajasthan,16.83,Bajaj,Avenger 220,124862.0,2017,978.0,Electric,69.49,Second,2024.0,Active,Dealer,133472.89,Metro
Gujarat,27.16,Yamaha,R15 V4,178098.0,2018,663.0,Electric,74.26,Second,2022.0,Active,Individual,75685.39,Metro
West Bengal,20.96,Tvs,Jupiter,72626.0,2020,627.0,Petrol,31.9,Third,2023.0,Active,Dealer,133472.89,Tier 2
Punjab,54.26,Bajaj,Ct 100,312038.0,2022,469.0,Electric,72.53,Second,2023.0,Active,Dealer,175989.15,Tier 1
Tamil Nadu,28.74,Ktm,250 Duke,162793.0,2020,483.0,Petrol,70.2,Second,2023.0,Active,Dealer,129574.31,Tier 1
West Bengal,7.69,Kawasaki,Vulcan S,250026.0,2020,427.0,Electric,84.49,Third,2022.0,Expired,Dealer,164760.99,Tier 1
Madhya Pradesh,33.66,Hero,Hf Deluxe,240644.0,2017,662.0,Hybrid,99.46,Third,2023.0,Active,Individual,191258.26,Tier 2
Delhi,45.29,Yamaha,Mt-15,147700.0,2017,675.0,Petrol,38.21,Second,2023.0,Expired,Individual,71458.76,Tier 1
Uttar Pradesh,36.04,Yamaha,Fz V3,228789.0,2015,243.0,Electric,98.52,Third,2021.0,Expired,Dealer,135131.65,Tier 1
Madhya Pradesh,60.77,Royal Enfield,Interceptor 650,209077.0,2021,841.0,Hybrid,63.27,First,2021.0,Not Available,Dealer,85652.06,Tier 1
Rajasthan,40.63,Royal Enfield,Meteor 350,263511.0,2023,693.0,Petrol,31.4,First,2023.0,Not Available,Dealer,116877.28,Tier 1
Uttar Pradesh,27.77,Tvs,Sport,135077.0,2022,195.0,Petrol,53.72,Second,2022.0,Expired,Dealer,77300.14,Metro
Tamil Nadu,21.45,Tvs,Ronin,136076.0,2019,718.0,Hybrid,80.8,Second,2022.0,Not Available,Dealer,89558.89,Metro
Punjab,28.96,Royal Enfield,Hunter 350,104107.0,2024,991.0,Electric,70.23,Third,2024.0,Not Available,Dealer,66203.62,Metro
Rajasthan,43.5,Hero,Splendor Plus,91738.0,2019,915.0,Electric,72.24,Second,2023.0,Active,Dealer,66192.32,Tier 1
Uttar Pradesh,61.84,Honda,Unicorn,154017.0,2018,658.0,Electric,64.61,Second,2024.0,Expired,Individual,102667.97,Metro
Tamil Nadu,56.31,Tvs,Apache Rtr 160,83183.0,2021,562.0,Petrol,33.19,Second,2021.0,Expired,Dealer,50018.25,Tier 2
Rajasthan,53.74,Ktm,390 Adventure,358274.0,2024,285.0,Petrol,70.2,Third,2024.0,Not Available,Dealer,178812.37,Tier 2
Rajasthan,75.69,Kawasaki,Vulcan S,218265.0,2022,355.0,Electric,79.65,Second,2022.0,Not Available,Individual,126601.75,Metro
Uttar Pradesh,68.03,Ktm,Rc 390,366681.0,2024,820.0,Hybrid,60.35,Third,2024.0,Active,Individual,252959.21,Tier 1
Madhya Pradesh,29.63,Bajaj,Ct 100,358096.0,2022,904.0,Hybrid,65.39,Second,2024.0,Active,Individual,155809.04,Tier 2
Tamil Nadu,59.13,Hero,Passion Pro,199404.0,2023,621.0,Electric,83.74,First,2023.0,Active,Dealer,102133.48,Metro
Madhya Pradesh,60.85,Yamaha,R15 V4,231263.0,2020,278.0,Petrol,29.6,Second,2021.0,Not Available,Dealer,155235.86,Tier 2
Punjab,57.01,Royal Enfield,Classic 350,153018.0,2023,753.0,Petrol,70.2,Second,2023.0,Not Available,Dealer,77143.69,Tier 2
Gujarat,62.33,Tvs,Sport,124320.0,2022,197.0,Hybrid,62.53,First,2022.0,Expired,Individual,63755.73,Tier 2
Tamil Nadu,49.41,Ktm,Duke 200,247982.0,2024,558.0,Electric,72.01,Second,2024.0,Expired,Dealer,195543.29,Metro
Maharashtra,29.52,Hero,Glamour,57065.0,2023,603.0,Petrol,45.18,Third,2023.0,Active,Dealer,45480.08,Tier 3
Madhya Pradesh,11.34,Ktm,250 Duke,189471.0,2015,908.0,Electric,63.42,Third,2022.0,Expired,Dealer,91266.61,Metro
Punjab,17.11,Bajaj,Pulsar 150,118374.0,2018,306.0,Electric,96.93,Second,2023.0,Expired,Dealer,60418.6,Tier 1
Rajasthan,51.81,Kawasaki,Vulcan S,304953.0,2024,978.0,Electric,75.9,Second,2024.0,Expired,Dealer,230969.6,Tier 1
Uttar Pradesh,72.87,Kawasaki,Ninja 400,99920.0,2023,764.0,Petrol,48.93,Second,2023.0,Not Available,Dealer,72749.26,Tier 2
Gujarat,50.71,Tvs,Apache Rtr 160,252780.0,2022,332.0,Electric,89.59,First,2022.0,Expired,Individual,163795.19,Metro
Punjab,26.52,Hero,Passion Pro,212279.0,2020,285.0,Hybrid,95.34,Second,2021.0,Active,Individual,101188.95,Tier 3
Gujarat,25.74,Ktm,250 Duke,390523.0,2021,868.0,Petrol,42.62,First,2021.0,Not Available,Dealer,219217.96,Tier 1
Gujarat,70.29,Hero,Xtreme 160R,149990.0,2020,121.0,Electric,92.83,Second,2021.0,Expired,Individual,107244.6,Metro
Punjab,55.2,Hero,Glamour,65558.0,2024,619.0,Hybrid,80.95,Second,2024.0,Expired,Dealer,133472.89,Tier 1
Punjab,70.35,Kawasaki,Ninja 400,282418.0,2020,539.0,Hybrid,64.52,Second,2021.0,Not Available,Dealer,176851.86,Tier 1
Rajasthan,24.33,Ktm,125 Duke,52608.0,2024,393.0,Petrol,27.51,Second,2024.0,Active,Dealer,33121.79,Metro
Karnataka,13.56,Royal Enfield,Classic 350,397512.0,2023,504.0,Electric,76.51,First,2023.0,Not Available,Individual,196229.33,Tier 3
Uttar Pradesh,53.0,Hero,Splendor Plus,122572.0,2023,532.0,Hybrid,71.71,Second,2023.0,Active,Individual,65131.18,Tier 1
Karnataka,41.21,Royal Enfield,Interceptor 650,263601.0,2018,330.0,Hybrid,70.16,Third,2022.0,Expired,Individual,205115.11,Metro
Maharashtra,28.47,Tvs,Ronin,185271.0,2021,313.0,Hybrid,94.06,Second,2021.0,Active,Individual,125024.26,Metro
Tamil Nadu,28.6,Ktm,250 Duke,101456.0,2024,143.0,Hybrid,70.2,Second,2024.0,Not Available,Individual,49809.01,Tier 1
Rajasthan,41.73,Ktm,Duke 200,320038.0,2024,840.0,Petrol,58.57,Second,2024.0,Active,Individual,205650.98,Tier 3
Punjab,56.05,Ktm,250 Duke,153025.0,2017,494.0,Petrol,59.66,Second,2024.0,Active,Dealer,64655.82,Metro
Madhya Pradesh,49.7,Hero,Hf Deluxe,346104.0,2023,378.0,Electric,79.93,Second,2023.0,Active,Dealer,145699.80300121295,Tier 1
West Bengal,12.59,Kawasaki,Z650,62164.0,2022,329.0,Petrol,38.04,First,2022.0,Active,Dealer,32889.76,Tier 1
Gujarat,53.35,Royal Enfield,Classic 350,312290.0,2022,531.0,Hybrid,64.52,Second,2022.0,Not Available,Individual,210885.21,Metro
Maharashtra,42.54,Kawasaki,Ninja 300,335774.0,2020,145.0,Hybrid,96.38,Second,2022.0,Not Available,Individual,260284.53,Tier 2
Karnataka,33.14,Honda,Shine,327975.0,2024,764.0,Hybrid,72.79,Second,2024.0,Active,Individual,154697.8,Metro
Rajasthan,54.63,Hero,Xtreme 160R,342272.0,2022,871.0,Hybrid,76.33,First,2022.0,Active,Individual,237064.35,Metro
Rajasthan,55.68,Kawasaki,Versys 650,65800.0,2019,861.0,Hybrid,81.51,Second,2023.0,Expired,Dealer,43802.86,Tier 3
Karnataka,72.78,Royal Enfield,Hunter 350,54509.0,2024,342.0,Hybrid,86.17,Second,2024.0,Active,Individual,31758.96,Tier 3
Tamil Nadu,65.04,Ktm,250 Duke,238615.0,2022,635.0,Hybrid,84.09,Second,2024.0,Not Available,Dealer,125541.25,Metro
Delhi,47.75,Yamaha,R15 V4,211321.0,2019,291.0,Electric,71.35,Third,2022.0,Active,Dealer,106979.26,Tier 2
Delhi,72.6,Kawasaki,Ninja 300,310721.0,2018,634.0,Electric,95.97,Second,2021.0,Active,Individual,155068.13,Tier 2
Karnataka,35.43,Yamaha,R15 V4,233178.0,2022,227.0,Electric,94.07,Second,2022.0,Expired,Individual,137787.80896865562,Tier 1
Punjab,15.71,Hero,Splendor Plus,201335.0,2019,358.0,Hybrid,69.85,Second,2024.0,Active,Individual,114782.2,Tier 2
Gujarat,56.7,Royal Enfield,Classic 350,388057.0,2023,485.0,Electric,83.64,Third,2023.0,Not Available,Individual,156725.91,Tier 3
Rajasthan,79.5,Tvs,Ntorq 125,70841.0,2022,860.0,Petrol,28.26,Second,2022.0,Active,Dealer,39920.97,Tier 1
West Bengal,29.73,Royal Enfield,Meteor 350,327137.0,2015,663.0,Electric,60.82,Second,2022.0,Not Available,Dealer,234501.13,Tier 3
Tamil Nadu,52.07,Hero,Splendor Plus,331259.0,2020,774.0,Petrol,42.13,Second,2022.0,Expired,Dealer,133030.29,Metro
Rajasthan,18.18,Ktm,125 Duke,107346.0,2022,922.0,Hybrid,82.7,Second,2023.0,Active,Individual,83176.15,Metro
Rajasthan,43.18,Tvs,Ronin,391793.0,2023,205.0,Petrol,32.63,Second,2023.0,Active,Dealer,205730.98,Tier 1
West Bengal,42.6,Hero,Xtreme 160R,293634.0,2024,457.0,Petrol,29.33,First,2024.0,Expired,Dealer,137071.36,Tier 2
Tamil Nadu,19.04,Honda,Unicorn,264120.0,2022,501.0,Hybrid,70.2,First,2022.0,Expired,Dealer,112672.63,Tier 3
Punjab,61.3,Kawasaki,Z650,138772.0,2015,361.0,Petrol,49.29,Second,2021.0,Not Available,Dealer,91501.65,Metro
Madhya Pradesh,53.62,Ktm,125 Duke,290075.0,2018,712.0,Hybrid,95.36,Second,2024.0,Expired,Individual,165107.01,Tier 1
Tamil Nadu,57.99,Ktm,Duke 200,209268.0,2023,830.0,Hybrid,61.49,Second,2023.0,Not Available,Individual,90998.96,Metro
Delhi,61.55,Honda,Shine,375703.0,2024,607.0,Electric,81.25,Second,2024.0,Expired,Dealer,198704.47,Tier 1
West Bengal,76.3,Royal Enfield,Interceptor 650,54714.0,2024,335.0,Petrol,34.2,Second,2024.0,Expired,Dealer,25835.28,Tier 2
Punjab,63.7,Yamaha,R15 V4,288047.0,2024,368.0,Electric,70.2,First,2024.0,Expired,Individual,126748.18,Tier 2
Gujarat,28.65,Ktm,Rc 390,349453.0,2022,755.0,Electric,85.45,Second,2024.0,Active,Dealer,256457.96,Tier 1
Rajasthan,74.88,Tvs,Ronin,287680.0,2015,280.0,Hybrid,65.52,Second,2021.0,Expired,Individual,134027.85,Metro
West Bengal,73.55,Yamaha,R15 V4,303244.0,2020,703.0,Hybrid,80.26,Second,2022.0,Expired,Dealer,223178.62,Tier 3
Maharashtra,75.35,Yamaha,Fz V3,309828.0,2023,177.0,Hybrid,73.83,First,2023.0,Not Available,Individual,233509.21,Tier 3
West Bengal,27.84,Tvs,Ntorq 125,319665.0,2016,406.0,Electric,70.2,Second,2023.0,Expired,Dealer,212459.89,Tier 1
Gujarat,40.77,Royal Enfield,Hunter 350,261852.0,2023,927.0,Petrol,57.53,First,2023.0,Expired,Dealer,142501.64,Tier 3
Karnataka,58.91,Bajaj,Platina 110,92770.0,2016,164.0,Petrol,30.52,Second,2024.0,Expired,Individual,49632.3,Tier 1
Gujarat,30.8,Ktm,250 Duke,162928.0,2024,208.0,Electric,94.06,First,2024.0,Active,Individual,67710.19,Tier 3
Karnataka,76.88,Bajaj,Dominar 400,394588.0,2018,168.0,Petrol,47.77,Third,2022.0,Expired,Dealer,244142.16,Tier 2
Maharashtra,68.15,Honda,Unicorn,227573.0,2020,159.0,Petrol,40.44,Second,2022.0,Expired,Dealer,153237.75,Tier 1
Delhi,69.36,Tvs,Jupiter,84431.0,2023,436.0,Petrol,31.91,First,2023.0,Active,Dealer,61279.18,Tier 2
Madhya Pradesh,73.97,Yamaha,Fascino 125,209111.0,2024,520.0,Hybrid,99.54,Second,2024.0,Active,Dealer,89354.12,Metro
Punjab,38.45,Bajaj,Pulsar 150,195028.0,2023,270.0,Electric,67.59,Second,2023.0,Active,Individual,147655.92,Metro
Uttar Pradesh,27.72,Honda,Unicorn,191343.0,2023,350.0,Electric,88.44,First,2023.0,Active,Dealer,131732.64,Tier 1
Gujarat,9.0,Tvs,Ronin,83992.0,2018,780.0,Hybrid,75.55,Third,2022.0,Active,Individual,56666.45,Metro
Tamil Nadu,11.79,Kawasaki,Vulcan S,362683.0,2020,606.0,Hybrid,64.33,Second,2021.0,Not Available,Dealer,227928.6,Metro
Rajasthan,68.86,Ktm,390 Adventure,224387.0,2023,281.0,Electric,66.43,Third,2024.0,Active,Individual,133472.89,Tier 2
West Bengal,50.01,Honda,Shine,105641.0,2022,802.0,Electric,75.61,Second,2022.0,Expired,Individual,58243.86,Tier 3
Delhi,18.49,Hero,Xtreme 160R,163643.0,2024,562.0,Petrol,46.61,Second,2024.0,Active,Individual,95656.96,Tier 1
Gujarat,67.88,Kawasaki,Ninja 400,355313.0,2016,579.0,Hybrid,70.56,Third,2022.0,Active,Dealer,275305.59,Metro
Delhi,71.0,Tvs,Ntorq 125,178749.0,2022,178.0,Hybrid,87.92,Second,2024.0,Active,Dealer,127616.22,Tier 3
Madhya Pradesh,59.15,Yamaha,Fz V3,101558.0,2020,388.0,Electric,92.33,Second,2023.0,Active,Individual,63455.91,Tier 1
Punjab,68.48,Bajaj,Pulsar 150,80136.0,2015,281.0,Electric,64.78,Second,2023.0,Active,Individual,44420.7,Metro
Uttar Pradesh,52.72,Bajaj,Avenger 220,276653.0,2021,962.0,Petrol,39.15,Third,2023.0,Active,Individual,169717.77,Metro
Madhya Pradesh,73.46,Tvs,Ntorq 125,382858.0,2021,543.0,Electric,81.01,First,2021.0,Not Available,Dealer,236216.63,Tier 3
Uttar Pradesh,37.68,Ktm,Duke 200,241615.0,2017,166.0,Electric,64.07,Second,2024.0,Active,Dealer,182401.05,Tier 2
Maharashtra,9.99,Hero,Splendor Plus,145310.0,2022,453.0,Hybrid,70.2,First,2022.0,Active,Individual,76373.98,Tier 2
Uttar Pradesh,16.84,Kawasaki,Z650,316793.0,2024,852.0,Electric,98.03,Second,2024.0,Expired,Dealer,181480.11,Metro
Maharashtra,53.72,Yamaha,Fz V3,132018.0,2024,152.0,Hybrid,87.61,Second,2024.0,Expired,Individual,66057.63,Tier 3
West Bengal,60.69,Bajaj,Dominar 400,262524.0,2022,848.0,Hybrid,85.47,First,2022.0,Not Available,Individual,136938.55,Tier 3
Karnataka,68.01,Honda,Cbr 650R,264999.0,2021,663.0,Electric,77.01,Third,2023.0,Expired,Dealer,109885.29,Tier 2
Delhi,15.03,Ktm,Duke 200,274473.0,2021,572.0,Petrol,57.64,Second,2022.0,Not Available,Dealer,173135.53,Tier 1
Madhya Pradesh,23.86,Honda,Dio,241799.0,2021,764.0,Hybrid,65.11,First,2021.0,Expired,Dealer,107006.88,Tier 1
West Bengal,73.62,Hero,Passion Pro,69351.0,2019,687.0,Hybrid,81.99,Second,2022.0,Active,Individual,52788.11,Tier 3
Tamil Nadu,58.44,Bajaj,Avenger 220,70357.0,2023,886.0,Hybrid,64.25,Third,2023.0,Expired,Individual,30716.93,Tier 1
Tamil Nadu,32.8,Hero,Hf Deluxe,120218.0,2023,100.0,Hybrid,64.98,Second,2024.0,Not Available,Individual,59869.9,Metro
Rajasthan,71.18,Hero,Splendor Plus,117069.0,2015,664.0,Electric,63.8,Second,2022.0,Active,Individual,88229.98193284536,Tier 1
Punjab,44.86,Royal Enfield,Classic 350,372609.0,2022,703.0,Petrol,46.86,First,2022.0,Active,Dealer,261973.89,Metro
Karnataka,57.85,Hero,Splendor Plus,319127.0,2020,814.0,Electric,89.58,Third,2021.0,Not Available,Dealer,250361.87,Tier 2
Punjab,65.89,Ktm,Duke 200,111138.0,2023,163.0,Petrol,56.12,Third,2024.0,Active,Dealer,81721.97,Tier 3
Karnataka,16.66,Kawasaki,Ninja 400,247471.0,2018,196.0,Electric,83.39,Second,2024.0,Not Available,Dealer,133472.89,Tier 2
Gujarat,69.71,Honda,Shine,170725.0,2022,674.0,Petrol,25.24,Second,2024.0,Expired,Dealer,78975.61,Tier 2
Uttar Pradesh,43.38,Honda,Unicorn,279578.0,2019,569.0,Electric,77.91,Second,2024.0,Active,Individual,128730.91,Tier 2
Maharashtra,39.25,Hero,Glamour,224434.0,2022,154.0,Petrol,25.49,First,2022.0,Active,Individual,142699.25,Tier 2
Maharashtra,10.21,Kawasaki,Vulcan S,67957.0,2022,598.0,Electric,88.87,Second,2022.0,Expired,Individual,39119.53,Tier 1
Delhi,7.9,Hero,Xtreme 160R,118098.0,2022,440.0,Petrol,33.47,Second,2023.0,Expired,Dealer,55226.71,Tier 2
Delhi,46.56,Bajaj,Dominar 400,251927.0,2023,430.0,Hybrid,60.03,Second,2024.0,Not Available,Dealer,134118.79,Tier 3
Maharashtra,56.94,Royal Enfield,Meteor 350,310964.0,2017,435.0,Electric,95.61,Second,2024.0,Expired,Individual,133472.89,Tier 1
Madhya Pradesh,57.5,Yamaha,Ray Zr,59308.0,2023,620.0,Electric,97.66,Second,2023.0,Expired,Dealer,37421.84,Tier 3
Punjab,78.63,Ktm,390 Adventure,145538.0,2022,330.0,Electric,89.76,Second,2023.0,Expired,Dealer,103908.96,Tier 2
Maharashtra,67.92,Honda,Cbr 650R,215879.0,2024,426.0,Petrol,42.26,Third,2024.0,Expired,Individual,131059.16,Metro
Punjab,25.58,Royal Enfield,Classic 350,310047.0,2021,348.0,Petrol,57.44,Third,2021.0,Not Available,Individual,158431.59,Tier 3
Madhya Pradesh,58.13,Royal Enfield,Interceptor 650,318464.0,2021,457.0,Electric,75.89,Second,2021.0,Not Available,Individual,238971.12,Tier 3
Tamil Nadu,6.57,Tvs,Apache Rtr 160,248772.0,2021,239.0,Electric,62.73,Second,2024.0,Active,Individual,189239.79,Tier 1
Karnataka,64.35,Yamaha,R15 V4,142375.0,2022,789.0,Hybrid,70.07,Second,2022.0,Active,Dealer,77767.88,Tier 1
Maharashtra,77.3,Royal Enfield,Classic 350,92777.0,2018,266.0,Hybrid,61.25,Second,2021.0,Not Available,Dealer,39075.6,Tier 2
Punjab,69.9,Yamaha,Fascino 125,382749.0,2018,923.0,Hybrid,70.1,Second,2021.0,Expired,Individual,299476.39,Tier 3
Rajasthan,68.98,Honda,Dio,301614.0,2019,879.0,Petrol,48.61,Second,2022.0,Not Available,Individual,157434.96,Tier 1
Delhi,60.76,Kawasaki,Versys 650,234759.0,2021,927.0,Hybrid,95.47,Second,2023.0,Expired,Individual,136345.18,Tier 1
Maharashtra,72.63,Ktm,125 Duke,117789.0,2023,419.0,Petrol,56.34,Second,2024.0,Active,Dealer,64092.5,Metro
Tamil Nadu,71.26,Kawasaki,Versys 650,320758.0,2022,776.0,Electric,74.44,First,2022.0,Active,Individual,203505.2,Tier 3
Delhi,48.25,Kawasaki,Z650,272158.0,2016,767.0,Hybrid,92.49,Second,2022.0,Expired,Individual,207782.81,Metro
Punjab,34.0,Hero,Xtreme 160R,175304.0,2019,662.0,Hybrid,68.86,Second,2021.0,Active,Dealer,131386.16,Metro
Gujarat,21.07,Yamaha,Ray Zr,148270.0,2019,281.0,Electric,78.02,Second,2023.0,Not Available,Individual,81821.32,Tier 2
Tamil Nadu,63.46,Hero,Passion Pro,254700.0,2023,657.0,Hybrid,72.03,Third,2024.0,Expired,Dealer,202347.68,Tier 1
Rajasthan,53.64,Hero,Xtreme 160R,376221.0,2022,535.0,Hybrid,74.36,First,2022.0,Active,Individual,209920.1,Tier 1
Karnataka,74.99,Royal Enfield,Meteor 350,93059.0,2023,455.0,Electric,77.79,Second,2023.0,Not Available,Individual,47094.56,Tier 2
West Bengal,62.32,Yamaha,Fz V3,167120.0,2020,396.0,Petrol,25.96,Second,2024.0,Expired,Individual,112931.3,Tier 1
Rajasthan,59.11,Yamaha,R15 V4,150570.0,2018,658.0,Hybrid,86.99,Third,2023.0,Not Available,Individual,61241.8,Metro
Maharashtra,60.6,Kawasaki,Ninja 400,343338.0,2015,212.0,Petrol,52.03,Second,2022.0,Active,Dealer,204239.69,Metro
Maharashtra,33.73,Royal Enfield,Classic 350,110118.0,2023,659.0,Hybrid,62.35,Second,2023.0,Not Available,Individual,64995.49,Tier 2
Madhya Pradesh,12.93,Yamaha,Ray Zr,139497.0,2022,116.0,Petrol,50.23,Second,2024.0,Not Available,Dealer,91520.83,Metro
Rajasthan,65.59,Hero,Glamour,242153.0,2018,119.0,Electric,75.29,Second,2022.0,Active,Dealer,168665.55,Tier 3
Gujarat,70.73,Kawasaki,Z650,170476.0,2024,499.0,Electric,73.85,First,2024.0,Active,Dealer,69028.2,Tier 3
Punjab,59.31,Bajaj,Avenger 220,76790.0,2023,509.0,Petrol,29.3,Second,2023.0,Expired,Individual,133472.89,Metro
Maharashtra,60.1,Royal Enfield,Meteor 350,89096.0,2022,470.0,Electric,90.99,Second,2024.0,Not Available,Dealer,39929.3,Tier 2
Madhya Pradesh,6.2,Kawasaki,Ninja 400,68911.0,2020,305.0,Petrol,70.2,Second,2024.0,Expired,Dealer,51703.32,Tier 2
West Bengal,10.22,Yamaha,Mt-15,321757.0,2015,800.0,Hybrid,61.26,Second,2023.0,Active,Dealer,146681.07,Metro
Gujarat,10.42,Kawasaki,Vulcan S,161376.0,2022,907.0,Petrol,34.93,Second,2022.0,Active,Dealer,95123.87,Tier 2
Gujarat,11.14,Royal Enfield,Hunter 350,322755.0,2023,540.0,Petrol,34.71,Second,2023.0,Not Available,Individual,133052.66,Tier 3
West Bengal,58.16,Yamaha,Fascino 125,263406.0,2021,924.0,Electric,96.11,Second,2022.0,Not Available,Individual,117006.97,Tier 2
Rajasthan,79.0,Ktm,390 Adventure,71253.0,2020,652.0,Hybrid,63.97,Third,2022.0,Active,Dealer,42173.59,Metro
Delhi,15.1,Kawasaki,Ninja 300,218462.0,2023,287.0,Electric,91.81,Second,2023.0,Expired,Dealer,162055.98,Tier 1
Delhi,47.03,Tvs,Ntorq 125,104485.0,2023,845.0,Petrol,48.03,Second,2023.0,Not Available,Dealer,77850.7,Tier 3
Rajasthan,54.49,Bajaj,Dominar 400,331783.0,2022,742.0,Hybrid,83.72,Second,2023.0,Not Available,Individual,209290.49,Tier 3
Maharashtra,-5.0,Hero,Passion Pro,347012.0,2022,399.0,Electric,96.55,First,2022.0,Expired,Individual,183799.93,Tier 1
Uttar Pradesh,32.44,Bajaj,Avenger 220,212967.0,2017,530.0,Hybrid,63.17,Second,2021.0,Expired,Individual,168372.08,Tier 3
Maharashtra,5.53,Tvs,Sport,166363.0,2023,547.0,Petrol,32.84,Second,2023.0,Not Available,Dealer,88778.75038999016,Tier 2
Gujarat,31.87,Hero,Passion Pro,344789.0,2023,581.0,Hybrid,89.47,Second,2023.0,Active,Individual,133472.89,Tier 3
Uttar Pradesh,55.95,Royal Enfield,Interceptor 650,256636.0,2015,361.0,Hybrid,96.61,Second,2021.0,Not Available,Individual,159064.04,Tier 2
Uttar Pradesh,71.82,Tvs,Jupiter,63410.0,2022,238.0,Electric,94.38,Second,2024.0,Not Available,Individual,48262.94,Metro
Madhya Pradesh,48.57,Kawasaki,Ninja 300,112786.0,2017,574.0,Electric,97.32,Second,2021.0,Not Available,Individual,49650.53,Tier 3
Rajasthan,73.57,Tvs,Apache Rtr 160,379646.0,2017,934.0,Electric,96.97,Second,2023.0,Active,Individual,133472.89,Tier 3
Maharashtra,73.38,Honda,Unicorn,94641.0,2021,208.0,Petrol,37.57,Third,2024.0,Not Available,Individual,38155.35,Metro
Madhya Pradesh,67.61,Bajaj,Dominar 400,204165.0,2021,957.0,Petrol,42.78,Second,2021.0,Expired,Dealer,118632.94,Metro
Delhi,7.59,Hero,Passion Pro,86203.0,2018,372.0,Hybrid,91.81,Second,2022.0,Not Available,Individual,65575.26,Tier 1
Karnataka,69.57,Tvs,Jupiter,236518.0,2024,708.0,Hybrid,86.76,Second,2024.0,Not Available,Dealer,164369.1,Tier 2
West Bengal,10.98,Tvs,Sport,272377.0,2021,536.0,Electric,88.46,Second,2021.0,Not Available,Individual,194324.61,Metro
Maharashtra,9.93,Bajaj,Pulsar 150,395595.0,2022,402.0,Hybrid,70.2,First,2022.0,Not Available,Individual,223247.97,Tier 1
Karnataka,74.78,Ktm,390 Adventure,85417.0,2023,713.0,Electric,79.23,Second,2023.0,Active,Individual,59201.98,Tier 1
Delhi,79.27,Kawasaki,Versys 650,278886.0,2022,620.0,Hybrid,79.49,Second,2022.0,Expired,Dealer,149827.63,Tier 2
Karnataka,7.47,Bajaj,Platina 110,298191.0,2023,512.0,Electric,95.54,Second,2023.0,Expired,Individual,233255.69,Tier 1
Madhya Pradesh,25.63,Bajaj,Dominar 400,109109.0,2023,133.0,Electric,71.54,Second,2023.0,Not Available,Individual,68500.14,Metro
Maharashtra,43.78,Hero,Splendor Plus,163743.0,2024,694.0,Hybrid,85.56,First,2024.0,Not Available,Dealer,133472.89,Metro
Gujarat,29.22,Kawasaki,Versys 650,361399.0,2019,564.0,Petrol,53.86,Second,2022.0,Active,Individual,285096.26,Metro
Maharashtra,18.13,Royal Enfield,Interceptor 650,377347.0,2016,235.0,Hybrid,77.1,Second,2024.0,Expired,Dealer,159174.18,Tier 2
Rajasthan,56.62,Honda,Unicorn,360610.0,2017,108.0,Petrol,56.6,Second,2022.0,Active,Dealer,172757.5,Metro
Punjab,78.82,Yamaha,R15 V4,307457.0,2022,977.0,Electric,72.83,First,2022.0,Expired,Dealer,196857.11,Tier 1
Punjab,67.64,Kawasaki,Ninja 400,386425.0,2024,445.0,Hybrid,70.2,Second,2024.0,Active,Dealer,217305.94,Tier 2
Karnataka,46.06,Royal Enfield,Hunter 350,130627.0,2022,170.0,Hybrid,92.34,Third,2022.0,Expired,Individual,68418.86,Tier 2
Tamil Nadu,46.7,Ktm,Rc 390,195728.0,2019,901.0,Petrol,32.83,Second,2024.0,Not Available,Individual,112931.96,Metro
Punjab,51.41,Ktm,125 Duke,346339.0,2022,862.0,Petrol,28.5,Second,2022.0,Not Available,Individual,145629.79,Tier 1
Tamil Nadu,40.23,Bajaj,Ct 100,329671.0,2015,901.0,Petrol,70.2,Third,2024.0,Active,Dealer,137417.28,Tier 1
Karnataka,75.43,Hero,Passion Pro,361694.0,2021,888.0,Hybrid,97.31,Second,2023.0,Expired,Dealer,257936.44,Tier 2
Punjab,64.73,Ktm,390 Adventure,126256.0,2018,625.0,Electric,80.32,Second,2022.0,Active,Individual,64211.62,Tier 3
Rajasthan,76.73,Yamaha,Ray Zr,258947.0,2021,887.0,Petrol,47.19,First,2021.0,Expired,Dealer,187823.57,Tier 2
Tamil Nadu,26.21,Yamaha,Fascino 125,183511.0,2024,927.0,Electric,95.67,Second,2024.0,Expired,Dealer,115005.22,Tier 3
Maharashtra,74.2,Kawasaki,Ninja 400,208794.0,2016,709.0,Electric,72.59,Second,2022.0,Not Available,Dealer,145984.03,Tier 1
Tamil Nadu,36.47,Honda,Unicorn,341458.0,2024,132.0,Electric,76.02,Second,2024.0,Not Available,Individual,212331.78,Tier 1
West Bengal,35.23,Hero,Glamour,338315.0,2016,619.0,Petrol,59.58,Second,2022.0,Not Available,Individual,207073.21,Tier 3
Delhi,34.26,Ktm,250 Duke,75803.0,2024,649.0,Electric,70.94,Second,2024.0,Expired,Individual,50567.39,Tier 3
Rajasthan,14.17,Kawasaki,Z650,232902.0,2023,399.0,Electric,70.88,Second,2023.0,Active,Individual,177087.52,Tier 1
Punjab,79.84,Bajaj,Avenger 220,390717.0,2023,564.0,Electric,89.2,First,2023.0,Active,Dealer,209567.77,Tier 1
Uttar Pradesh,60.59,Ktm,390 Adventure,76947.0,2017,898.0,Hybrid,80.01,Second,2023.0,Expired,Dealer,38569.49,Tier 2
West Bengal,28.28,Honda,Shine,137458.0,2024,405.0,Hybrid,82.45,Second,2024.0,Active,Dealer,88382.99,Metro
Maharashtra,24.24,Tvs,Apache Rtr 160,99005.0,2019,407.0,Hybrid,88.25,Third,2022.0,Not Available,Individual,61325.13,Tier 3
Uttar Pradesh,27.4,Hero,Splendor Plus,362198.0,2023,774.0,Electric,62.15,Second,2024.0,Active,Individual,191120.67,Tier 1
Uttar Pradesh,39.51,Yamaha,Ray Zr,264332.0,2024,865.0,Hybrid,64.94,Second,2024.0,Active,Individual,173501.8,Metro
Tamil Nadu,7.07,Hero,Passion Pro,224777.0,2021,724.0,Electric,94.63,Third,2023.0,Not Available,Dealer,113325.31,Metro
Maharashtra,70.54,Hero,Xtreme 160R,339286.0,2021,201.0,Petrol,49.33,Second,2023.0,Expired,Dealer,183497.96,Tier 3
West Bengal,53.84,Bajaj,Platina 110,336423.0,2017,431.0,Petrol,33.01,Third,2022.0,Expired,Dealer,255895.78,Tier 2
Rajasthan,44.51,Yamaha,R15 V4,149795.0,2023,707.0,Electric,76.53,Second,2023.0,Not Available,Individual,133472.89,Tier 3
Punjab,40.84,Kawasaki,Ninja 300,223813.0,2022,969.0,Electric,85.74,First,2022.0,Expired,Individual,113192.20306247918,Metro
Punjab,75.01,Kawasaki,Ninja 300,312146.0,2019,114.0,Electric,85.42,Second,2024.0,Not Available,Individual,149710.03,Tier 2
Delhi,31.31,Tvs,Ntorq 125,356569.0,2021,619.0,Electric,73.78,Second,2021.0,Expired,Dealer,284160.17,Metro
Punjab,18.74,Honda,Activa,319197.0,2023,313.0,Petrol,42.83,Second,2024.0,Expired,Dealer,137021.42,Metro
Karnataka,38.76,Ktm,Rc 390,268301.0,2023,350.0,Electric,72.56,First,2023.0,Expired,Dealer,122697.86,Tier 2
West Bengal,71.25,Yamaha,Ray Zr,390906.0,2023,392.0,Electric,99.76,First,2023.0,Not Available,Individual,184665.68646125,Tier 3
Uttar Pradesh,40.48,Tvs,Ronin,335893.0,2023,402.0,Electric,70.2,Second,2024.0,Expired,Dealer,163013.56,Tier 1
Punjab,13.05,Royal Enfield,Himalayan,100801.0,2021,240.0,Petrol,48.23,First,2021.0,Expired,Dealer,44237.9,Tier 1
Delhi,34.81,Hero,Hf Deluxe,162174.0,2022,0.0,Petrol,25.24,Second,2024.0,Active,Individual,69469.79,Tier 1
Maharashtra,46.56,Royal Enfield,Interceptor 650,127554.0,2017,318.0,Hybrid,92.44,Second,2024.0,Active,Individual,87930.5,Tier 2
Gujarat,41.42,Hero,Xtreme 160R,131342.0,2016,865.0,Hybrid,96.3,Third,2021.0,Expired,Dealer,82914.48,Tier 2
Uttar Pradesh,72.65,Kawasaki,Z650,189904.0,2018,759.0,Petrol,39.09,Second,2024.0,Expired,Dealer,135973.04,Tier 3
Maharashtra,50.01,Royal Enfield,Himalayan,146416.0,2020,550.0,Hybrid,93.09,Second,2023.0,Not Available,Individual,75852.98,Tier 2
Uttar Pradesh,79.79,Yamaha,Fz V3,361957.0,2024,392.0,Electric,82.54,Second,2024.0,Expired,Dealer,180415.07,Metro
Rajasthan,33.04,Bajaj,Platina 110,331055.0,2022,622.0,Petrol,57.1,Second,2022.0,Active,Dealer,252288.1,Tier 1
Rajasthan,61.35,Kawasaki,Ninja 400,56493.0,2022,973.0,Petrol,39.99,First,2022.0,Not Available,Individual,44614.73,Tier 1
Uttar Pradesh,61.91,Yamaha,Fz V3,126427.0,2018,967.0,Hybrid,60.54,Third,2024.0,Expired,Dealer,97876.63,Metro
Uttar Pradesh,16.36,Ktm,390 Adventure,336425.0,2021,537.0,Hybrid,66.93,Second,2021.0,Not Available,Individual,136795.57,Tier 1
Maharashtra,53.47,Royal Enfield,Classic 350,225089.0,2022,919.0,Petrol,29.8,Second,2023.0,Not Available,Individual,108602.87,Tier 2
Punjab,76.44,Hero,Splendor Plus,322201.0,2024,132.0,Hybrid,69.35,Second,2024.0,Not Available,Individual,230299.58,Tier 3
Uttar Pradesh,30.9,Kawasaki,Z650,305083.0,2015,777.0,Petrol,70.2,Third,2024.0,Active,Individual,133368.88,Tier 1
Maharashtra,38.26,Royal Enfield,Himalayan,235982.0,2020,794.0,Petrol,27.78,Second,2024.0,Active,Individual,169601.78850284385,Tier 1
Gujarat,31.27,Bajaj,Avenger 220,297771.0,2015,402.0,Electric,64.88,Third,2024.0,Active,Dealer,133472.89,Metro
Tamil Nadu,48.7,Honda,Cbr 650R,108898.0,2020,867.0,Hybrid,76.18,Second,2021.0,Expired,Dealer,66972.25,Tier 1
West Bengal,24.98,Kawasaki,Ninja 300,320581.0,2021,387.0,Electric,93.96,First,2021.0,Expired,Dealer,133472.89,Metro
Punjab,10.55,Ktm,390 Adventure,182510.0,2022,795.0,Petrol,42.23,Third,2022.0,Not Available,Individual,128478.46,Metro
Karnataka,20.25,Yamaha,R15 V4,97147.0,2022,684.0,Electric,97.91,First,2022.0,Expired,Dealer,57787.32,Tier 3
Delhi,33.14,Tvs,Ronin,174611.0,2023,353.0,Petrol,35.42,Third,2024.0,Not Available,Individual,128154.49,Tier 2
Delhi,71.87,Ktm,Duke 200,92084.0,2019,775.0,Electric,61.86,Second,2021.0,Not Available,Dealer,46963.83,Tier 2
West Bengal,30.29,Honda,Dio,124469.0,2021,468.0,Electric,94.5,Second,2022.0,Not Available,Dealer,74726.87,Metro
Gujarat,61.0,Ktm,250 Duke,67061.0,2023,174.0,Electric,82.99,Second,2024.0,Expired,Individual,49580.55,Metro
Maharashtra,70.45,Yamaha,Ray Zr,150687.0,2016,661.0,Hybrid,68.89,Second,2023.0,Active,Individual,103311.37,Tier 1
Uttar Pradesh,33.33,Ktm,Rc 390,253552.0,2016,100.0,Petrol,35.31,Third,2023.0,Not Available,Individual,123681.76,Tier 3
Uttar Pradesh,26.07,Royal Enfield,Classic 350,91302.0,2022,302.0,Petrol,28.95,Second,2022.0,Active,Individual,46482.34,Tier 3
West Bengal,38.73,Kawasaki,Ninja 400,115000.0,2024,899.0,Electric,99.07,Second,2024.0,Expired,Individual,80373.93,Metro
Punjab,12.45,Hero,Glamour,203903.0,2015,145.0,Petrol,54.83,Second,2024.0,Expired,Individual,93298.77,Tier 2
Karnataka,21.37,Hero,Passion Pro,289898.0,2024,127.0,Hybrid,70.2,First,2024.0,Active,Dealer,195551.6,Tier 2
Rajasthan,30.63,Bajaj,Ct 100,114101.0,2022,591.0,Hybrid,67.01,First,2022.0,Not Available,Individual,57381.99,Tier 3
Uttar Pradesh,48.73,Yamaha,Fascino 125,338831.0,2022,166.0,Electric,87.17,Second,2023.0,Not Available,Dealer,196061.24,Tier 1
Delhi,72.45,Bajaj,Avenger 220,388846.0,2023,440.0,Petrol,40.94,Third,2023.0,Active,Dealer,170095.98,Tier 2
Punjab,26.56,Bajaj,Avenger 220,262133.0,2017,326.0,Electric,91.89,Second,2021.0,Active,Dealer,157871.21,Tier 3
Madhya Pradesh,27.35,Royal Enfield,Himalayan,266652.0,2022,936.0,Electric,77.38,Second,2023.0,Active,Dealer,168152.38,Metro
West Bengal,66.43,Royal Enfield,Interceptor 650,176865.0,2023,0.0,Hybrid,92.35,Second,2024.0,Expired,Dealer,96885.24,Tier 3
Punjab,40.84,Kawasaki,Ninja 300,223813.0,2022,969.0,Electric,85.74,First,2022.0,Expired,Individual,115010.93,Metro
Rajasthan,77.92,Bajaj,Pulsar 150,242466.0,2023,473.0,Hybrid,60.61,Second,2023.0,Not Available,Dealer,146867.13,Tier 2
Maharashtra,41.07,Yamaha,R15 V4,179907.0,2023,411.0,Electric,70.75,First,2023.0,Not Available,Individual,104036.71,Tier 3
Punjab,48.48,Honda,Unicorn,116354.0,2022,486.0,Petrol,38.37,Second,2023.0,Expired,Dealer,91784.92,Tier 1
Tamil Nadu,46.01,Honda,Shine,329546.0,2022,677.0,Electric,76.87,Second,2022.0,Expired,Dealer,208946.91,Tier 3
Tamil Nadu,66.55,Bajaj,Pulsar 150,107788.0,2017,146.0,Petrol,44.11,Second,2022.0,Active,Individual,50260.86,Metro
Karnataka,25.84,Hero,Splendor Plus,397125.0,2020,419.0,Hybrid,96.79,Third,2023.0,Expired,Individual,190208.73,Tier 2
West Bengal,24.69,Bajaj,Ct 100,77086.0,2024,716.0,Hybrid,91.08,Third,2024.0,Not Available,Individual,38270.77,Tier 2
Punjab,72.28,Bajaj,Avenger 220,163217.0,2023,744.0,Petrol,43.86,Second,2023.0,Expired,Individual,76676.0,Tier 2
Rajasthan,42.54,Honda,Shine,320441.0,2022,227.0,Petrol,34.67,Second,2023.0,Active,Individual,137956.13,Tier 1
Maharashtra,11.26,Yamaha,Fascino 125,240196.0,2021,880.0,Hybrid,99.19,Second,2023.0,Expired,Dealer,184696.47,Tier 3
Gujarat,25.09,Tvs,Sport,366392.0,2018,725.0,Hybrid,64.32,Second,2021.0,Expired,Dealer,226032.85,Tier 1
Maharashtra,41.54,Honda,Dio,230891.0,2020,748.0,Electric,81.24,Second,2024.0,Not Available,Individual,150923.8,Tier 3
Uttar Pradesh,46.81,Hero,Hf Deluxe,385125.0,2021,760.0,Hybrid,61.6,Second,2024.0,Not Available,Individual,240899.55,Tier 1
Karnataka,68.91,Bajaj,Dominar 400,132053.0,2021,136.0,Electric,70.12,Second,2022.0,Not Available,Dealer,64059.23,Tier 3
West Bengal,61.5,Yamaha,Fz V3,61809.0,2024,644.0,Petrol,59.14,First,2024.0,Expired,Dealer,40886.44,Tier 1
West Bengal,72.46,Hero,Passion Pro,397523.0,2021,119.0,Hybrid,97.64,Second,2023.0,Expired,Dealer,202843.9,Tier 3
Tamil Nadu,49.22,Royal Enfield,Hunter 350,299483.0,2024,393.0,Electric,90.8,Second,2024.0,Expired,Dealer,199851.62,Tier 2
Karnataka,33.89,Kawasaki,Ninja 400,367230.0,2023,371.0,Electric,93.29,Second,2023.0,Active,Dealer,251744.61,Tier 2
Uttar Pradesh,66.43,Royal Enfield,Himalayan,340481.0,2015,335.0,Hybrid,68.18,Second,2021.0,Expired,Individual,245023.63,Tier 2
Madhya Pradesh,34.67,Hero,Splendor Plus,266174.0,2015,880.0,Hybrid,79.3,Second,2023.0,Not Available,Dealer,145175.52,Tier 3
West Bengal,34.15,Ktm,390 Adventure,212990.0,2024,666.0,Electric,91.46,Second,2024.0,Not Available,Individual,96934.16,Tier 1
Punjab,64.83,Ktm,125 Duke,252462.0,2022,831.0,Electric,63.69,Second,2023.0,Expired,Dealer,120979.39,Tier 3
Karnataka,35.62,Kawasaki,Ninja 300,393729.0,2020,531.0,Electric,91.18,Third,2024.0,Not Available,Dealer,273866.7788067043,Tier 3
Punjab,21.83,Kawasaki,Versys 650,173886.0,2021,608.0,Electric,99.04,Second,2021.0,Expired,Dealer,105086.65,Tier 3
Tamil Nadu,36.05,Yamaha,Fascino 125,335361.0,2023,596.0,Electric,91.88,Second,2024.0,Active,Dealer,154033.4,Tier 2
Karnataka,28.99,Kawasaki,Ninja 400,183579.0,2024,591.0,Electric,97.93,Third,2024.0,Expired,Dealer,117714.53,Metro
Madhya Pradesh,59.65,Hero,Splendor Plus,353387.0,2019,217.0,Hybrid,96.7,Second,2021.0,Expired,Individual,165229.8,Metro
Madhya Pradesh,46.36,Hero,Hf Deluxe,325364.0,2017,292.0,Petrol,26.84,Second,2024.0,Not Available,Dealer,201831.44,Tier 2
Madhya Pradesh,6.91,Tvs,Sport,351157.0,2022,394.0,Hybrid,73.18,Third,2024.0,Active,Dealer,229688.15,Tier 1
Karnataka,64.46,Kawasaki,Vulcan S,70882.0,2021,158.0,Petrol,44.57,Second,2023.0,Expired,Dealer,133472.89,Tier 3
Madhya Pradesh,45.03,Honda,Unicorn,186152.0,2016,725.0,Electric,95.7,Third,2022.0,Not Available,Dealer,138048.29,Tier 1
Delhi,29.84,Royal Enfield,Hunter 350,131001.0,2019,914.0,Petrol,37.34,Second,2022.0,Active,Individual,76524.48,Tier 2
Delhi,67.49,Tvs,Apache Rtr 160,172845.0,2016,931.0,Hybrid,84.36,Second,2024.0,Expired,Individual,97748.54,Tier 3
Maharashtra,35.04,Tvs,Ntorq 125,368492.0,2022,610.0,Petrol,30.73,Second,2024.0,Not Available,Individual,280542.25,Tier 3
West Bengal,22.08,Bajaj,Avenger 220,368890.0,2021,606.0,Electric,60.48,Second,2021.0,Not Available,Individual,209798.16,Metro
Rajasthan,62.8,Tvs,Ntorq 125,213021.0,2022,640.0,Hybrid,90.56,Second,2023.0,Active,Dealer,88608.21,Metro
Karnataka,75.61,Tvs,Ronin,291701.0,2020,520.0,Hybrid,76.25,Third,2021.0,Expired,Individual,211640.44,Tier 3
Uttar Pradesh,22.24,Bajaj,Ct 100,331947.0,2024,202.0,Petrol,28.03,First,2024.0,Not Available,Dealer,183602.12,Tier 1
Delhi,25.76,Royal Enfield,Interceptor 650,278263.0,2021,489.0,Electric,66.41,Second,2021.0,Active,Individual,118830.72,Tier 1
Punjab,48.36,Ktm,Rc 390,122863.0,2017,516.0,Petrol,35.61,Third,2024.0,Expired,Individual,65487.4,Tier 3
Madhya Pradesh,23.6,Kawasaki,Vulcan S,149375.0,2022,977.0,Hybrid,72.24,Second,2022.0,Not Available,Individual,108659.45,Tier 1
Uttar Pradesh,26.1,Kawasaki,Ninja 300,181522.0,2021,320.0,Hybrid,93.83,Second,2022.0,Not Available,Individual,136920.11,Metro
Punjab,17.67,Hero,Splendor Plus,338334.0,2020,970.0,Electric,78.17,Second,2023.0,Not Available,Individual,258456.25,Metro
Delhi,68.34,Ktm,250 Duke,230683.0,2021,130.0,Electric,68.0,Third,2023.0,Expired,Individual,122138.54,Tier 1
Rajasthan,5.66,Ktm,390 Adventure,164996.0,2024,404.0,Petrol,39.3,Third,2024.0,Not Available,Dealer,88907.15,Metro
Rajasthan,34.1,Kawasaki,Versys 650,64317.0,2022,467.0,Hybrid,75.98,Second,2024.0,Not Available,Individual,32160.09,Tier 2
Delhi,72.01,Ktm,390 Adventure,58164.0,2016,490.0,Petrol,58.89,Second,2024.0,Expired,Dealer,40534.67,Tier 2
Maharashtra,37.17,Honda,Activa,192034.0,2019,210.0,Electric,70.2,Third,2023.0,Not Available,Individual,88261.22,Tier 3
Tamil Nadu,73.22,Ktm,Rc 390,311684.0,2016,217.0,Petrol,38.62,Second,2024.0,Not Available,Dealer,133472.89,Metro
Maharashtra,74.99,Hero,Glamour,98417.0,2018,539.0,Hybrid,92.41,Second,2024.0,Active,Individual,133472.89,Metro
Punjab,67.67,Royal Enfield,Himalayan,164973.0,2020,684.0,Hybrid,78.46,Second,2021.0,Not Available,Individual,116666.45,Tier 3
Punjab,21.1,Bajaj,Avenger 220,299967.0,2021,923.0,Electric,70.2,First,2021.0,Expired,Dealer,194068.55,Tier 1
Maharashtra,43.14,Ktm,Duke 200,337274.0,2023,438.0,Petrol,56.56,Second,2023.0,Not Available,Individual,169360.09,Metro
Madhya Pradesh,79.19,Bajaj,Dominar 400,309087.0,2015,228.0,Petrol,31.56,Third,2022.0,Active,Dealer,133472.89,Tier 2
Uttar Pradesh,19.91,Yamaha,Mt-15,398828.0,2018,222.0,Petrol,50.14,Second,2021.0,Expired,Individual,191262.45,Metro
Tamil Nadu,13.37,Kawasaki,Ninja 300,248112.0,2021,970.0,Petrol,37.42,Second,2024.0,Expired,Individual,134000.33,Tier 1
Tamil Nadu,40.2,Royal Enfield,Himalayan,208489.0,2020,778.0,Petrol,27.15,Third,2021.0,Expired,Individual,125644.84,Metro
Maharashtra,31.24,Kawasaki,Ninja 300,217996.0,2023,964.0,Petrol,32.37,Second,2023.0,Expired,Dealer,133472.89,Tier 1
West Bengal,52.29,Bajaj,Avenger 220,287784.0,2022,468.0,Electric,77.77,Second,2022.0,Not Available,Dealer,230087.65,Tier 3
Karnataka,66.67,Kawasaki,Vulcan S,204732.0,2024,117.0,Petrol,54.69,Second,2024.0,Not Available,Dealer,161603.65,Tier 3
Karnataka,66.37,Tvs,Sport,386140.0,2022,293.0,Petrol,35.7,Third,2024.0,Not Available,Individual,204755.87,Tier 3
Uttar Pradesh,76.73,Kawasaki,Z650,316175.0,2022,169.0,Electric,76.01,Second,2022.0,Active,Individual,127464.43,Tier 2
Delhi,74.02,Honda,Cbr 650R,376552.0,2021,818.0,Electric,94.54,Third,2022.0,Expired,Dealer,286334.06,Tier 3
Rajasthan,18.76,Bajaj,Pulsar 150,168147.0,2024,666.0,Electric,80.09,First,2024.0,Expired,Dealer,88410.44,Metro
Rajasthan,48.5,Yamaha,Fascino 125,391691.0,2021,754.0,Petrol,39.51,Second,2021.0,Expired,Dealer,158467.91,Tier 3
Maharashtra,46.54,Yamaha,R15 V4,228515.0,2023,885.0,Electric,78.33,Second,2023.0,Not Available,Individual,132153.59,Tier 3
Maharashtra,12.99,Royal Enfield,Meteor 350,215053.0,2023,247.0,Hybrid,88.04,Second,2023.0,Expired,Individual,129050.26,Tier 1
Delhi,57.22,Ktm,Rc 390,51175.0,2016,432.0,Petrol,54.09,Second,2022.0,Not Available,Dealer,32631.5,Metro
Rajasthan,71.18,Hero,Splendor Plus,117069.0,2015,664.0,Electric,63.8,Second,2022.0,Active,Individual,89484.99,Tier 1
Punjab,34.5,Hero,Hf Deluxe,373225.0,2022,900.0,Electric,96.8,Second,2024.0,Not Available,Individual,158706.5680285043,Metro
Madhya Pradesh,14.77,Kawasaki,Versys 650,115723.0,2024,788.0,Electric,70.2,Second,2024.0,Expired,Individual,81909.44,Tier 3
Madhya Pradesh,75.43,Ktm,Duke 200,380489.0,2023,304.0,Petrol,40.24,Second,2023.0,Expired,Dealer,225095.67,Tier 2
Maharashtra,29.88,Hero,Splendor Plus,91642.0,2021,885.0,Electric,69.26,Second,2021.0,Active,Individual,66615.55,Tier 3
Gujarat,75.69,Kawasaki,Ninja 300,120862.0,2023,930.0,Hybrid,81.19,Third,2024.0,Active,Individual,61716.07,Tier 2
Punjab,79.88,Royal Enfield,Hunter 350,389349.0,2022,953.0,Hybrid,70.2,Second,2022.0,Active,Dealer,209416.57,Tier 3
West Bengal,61.07,Royal Enfield,Hunter 350,366427.0,2021,727.0,Hybrid,99.09,Second,2024.0,Not Available,Individual,241687.56,Tier 3
Maharashtra,65.52,Ktm,Rc 390,111291.0,2018,975.0,Petrol,56.25,Third,2021.0,Active,Dealer,53292.19,Tier 2
West Bengal,43.79,Ktm,390 Adventure,325963.0,2022,375.0,Hybrid,64.4,Second,2022.0,Expired,Dealer,157743.79,Tier 1
Delhi,60.36,Tvs,Jupiter,135785.0,2019,182.0,Electric,80.8,Second,2024.0,Not Available,Individual,61611.39,Tier 3
Karnataka,-5.0,Yamaha,R15 V4,57299.0,2021,150.0,Electric,73.4,Second,2022.0,Not Available,Dealer,33881.87,Tier 2
Punjab,26.52,Royal Enfield,Hunter 350,305342.0,2018,790.0,Electric,69.19,Second,2024.0,Active,Individual,131973.61,Tier 1
Delhi,72.21,Tvs,Apache Rtr 160,257608.0,2019,344.0,Hybrid,71.79,Second,2023.0,Not Available,Individual,120443.85,Metro
Maharashtra,36.06,Royal Enfield,Hunter 350,249710.0,2022,608.0,Hybrid,89.19,Second,2024.0,Not Available,Dealer,142428.9,Metro
Tamil Nadu,11.69,Kawasaki,Z650,218144.0,2023,319.0,Hybrid,70.75,Second,2023.0,Active,Individual,151384.1,Tier 2
Madhya Pradesh,50.84,Kawasaki,Z650,207443.0,2021,287.0,Electric,75.41,Second,2024.0,Expired,Dealer,98515.44,Metro
Rajasthan,31.13,Royal Enfield,Classic 350,222166.0,2017,569.0,Hybrid,71.12,Second,2024.0,Expired,Dealer,105100.78,Tier 2
Karnataka,10.16,Tvs,Sport,79387.0,2021,804.0,Petrol,57.05,Third,2022.0,Active,Individual,42994.78,Tier 1
Punjab,77.42,Yamaha,Fz V3,143407.0,2023,232.0,Petrol,45.11,Second,2023.0,Expired,Individual,133472.89,Metro
Uttar Pradesh,69.24,Hero,Passion Pro,333182.0,2018,241.0,Petrol,48.0,Second,2023.0,Active,Dealer,152514.37,Tier 3
Delhi,6.37,Honda,Activa,360633.0,2018,774.0,Petrol,57.87,Second,2022.0,Active,Individual,251985.92,Tier 1
Madhya Pradesh,48.26,Bajaj,Pulsar 150,84861.0,2024,439.0,Petrol,59.13,Second,2024.0,Expired,Individual,133472.89,Tier 1
Punjab,62.34,Bajaj,Platina 110,389965.0,2021,303.0,Petrol,70.2,Second,2021.0,Expired,Individual,199139.69,Tier 2
West Bengal,13.84,Kawasaki,Z650,78061.0,2022,212.0,Hybrid,73.79,First,2022.0,Not Available,Dealer,56031.32,Tier 2
West Bengal,30.06,Honda,Activa,276831.0,2021,351.0,Electric,73.51,Second,2021.0,Active,Individual,152028.53,Tier 1
Delhi,39.07,Ktm,125 Duke,165289.0,2019,420.0,Petrol,52.93,Second,2024.0,Active,Individual,72484.67,Metro
West Bengal,6.96,Bajaj,Ct 100,231257.0,2022,584.0,Petrol,45.59,First,2022.0,Not Available,Individual,119249.74,Tier 2
Gujarat,77.71,Kawasaki,Ninja 300,75155.0,2023,491.0,Hybrid,65.4,Third,2024.0,Active,Individual,45821.22,Tier 1
Tamil Nadu,22.94,Kawasaki,Vulcan S,327476.0,2024,749.0,Hybrid,74.4,Second,2024.0,Expired,Individual,254671.24,Tier 3
Karnataka,59.89,Royal Enfield,Interceptor 650,101299.0,2021,100.0,Electric,83.38,First,2021.0,Active,Dealer,57610.13484475795,Tier 2
Maharashtra,43.59,Hero,Xtreme 160R,355521.0,2020,409.0,Hybrid,63.77,Second,2024.0,Active,Individual,235661.0,Metro
West Bengal,39.2,Tvs,Jupiter,237227.0,2021,464.0,Hybrid,67.9,Second,2022.0,Not Available,Dealer,178216.94,Metro
Punjab,26.79,Hero,Hf Deluxe,242292.0,2024,895.0,Petrol,28.19,Second,2024.0,Expired,Dealer,178675.42,Tier 1
Punjab,75.51,Yamaha,R15 V4,363271.0,2024,612.0,Petrol,29.12,Second,2024.0,Expired,Individual,182952.79,Metro
Uttar Pradesh,29.71,Honda,Activa,352614.0,2016,349.0,Petrol,54.46,Third,2024.0,Expired,Dealer,257121.29,Tier 1
Rajasthan,22.54,Hero,Xtreme 160R,223600.0,2016,302.0,Petrol,47.63,Second,2023.0,Active,Dealer,92184.99,Metro
Rajasthan,71.58,Hero,Glamour,136689.0,2022,361.0,Petrol,27.85,Second,2024.0,Active,Individual,77414.14,Tier 2
Madhya Pradesh,41.71,Tvs,Sport,379513.0,2019,593.0,Petrol,44.83,Second,2022.0,Not Available,Dealer,239699.49,Tier 3
Madhya Pradesh,14.5,Bajaj,Avenger 220,60656.0,2024,772.0,Hybrid,67.36,Second,2024.0,Not Available,Individual,47831.46,Tier 1
Karnataka,19.01,Honda,Cbr 650R,142064.0,2015,0.0,Electric,73.96,Second,2023.0,Expired,Individual,70678.28,Tier 3
Rajasthan,9.89,Bajaj,Platina 110,80917.0,2015,557.0,Hybrid,86.25,Second,2024.0,Active,Dealer,45521.35,Tier 3
Gujarat,34.4,Honda,Activa,88151.0,2021,950.0,Electric,89.39,Second,2021.0,Expired,Individual,51206.31,Tier 1
West Bengal,68.04,Ktm,Rc 390,96841.0,2022,642.0,Hybrid,95.55,Second,2022.0,Expired,Dealer,60637.26,Tier 3
Maharashtra,51.85,Tvs,Sport,259018.0,2023,646.0,Electric,60.94,Second,2023.0,Active,Individual,140271.69,Tier 3
Maharashtra,70.1,Yamaha,Ray Zr,171334.0,2024,587.0,Hybrid,60.48,Second,2024.0,Expired,Dealer,95383.12,Tier 2
Madhya Pradesh,5.25,Tvs,Ntorq 125,175827.0,2023,130.0,Hybrid,69.4,Third,2024.0,Not Available,Individual,71004.21,Tier 3
West Bengal,29.9,Royal Enfield,Classic 350,189612.0,2023,561.0,Electric,77.68,Second,2023.0,Expired,Individual,143188.31,Tier 3
Uttar Pradesh,19.76,Tvs,Jupiter,121750.0,2024,640.0,Petrol,59.58,First,2024.0,Expired,Individual,57579.85,Tier 3
Madhya Pradesh,49.89,Ktm,Duke 200,358824.0,2018,474.0,Hybrid,64.56,Second,2023.0,Not Available,Individual,281502.84,Tier 1
Gujarat,58.37,Yamaha,Mt-15,380569.0,2018,271.0,Electric,97.39,Second,2022.0,Expired,Dealer,295853.14,Tier 3
Tamil Nadu,39.72,Kawasaki,Z650,247414.0,2021,542.0,Electric,96.85,Third,2024.0,Not Available,Individual,130932.23,Tier 2
Tamil Nadu,36.17,Hero,Glamour,240934.0,2021,929.0,Petrol,57.54,Second,2023.0,Not Available,Dealer,178119.97,Metro
Delhi,68.95,Honda,Unicorn,334626.0,2019,151.0,Petrol,70.2,Second,2021.0,Active,Dealer,137013.35,Metro
Punjab,43.66,Tvs,Sport,296912.0,2020,312.0,Petrol,50.7,Second,2023.0,Active,Individual,193540.53,Tier 2
Maharashtra,39.06,Honda,Activa,292696.0,2023,974.0,Petrol,34.96,Second,2024.0,Active,Individual,163917.23,Tier 1
Tamil Nadu,37.93,Ktm,Duke 200,157024.0,2023,589.0,Petrol,52.23,First,2023.0,Active,Dealer,71754.07,Metro
Karnataka,8.69,Hero,Hf Deluxe,53865.0,2022,844.0,Petrol,36.46,Second,2023.0,Not Available,Dealer,33908.65,Tier 2
Karnataka,13.22,Tvs,Ronin,147330.0,2016,511.0,Petrol,47.6,Second,2021.0,Not Available,Dealer,97729.98,Tier 2
Madhya Pradesh,49.91,Kawasaki,Ninja 400,365561.0,2022,440.0,Electric,62.4,First,2022.0,Not Available,Individual,255356.63,Tier 3
Karnataka,15.85,Hero,Hf Deluxe,222928.0,2020,845.0,Electric,92.42,Second,2023.0,Expired,Individual,140596.33,Tier 2
Karnataka,67.17,Yamaha,Mt-15,203640.0,2017,761.0,Electric,68.59,Second,2023.0,Active,Individual,116681.74,Tier 1
Madhya Pradesh,27.03,Tvs,Sport,129726.0,2024,503.0,Electric,96.5,Third,2024.0,Active,Individual,91806.33,Tier 3
Madhya Pradesh,55.1,Hero,Xtreme 160R,293700.0,2023,225.0,Electric,83.61,First,2023.0,Active,Dealer,166875.23,Tier 3
Uttar Pradesh,52.06,Kawasaki,Ninja 300,348597.0,2022,761.0,Petrol,56.06,Third,2024.0,Not Available,Dealer,192401.43,Tier 1
West Bengal,23.93,Tvs,Jupiter,299744.0,2023,144.0,Petrol,50.43,Third,2023.0,Expired,Individual,199973.19,Tier 3
Karnataka,24.26,Hero,Glamour,60953.0,2023,665.0,Petrol,43.17,First,2023.0,Active,Individual,25232.32,Metro
Tamil Nadu,26.66,Ktm,125 Duke,180098.0,2015,201.0,Hybrid,78.61,Second,2024.0,Not Available,Dealer,121367.51,Tier 2
Uttar Pradesh,34.9,Hero,Passion Pro,218436.0,2016,850.0,Hybrid,99.62,Third,2021.0,Not Available,Dealer,88714.55,Tier 1
Rajasthan,45.74,Honda,Shine,52754.0,2023,163.0,Hybrid,90.57,Third,2023.0,Not Available,Individual,38006.66,Tier 2
Delhi,36.41,Tvs,Ronin,87591.0,2024,926.0,Hybrid,62.15,Second,2024.0,Not Available,Individual,56248.85,Tier 3
Madhya Pradesh,57.9,Kawasaki,Ninja 400,126067.0,2024,662.0,Electric,80.83,Second,2024.0,Expired,Individual,96924.79,Tier 1
West Bengal,35.75,Honda,Unicorn,379390.0,2019,917.0,Hybrid,89.07,Second,2023.0,Expired,Dealer,240768.42,Tier 2
Maharashtra,15.17,Yamaha,R15 V4,258070.0,2019,689.0,Hybrid,89.59,Second,2022.0,Not Available,Dealer,133472.89,Metro
Madhya Pradesh,40.15,Kawasaki,Ninja 300,187101.0,2021,848.0,Hybrid,85.53,Third,2023.0,Not Available,Dealer,136335.61,Tier 1
Karnataka,73.01,Kawasaki,Z650,102623.0,2024,628.0,Hybrid,81.85,Second,2024.0,Not Available,Dealer,73474.9,Tier 1
Punjab,41.77,Honda,Activa,331309.0,2022,179.0,Electric,65.53,Second,2022.0,Expired,Dealer,233167.25,Tier 2
Karnataka,13.4,Bajaj,Dominar 400,221192.0,2024,215.0,Petrol,45.33,Second,2024.0,Expired,Individual,165586.9,Tier 1
Delhi,9.67,Honda,Dio,213322.0,2024,577.0,Hybrid,60.33,Third,2024.0,Active,Individual,140109.65,Tier 3
Punjab,11.26,Ktm,Rc 390,277053.0,2022,315.0,Hybrid,81.16,First,2022.0,Expired,Individual,133472.89,Tier 1
Tamil Nadu,18.64,Yamaha,Mt-15,185605.0,2017,603.0,Hybrid,88.46,Third,2022.0,Expired,Individual,85728.06,Metro
Madhya Pradesh,57.64,Bajaj,Avenger 220,292252.0,2023,222.0,Hybrid,62.36,Second,2024.0,Not Available,Individual,207953.58,Tier 1
Tamil Nadu,32.08,Royal Enfield,Himalayan,243284.0,2016,473.0,Hybrid,93.22,Second,2024.0,Not Available,Individual,122840.85,Tier 2
Punjab,36.07,Yamaha,Fz V3,247744.0,2021,183.0,Electric,70.2,Second,2023.0,Not Available,Dealer,101366.99,Tier 1
Delhi,48.13,Tvs,Sport,109723.0,2022,229.0,Petrol,70.2,First,2022.0,Not Available,Individual,74392.37,Tier 1
Delhi,20.82,Ktm,250 Duke,80579.0,2024,490.0,Petrol,44.71,Second,2024.0,Active,Dealer,32579.13,Tier 2
Maharashtra,-5.0,Hero,Splendor Plus,193754.0,2024,610.0,Electric,82.23,Second,2024.0,Expired,Dealer,129441.94,Tier 3
Maharashtra,27.45,Royal Enfield,Meteor 350,303471.0,2021,180.0,Hybrid,93.03,Third,2024.0,Active,Dealer,125193.35,Metro
Rajasthan,32.37,Yamaha,Fz V3,357741.0,2021,297.0,Petrol,38.05,Second,2021.0,Expired,Dealer,208691.8975022063,Tier 1
Tamil Nadu,47.82,Bajaj,Pulsar 150,262059.0,2018,674.0,Electric,83.2,Second,2023.0,Not Available,Individual,158611.79,Tier 3
Madhya Pradesh,15.97,Ktm,Duke 200,372714.0,2023,222.0,Electric,85.89,Third,2023.0,Not Available,Dealer,257900.79,Tier 3
West Bengal,54.48,Tvs,Apache Rtr 160,394734.0,2024,775.0,Petrol,33.18,Third,2024.0,Active,Individual,225058.62,Tier 1
Madhya Pradesh,6.84,Yamaha,Ray Zr,379195.0,2022,870.0,Electric,78.91,Second,2022.0,Active,Individual,166257.44,Tier 3
Gujarat,33.22,Yamaha,Ray Zr,245953.0,2016,886.0,Electric,76.21,Second,2023.0,Active,Individual,133634.09,Tier 1
Punjab,61.98,Royal Enfield,Hunter 350,123059.0,2022,893.0,Petrol,59.34,Second,2022.0,Active,Individual,89215.57,Tier 1
Rajasthan,58.62,Hero,Hf Deluxe,125399.0,2023,467.0,Hybrid,81.52,Second,2023.0,Active,Dealer,82858.69,Tier 3
Uttar Pradesh,14.65,Ktm,125 Duke,242797.0,2020,956.0,Hybrid,87.31,Third,2022.0,Active,Dealer,129472.38,Tier 2
Karnataka,56.45,Bajaj,Ct 100,79993.0,2015,338.0,Electric,78.68,Third,2024.0,Expired,Dealer,36443.17,Tier 1
Delhi,16.82,Royal Enfield,Meteor 350,268431.0,2022,568.0,Electric,67.85,First,2022.0,Active,Individual,166772.44,Tier 3
Maharashtra,23.14,Ktm,Rc 390,358448.0,2022,231.0,Petrol,45.55,Second,2023.0,Expired,Individual,186281.34,Tier 1
Karnataka,19.01,Honda,Cbr 650R,142064.0,2015,757.0,Electric,73.96,Second,2023.0,Expired,Individual,70678.28,Tier 3
Punjab,47.37,Honda,Shine,213911.0,2020,311.0,Petrol,41.15,Second,2021.0,Expired,Individual,133472.89,Tier 1
Uttar Pradesh,16.71,Tvs,Ronin,314138.0,2016,658.0,Hybrid,70.78,Third,2021.0,Active,Dealer,149372.03,Metro
West Bengal,56.67,Bajaj,Ct 100,259607.0,2018,402.0,Hybrid,68.73,Second,2022.0,Expired,Individual,105195.62,Tier 2
Tamil Nadu,32.92,Kawasaki,Vulcan S,53849.0,2021,560.0,Electric,77.8,Second,2022.0,Expired,Dealer,31921.53,Tier 2
Rajasthan,40.85,Kawasaki,Ninja 400,283222.0,2015,695.0,Electric,99.69,Second,2023.0,Expired,Individual,214655.75,Tier 2
Uttar Pradesh,42.69,Honda,Dio,309056.0,2017,889.0,Petrol,31.65,Second,2024.0,Active,Individual,130293.63,Metro
Gujarat,50.23,Hero,Xtreme 160R,171165.0,2020,729.0,Petrol,51.89,Second,2021.0,Not Available,Dealer,89654.14,Tier 2
Tamil Nadu,40.09,Royal Enfield,Interceptor 650,315346.0,2019,737.0,Petrol,46.88,Third,2021.0,Active,Individual,169474.93,Metro
Punjab,22.51,Kawasaki,Versys 650,56663.0,2017,637.0,Electric,70.2,Second,2022.0,Active,Dealer,32547.92,Tier 2
Rajasthan,18.36,Tvs,Ronin,226693.0,2022,433.0,Petrol,49.92,Third,2022.0,Not Available,Dealer,155455.8,Metro
Delhi,6.87,Ktm,125 Duke,359838.0,2018,688.0,Petrol,27.74,Second,2021.0,Active,Dealer,152321.69,Tier 3
Delhi,20.11,Ktm,Rc 390,236076.0,2022,820.0,Electric,90.05,Second,2022.0,Not Available,Individual,135312.39,Tier 3
Karnataka,48.09,Ktm,125 Duke,363453.0,2024,594.0,Hybrid,70.2,Second,2024.0,Active,Dealer,133472.89,Tier 2
Madhya Pradesh,71.06,Royal Enfield,Hunter 350,252320.0,2023,807.0,Electric,81.94,Second,2023.0,Active,Individual,120037.48,Tier 3
Punjab,8.0,Honda,Unicorn,77150.0,2023,385.0,Hybrid,64.96,First,2023.0,Not Available,Individual,61659.08,Tier 2
Uttar Pradesh,22.47,Kawasaki,Z650,187167.0,2022,774.0,Electric,74.55,Second,2024.0,Active,Individual,101135.57,Tier 1
Rajasthan,58.51,Bajaj,Dominar 400,80140.0,2024,879.0,Petrol,58.14,Second,2024.0,Not Available,Dealer,133472.89,Tier 1
Madhya Pradesh,44.81,Honda,Shine,52629.0,2017,250.0,Hybrid,98.64,Second,2021.0,Active,Dealer,133472.89,Tier 1
Madhya Pradesh,46.2,Yamaha,Mt-15,303080.0,2020,437.0,Electric,61.61,Second,2024.0,Not Available,Individual,185592.57,Tier 2
Delhi,67.68,Honda,Unicorn,247100.0,2024,202.0,Electric,78.08,Second,2024.0,Active,Dealer,113564.37,Tier 2
Uttar Pradesh,16.2,Yamaha,Mt-15,178874.0,2022,522.0,Petrol,35.01,Second,2022.0,Active,Individual,102865.25,Tier 1
Madhya Pradesh,55.77,Honda,Shine,368852.0,2016,950.0,Hybrid,91.04,Second,2022.0,Expired,Dealer,219933.26,Tier 3
Uttar Pradesh,48.05,Hero,Passion Pro,93075.0,2022,354.0,Hybrid,82.02,Second,2024.0,Expired,Individual,69751.26,Tier 1
Maharashtra,6.64,Tvs,Apache Rtr 160,249474.0,2022,399.0,Petrol,29.41,Second,2023.0,Active,Individual,185529.47,Tier 1
Madhya Pradesh,19.09,Royal Enfield,Himalayan,373772.0,2024,472.0,Electric,69.94,First,2024.0,Active,Dealer,170774.36,Tier 1
West Bengal,26.11,Hero,Splendor Plus,340181.0,2023,798.0,Petrol,51.4,Second,2024.0,Expired,Dealer,182695.0,Tier 2
Uttar Pradesh,61.1,Royal Enfield,Meteor 350,298652.0,2022,821.0,Hybrid,83.11,Second,2022.0,Active,Dealer,168341.1,Tier 3
Karnataka,49.16,Hero,Xtreme 160R,156850.0,2022,414.0,Petrol,36.28,Second,2022.0,Expired,Individual,80057.15,Metro
Punjab,16.89,Yamaha,Ray Zr,146445.0,2024,919.0,Electric,96.68,Second,2024.0,Expired,Individual,91675.79,Metro
Gujarat,72.54,Royal Enfield,Hunter 350,386531.0,2023,183.0,Hybrid,96.18,First,2023.0,Expired,Dealer,133472.89,Tier 2
Uttar Pradesh,35.95,Bajaj,Ct 100,67971.0,2015,578.0,Hybrid,72.1,Second,2023.0,Active,Dealer,50492.57,Metro
Uttar Pradesh,77.83,Hero,Glamour,385852.0,2021,939.0,Hybrid,86.57,Second,2021.0,Expired,Dealer,298481.16,Metro
Delhi,13.81,Honda,Cbr 650R,62559.0,2022,942.0,Hybrid,83.39,Second,2022.0,Not Available,Dealer,25934.83,Tier 2
Karnataka,72.49,Hero,Hf Deluxe,309627.0,2021,412.0,Electric,99.36,Second,2021.0,Not Available,Individual,172150.24,Tier 3
Madhya Pradesh,33.27,Bajaj,Pulsar 150,233595.0,2024,544.0,Electric,70.53,Second,2024.0,Active,Dealer,164257.65,Tier 3
Tamil Nadu,70.52,Royal Enfield,Classic 350,103609.0,2021,882.0,Hybrid,88.59,Second,2023.0,Expired,Individual,79817.54,Metro
Uttar Pradesh,59.88,Bajaj,Pulsar 150,304409.0,2022,607.0,Hybrid,77.66,First,2022.0,Active,Individual,128874.36,Tier 1
Madhya Pradesh,9.66,Kawasaki,Ninja 300,125985.0,2021,486.0,Electric,78.84,Second,2022.0,Expired,Dealer,88636.91,Tier 3
Madhya Pradesh,30.18,Royal Enfield,Himalayan,280453.0,2022,284.0,Hybrid,87.18,Second,2023.0,Not Available,Dealer,132918.69,Tier 2
Gujarat,65.63,Hero,Splendor Plus,129916.0,2018,445.0,Petrol,50.19,Second,2024.0,Active,Individual,92855.09,Tier 3
Karnataka,25.16,Tvs,Sport,260334.0,2022,923.0,Hybrid,95.67,Third,2024.0,Not Available,Individual,123508.94,Metro
Gujarat,59.94,Ktm,Rc 390,206336.0,2021,282.0,Electric,64.75,Second,2021.0,Active,Individual,97573.19,Tier 2
Tamil Nadu,65.45,Kawasaki,Versys 650,194616.0,2021,583.0,Petrol,33.98,Third,2024.0,Expired,Individual,153411.56,Tier 1
Maharashtra,27.99,Ktm,250 Duke,229779.0,2018,125.0,Petrol,44.33,Second,2023.0,Active,Individual,93358.03,Tier 2
Rajasthan,78.18,Royal Enfield,Himalayan,218302.0,2022,388.0,Electric,67.65,Second,2022.0,Active,Individual,169241.16,Metro
Delhi,32.3,Bajaj,Pulsar 150,177394.0,2021,172.0,Electric,71.16,First,2021.0,Not Available,Individual,75101.58,Metro
Rajasthan,38.39,Ktm,125 Duke,373112.0,2024,578.0,Electric,66.17,Second,2024.0,Active,Individual,174085.02,Tier 1
Tamil Nadu,31.7,Yamaha,R15 V4,378815.0,2021,834.0,Petrol,38.73,Third,2021.0,Active,Dealer,252119.09,Metro
West Bengal,11.93,Kawasaki,Z650,160224.0,2019,888.0,Petrol,45.31,Third,2021.0,Expired,Individual,97574.59,Tier 2
Maharashtra,28.67,Honda,Cbr 650R,320505.0,2019,927.0,Petrol,53.87,Second,2024.0,Not Available,Individual,215224.07,Tier 2
Delhi,45.4,Ktm,Duke 200,82173.0,2019,348.0,Hybrid,71.95,Second,2024.0,Active,Dealer,45341.69,Tier 1
West Bengal,41.21,Yamaha,R15 V4,228550.0,2024,319.0,Petrol,54.56,Second,2024.0,Expired,Individual,181257.35,Tier 3
Madhya Pradesh,27.67,Ktm,125 Duke,201016.0,2020,216.0,Hybrid,71.46,Second,2023.0,Active,Dealer,141522.64,Tier 3
Delhi,26.56,Yamaha,Mt-15,275595.0,2022,773.0,Electric,60.43,Third,2023.0,Active,Individual,160613.33,Tier 2
Rajasthan,70.8,Ktm,250 Duke,107754.0,2020,863.0,Hybrid,82.29,Second,2024.0,Not Available,Dealer,52369.65,Tier 2
Punjab,14.37,Honda,Cbr 650R,126398.0,2020,577.0,Hybrid,65.31,Third,2024.0,Not Available,Individual,100594.23,Tier 2
Gujarat,67.17,Kawasaki,Versys 650,236056.0,2021,905.0,Hybrid,70.2,Second,2021.0,Not Available,Dealer,103137.52,Tier 1
Madhya Pradesh,5.02,Bajaj,Pulsar 150,328652.0,2024,772.0,Electric,70.61,Second,2024.0,Not Available,Dealer,154387.74,Tier 2
Tamil Nadu,15.54,Yamaha,Mt-15,219265.0,2019,831.0,Hybrid,84.85,Second,2021.0,Not Available,Dealer,120065.57,Tier 1
Maharashtra,43.84,Royal Enfield,Himalayan,205310.0,2023,227.0,Petrol,27.45,Third,2024.0,Not Available,Dealer,161235.58,Tier 3
Delhi,33.11,Bajaj,Ct 100,302605.0,2018,354.0,Hybrid,95.29,Second,2024.0,Expired,Dealer,122997.88,Tier 3
Karnataka,71.7,Kawasaki,Ninja 300,281287.0,2019,593.0,Petrol,28.61,Second,2023.0,Active,Individual,153527.96,Tier 3
Gujarat,34.52,Honda,Activa,268388.0,2020,823.0,Petrol,42.97,Second,2022.0,Expired,Dealer,210183.61,Tier 3
Tamil Nadu,10.82,Bajaj,Pulsar 150,397614.0,2023,110.0,Petrol,70.2,Second,2023.0,Expired,Dealer,133472.89,Tier 3
Delhi,25.08,Tvs,Apache Rtr 160,187521.0,2021,803.0,Petrol,44.29,Second,2021.0,Not Available,Individual,105042.9,Metro
Tamil Nadu,74.7,Royal Enfield,Interceptor 650,304548.0,2021,441.0,Petrol,29.92,First,2021.0,Not Available,Individual,133472.89,Tier 2
Maharashtra,58.76,Yamaha,Fz V3,200345.0,2022,729.0,Hybrid,61.87,Second,2023.0,Expired,Dealer,115961.41,Tier 1
West Bengal,14.9,Royal Enfield,Interceptor 650,269746.0,2015,767.0,Hybrid,70.2,Second,2024.0,Active,Dealer,123037.04,Metro
Karnataka,11.1,Royal Enfield,Interceptor 650,107186.0,2022,981.0,Electric,90.87,Second,2024.0,Active,Individual,74723.86,Metro
Gujarat,56.67,Ktm,Rc 390,363219.0,2022,378.0,Electric,82.76,Second,2022.0,Not Available,Individual,158753.41,Tier 3
Maharashtra,43.16,Bajaj,Ct 100,91648.0,2020,245.0,Hybrid,86.34,Third,2022.0,Expired,Dealer,39738.66,Metro
Madhya Pradesh,65.51,Yamaha,Fz V3,186825.0,2022,372.0,Hybrid,67.15,Third,2023.0,Not Available,Dealer,126755.78,Metro
Madhya Pradesh,58.97,Kawasaki,Versys 650,328983.0,2015,503.0,Electric,77.53,Second,2021.0,Active,Individual,153627.2,Metro
Karnataka,6.45,Royal Enfield,Classic 350,97504.0,2017,528.0,Hybrid,73.27,Third,2022.0,Active,Individual,52666.0,Metro
Delhi,73.42,Kawasaki,Ninja 300,77953.0,2020,961.0,Petrol,48.56,Third,2024.0,Not Available,Dealer,46246.45,Tier 1
Rajasthan,29.76,Ktm,125 Duke,316986.0,2023,531.0,Hybrid,86.85,Second,2023.0,Active,Dealer,141037.2,Tier 1
Punjab,11.36,Kawasaki,Versys 650,117411.0,2024,877.0,Hybrid,76.1,First,2024.0,Expired,Dealer,77809.96,Metro
Gujarat,52.23,Tvs,Ronin,65715.0,2024,431.0,Petrol,48.33,Second,2024.0,Active,Dealer,46544.2,Tier 3
Uttar Pradesh,48.74,Ktm,Duke 200,66595.0,2023,808.0,Electric,95.2,Second,2024.0,Active,Dealer,50018.27,Tier 1
Delhi,43.15,Bajaj,Avenger 220,270096.0,2018,566.0,Electric,75.84,Third,2021.0,Not Available,Dealer,111515.88,Tier 2
Punjab,79.01,Ktm,Duke 200,361048.0,2017,301.0,Electric,62.63,Second,2023.0,Expired,Dealer,243639.33,Metro
Delhi,16.98,Yamaha,R15 V4,373606.0,2021,823.0,Petrol,58.73,Second,2022.0,Expired,Dealer,175930.62,Metro
West Bengal,9.24,Yamaha,Fz V3,269404.0,2023,623.0,Electric,79.87,Third,2023.0,Not Available,Dealer,148317.51,Tier 1
Delhi,19.82,Honda,Dio,63115.0,2017,131.0,Petrol,30.64,Second,2021.0,Not Available,Individual,29763.83,Metro
Uttar Pradesh,56.28,Bajaj,Platina 110,129593.0,2020,931.0,Petrol,33.93,Second,2021.0,Not Available,Dealer,100760.75,Metro
Madhya Pradesh,20.79,Yamaha,Mt-15,117741.0,2022,577.0,Electric,84.8,Second,2024.0,Expired,Individual,72136.08,Tier 3
Maharashtra,40.38,Royal Enfield,Meteor 350,191065.0,2016,164.0,Petrol,33.45,Third,2024.0,Active,Individual,92244.63,Tier 1
Karnataka,74.37,Royal Enfield,Meteor 350,344566.0,2019,148.0,Petrol,54.27,Second,2023.0,Not Available,Dealer,251556.63,Tier 3
Maharashtra,12.21,Kawasaki,Ninja 400,125721.0,2021,256.0,Petrol,51.54,First,2021.0,Expired,Individual,87080.18,Tier 3
Karnataka,35.49,Ktm,Rc 390,336352.0,2022,411.0,Electric,91.45,Second,2024.0,Expired,Dealer,209666.3,Metro
Maharashtra,49.03,Kawasaki,Versys 650,154383.0,2015,733.0,Petrol,39.68,Second,2022.0,Expired,Dealer,92365.68,Metro
Uttar Pradesh,21.28,Kawasaki,Ninja 400,395598.0,2023,230.0,Electric,95.13,Second,2024.0,Not Available,Dealer,208921.38,Tier 1
West Bengal,60.73,Ktm,Rc 390,139354.0,2024,743.0,Hybrid,70.2,Second,2024.0,Active,Dealer,56187.21,Tier 1
Tamil Nadu,44.28,Hero,Passion Pro,260419.0,2022,711.0,Petrol,50.14,Second,2022.0,Expired,Individual,132505.45,Tier 2
Gujarat,74.39,Ktm,390 Adventure,125650.0,2016,633.0,Hybrid,91.64,Second,2024.0,Not Available,Individual,50346.78,Tier 1
West Bengal,74.43,Honda,Dio,221430.0,2019,834.0,Hybrid,68.58,Second,2023.0,Expired,Individual,133472.89,Tier 3
Madhya Pradesh,15.73,Yamaha,Fz V3,246727.0,2024,348.0,Hybrid,87.86,Second,2024.0,Active,Dealer,101060.75,Tier 3
Maharashtra,64.57,Kawasaki,Versys 650,218275.0,2021,432.0,Petrol,48.14,Second,2023.0,Expired,Individual,130044.96,Tier 1
Rajasthan,20.08,Ktm,125 Duke,352819.0,2022,450.0,Petrol,31.51,Second,2022.0,Active,Dealer,235205.23,Tier 2
Rajasthan,45.59,Ktm,390 Adventure,103362.0,2017,858.0,Petrol,50.53,Second,2024.0,Expired,Individual,70991.93,Metro
Rajasthan,16.83,Tvs,Sport,253721.0,2023,236.0,Hybrid,79.32,First,2023.0,Active,Dealer,200824.86,Tier 1
Maharashtra,62.62,Ktm,250 Duke,196038.0,2023,435.0,Electric,97.96,Second,2023.0,Not Available,Individual,107749.78,Tier 2
Maharashtra,8.61,Bajaj,Platina 110,137519.0,2023,158.0,Petrol,40.42,Third,2023.0,Active,Dealer,55229.13,Tier 2
Madhya Pradesh,35.19,Royal Enfield,Meteor 350,360420.0,2023,545.0,Petrol,53.27,Second,2023.0,Expired,Dealer,201978.3,Tier 3
Karnataka,7.41,Kawasaki,Ninja 300,161619.0,2016,196.0,Electric,70.2,Third,2021.0,Not Available,Dealer,72742.27,Tier 1
Rajasthan,18.43,Hero,Xtreme 160R,77627.0,2018,113.0,Petrol,39.41,Third,2022.0,Active,Dealer,54525.25,Metro
Rajasthan,76.03,Tvs,Sport,330991.0,2024,115.0,Hybrid,65.83,Third,2024.0,Active,Individual,245221.96,Tier 3
West Bengal,29.28,Yamaha,Fascino 125,186354.0,2018,576.0,Hybrid,86.41,Second,2021.0,Not Available,Individual,97407.46352376658,Tier 1
Tamil Nadu,62.41,Honda,Shine,328141.0,2019,141.0,Electric,65.7,Second,2022.0,Active,Individual,253870.69,Tier 2
Karnataka,54.19,Honda,Activa,377409.0,2024,781.0,Petrol,41.6,Second,2024.0,Active,Dealer,133472.89,Tier 2
Madhya Pradesh,39.71,Hero,Xtreme 160R,165864.0,2024,774.0,Electric,86.22,First,2024.0,Not Available,Individual,118831.51,Tier 1
Uttar Pradesh,78.83,Royal Enfield,Himalayan,69363.0,2015,132.0,Petrol,31.54,Third,2024.0,Expired,Individual,33293.71,Tier 2
Uttar Pradesh,53.06,Bajaj,Dominar 400,195370.0,2020,182.0,Hybrid,77.54,Second,2023.0,Expired,Dealer,112598.68,Tier 1
Karnataka,17.78,Yamaha,R15 V4,396257.0,2017,367.0,Hybrid,91.02,Third,2023.0,Not Available,Individual,165187.0,Tier 3
Madhya Pradesh,75.76,Hero,Passion Pro,257488.0,2022,187.0,Hybrid,87.36,Third,2024.0,Expired,Individual,155473.87,Metro
Madhya Pradesh,53.6,Hero,Hf Deluxe,354413.0,2021,847.0,Petrol,29.85,Second,2022.0,Not Available,Dealer,248461.31,Metro
Uttar Pradesh,53.33,Tvs,Jupiter,379902.0,2024,823.0,Petrol,46.86,Second,2024.0,Active,Dealer,301388.75,Tier 1
Tamil Nadu,53.44,Kawasaki,Z650,231487.0,2022,777.0,Electric,62.94,First,2022.0,Expired,Individual,133472.89,Tier 3
Gujarat,32.85,Honda,Dio,68213.0,2023,449.0,Petrol,40.83,Second,2023.0,Not Available,Dealer,36231.5,Tier 1
Madhya Pradesh,67.34,Yamaha,Fz V3,282144.0,2024,361.0,Hybrid,89.4,Third,2024.0,Not Available,Dealer,194739.87,Tier 2
Uttar Pradesh,39.46,Hero,Xtreme 160R,235683.0,2015,810.0,Hybrid,98.05,Second,2022.0,Expired,Individual,167047.7226332871,Tier 1
Delhi,29.37,Ktm,390 Adventure,138013.0,2024,197.0,Electric,84.62,First,2024.0,Not Available,Dealer,105159.8,Tier 3
Karnataka,21.95,Royal Enfield,Classic 350,69694.0,2015,284.0,Electric,79.71,Second,2021.0,Active,Individual,48569.2,Metro
West Bengal,59.06,Tvs,Jupiter,51025.0,2020,608.0,Petrol,43.35,Second,2021.0,Expired,Dealer,33757.13,Tier 1
Gujarat,8.34,Royal Enfield,Meteor 350,397994.0,2022,827.0,Petrol,29.25,Third,2022.0,Active,Dealer,233885.8,Tier 1
Madhya Pradesh,19.81,Hero,Hf Deluxe,244425.0,2017,493.0,Electric,95.78,Second,2022.0,Not Available,Individual,184807.23,Tier 1
Karnataka,67.8,Ktm,Duke 200,198422.0,2015,178.0,Electric,92.29,Second,2021.0,Expired,Dealer,99180.16,Tier 1
Madhya Pradesh,45.38,Ktm,390 Adventure,303028.0,2020,985.0,Electric,98.16,Second,2023.0,Expired,Dealer,216385.33,Tier 3
Maharashtra,5.49,Kawasaki,Vulcan S,117777.0,2021,515.0,Electric,77.78,Third,2024.0,Expired,Individual,93585.33,Tier 3
West Bengal,75.14,Kawasaki,Ninja 400,58852.0,2019,217.0,Electric,88.82,Third,2022.0,Active,Individual,30188.18,Tier 2
Rajasthan,30.61,Kawasaki,Z650,380430.0,2024,537.0,Electric,97.49,Second,2024.0,Expired,Individual,235653.52,Metro
Madhya Pradesh,19.52,Tvs,Jupiter,109644.0,2022,998.0,Electric,77.99,First,2022.0,Expired,Individual,81646.6,Tier 2
Gujarat,63.1,Hero,Passion Pro,352379.0,2020,929.0,Petrol,29.3,Second,2024.0,Active,Dealer,266688.74,Tier 2
Tamil Nadu,51.72,Honda,Unicorn,228430.0,2021,681.0,Electric,81.74,Second,2022.0,Not Available,Individual,116013.35,Tier 3
Gujarat,46.32,Ktm,390 Adventure,249761.0,2023,221.0,Petrol,39.6,Second,2024.0,Active,Individual,141187.99,Tier 2
Madhya Pradesh,45.8,Kawasaki,Versys 650,176472.0,2019,136.0,Electric,72.41,Second,2021.0,Expired,Individual,123564.19,Tier 2
Delhi,5.86,Bajaj,Pulsar 150,123459.0,2024,745.0,Petrol,58.62,Second,2024.0,Expired,Dealer,59706.82,Metro
Maharashtra,31.97,Royal Enfield,Meteor 350,59843.0,2023,914.0,Petrol,55.36,Third,2024.0,Expired,Individual,35362.9,Tier 1
Karnataka,15.6,Ktm,Rc 390,288868.0,2018,508.0,Hybrid,85.9,Second,2022.0,Expired,Dealer,218146.49,Metro
Madhya Pradesh,21.89,Hero,Glamour,341353.0,2021,616.0,Hybrid,60.61,Second,2023.0,Expired,Dealer,271343.33,Metro
Madhya Pradesh,19.19,Royal Enfield,Classic 350,69398.0,2023,157.0,Hybrid,74.42,First,2023.0,Expired,Dealer,30161.91,Tier 2
Delhi,74.52,Royal Enfield,Classic 350,359011.0,2021,872.0,Electric,81.63,Second,2021.0,Expired,Dealer,267947.71,Tier 2
Maharashtra,11.61,Kawasaki,Z650,171623.0,2024,938.0,Petrol,29.56,Second,2023.0,Not Available,Individual,72876.69,Tier 1
Uttar Pradesh,17.2,Royal Enfield,Classic 350,221503.0,2023,159.0,Petrol,41.04,Second,2023.0,Active,Dealer,108734.49,Metro
Gujarat,26.7,Hero,Splendor Plus,101247.0,2020,757.0,Petrol,58.03,Third,2023.0,Expired,Dealer,56573.85,Tier 3
Tamil Nadu,28.41,Kawasaki,Ninja 400,264210.0,2024,656.0,Petrol,25.29,Second,2024.0,Active,Dealer,158709.43,Metro
Rajasthan,9.41,Yamaha,Fascino 125,104859.0,2019,432.0,Hybrid,70.2,Second,2023.0,Active,Dealer,73543.34,Tier 1
Maharashtra,68.78,Royal Enfield,Classic 350,358443.0,2018,345.0,Hybrid,88.93,Second,2024.0,Expired,Dealer,200632.66,Tier 3
Delhi,32.11,Royal Enfield,Classic 350,130379.0,2015,277.0,Petrol,43.04,Second,2021.0,Expired,Individual,78396.65,Tier 2
Delhi,22.43,Yamaha,Fz V3,51897.0,2023,573.0,Hybrid,79.99,Second,2024.0,Expired,Dealer,20797.92,Metro
West Bengal,33.43,Yamaha,Mt-15,82210.0,2022,510.0,Electric,86.42,First,2022.0,Expired,Individual,48329.64,Tier 2
Karnataka,36.98,Hero,Glamour,296149.0,2022,279.0,Electric,65.98,Second,2024.0,Active,Dealer,154221.15,Tier 2
Maharashtra,56.83,Royal Enfield,Himalayan,273374.0,2022,473.0,Electric,84.65,Second,2023.0,Expired,Dealer,198024.68,Tier 2
Gujarat,17.48,Kawasaki,Vulcan S,177033.0,2019,482.0,Petrol,58.35,Second,2024.0,Active,Individual,131406.64,Tier 1
Uttar Pradesh,44.04,Kawasaki,Versys 650,189563.0,2018,135.0,Petrol,38.61,Second,2021.0,Active,Individual,141305.74,Tier 3
Punjab,60.68,Hero,Passion Pro,360900.0,2021,831.0,Electric,72.29,Second,2021.0,Expired,Individual,147988.55,Tier 1
Gujarat,43.58,Honda,Cbr 650R,80146.0,2019,198.0,Hybrid,96.21,Second,2021.0,Expired,Dealer,37338.76,Tier 3
Tamil Nadu,49.16,Honda,Dio,205721.0,2022,389.0,Hybrid,61.93,First,2022.0,Active,Dealer,111736.21,Tier 2
Uttar Pradesh,61.83,Hero,Glamour,101984.0,2017,896.0,Electric,99.01,Second,2024.0,Not Available,Individual,72434.31,Tier 2
Gujarat,27.71,Hero,Glamour,243513.0,2023,209.0,Electric,64.62,Second,2023.0,Active,Dealer,140683.05,Tier 1
Gujarat,50.87,Bajaj,Pulsar 150,178376.0,2024,550.0,Hybrid,91.87,Second,2024.0,Active,Individual,113536.77,Metro
Madhya Pradesh,54.71,Ktm,250 Duke,94023.0,2016,446.0,Hybrid,80.27,Second,2022.0,Expired,Dealer,47536.95,Tier 1
West Bengal,16.41,Royal Enfield,Meteor 350,375031.0,2021,625.0,Hybrid,77.82,Second,2022.0,Active,Individual,227520.72,Tier 3
Rajasthan,77.61,Honda,Dio,252818.0,2021,596.0,Petrol,29.01,Second,2021.0,Expired,Dealer,175623.86,Tier 3
Delhi,35.84,Tvs,Ronin,116707.0,2023,179.0,Hybrid,70.2,Second,2024.0,Active,Dealer,56766.74,Metro
Punjab,72.43,Tvs,Ronin,66036.0,2020,637.0,Petrol,27.9,Second,2022.0,Active,Dealer,40911.93,Tier 1
Madhya Pradesh,35.05,Tvs,Sport,72646.0,2022,280.0,Electric,98.22,Second,2022.0,Active,Dealer,43261.61,Tier 2
Karnataka,73.36,Bajaj,Ct 100,100787.0,2015,847.0,Electric,69.35,Second,2021.0,Active,Dealer,57385.68,Metro
Rajasthan,58.66,Hero,Hf Deluxe,87771.0,2024,701.0,Hybrid,87.71,Second,2024.0,Active,Dealer,65692.96,Tier 1
Karnataka,45.75,Kawasaki,Ninja 300,121141.0,2024,773.0,Hybrid,84.92,Second,2024.0,Active,Dealer,67014.18,Metro
Uttar Pradesh,64.42,Yamaha,Ray Zr,292817.0,2021,828.0,Electric,70.73,First,2021.0,Expired,Individual,149668.49,Tier 3
Rajasthan,54.95,Honda,Dio,152823.0,2023,268.0,Petrol,44.9,Second,2023.0,Not Available,Dealer,63559.26,Tier 2
Karnataka,48.39,Kawasaki,Versys 650,364579.0,2022,277.0,Electric,89.74,Second,2024.0,Expired,Individual,207975.53,Tier 1
Karnataka,8.63,Yamaha,Mt-15,154526.0,2023,754.0,Petrol,42.48,Second,2024.0,Active,Individual,76754.35,Metro
Gujarat,10.57,Yamaha,Mt-15,358871.0,2022,532.0,Hybrid,90.13,Second,2023.0,Active,Dealer,282322.16,Tier 3
Punjab,54.07,Bajaj,Dominar 400,129792.0,2024,461.0,Hybrid,86.29,Second,2024.0,Expired,Individual,86330.58,Tier 3
Tamil Nadu,7.27,Bajaj,Ct 100,138747.0,2022,741.0,Hybrid,61.34,Second,2024.0,Active,Dealer,79895.57,Tier 3
Karnataka,24.68,Kawasaki,Ninja 300,210705.0,2023,319.0,Petrol,56.71,Second,2024.0,Not Available,Dealer,133386.32,Metro
Madhya Pradesh,45.64,Tvs,Apache Rtr 160,383794.0,2022,485.0,Hybrid,70.2,First,2022.0,Not Available,Dealer,165262.96,Metro
Gujarat,17.25,Honda,Dio,397517.0,2021,830.0,Hybrid,62.46,Second,2021.0,Expired,Individual,311723.12,Tier 2
Rajasthan,49.57,Royal Enfield,Meteor 350,287647.0,2020,757.0,Hybrid,67.54,Second,2022.0,Not Available,Individual,189976.3,Metro
Delhi,7.96,Royal Enfield,Hunter 350,256735.0,2024,635.0,Hybrid,76.06,Second,2024.0,Not Available,Individual,117112.08,Tier 3
Delhi,22.53,Kawasaki,Ninja 400,102220.0,2023,369.0,Hybrid,83.7,Second,2023.0,Active,Dealer,133472.89,Tier 3
Maharashtra,8.44,Hero,Xtreme 160R,363140.0,2023,937.0,Hybrid,81.43,Second,2023.0,Active,Dealer,149775.84,Tier 1
Maharashtra,66.94,Kawasaki,Vulcan S,329068.0,2019,565.0,Petrol,42.27,Second,2022.0,Expired,Individual,204924.13,Metro
Uttar Pradesh,53.12,Kawasaki,Z650,240009.0,2016,969.0,Hybrid,72.6,Second,2023.0,Active,Individual,116432.47,Tier 1
Maharashtra,62.11,Tvs,Sport,268655.0,2024,165.0,Electric,94.56,Second,2024.0,Not Available,Dealer,163113.63,Tier 3
Punjab,39.91,Kawasaki,Versys 650,76063.0,2021,990.0,Hybrid,74.82,Second,2023.0,Active,Individual,43660.04,Tier 3
Rajasthan,8.13,Kawasaki,Ninja 400,126805.0,2019,797.0,Petrol,44.47,Second,2021.0,Not Available,Dealer,75101.8,Metro
Delhi,36.13,Kawasaki,Z650,316703.0,2024,395.0,Petrol,48.68,Second,2024.0,Active,Dealer,174624.24,Tier 1
Madhya Pradesh,76.73,Hero,Splendor Plus,288292.0,2020,878.0,Electric,94.61,Second,2023.0,Active,Dealer,172726.21,Metro
Maharashtra,63.11,Yamaha,Mt-15,91451.0,2024,339.0,Electric,66.84,Second,2024.0,Expired,Individual,51959.84,Tier 2
Punjab,34.78,Kawasaki,Ninja 400,68970.0,2024,953.0,Petrol,43.45,Second,2024.0,Active,Dealer,47517.09,Metro
Gujarat,15.35,Honda,Shine,361087.0,2022,612.0,Petrol,33.7,Second,2023.0,Expired,Individual,256065.8,Tier 1
Punjab,60.25,Yamaha,Ray Zr,312810.0,2024,892.0,Petrol,59.29,Second,2024.0,Active,Dealer,177139.91,Tier 1
Madhya Pradesh,48.23,Hero,Xtreme 160R,63532.0,2022,351.0,Petrol,29.86,Second,2022.0,Not Available,Dealer,36438.11,Tier 1
Punjab,55.42,Kawasaki,Versys 650,266190.0,2020,600.0,Hybrid,67.57,Second,2024.0,Active,Individual,182173.77,Metro
Gujarat,40.72,Ktm,125 Duke,336209.0,2024,463.0,Petrol,26.47,Second,2024.0,Expired,Dealer,223381.32,Tier 3
Madhya Pradesh,30.36,Yamaha,Fascino 125,231107.0,2024,911.0,Petrol,56.68,Second,2024.0,Expired,Dealer,156929.38,Tier 3
Delhi,52.82,Bajaj,Pulsar 150,360829.0,2024,306.0,Petrol,37.28,Third,2024.0,Expired,Dealer,263808.52,Metro
Rajasthan,30.74,Royal Enfield,Himalayan,65875.0,2023,983.0,Petrol,70.2,Second,2024.0,Expired,Dealer,50733.24,Tier 3
Gujarat,60.29,Hero,Xtreme 160R,186840.0,2016,550.0,Hybrid,66.81,Third,2024.0,Not Available,Dealer,144697.01,Metro
Karnataka,35.62,Kawasaki,Ninja 300,393729.0,2020,531.0,Electric,91.18,Third,2024.0,Not Available,Dealer,277652.85,Tier 3
Gujarat,77.0,Bajaj,Platina 110,322552.0,2018,531.0,Electric,78.37,Second,2021.0,Active,Individual,231139.31,Tier 1
Karnataka,8.65,Tvs,Jupiter,158215.0,2022,916.0,Petrol,42.52,First,2022.0,Expired,Dealer,119615.82,Metro
Gujarat,27.91,Honda,Cbr 650R,236533.0,2022,102.0,Hybrid,66.28,Second,2022.0,Not Available,Individual,122857.78,Tier 1
Punjab,70.06,Hero,Hf Deluxe,207646.0,2021,223.0,Electric,72.94,First,2021.0,Expired,Individual,119334.13,Tier 3
Uttar Pradesh,10.59,Tvs,Ronin,185026.0,2017,627.0,Hybrid,84.97,Second,2024.0,Expired,Individual,146046.36,Tier 3
Karnataka,36.26,Royal Enfield,Interceptor 650,310394.0,2024,302.0,Electric,86.44,Second,2024.0,Active,Individual,133472.89,Tier 3
West Bengal,47.88,Yamaha,Fz V3,220330.0,2023,961.0,Electric,60.57,Third,2024.0,Expired,Individual,114148.13,Tier 2
Rajasthan,78.86,Royal Enfield,Meteor 350,225075.0,2020,467.0,Electric,81.31,Second,2021.0,Not Available,Dealer,93137.68,Tier 1
West Bengal,8.22,Bajaj,Avenger 220,398385.0,2024,683.0,Electric,81.39,Third,2024.0,Not Available,Individual,178074.24,Tier 1
Uttar Pradesh,39.7,Kawasaki,Versys 650,223282.0,2022,964.0,Petrol,39.07,Second,2023.0,Not Available,Individual,91942.39,Tier 1
Maharashtra,62.98,Bajaj,Platina 110,225223.0,2018,132.0,Hybrid,70.2,Second,2022.0,Not Available,Individual,150818.03,Metro
Maharashtra,57.48,Royal Enfield,Himalayan,206261.0,2021,550.0,Petrol,43.02,First,2021.0,Active,Individual,123127.2,Tier 1
West Bengal,71.25,Yamaha,Ray Zr,390906.0,2023,392.0,Electric,99.76,First,2023.0,Not Available,Individual,189314.91,Tier 3
Delhi,21.61,Yamaha,R15 V4,85751.0,2017,572.0,Petrol,56.0,Second,2024.0,Expired,Individual,49977.01,Tier 1
Gujarat,24.47,Bajaj,Dominar 400,344262.0,2024,289.0,Hybrid,78.12,First,2024.0,Expired,Dealer,145316.1,Tier 2
Madhya Pradesh,19.45,Bajaj,Platina 110,361524.0,2022,567.0,Petrol,38.54,Second,2023.0,Active,Dealer,145083.22,Tier 1
Karnataka,33.05,Kawasaki,Ninja 300,273206.0,2015,601.0,Electric,62.95,Second,2024.0,Not Available,Dealer,159172.97,Tier 2
Uttar Pradesh,47.69,Honda,Dio,290708.0,2024,120.0,Petrol,33.94,Third,2024.0,Not Available,Individual,231581.11,Tier 2
Maharashtra,66.18,Royal Enfield,Himalayan,239968.0,2020,456.0,Petrol,53.78,Second,2023.0,Expired,Dealer,117483.22158797285,Tier 1
Gujarat,78.9,Honda,Activa,121987.0,2022,394.0,Electric,82.66,Second,2023.0,Expired,Individual,91089.97,Tier 1
Delhi,79.21,Hero,Passion Pro,198952.0,2021,816.0,Petrol,49.02,Second,2021.0,Active,Individual,133472.89,Metro
Punjab,15.39,Tvs,Jupiter,155496.0,2021,174.0,Hybrid,98.99,Second,2021.0,Active,Dealer,120140.27,Metro
Rajasthan,55.19,Royal Enfield,Interceptor 650,198250.0,2024,359.0,Petrol,41.85,Second,2024.0,Expired,Dealer,133472.89,Tier 3
Punjab,61.12,Honda,Activa,290626.0,2016,732.0,Petrol,54.35,Second,2022.0,Not Available,Individual,149969.94,Tier 3
Punjab,40.55,Tvs,Ntorq 125,164504.0,2022,623.0,Electric,67.78,Second,2023.0,Not Available,Dealer,107602.74,Tier 1
Delhi,75.87,Kawasaki,Z650,279676.0,2015,868.0,Hybrid,94.14,Third,2021.0,Expired,Individual,117086.94,Tier 3
Gujarat,38.28,Honda,Unicorn,356899.0,2016,225.0,Hybrid,67.62,Second,2021.0,Not Available,Individual,267645.48,Tier 2
West Bengal,66.94,Tvs,Sport,301497.0,2022,138.0,Hybrid,91.39,Second,2022.0,Expired,Dealer,128090.26,Tier 3
West Bengal,13.01,Yamaha,Fascino 125,258995.0,2022,489.0,Electric,97.13,First,2023.0,Not Available,Individual,122907.50568742205,Metro
Gujarat,56.07,Kawasaki,Vulcan S,309034.0,2024,823.0,Electric,100.0,Third,2024.0,Expired,Individual,127140.22,Tier 1
Uttar Pradesh,11.51,Royal Enfield,Classic 350,376744.0,2023,444.0,Electric,63.02,First,2023.0,Expired,Dealer,178101.11,Metro
Uttar Pradesh,45.65,Ktm,Duke 200,129213.0,2019,620.0,Petrol,70.2,Third,2022.0,Active,Individual,84131.96,Tier 1
Rajasthan,34.19,Tvs,Ntorq 125,170354.0,2016,307.0,Electric,70.2,Third,2021.0,Not Available,Individual,97283.79,Tier 2
Tamil Nadu,49.4,Bajaj,Avenger 220,345885.0,2024,253.0,Electric,97.26,First,2024.0,Expired,Individual,273039.8,Tier 3
Delhi,7.5,Hero,Xtreme 160R,123059.0,2024,290.0,Petrol,45.94,Third,2024.0,Expired,Dealer,133472.89,Metro
Rajasthan,15.84,Honda,Activa,267930.0,2022,275.0,Petrol,50.15,Second,2024.0,Expired,Individual,121104.91,Tier 2
Tamil Nadu,66.49,Hero,Hf Deluxe,333370.0,2015,806.0,Hybrid,68.0,Second,2023.0,Expired,Individual,150574.18,Tier 3
Tamil Nadu,65.99,Kawasaki,Z650,261464.0,2024,819.0,Electric,67.79,Second,2024.0,Expired,Dealer,126039.31,Tier 2
West Bengal,50.43,Kawasaki,Ninja 300,134995.0,2018,381.0,Hybrid,89.73,Second,2021.0,Active,Dealer,98118.24,Tier 1
Uttar Pradesh,78.9,Ktm,125 Duke,133387.0,2022,340.0,Electric,86.17,Second,2022.0,Expired,Individual,83567.72,Tier 1
Punjab,16.66,Honda,Cbr 650R,199155.0,2022,468.0,Electric,98.38,Second,2024.0,Expired,Individual,100713.65,Tier 3
Punjab,15.96,Hero,Passion Pro,337961.0,2015,514.0,Petrol,32.82,Second,2023.0,Expired,Individual,221337.87,Tier 3
Rajasthan,68.36,Tvs,Ntorq 125,379260.0,2024,320.0,Petrol,57.41,First,2024.0,Not Available,Individual,253225.03,Metro
Delhi,12.65,Ktm,250 Duke,201014.0,2024,190.0,Petrol,52.63,Second,2024.0,Expired,Individual,98552.82,Tier 3
Rajasthan,51.11,Kawasaki,Vulcan S,270954.0,2023,662.0,Hybrid,68.36,Second,2024.0,Expired,Individual,194717.29,Tier 3
Punjab,29.92,Bajaj,Avenger 220,216719.0,2015,761.0,Electric,79.47,Third,2024.0,Not Available,Dealer,108426.82,Tier 3
Rajasthan,7.23,Royal Enfield,Himalayan,343659.0,2022,595.0,Petrol,35.84,First,2022.0,Active,Dealer,261733.64,Tier 1
Rajasthan,63.67,Yamaha,Fascino 125,365427.0,2024,888.0,Electric,86.68,Second,2024.0,Not Available,Individual,279626.41,Tier 1
Rajasthan,44.8,Hero,Hf Deluxe,299171.0,2019,920.0,Petrol,28.26,Second,2021.0,Expired,Individual,232276.56,Metro
Uttar Pradesh,20.55,Hero,Hf Deluxe,178316.0,2023,552.0,Petrol,53.02,First,2023.0,Expired,Dealer,104956.87,Tier 2
Rajasthan,78.7,Yamaha,Fascino 125,312607.0,2024,253.0,Electric,98.49,Second,2024.0,Active,Dealer,146622.0,Metro
Uttar Pradesh,30.65,Royal Enfield,Interceptor 650,227955.0,2024,508.0,Petrol,70.2,Second,2024.0,Not Available,Dealer,161212.05,Tier 3
Madhya Pradesh,6.52,Kawasaki,Z650,61575.0,2023,211.0,Electric,66.23,Third,2023.0,Not Available,Individual,28786.06,Tier 1
Rajasthan,78.96,Bajaj,Avenger 220,375103.0,2022,892.0,Hybrid,73.22,First,2022.0,Not Available,Individual,279713.45,Metro
Tamil Nadu,57.55,Ktm,125 Duke,216984.0,2024,355.0,Petrol,49.89,Third,2024.0,Expired,Individual,114101.48,Tier 2
Gujarat,21.48,Tvs,Jupiter,67106.0,2020,308.0,Hybrid,81.52,Second,2022.0,Not Available,Dealer,36313.21,Tier 3
Madhya Pradesh,42.995,Yamaha,Fz V3,272201.0,2024,253.0,Petrol,55.14,Second,2024.0,Not Available,Individual,161291.15,Tier 1
Uttar Pradesh,12.28,Yamaha,Ray Zr,302360.0,2021,599.0,Electric,76.78,First,2021.0,Not Available,Dealer,232487.91,Tier 2
West Bengal,-5.0,Yamaha,Mt-15,378957.0,2022,586.0,Hybrid,70.2,Second,2022.0,Active,Individual,282524.25,Metro
Maharashtra,22.25,Tvs,Ronin,391401.0,2023,748.0,Petrol,42.66,First,2023.0,Not Available,Dealer,249608.78,Tier 2
Madhya Pradesh,72.89,Tvs,Jupiter,105053.0,2023,677.0,Electric,92.83,Second,2023.0,Expired,Individual,69879.56,Tier 2
Delhi,23.88,Yamaha,Ray Zr,392966.0,2023,878.0,Petrol,36.01,Second,2023.0,Active,Individual,284829.08,Tier 3
Madhya Pradesh,74.74,Honda,Cbr 650R,214826.0,2021,298.0,Electric,83.06,First,2021.0,Expired,Individual,104142.76,Tier 2
West Bengal,8.4,Kawasaki,Vulcan S,360165.0,2024,768.0,Hybrid,87.5,First,2024.0,Not Available,Dealer,157706.62020771558,Tier 3
Gujarat,77.03,Royal Enfield,Interceptor 650,176817.0,2024,868.0,Hybrid,83.82,Third,2024.0,Active,Individual,74820.59,Metro
Punjab,9.01,Royal Enfield,Interceptor 650,167017.0,2024,687.0,Electric,67.33,Second,2024.0,Expired,Individual,109895.57,Tier 3
West Bengal,5.65,Royal Enfield,Himalayan,141917.0,2021,544.0,Petrol,27.54,Second,2023.0,Active,Individual,95056.31,Tier 2
Maharashtra,46.63,Bajaj,Avenger 220,97238.0,2020,255.0,Hybrid,91.05,Second,2022.0,Expired,Dealer,133472.89,Metro
Tamil Nadu,64.82,Hero,Glamour,246763.0,2015,541.0,Electric,98.87,Third,2023.0,Expired,Dealer,171359.44,Metro
Tamil Nadu,30.19,Bajaj,Avenger 220,251910.0,2019,998.0,Electric,82.92,Second,2023.0,Expired,Dealer,182776.22,Metro
Gujarat,25.87,Kawasaki,Ninja 400,334787.0,2024,325.0,Hybrid,70.27,Second,2024.0,Active,Dealer,200109.26,Tier 3
Uttar Pradesh,7.15,Ktm,390 Adventure,350289.0,2024,612.0,Hybrid,62.92,Second,2024.0,Not Available,Individual,133472.89,Metro
Karnataka,29.56,Yamaha,Ray Zr,132582.0,2020,181.0,Electric,78.53,Second,2021.0,Expired,Individual,68800.03,Tier 3
Punjab,43.7,Honda,Shine,287104.0,2021,400.0,Petrol,57.62,Second,2024.0,Not Available,Individual,150831.44,Metro
Madhya Pradesh,48.77,Ktm,Rc 390,69822.0,2022,751.0,Hybrid,70.2,Second,2023.0,Expired,Individual,53411.48,Tier 1
Uttar Pradesh,75.46,Bajaj,Ct 100,376372.0,2015,457.0,Petrol,31.69,Second,2022.0,Expired,Individual,294788.79,Tier 2
West Bengal,47.63,Yamaha,Fascino 125,242791.0,2023,580.0,Hybrid,71.89,Second,2023.0,Expired,Individual,168531.14273026813,Tier 2
West Bengal,46.03,Hero,Passion Pro,89658.0,2021,510.0,Petrol,42.07,Second,2022.0,Active,Dealer,53590.69,Tier 2
Karnataka,63.35,Ktm,125 Duke,180768.0,2016,788.0,Electric,96.33,Second,2024.0,Expired,Dealer,141427.18,Tier 1
Gujarat,43.74,Kawasaki,Z650,369156.0,2023,774.0,Electric,77.67,First,2023.0,Expired,Individual,253886.62,Tier 1
Madhya Pradesh,76.86,Kawasaki,Z650,130041.0,2024,180.0,Electric,79.18,First,2024.0,Active,Individual,67708.97,Tier 2
Delhi,10.39,Hero,Xtreme 160R,396916.0,2022,616.0,Petrol,32.78,First,2022.0,Expired,Dealer,216782.94,Metro
Rajasthan,25.98,Tvs,Jupiter,280009.0,2021,440.0,Petrol,29.81,Third,2021.0,Not Available,Dealer,116669.87,Tier 2
Gujarat,43.45,Tvs,Apache Rtr 160,185568.0,2024,686.0,Hybrid,60.92,Third,2024.0,Not Available,Dealer,88477.96,Tier 3
Delhi,29.17,Tvs,Apache Rtr 160,62340.0,2022,482.0,Electric,62.75,Third,2024.0,Not Available,Individual,28226.93,Tier 3
Madhya Pradesh,17.03,Royal Enfield,Meteor 350,203018.0,2023,468.0,Petrol,43.9,First,2023.0,Active,Dealer,90160.62,Tier 2
Madhya Pradesh,76.04,Royal Enfield,Interceptor 650,196560.0,2024,666.0,Hybrid,61.54,Second,2024.0,Active,Dealer,155990.66,Metro
Uttar Pradesh,67.16,Tvs,Sport,343008.0,2018,951.0,Electric,98.35,Third,2022.0,Expired,Individual,250223.09,Tier 2
Uttar Pradesh,11.99,Honda,Dio,123688.0,2022,402.0,Hybrid,76.33,First,2022.0,Not Available,Individual,58934.65,Tier 3
Uttar Pradesh,65.21,Honda,Shine,376541.0,2023,998.0,Petrol,27.96,Second,2023.0,Expired,Dealer,206460.63,Metro
West Bengal,22.09,Ktm,Duke 200,217537.0,2021,186.0,Hybrid,70.84,Second,2022.0,Active,Dealer,152530.24,Tier 2
Delhi,21.35,Ktm,390 Adventure,224084.0,2024,946.0,Hybrid,72.38,Second,2024.0,Not Available,Dealer,110565.13,Tier 3
Uttar Pradesh,19.6,Honda,Shine,268443.0,2019,111.0,Hybrid,72.85,Second,2022.0,Expired,Individual,116212.42,Tier 1
Tamil Nadu,52.14,Bajaj,Dominar 400,189087.0,2024,628.0,Electric,90.33,Second,2024.0,Expired,Individual,147429.82,Tier 1
Maharashtra,15.85,Honda,Cbr 650R,211538.0,2017,209.0,Petrol,58.9,Second,2021.0,Active,Dealer,141387.08,Tier 3
West Bengal,48.22,Royal Enfield,Classic 350,180208.0,2023,492.0,Petrol,28.52,Second,2023.0,Active,Individual,121242.31,Tier 1
Maharashtra,49.7,Yamaha,Fz V3,309146.0,2020,122.0,Petrol,37.23,Second,2021.0,Not Available,Individual,194433.59,Tier 2
Karnataka,71.77,Tvs,Ronin,287160.0,2024,336.0,Petrol,27.12,Second,2024.0,Active,Individual,217966.52,Tier 2
Tamil Nadu,8.37,Honda,Activa,145912.0,2021,978.0,Electric,89.7,Second,2021.0,Active,Dealer,133472.89,Tier 3
Maharashtra,78.48,Yamaha,Ray Zr,70339.0,2022,859.0,Electric,73.98,Second,2022.0,Not Available,Dealer,51387.98,Tier 1
Madhya Pradesh,72.18,Honda,Activa,109212.0,2019,536.0,Petrol,44.48,Second,2022.0,Expired,Dealer,82364.54,Tier 2
Rajasthan,58.32,Yamaha,Fz V3,272011.0,2019,493.0,Petrol,32.17,Second,2023.0,Active,Individual,115266.16,Tier 3
West Bengal,21.11,Ktm,125 Duke,314569.0,2022,419.0,Electric,92.67,Second,2023.0,Active,Dealer,135234.84,Metro
Maharashtra,36.81,Ktm,125 Duke,86705.0,2024,357.0,Electric,96.42,Second,2024.0,Not Available,Dealer,45675.08,Tier 2
West Bengal,19.43,Tvs,Sport,73188.0,2016,377.0,Electric,76.22,Second,2024.0,Not Available,Individual,39319.75,Tier 2
Tamil Nadu,62.04,Honda,Unicorn,248633.0,2018,870.0,Petrol,32.21,Second,2021.0,Expired,Individual,134909.11,Tier 2
Madhya Pradesh,56.93,Royal Enfield,Hunter 350,360962.0,2020,309.0,Hybrid,90.74,Third,2021.0,Active,Individual,150325.35,Metro
West Bengal,43.61,Bajaj,Pulsar 150,77767.0,2020,931.0,Electric,70.2,Second,2023.0,Not Available,Individual,32074.53,Metro
Maharashtra,41.92,Royal Enfield,Interceptor 650,275740.0,2020,836.0,Petrol,44.46,Second,2022.0,Active,Dealer,133472.89,Tier 1
Madhya Pradesh,73.22,Honda,Dio,180792.0,2022,686.0,Petrol,52.21,Second,2022.0,Expired,Dealer,103730.35,Tier 1
Rajasthan,43.12,Royal Enfield,Himalayan,288338.0,2021,518.0,Electric,84.52,Second,2024.0,Not Available,Dealer,183713.31,Tier 2
Rajasthan,42.98,Bajaj,Avenger 220,139681.0,2023,896.0,Petrol,47.58,First,2023.0,Not Available,Individual,74829.5,Tier 2
Maharashtra,12.64,Bajaj,Ct 100,161674.0,2018,546.0,Petrol,53.03,Second,2024.0,Active,Individual,111812.68,Tier 1
Maharashtra,38.39,Tvs,Ntorq 125,218647.0,2023,924.0,Electric,75.82,Second,2024.0,Not Available,Individual,160918.36,Metro
Uttar Pradesh,41.0,Hero,Glamour,230161.0,2024,241.0,Petrol,56.5,Second,2024.0,Expired,Individual,162314.81,Tier 1
Karnataka,12.13,Yamaha,Fascino 125,334467.0,2021,925.0,Electric,88.16,Second,2024.0,Expired,Dealer,157389.1,Tier 1
Tamil Nadu,47.46,Bajaj,Ct 100,144688.0,2019,254.0,Petrol,52.85,Second,2023.0,Expired,Dealer,60440.8,Tier 1
Rajasthan,66.15,Royal Enfield,Classic 350,109924.0,2016,849.0,Petrol,32.03,Second,2022.0,Active,Individual,81947.51,Tier 3
Tamil Nadu,62.65,Royal Enfield,Hunter 350,128235.0,2021,741.0,Electric,63.26,Second,2021.0,Active,Dealer,66512.03,Tier 3
West Bengal,64.14,Ktm,Duke 200,277409.0,2023,878.0,Electric,70.2,Second,2023.0,Active,Individual,140750.48,Tier 2
Rajasthan,51.14,Bajaj,Ct 100,349455.0,2021,479.0,Hybrid,78.87,Second,2024.0,Expired,Dealer,164032.89,Metro
Gujarat,49.62,Yamaha,Mt-15,262552.0,2023,482.0,Hybrid,91.83,Third,2024.0,Expired,Dealer,138667.96,Tier 3
Madhya Pradesh,52.16,Yamaha,Fascino 125,56537.0,2024,337.0,Petrol,53.98,Second,2024.0,Active,Individual,29756.94,Tier 3
Maharashtra,47.59,Royal Enfield,Himalayan,69580.0,2023,570.0,Petrol,48.17,First,2023.0,Not Available,Individual,47526.7,Metro
Delhi,13.94,Hero,Hf Deluxe,193830.0,2024,637.0,Hybrid,79.08,First,2024.0,Active,Individual,95651.28,Tier 2
Tamil Nadu,38.82,Tvs,Apache Rtr 160,332073.0,2016,663.0,Electric,82.48,Second,2024.0,Active,Dealer,161679.08,Metro
West Bengal,13.46,Hero,Glamour,52711.0,2021,181.0,Electric,68.14,Second,2024.0,Not Available,Individual,39250.45,Metro
Karnataka,69.97,Honda,Shine,391694.0,2017,504.0,Hybrid,93.51,Second,2022.0,Expired,Dealer,181590.39,Tier 2
Delhi,73.98,Yamaha,Fz V3,97236.0,2015,978.0,Petrol,34.11,Third,2024.0,Expired,Individual,70560.01,Tier 1
Punjab,51.94,Yamaha,Mt-15,161176.0,2024,964.0,Electric,70.2,Second,2024.0,Expired,Dealer,74178.59,Metro
West Bengal,10.58,Yamaha,Ray Zr,379454.0,2023,166.0,Hybrid,93.0,Second,2023.0,Expired,Dealer,300884.59,Metro
West Bengal,78.75,Royal Enfield,Meteor 350,215135.0,2021,916.0,Hybrid,92.41,First,2021.0,Not Available,Individual,152709.32,Metro
Gujarat,37.89,Honda,Cbr 650R,332857.0,2016,178.0,Petrol,34.84,Second,2023.0,Expired,Dealer,225376.19,Tier 3
Delhi,7.34,Kawasaki,Ninja 400,244413.0,2022,182.0,Electric,72.94,First,2022.0,Expired,Individual,124409.02,Tier 2
Punjab,35.43,Kawasaki,Vulcan S,229375.0,2018,399.0,Electric,68.92,Second,2022.0,Not Available,Dealer,136464.15,Tier 2
Delhi,43.23,Hero,Hf Deluxe,109885.0,2023,722.0,Electric,85.73,First,2023.0,Expired,Dealer,87057.91,Tier 2
West Bengal,48.73,Royal Enfield,Meteor 350,78051.0,2021,735.0,Electric,78.8,Second,2021.0,Not Available,Dealer,37710.43,Tier 2
Uttar Pradesh,63.85,Hero,Hf Deluxe,233914.0,2021,484.0,Hybrid,71.99,Second,2021.0,Expired,Individual,185800.78,Tier 2
Rajasthan,42.96,Yamaha,R15 V4,311301.0,2023,930.0,Petrol,43.26,Second,2023.0,Not Available,Individual,163950.3,Tier 2
Maharashtra,44.78,Ktm,250 Duke,216728.0,2021,957.0,Electric,74.79,Second,2024.0,Not Available,Dealer,133472.89,Metro
Madhya Pradesh,51.67,Honda,Activa,88988.0,2020,196.0,Petrol,31.42,Second,2021.0,Expired,Individual,59399.4,Tier 2
Maharashtra,56.15,Tvs,Jupiter,164488.0,2021,670.0,Electric,65.26,Second,2023.0,Active,Individual,124264.09,Tier 2
Delhi,53.39,Hero,Hf Deluxe,56989.0,2016,373.0,Petrol,53.3,Second,2024.0,Expired,Individual,30813.67,Tier 1
Karnataka,54.0,Hero,Passion Pro,322302.0,2022,933.0,Hybrid,66.64,Second,2023.0,Not Available,Individual,230464.28,Tier 3
Maharashtra,32.23,Kawasaki,Versys 650,198108.0,2021,330.0,Petrol,52.4,Third,2022.0,Expired,Individual,151052.07,Metro
Maharashtra,32.39,Tvs,Jupiter,383264.0,2016,107.0,Hybrid,93.84,Third,2024.0,Not Available,Dealer,292129.0,Tier 2
Uttar Pradesh,16.15,Yamaha,Ray Zr,353452.0,2023,435.0,Hybrid,69.73,Second,2023.0,Active,Dealer,229476.32,Metro
Maharashtra,33.42,Ktm,Duke 200,253528.0,2022,714.0,Electric,76.42,Third,2022.0,Expired,Dealer,158143.71,Tier 2
West Bengal,15.43,Yamaha,Fascino 125,138590.0,2023,117.0,Petrol,30.24,Second,2023.0,Active,Dealer,85059.12,Tier 3
Rajasthan,7.12,Bajaj,Platina 110,246749.0,2019,951.0,Petrol,36.16,Second,2024.0,Expired,Dealer,128048.12,Metro
Delhi,13.94,Tvs,Ntorq 125,100721.0,2022,499.0,Electric,82.11,Third,2024.0,Active,Individual,48055.92,Metro
Karnataka,10.35,Royal Enfield,Interceptor 650,202846.0,2024,610.0,Electric,98.85,Second,2024.0,Not Available,Dealer,90433.9,Metro
Rajasthan,33.03,Bajaj,Avenger 220,301300.0,2019,202.0,Electric,97.13,Third,2024.0,Active,Individual,196062.13,Tier 1
Rajasthan,72.89,Tvs,Ntorq 125,218776.0,2024,568.0,Petrol,54.2,First,2024.0,Active,Dealer,169308.82,Tier 2
Gujarat,43.41,Tvs,Jupiter,235565.0,2019,547.0,Hybrid,83.24,Second,2023.0,Not Available,Dealer,133472.89,Tier 1
Tamil Nadu,5.01,Honda,Shine,252763.0,2019,235.0,Petrol,58.71,Second,2022.0,Not Available,Dealer,191177.64,Tier 1
Tamil Nadu,63.31,Yamaha,Mt-15,165279.0,2019,542.0,Hybrid,74.47,Second,2021.0,Expired,Dealer,100761.25,Metro
Maharashtra,21.17,Ktm,125 Duke,192290.0,2021,883.0,Hybrid,84.07,Second,2024.0,Not Available,Dealer,92070.15,Metro
Karnataka,61.92,Honda,Activa,347423.0,2015,201.0,Petrol,28.03,Third,2022.0,Expired,Dealer,262744.61,Tier 1
West Bengal,48.46,Royal Enfield,Classic 350,360595.0,2024,868.0,Petrol,29.35,Third,2024.0,Not Available,Dealer,161790.37,Tier 3
Madhya Pradesh,50.8,Kawasaki,Vulcan S,242165.0,2020,462.0,Hybrid,60.09,Second,2024.0,Active,Individual,117163.69,Tier 3
Delhi,79.97,Tvs,Ronin,187206.0,2017,255.0,Hybrid,76.78,Third,2024.0,Expired,Dealer,143837.33,Tier 2
Punjab,76.28,Hero,Glamour,203977.0,2024,847.0,Electric,82.31,Third,2024.0,Active,Individual,112270.94,Tier 1
Delhi,10.94,Kawasaki,Versys 650,348864.0,2021,833.0,Petrol,41.28,Second,2021.0,Not Available,Dealer,133472.89,Tier 2
Uttar Pradesh,38.02,Bajaj,Platina 110,218166.0,2024,447.0,Electric,86.71,Second,2024.0,Not Available,Individual,87678.47,Tier 2
Gujarat,5.43,Ktm,Duke 200,234378.0,2020,548.0,Electric,74.41,Second,2022.0,Active,Dealer,140286.9,Tier 3
Gujarat,45.8,Kawasaki,Z650,221602.0,2024,550.0,Electric,94.95,Second,2024.0,Expired,Individual,116185.39,Tier 3
Delhi,11.36,Hero,Xtreme 160R,313293.0,2022,422.0,Hybrid,68.22,Second,2024.0,Active,Individual,188885.75,Tier 2
Tamil Nadu,40.27,Yamaha,Ray Zr,353060.0,2020,0.0,Petrol,49.02,Second,2022.0,Active,Dealer,275849.27,Tier 3
Uttar Pradesh,75.5,Ktm,390 Adventure,220407.0,2023,117.0,Hybrid,78.97,Third,2023.0,Active,Dealer,93683.86,Tier 2
Maharashtra,57.2,Kawasaki,Versys 650,358393.0,2021,794.0,Hybrid,92.5,Second,2024.0,Active,Individual,282606.56,Tier 2
Punjab,62.0,Honda,Cbr 650R,82694.0,2019,865.0,Hybrid,90.67,Second,2022.0,Active,Dealer,133472.89,Metro
Uttar Pradesh,27.82,Tvs,Apache Rtr 160,171670.0,2022,623.0,Hybrid,70.2,Second,2024.0,Expired,Individual,75817.96,Tier 2
Rajasthan,29.9,Bajaj,Avenger 220,188281.0,2024,864.0,Petrol,48.1,Third,2024.0,Expired,Individual,99008.75,Tier 3
Gujarat,56.08,Tvs,Sport,143568.0,2022,581.0,Petrol,41.97,First,2022.0,Expired,Individual,101984.21,Tier 3
Karnataka,62.24,Kawasaki,Vulcan S,229913.0,2024,927.0,Petrol,28.65,First,2024.0,Not Available,Individual,98708.29,Tier 1
Maharashtra,72.34,Yamaha,R15 V4,154089.0,2017,197.0,Hybrid,60.08,Second,2024.0,Not Available,Individual,84701.02,Tier 1
West Bengal,39.98,Bajaj,Pulsar 150,182102.0,2015,364.0,Electric,77.21,Second,2023.0,Active,Dealer,100013.63,Metro
Uttar Pradesh,42.995,Bajaj,Ct 100,225623.0,2019,690.0,Electric,94.39,Second,2023.0,Active,Individual,133472.89,Tier 1
Delhi,50.89,Royal Enfield,Interceptor 650,349144.0,2024,281.0,Petrol,49.26,Second,2024.0,Expired,Individual,198046.45,Tier 1
Rajasthan,39.83,Royal Enfield,Classic 350,260106.0,2019,847.0,Electric,84.34,Second,2021.0,Active,Individual,159190.81,Tier 1
Gujarat,5.58,Bajaj,Dominar 400,134919.0,2021,670.0,Hybrid,80.31,Second,2022.0,Expired,Individual,80007.99,Metro
Delhi,74.52,Royal Enfield,Classic 350,101528.0,2021,134.0,Hybrid,67.62,Third,2022.0,Expired,Individual,42336.68,Metro
West Bengal,28.12,Ktm,Duke 200,209468.0,2022,999.0,Hybrid,93.38,Second,2022.0,Not Available,Individual,99332.73,Metro
Gujarat,32.03,Kawasaki,Versys 650,56071.0,2024,499.0,Electric,92.92,Second,2024.0,Expired,Individual,28101.52,Tier 3
Madhya Pradesh,32.85,Yamaha,Fascino 125,187520.0,2020,390.0,Electric,75.79,Second,2023.0,Expired,Dealer,91737.2,Tier 3
Delhi,79.55,Royal Enfield,Meteor 350,304121.0,2021,674.0,Hybrid,68.34,Second,2024.0,Expired,Dealer,133472.89,Tier 1
Punjab,59.54,Tvs,Jupiter,356393.0,2016,334.0,Electric,83.5,Second,2024.0,Active,Individual,284199.92,Tier 1
Rajasthan,24.8,Kawasaki,Z650,103120.0,2016,321.0,Hybrid,88.74,Third,2021.0,Active,Dealer,63126.72,Metro
Rajasthan,30.96,Tvs,Apache Rtr 160,99932.0,2021,254.0,Petrol,53.14,Third,2021.0,Not Available,Individual,55735.43,Tier 1
Gujarat,60.46,Yamaha,R15 V4,293007.0,2022,473.0,Petrol,29.92,Second,2024.0,Not Available,Individual,224208.8,Tier 1
Punjab,77.87,Yamaha,Fascino 125,326788.0,2018,576.0,Hybrid,72.5,Second,2024.0,Active,Individual,152657.85,Tier 2
Madhya Pradesh,71.47,Ktm,250 Duke,256007.0,2024,660.0,Hybrid,78.87,Third,2024.0,Active,Dealer,140801.7,Metro
Madhya Pradesh,37.31,Honda,Dio,249980.0,2022,825.0,Hybrid,83.64,Second,2022.0,Expired,Individual,133472.89,Tier 3
West Bengal,26.94,Honda,Dio,101523.0,2024,573.0,Electric,73.67,Second,2024.0,Expired,Dealer,55579.95,Metro
Madhya Pradesh,74.19,Yamaha,Ray Zr,90663.0,2018,386.0,Electric,84.69,Second,2022.0,Not Available,Individual,71407.67,Tier 1
Tamil Nadu,64.49,Hero,Passion Pro,103676.0,2017,297.0,Hybrid,67.47,Second,2022.0,Expired,Individual,70967.99,Metro
Punjab,18.05,Bajaj,Platina 110,168624.0,2021,458.0,Hybrid,81.59,Second,2021.0,Not Available,Dealer,84141.34,Tier 3
Delhi,-5.0,Kawasaki,Ninja 400,373677.0,2020,750.0,Petrol,27.82,Second,2021.0,Not Available,Dealer,259661.17,Metro
Madhya Pradesh,18.66,Kawasaki,Vulcan S,225812.0,2020,423.0,Petrol,43.12,Second,2022.0,Not Available,Individual,170859.85,Metro
Delhi,42.0,Yamaha,Fz V3,88394.0,2016,602.0,Hybrid,95.64,Second,2023.0,Active,Individual,54465.78,Tier 3
Gujarat,61.02,Kawasaki,Ninja 400,215465.0,2015,701.0,Petrol,45.46,Second,2023.0,Active,Individual,99458.36,Tier 1
Uttar Pradesh,76.37,Bajaj,Dominar 400,149238.0,2024,651.0,Hybrid,64.67,Second,2024.0,Not Available,Individual,64525.98,Tier 2
Rajasthan,58.63,Bajaj,Pulsar 150,52912.0,2021,151.0,Electric,97.6,First,2021.0,Active,Dealer,35580.53,Tier 3
Karnataka,60.33,Yamaha,Mt-15,264948.0,2019,443.0,Hybrid,61.25,Third,2022.0,Expired,Individual,142288.15,Metro
Tamil Nadu,51.55,Kawasaki,Z650,256978.0,2021,144.0,Hybrid,69.74,Second,2021.0,Expired,Dealer,107291.47,Tier 3
Maharashtra,16.48,Hero,Hf Deluxe,320524.0,2020,643.0,Petrol,42.74,Third,2023.0,Active,Individual,249405.6,Metro
Gujarat,44.48,Ktm,Duke 200,100359.0,2024,984.0,Petrol,36.73,First,2024.0,Not Available,Individual,63502.38,Tier 3
Punjab,39.76,Honda,Activa,102921.0,2017,114.0,Petrol,26.24,Second,2024.0,Active,Individual,65985.59,Tier 3
Rajasthan,53.42,Yamaha,Mt-15,262264.0,2015,624.0,Electric,99.7,Second,2023.0,Not Available,Individual,167577.36,Tier 1
West Bengal,49.66,Royal Enfield,Classic 350,259305.0,2021,750.0,Hybrid,85.79,Third,2023.0,Expired,Individual,162191.66,Tier 1
Karnataka,48.2,Kawasaki,Ninja 400,50967.0,2023,472.0,Hybrid,83.06,Third,2023.0,Not Available,Dealer,24910.48,Metro
Gujarat,25.95,Yamaha,R15 V4,185035.0,2020,452.0,Petrol,28.04,Second,2021.0,Expired,Dealer,102582.08,Tier 2
Gujarat,60.51,Bajaj,Platina 110,72463.0,2022,118.0,Petrol,26.28,Second,2022.0,Active,Dealer,37061.57,Tier 2
Gujarat,8.91,Honda,Dio,370811.0,2023,650.0,Electric,95.41,Third,2023.0,Expired,Dealer,263341.32,Tier 3
Karnataka,25.82,Bajaj,Avenger 220,316385.0,2023,767.0,Electric,97.84,First,2023.0,Not Available,Dealer,215206.1,Tier 1
Madhya Pradesh,31.85,Royal Enfield,Classic 350,170799.0,2023,341.0,Hybrid,70.2,Second,2023.0,Not Available,Individual,119302.29,Tier 3
Punjab,70.51,Tvs,Jupiter,318166.0,2015,347.0,Electric,96.36,Second,2021.0,Active,Individual,159652.98,Metro
Madhya Pradesh,47.35,Hero,Splendor Plus,77837.0,2024,753.0,Petrol,50.69,First,2024.0,Not Available,Dealer,42422.31,Metro
Punjab,64.85,Ktm,125 Duke,79461.0,2024,890.0,Electric,92.09,First,2024.0,Active,Dealer,50236.94,Tier 3
Maharashtra,35.27,Yamaha,Ray Zr,155509.0,2023,595.0,Petrol,37.69,Second,2023.0,Expired,Dealer,89780.56,Tier 3
Madhya Pradesh,48.4,Kawasaki,Versys 650,115515.0,2017,180.0,Petrol,41.77,Third,2022.0,Active,Individual,57938.38,Tier 3
Madhya Pradesh,15.6,Hero,Hf Deluxe,70119.0,2020,126.0,Hybrid,96.6,Second,2022.0,Not Available,Individual,43929.2,Tier 3
Punjab,45.55,Ktm,125 Duke,239250.0,2017,345.0,Electric,93.39,Third,2023.0,Not Available,Individual,126020.67,Tier 2
Punjab,74.65,Royal Enfield,Meteor 350,81764.0,2024,480.0,Hybrid,97.27,Third,2024.0,Active,Individual,43928.59,Tier 1
Karnataka,5.7,Kawasaki,Vulcan S,260277.0,2024,313.0,Petrol,45.91,First,2024.0,Expired,Dealer,133472.89,Tier 3
Punjab,58.61,Tvs,Ntorq 125,291080.0,2023,559.0,Hybrid,81.42,First,2023.0,Active,Individual,134785.91,Tier 1
Maharashtra,68.66,Honda,Unicorn,255010.0,2022,336.0,Electric,67.99,Second,2022.0,Not Available,Individual,141496.75,Tier 2
Uttar Pradesh,31.94,Hero,Splendor Plus,320054.0,2016,411.0,Hybrid,85.43,Second,2023.0,Active,Individual,179389.8,Tier 1
West Bengal,59.16,Tvs,Jupiter,154653.0,2022,695.0,Petrol,58.19,Third,2024.0,Active,Dealer,103779.11,Tier 2
Tamil Nadu,23.32,Ktm,Rc 390,221073.0,2015,835.0,Hybrid,97.19,Second,2024.0,Not Available,Individual,101886.71,Tier 1
Delhi,36.98,Royal Enfield,Meteor 350,215026.0,2021,253.0,Electric,63.69,Second,2024.0,Not Available,Dealer,143108.36,Tier 3
Rajasthan,15.81,Tvs,Ntorq 125,80131.0,2024,174.0,Electric,79.89,Second,2024.0,Active,Dealer,42504.27,Tier 3
Madhya Pradesh,61.7,Kawasaki,Ninja 400,271672.0,2023,345.0,Hybrid,98.87,Second,2023.0,Active,Individual,183932.92,Metro
West Bengal,10.65,Hero,Glamour,64360.0,2019,838.0,Hybrid,63.83,Second,2022.0,Not Available,Individual,48055.41,Tier 3
Punjab,52.45,Hero,Hf Deluxe,160474.0,2015,919.0,Electric,76.03,Second,2022.0,Not Available,Dealer,84888.54,Tier 1
Rajasthan,20.5,Tvs,Apache Rtr 160,364666.0,2024,541.0,Hybrid,99.65,Third,2024.0,Expired,Individual,238714.85,Tier 3
Gujarat,19.09,Royal Enfield,Classic 350,361992.0,2017,693.0,Electric,64.42,Second,2021.0,Expired,Dealer,262792.82,Metro
Maharashtra,58.94,Royal Enfield,Himalayan,93693.0,2022,878.0,Petrol,40.41,Second,2022.0,Expired,Individual,46518.89,Tier 1
Karnataka,75.68,Bajaj,Platina 110,245424.0,2023,861.0,Electric,72.56,Second,2023.0,Expired,Dealer,146943.33,Tier 3
Madhya Pradesh,8.13,Honda,Dio,229274.0,2022,971.0,Electric,90.73,Second,2023.0,Not Available,Dealer,114766.44,Tier 1
Tamil Nadu,79.61,Bajaj,Pulsar 150,210806.0,2022,375.0,Petrol,31.61,First,2022.0,Active,Dealer,150560.09686974355,Metro
Madhya Pradesh,9.7,Bajaj,Dominar 400,139670.0,2024,268.0,Electric,77.9,Second,2024.0,Expired,Individual,98468.85,Tier 3
Delhi,45.29,Kawasaki,Versys 650,55185.0,2021,778.0,Petrol,28.84,Second,2024.0,Expired,Individual,22624.8,Tier 2
Maharashtra,44.14,Kawasaki,Z650,95193.0,2022,294.0,Hybrid,70.45,Third,2024.0,Not Available,Individual,71898.0,Tier 2
Delhi,75.35,Tvs,Ronin,169295.0,2024,495.0,Hybrid,86.52,Second,2024.0,Active,Dealer,109643.04860894264,Metro
West Bengal,22.29,Ktm,390 Adventure,343603.0,2024,454.0,Electric,89.38,Second,2024.0,Active,Dealer,206216.89,Tier 1
Punjab,50.97,Ktm,390 Adventure,155121.0,2024,607.0,Hybrid,77.38,Second,2024.0,Expired,Dealer,120119.62,Tier 3
Punjab,51.81,Hero,Glamour,249561.0,2022,405.0,Hybrid,70.2,Second,2024.0,Not Available,Dealer,144911.13,Metro
Tamil Nadu,8.93,Tvs,Sport,197989.0,2022,474.0,Petrol,33.49,First,2022.0,Active,Dealer,133472.89,Metro
Delhi,69.67,Honda,Unicorn,84846.0,2024,315.0,Petrol,45.14,Second,2024.0,Not Available,Dealer,47731.79,Tier 2
Uttar Pradesh,47.5,Bajaj,Dominar 400,193026.0,2020,301.0,Hybrid,64.29,Second,2021.0,Active,Dealer,109461.41,Metro
Rajasthan,20.57,Yamaha,Fascino 125,326737.0,2016,254.0,Hybrid,93.72,Second,2024.0,Expired,Individual,255543.04,Tier 3
Madhya Pradesh,41.95,Hero,Glamour,320622.0,2018,794.0,Electric,66.04,Second,2023.0,Expired,Dealer,130507.13,Tier 1
Gujarat,8.03,Hero,Passion Pro,129535.0,2019,923.0,Electric,84.33,Third,2022.0,Active,Individual,65957.28,Tier 2
Tamil Nadu,16.4,Hero,Xtreme 160R,197120.0,2024,606.0,Electric,64.56,Second,2024.0,Active,Individual,124052.96,Tier 2
Punjab,30.2,Royal Enfield,Himalayan,309778.0,2021,155.0,Petrol,56.96,Second,2021.0,Expired,Dealer,210841.12,Tier 2
Madhya Pradesh,16.07,Honda,Dio,204068.0,2018,856.0,Electric,97.75,Second,2021.0,Active,Individual,130978.7,Tier 3
Tamil Nadu,9.88,Tvs,Ronin,124652.0,2020,211.0,Hybrid,71.81,Second,2022.0,Expired,Dealer,58248.6,Tier 2
Uttar Pradesh,68.56,Ktm,390 Adventure,310385.0,2015,129.0,Electric,75.77,Second,2023.0,Expired,Dealer,208703.33,Tier 2
Uttar Pradesh,50.42,Kawasaki,Versys 650,59513.0,2021,898.0,Electric,65.35,Second,2024.0,Active,Dealer,25950.32,Tier 1
West Bengal,52.87,Bajaj,Platina 110,311408.0,2017,766.0,Petrol,54.12,Second,2021.0,Expired,Dealer,166354.89,Metro
Uttar Pradesh,14.25,Tvs,Ntorq 125,207602.0,2016,140.0,Electric,63.03,Second,2022.0,Expired,Individual,133472.89,Tier 3
Maharashtra,66.18,Royal Enfield,Himalayan,239968.0,2020,456.0,Petrol,53.78,Second,2024.0,Expired,Dealer,115726.41,Tier 1
Madhya Pradesh,9.24,Royal Enfield,Meteor 350,200332.0,2024,452.0,Electric,87.11,First,2024.0,Expired,Individual,90219.54,Tier 2
Punjab,18.76,Tvs,Apache Rtr 160,268969.0,2022,528.0,Petrol,46.32,Second,2022.0,Expired,Individual,170249.43,Tier 3
Uttar Pradesh,29.15,Tvs,Ronin,131550.0,2015,259.0,Petrol,45.49,Second,2024.0,Expired,Dealer,93388.27,Tier 2
Karnataka,49.17,Ktm,Rc 390,80289.0,2024,246.0,Electric,61.38,Second,2024.0,Expired,Individual,59565.63,Tier 3
West Bengal,51.15,Bajaj,Platina 110,227759.0,2024,384.0,Electric,89.78,Second,2024.0,Expired,Individual,133472.89,Tier 1
Gujarat,11.32,Kawasaki,Ninja 300,134906.0,2021,332.0,Petrol,58.82,Second,2022.0,Expired,Individual,65955.35,Tier 2
West Bengal,26.22,Tvs,Sport,124854.0,2023,237.0,Hybrid,60.94,Third,2024.0,Expired,Dealer,89912.84,Tier 3
Karnataka,69.72,Yamaha,Fz V3,348015.0,2024,696.0,Electric,70.2,First,2024.0,Expired,Individual,199310.31,Tier 1
West Bengal,77.94,Royal Enfield,Classic 350,273130.0,2021,120.0,Hybrid,65.5,Second,2024.0,Not Available,Individual,208504.72,Metro
Gujarat,17.98,Tvs,Apache Rtr 160,371737.0,2024,331.0,Hybrid,91.56,Third,2024.0,Active,Individual,235638.41,Tier 1
Delhi,34.48,Yamaha,Ray Zr,141709.0,2022,377.0,Hybrid,87.17,Third,2022.0,Active,Individual,80373.16,Tier 1
Madhya Pradesh,29.2,Yamaha,Ray Zr,67273.0,2022,595.0,Petrol,34.81,First,2022.0,Active,Dealer,36432.26,Tier 1
Karnataka,21.14,Hero,Glamour,152092.0,2022,391.0,Petrol,41.69,First,2022.0,Active,Dealer,95445.69,Metro
Gujarat,43.71,Bajaj,Dominar 400,219954.0,2021,106.0,Electric,75.02,Third,2022.0,Expired,Individual,137624.59,Tier 3
Punjab,-5.0,Tvs,Ronin,275451.0,2019,210.0,Petrol,58.98,Second,2023.0,Active,Individual,164816.5,Tier 2
Madhya Pradesh,10.98,Royal Enfield,Interceptor 650,110472.0,2024,648.0,Electric,61.02,Second,2024.0,Active,Dealer,80909.89,Tier 3
Gujarat,32.64,Tvs,Ntorq 125,383526.0,2017,447.0,Electric,88.88,Second,2024.0,Expired,Individual,264664.55,Metro
West Bengal,12.76,Ktm,390 Adventure,335357.0,2022,731.0,Petrol,36.69,Second,2022.0,Expired,Individual,133472.89,Tier 3
Karnataka,12.88,Bajaj,Ct 100,141321.0,2020,959.0,Petrol,39.37,Second,2022.0,Expired,Individual,76447.3,Tier 3
Karnataka,55.36,Yamaha,Ray Zr,51753.0,2021,848.0,Hybrid,84.92,Second,2022.0,Expired,Individual,34612.13,Metro
Rajasthan,36.45,Tvs,Apache Rtr 160,361202.0,2023,144.0,Hybrid,69.98,Second,2024.0,Active,Dealer,196796.95,Tier 2
Karnataka,74.58,Honda,Activa,195672.0,2019,837.0,Hybrid,70.2,Second,2022.0,Expired,Dealer,145255.31,Metro
Karnataka,46.36,Ktm,390 Adventure,82167.0,2023,919.0,Hybrid,95.21,Second,2023.0,Expired,Dealer,34796.07,Tier 3
West Bengal,70.13,Honda,Cbr 650R,252202.0,2023,461.0,Hybrid,79.55,Second,2023.0,Not Available,Dealer,133097.31,Tier 1
Punjab,64.16,Bajaj,Ct 100,229448.0,2022,208.0,Hybrid,96.05,Second,2022.0,Active,Dealer,100507.12,Tier 2
Madhya Pradesh,46.93,Honda,Dio,244707.0,2023,774.0,Petrol,59.92,First,2023.0,Active,Dealer,144597.84,Tier 3
Karnataka,47.58,Royal Enfield,Classic 350,342612.0,2023,174.0,Petrol,51.54,Second,2023.0,Active,Individual,255267.28,Tier 2
Delhi,37.59,Ktm,250 Duke,90609.0,2019,343.0,Electric,95.26,Third,2021.0,Active,Dealer,57184.48,Tier 2
Punjab,28.29,Ktm,390 Adventure,305445.0,2021,990.0,Petrol,58.09,Second,2023.0,Not Available,Individual,164604.87,Tier 1
Karnataka,10.25,Ktm,250 Duke,177321.0,2024,701.0,Petrol,39.37,Third,2024.0,Expired,Individual,99455.32,Tier 3
Tamil Nadu,32.08,Hero,Passion Pro,191135.0,2019,893.0,Hybrid,69.85,Second,2023.0,Expired,Individual,130036.44,Metro
West Bengal,24.54,Tvs,Ronin,236555.0,2018,263.0,Hybrid,78.22,Second,2023.0,Expired,Individual,171681.75,Tier 1
Karnataka,78.25,Tvs,Jupiter,240806.0,2019,764.0,Electric,91.34,Second,2021.0,Expired,Individual,179303.44,Tier 2
Punjab,32.52,Tvs,Sport,142587.0,2019,762.0,Hybrid,98.72,Third,2022.0,Not Available,Dealer,133472.89,Tier 2
Uttar Pradesh,69.54,Bajaj,Dominar 400,131314.0,2016,367.0,Hybrid,65.41,Second,2023.0,Not Available,Dealer,84561.51,Tier 2
Rajasthan,8.01,Yamaha,Ray Zr,162057.0,2022,284.0,Electric,87.96,Third,2022.0,Active,Dealer,123570.54,Tier 3
Rajasthan,61.36,Bajaj,Avenger 220,76803.0,2023,515.0,Electric,70.2,First,2023.0,Expired,Dealer,45609.78,Tier 2
Uttar Pradesh,68.12,Honda,Unicorn,91202.0,2018,200.0,Electric,97.24,Second,2022.0,Expired,Individual,70256.04,Tier 1
Madhya Pradesh,18.68,Bajaj,Avenger 220,204858.0,2024,678.0,Electric,69.22,Second,2024.0,Expired,Dealer,132750.96,Tier 2
Punjab,70.06,Hero,Hf Deluxe,207646.0,2021,223.0,Electric,72.94,First,2023.0,Expired,Individual,119117.77610044242,Tier 3
Gujarat,25.05,Honda,Cbr 650R,113393.0,2024,362.0,Petrol,32.02,Second,2024.0,Not Available,Dealer,67522.42,Tier 2
Karnataka,23.93,Bajaj,Avenger 220,271751.0,2022,834.0,Petrol,45.19,Second,2023.0,Not Available,Individual,165372.35,Tier 1
Delhi,50.23,Honda,Dio,227003.0,2016,840.0,Hybrid,96.14,Second,2022.0,Expired,Individual,143341.7,Metro
Tamil Nadu,40.6,Kawasaki,Z650,379205.0,2022,289.0,Electric,68.25,Second,2022.0,Not Available,Individual,159094.55,Tier 1
Punjab,39.34,Yamaha,Fascino 125,205733.0,2023,991.0,Petrol,42.53,First,2023.0,Expired,Dealer,124371.2,Tier 1
West Bengal,28.27,Ktm,Duke 200,217205.0,2019,270.0,Hybrid,64.06,Second,2021.0,Not Available,Dealer,141079.28,Tier 3
Punjab,24.2,Honda,Activa,112406.0,2017,283.0,Petrol,39.19,Third,2022.0,Not Available,Individual,71753.59,Tier 1
West Bengal,59.62,Hero,Passion Pro,118261.0,2021,754.0,Electric,71.92,Second,2022.0,Expired,Individual,70160.89,Metro
West Bengal,51.99,Royal Enfield,Hunter 350,135300.0,2016,480.0,Hybrid,81.11,Second,2021.0,Active,Dealer,76442.46,Tier 2
Punjab,5.31,Yamaha,Mt-15,324392.0,2020,267.0,Hybrid,78.0,Second,2023.0,Not Available,Dealer,239171.66,Tier 3
Gujarat,69.46,Royal Enfield,Hunter 350,306560.0,2022,282.0,Electric,67.0,Second,2022.0,Expired,Individual,231943.99,Tier 2
Delhi,75.5,Ktm,250 Duke,126504.0,2022,859.0,Hybrid,77.76,Second,2024.0,Expired,Individual,68443.87,Tier 3
Rajasthan,79.9,Ktm,250 Duke,395253.0,2022,115.0,Hybrid,68.6,First,2022.0,Active,Dealer,176952.87,Tier 3
Maharashtra,58.65,Hero,Xtreme 160R,202727.0,2021,420.0,Petrol,33.77,Second,2021.0,Not Available,Dealer,144961.37,Tier 3
Karnataka,77.07,Hero,Splendor Plus,108497.0,2021,493.0,Petrol,55.62,Second,2024.0,Not Available,Dealer,64722.23,Tier 1
Tamil Nadu,27.1,Tvs,Jupiter,92737.0,2022,624.0,Hybrid,71.33,First,2022.0,Expired,Individual,54237.87,Tier 2
Tamil Nadu,45.24,Kawasaki,Z650,310737.0,2021,444.0,Hybrid,62.06,Second,2024.0,Not Available,Individual,135601.02,Metro
Tamil Nadu,35.98,Yamaha,Ray Zr,231748.0,2024,705.0,Hybrid,83.46,First,2024.0,Active,Individual,149454.23,Tier 2
Rajasthan,57.45,Ktm,125 Duke,200045.0,2024,372.0,Electric,70.2,Second,2024.0,Not Available,Dealer,114843.9189537254,Tier 3
Maharashtra,28.42,Tvs,Apache Rtr 160,159191.0,2023,260.0,Electric,92.04,Second,2023.0,Expired,Dealer,81703.43,Tier 1
Karnataka,11.41,Hero,Hf Deluxe,72229.0,2020,646.0,Hybrid,96.08,Second,2024.0,Not Available,Individual,45723.65,Tier 3
Gujarat,32.33,Kawasaki,Ninja 400,369931.0,2022,731.0,Hybrid,76.91,Second,2023.0,Not Available,Dealer,188661.54,Tier 2
Punjab,79.56,Kawasaki,Vulcan S,307589.0,2024,728.0,Petrol,70.2,Second,2024.0,Expired,Individual,133472.89,Tier 3
West Bengal,75.71,Yamaha,Ray Zr,319338.0,2021,286.0,Petrol,31.82,First,2021.0,Active,Dealer,185914.2,Metro
Delhi,52.43,Kawasaki,Ninja 400,345444.0,2021,355.0,Hybrid,82.08,Third,2023.0,Expired,Individual,144384.0,Tier 2
Gujarat,45.35,Yamaha,Mt-15,109961.0,2023,571.0,Hybrid,82.39,Second,2024.0,Expired,Dealer,61330.39,Tier 3
Punjab,59.05,Bajaj,Dominar 400,366644.0,2019,550.0,Electric,66.37,Second,2022.0,Not Available,Dealer,281850.81,Tier 1
Tamil Nadu,20.18,Bajaj,Avenger 220,187201.0,2021,383.0,Petrol,70.2,Third,2021.0,Expired,Dealer,118309.28,Tier 3
Rajasthan,12.44,Ktm,Rc 390,147595.0,2022,109.0,Electric,82.35,Second,2024.0,Not Available,Dealer,100169.64,Metro
Punjab,66.6,Kawasaki,Z650,282251.0,2015,668.0,Hybrid,63.13,Third,2023.0,Expired,Individual,201400.16,Tier 3
Karnataka,26.35,Honda,Dio,329015.0,2015,142.0,Petrol,54.38,Third,2024.0,Active,Dealer,193025.55,Tier 2
Uttar Pradesh,39.46,Hero,Xtreme 160R,235683.0,2015,810.0,Hybrid,98.05,Second,2022.0,Expired,Individual,164187.6,Tier 1
West Bengal,8.51,Ktm,Rc 390,241920.0,2021,196.0,Petrol,59.07,Second,2021.0,Not Available,Individual,192251.21,Tier 1
Gujarat,73.04,Kawasaki,Versys 650,380954.0,2015,409.0,Petrol,70.2,Second,2022.0,Expired,Dealer,286919.55,Tier 2
Uttar Pradesh,30.37,Kawasaki,Vulcan S,221245.0,2021,522.0,Electric,68.27,Third,2024.0,Active,Dealer,168397.36928933905,Tier 2
Karnataka,78.37,Tvs,Ntorq 125,238096.0,2020,396.0,Electric,61.96,Second,2023.0,Active,Individual,123151.47,Metro
Rajasthan,40.27,Bajaj,Avenger 220,374538.0,2021,255.0,Electric,71.79,Second,2023.0,Not Available,Dealer,259022.9,Tier 2
Uttar Pradesh,58.73,Tvs,Ntorq 125,254662.0,2022,406.0,Hybrid,89.45,Second,2022.0,Expired,Individual,133472.89,Tier 3
Gujarat,30.73,Yamaha,Ray Zr,103339.0,2020,240.0,Hybrid,95.5,Second,2021.0,Expired,Dealer,81875.89,Tier 2
Madhya Pradesh,39.02,Bajaj,Ct 100,232184.0,2024,681.0,Hybrid,75.58,Second,2024.0,Not Available,Dealer,133472.89,Tier 3
Uttar Pradesh,65.17,Royal Enfield,Meteor 350,220624.0,2023,472.0,Electric,92.15,First,2023.0,Not Available,Individual,133472.89,Metro
Gujarat,64.24,Honda,Activa,254431.0,2017,995.0,Electric,97.28,Second,2021.0,Not Available,Dealer,162442.13,Tier 3
Madhya Pradesh,39.29,Kawasaki,Z650,108550.0,2018,885.0,Petrol,40.23,Second,2024.0,Not Available,Individual,77447.67,Tier 2
Rajasthan,79.97,Kawasaki,Versys 650,261522.0,2022,574.0,Electric,75.39,Second,2024.0,Not Available,Individual,142784.81,Tier 1
Rajasthan,25.14,Kawasaki,Ninja 400,186214.0,2019,830.0,Petrol,53.97,Third,2024.0,Expired,Individual,116803.23,Metro
West Bengal,37.13,Ktm,250 Duke,258174.0,2020,841.0,Petrol,36.44,Second,2024.0,Expired,Dealer,146691.53,Tier 3
Maharashtra,63.78,Hero,Splendor Plus,253802.0,2016,505.0,Petrol,38.68,Second,2022.0,Expired,Individual,190980.75,Tier 1
Gujarat,31.78,Bajaj,Pulsar 150,289324.0,2024,301.0,Hybrid,72.3,Second,2024.0,Expired,Dealer,194102.91,Tier 2
Tamil Nadu,49.46,Ktm,Duke 200,210801.0,2019,395.0,Electric,66.05,Third,2022.0,Expired,Dealer,109535.09,Tier 1
Maharashtra,71.4,Ktm,250 Duke,371384.0,2022,409.0,Electric,89.93,Third,2023.0,Active,Individual,257520.71,Tier 1
Tamil Nadu,14.44,Yamaha,Ray Zr,325986.0,2018,480.0,Petrol,35.98,Second,2022.0,Expired,Individual,240012.38,Tier 2
Punjab,11.33,Hero,Xtreme 160R,328876.0,2016,133.0,Hybrid,74.55,Second,2022.0,Expired,Dealer,199475.92,Tier 1
Punjab,46.37,Yamaha,Ray Zr,71515.0,2022,972.0,Petrol,56.18,Second,2022.0,Expired,Individual,36037.23,Metro
Madhya Pradesh,19.21,Royal Enfield,Himalayan,84656.0,2022,537.0,Petrol,44.43,First,2022.0,Not Available,Individual,58286.08,Tier 3
West Bengal,40.62,Bajaj,Avenger 220,299998.0,2024,103.0,Electric,68.3,Second,2024.0,Expired,Individual,218846.78,Tier 2
Uttar Pradesh,52.63,Tvs,Sport,236035.0,2022,426.0,Hybrid,70.2,Second,2024.0,Not Available,Individual,120928.39,Tier 2
Gujarat,57.08,Honda,Activa,313090.0,2023,428.0,Hybrid,67.1,Second,2024.0,Not Available,Dealer,130366.83,Tier 3
Punjab,29.74,Kawasaki,Ninja 400,222920.0,2022,881.0,Petrol,30.04,Second,2023.0,Active,Individual,95312.82,Tier 3
Uttar Pradesh,80.0,Ktm,125 Duke,188891.0,2019,418.0,Electric,89.65,Second,2021.0,Active,Individual,84282.59,Tier 1
Gujarat,42.55,Honda,Cbr 650R,266117.0,2023,281.0,Electric,67.6,Second,2023.0,Expired,Individual,132890.09,Tier 1
Tamil Nadu,24.49,Hero,Glamour,234922.0,2022,176.0,Petrol,27.55,Second,2024.0,Not Available,Dealer,100503.82,Tier 1
Madhya Pradesh,64.0,Yamaha,Ray Zr,193593.0,2024,243.0,Electric,79.18,First,2024.0,Active,Dealer,146275.06,Tier 3
Punjab,59.47,Ktm,250 Duke,131849.0,2016,386.0,Petrol,39.26,Second,2021.0,Expired,Dealer,72486.41,Tier 3
Maharashtra,20.0,Bajaj,Ct 100,112295.0,2019,919.0,Hybrid,71.85,Second,2022.0,Not Available,Individual,88293.8,Metro
Karnataka,10.18,Bajaj,Dominar 400,78766.0,2024,489.0,Electric,98.72,Second,2024.0,Expired,Individual,48533.93,Tier 2
Punjab,44.68,Yamaha,Fascino 125,220909.0,2023,434.0,Petrol,39.13,First,2023.0,Not Available,Individual,89987.12,Tier 1
Karnataka,68.84,Yamaha,Mt-15,295107.0,2021,101.0,Hybrid,81.59,Second,2021.0,Active,Dealer,169577.91,Tier 2
Madhya Pradesh,71.83,Kawasaki,Ninja 400,86938.0,2022,930.0,Electric,61.21,Second,2022.0,Not Available,Dealer,44689.35,Tier 3
Madhya Pradesh,70.88,Tvs,Ronin,277400.0,2022,627.0,Hybrid,88.94,First,2022.0,Not Available,Individual,114737.87,Tier 2
Rajasthan,43.13,Yamaha,Mt-15,74150.0,2019,837.0,Hybrid,62.41,Second,2023.0,Not Available,Individual,34160.93,Tier 1
Gujarat,40.19,Tvs,Sport,214316.0,2023,893.0,Hybrid,67.88,Second,2023.0,Active,Dealer,161265.41,Tier 3
Rajasthan,46.06,Honda,Cbr 650R,347482.0,2021,463.0,Hybrid,60.52,Second,2023.0,Expired,Dealer,247940.74,Tier 3
Tamil Nadu,29.64,Kawasaki,Vulcan S,398732.0,2021,588.0,Electric,68.82,Second,2021.0,Not Available,Dealer,241025.02,Tier 3
Tamil Nadu,58.16,Kawasaki,Vulcan S,207472.0,2023,480.0,Hybrid,83.21,Second,2023.0,Not Available,Dealer,98982.52,Tier 3
Madhya Pradesh,65.05,Honda,Shine,168523.0,2021,828.0,Petrol,37.34,Second,2021.0,Expired,Individual,132083.52,Metro
Tamil Nadu,42.55,Yamaha,R15 V4,245586.0,2021,901.0,Petrol,32.24,First,2021.0,Expired,Dealer,100666.65,Tier 3
West Bengal,52.98,Hero,Passion Pro,290017.0,2021,805.0,Hybrid,97.19,Second,2023.0,Expired,Individual,126986.44,Tier 1
Maharashtra,18.42,Honda,Unicorn,137288.0,2016,380.0,Hybrid,67.86,Second,2021.0,Expired,Individual,94406.25,Tier 3
Punjab,29.35,Kawasaki,Vulcan S,220881.0,2019,906.0,Electric,90.34,Second,2022.0,Active,Individual,157260.46,Tier 3
Delhi,69.2,Royal Enfield,Classic 350,273016.0,2019,761.0,Electric,78.88,Second,2021.0,Expired,Dealer,113221.61,Tier 3
Rajasthan,44.72,Ktm,390 Adventure,283576.0,2023,529.0,Electric,73.91,Third,2024.0,Expired,Individual,159702.26,Tier 3
Gujarat,19.2,Honda,Dio,337533.0,2024,799.0,Hybrid,87.35,Second,2024.0,Active,Dealer,269743.4,Tier 2
Rajasthan,7.62,Royal Enfield,Classic 350,266470.0,2019,272.0,Petrol,54.95,Second,2023.0,Active,Dealer,187445.63,Tier 2
Madhya Pradesh,23.09,Yamaha,Fascino 125,377045.0,2018,922.0,Electric,61.55,Third,2024.0,Expired,Dealer,262162.6,Tier 1
Gujarat,24.76,Tvs,Ronin,124580.0,2020,578.0,Petrol,28.16,Second,2023.0,Active,Dealer,64889.48663271579,Metro
Uttar Pradesh,54.92,Yamaha,Mt-15,148441.0,2020,991.0,Petrol,58.0,Second,2022.0,Expired,Dealer,75042.91,Metro
Tamil Nadu,39.22,Honda,Shine,322042.0,2021,197.0,Petrol,55.66,First,2021.0,Expired,Individual,229406.85,Tier 2
Punjab,19.1,Royal Enfield,Hunter 350,73278.0,2020,340.0,Hybrid,60.71,Second,2022.0,Active,Dealer,42351.03,Tier 2
West Bengal,27.46,Yamaha,Fascino 125,235832.0,2017,306.0,Petrol,59.51,Third,2022.0,Active,Dealer,166659.08,Tier 1
Punjab,62.61,Tvs,Ntorq 125,187283.0,2021,825.0,Hybrid,63.14,Second,2021.0,Active,Individual,95981.43,Metro
Rajasthan,38.67,Tvs,Ntorq 125,249268.0,2024,271.0,Electric,99.93,Second,2024.0,Expired,Dealer,165610.57,Metro
Maharashtra,57.54,Honda,Unicorn,107033.0,2015,219.0,Petrol,50.11,Second,2021.0,Not Available,Dealer,55130.36,Tier 2
Tamil Nadu,57.96,Ktm,Duke 200,115373.0,2020,873.0,Petrol,28.08,Second,2021.0,Active,Individual,47057.29,Tier 3
Tamil Nadu,61.22,Royal Enfield,Meteor 350,209752.0,2019,898.0,Hybrid,76.83,Third,2022.0,Not Available,Individual,133472.89,Metro
Rajasthan,70.46,Honda,Unicorn,275565.0,2022,332.0,Hybrid,98.06,Second,2024.0,Active,Individual,122091.37,Metro
Gujarat,65.57,Tvs,Apache Rtr 160,246647.0,2022,145.0,Electric,91.88,Second,2024.0,Not Available,Individual,103607.8,Tier 3
Gujarat,6.14,Yamaha,Fz V3,95876.0,2023,958.0,Electric,69.88,Second,2023.0,Not Available,Individual,70468.89,Tier 2
Maharashtra,28.75,Honda,Activa,279182.0,2024,447.0,Hybrid,98.64,Second,2024.0,Expired,Dealer,140162.48,Tier 3
West Bengal,33.74,Kawasaki,Vulcan S,340825.0,2020,985.0,Hybrid,66.56,Second,2023.0,Not Available,Dealer,266997.76,Tier 1
Rajasthan,51.8,Royal Enfield,Interceptor 650,313036.0,2019,306.0,Petrol,40.77,Third,2024.0,Expired,Dealer,180387.03,Tier 3
Gujarat,77.71,Ktm,Duke 200,52310.0,2017,318.0,Hybrid,80.78,Third,2022.0,Active,Individual,38432.51,Metro
Gujarat,17.19,Ktm,250 Duke,173420.0,2024,991.0,Petrol,59.11,Third,2024.0,Active,Individual,114608.75,Tier 3
West Bengal,33.11,Bajaj,Avenger 220,250603.0,2021,503.0,Electric,70.2,Second,2023.0,Expired,Individual,193007.47,Metro
Maharashtra,76.42,Yamaha,R15 V4,147163.0,2024,302.0,Petrol,50.1,Second,2024.0,Expired,Dealer,93811.93,Tier 2
Madhya Pradesh,60.25,Ktm,390 Adventure,171120.0,2019,647.0,Petrol,40.74,Second,2022.0,Not Available,Dealer,121401.82,Tier 3
West Bengal,76.73,Honda,Shine,123004.0,2024,882.0,Hybrid,75.7,Second,2024.0,Expired,Individual,61157.05,Tier 3
Maharashtra,17.8,Kawasaki,Ninja 400,347314.0,2015,557.0,Hybrid,70.2,Second,2024.0,Active,Individual,220202.27,Tier 3
West Bengal,74.83,Yamaha,R15 V4,150587.0,2017,167.0,Petrol,30.58,Second,2024.0,Not Available,Dealer,79349.0,Tier 3
Karnataka,49.58,Honda,Activa,316877.0,2019,793.0,Petrol,35.37,Second,2022.0,Active,Individual,172802.36,Tier 3
West Bengal,37.31,Kawasaki,Vulcan S,213554.0,2022,247.0,Petrol,54.57,First,2022.0,Expired,Individual,133472.89,Tier 3
Punjab,25.44,Honda,Cbr 650R,346939.0,2024,590.0,Electric,70.2,First,2024.0,Expired,Dealer,190667.37,Tier 2
Tamil Nadu,59.6,Kawasaki,Ninja 300,112352.0,2021,327.0,Petrol,38.2,Third,2024.0,Not Available,Individual,71251.41,Tier 3
Maharashtra,17.7,Tvs,Apache Rtr 160,92531.0,2022,805.0,Petrol,39.27,First,2022.0,Active,Individual,48866.57,Tier 2
Madhya Pradesh,23.74,Hero,Glamour,172916.0,2021,172.0,Hybrid,95.74,Second,2023.0,Expired,Individual,109586.97,Metro
Punjab,7.07,Ktm,125 Duke,133504.0,2024,796.0,Hybrid,64.39,Second,2024.0,Active,Individual,73994.32,Tier 3
Uttar Pradesh,42.63,Bajaj,Pulsar 150,299244.0,2016,833.0,Electric,71.16,Third,2022.0,Active,Dealer,200024.9,Tier 3
Punjab,60.81,Honda,Activa,57561.0,2022,486.0,Petrol,28.06,Second,2023.0,Expired,Individual,27436.95,Tier 3
Madhya Pradesh,56.68,Ktm,Rc 390,129664.0,2023,128.0,Electric,70.48,Second,2023.0,Not Available,Individual,76105.95,Tier 2
Delhi,15.31,Hero,Splendor Plus,159618.0,2017,234.0,Hybrid,89.01,Third,2024.0,Active,Dealer,76307.55,Metro
Karnataka,6.57,Yamaha,Fz V3,364656.0,2021,108.0,Hybrid,86.22,Second,2024.0,Not Available,Dealer,288151.42,Tier 2
Maharashtra,34.87,Bajaj,Dominar 400,279704.0,2022,492.0,Hybrid,70.2,Third,2024.0,Not Available,Individual,133472.89,Tier 2
Delhi,11.51,Hero,Splendor Plus,296066.0,2017,145.0,Petrol,46.73,Second,2024.0,Expired,Dealer,119733.74,Metro
Madhya Pradesh,38.05,Yamaha,Mt-15,162489.0,2023,341.0,Hybrid,70.2,Second,2023.0,Expired,Dealer,107226.37,Tier 2
Rajasthan,48.41,Tvs,Apache Rtr 160,242782.0,2024,114.0,Electric,85.4,Second,2024.0,Expired,Individual,160657.65,Tier 1
Punjab,43.15,Tvs,Ntorq 125,129480.0,2020,423.0,Electric,89.84,Second,2024.0,Not Available,Individual,95174.64,Tier 3
Tamil Nadu,78.01,Kawasaki,Z650,58749.0,2018,322.0,Petrol,58.64,Second,2024.0,Active,Dealer,24649.48,Tier 3
Uttar Pradesh,31.57,Honda,Shine,384609.0,2022,330.0,Petrol,59.16,Second,2022.0,Expired,Dealer,302711.86,Metro
Delhi,16.35,Ktm,390 Adventure,216782.0,2018,930.0,Hybrid,98.51,Second,2024.0,Active,Individual,140450.16,Tier 1
Madhya Pradesh,11.11,Kawasaki,Ninja 400,355215.0,2024,922.0,Petrol,53.6,Second,2024.0,Not Available,Individual,133472.89,Tier 2
Madhya Pradesh,47.87,Yamaha,R15 V4,322873.0,2020,439.0,Electric,94.14,Third,2024.0,Expired,Individual,215167.18,Tier 1
Tamil Nadu,31.79,Bajaj,Pulsar 150,227512.0,2024,956.0,Electric,92.37,Second,2024.0,Expired,Dealer,92799.94,Tier 2
Maharashtra,51.3,Ktm,Rc 390,100352.0,2024,348.0,Electric,67.07,First,2024.0,Active,Individual,57912.21,Metro
Karnataka,63.45,Tvs,Sport,268497.0,2022,600.0,Petrol,34.55,Second,2023.0,Active,Individual,133472.89,Tier 1
Karnataka,73.02,Kawasaki,Versys 650,51048.0,2019,213.0,Petrol,55.61,Third,2022.0,Not Available,Individual,36888.78,Metro
Punjab,60.94,Kawasaki,Ninja 300,73158.0,2023,276.0,Electric,92.01,Second,2024.0,Active,Individual,133472.89,Metro
Gujarat,60.04,Yamaha,Fz V3,161600.0,2021,339.0,Electric,70.2,Second,2024.0,Expired,Individual,128852.91,Tier 1
Delhi,10.6,Ktm,Rc 390,370074.0,2018,895.0,Hybrid,80.65,Second,2024.0,Active,Dealer,288539.25,Metro
West Bengal,16.06,Kawasaki,Vulcan S,384642.0,2024,293.0,Hybrid,74.25,Third,2024.0,Active,Individual,166220.22,Tier 1
Tamil Nadu,60.79,Tvs,Apache Rtr 160,396246.0,2019,663.0,Petrol,59.72,Second,2022.0,Expired,Individual,277498.33,Metro
Rajasthan,65.92,Royal Enfield,Hunter 350,201319.0,2023,288.0,Hybrid,75.11,Third,2024.0,Not Available,Individual,127151.83,Tier 2
Tamil Nadu,5.14,Hero,Glamour,221242.0,2024,884.0,Electric,91.19,Second,2024.0,Active,Individual,117896.76,Tier 2
West Bengal,64.39,Honda,Shine,152676.0,2022,950.0,Hybrid,68.36,Third,2022.0,Expired,Individual,104479.19,Metro
Punjab,34.2,Tvs,Sport,253119.0,2023,870.0,Petrol,70.2,First,2023.0,Expired,Dealer,192973.09,Tier 1
West Bengal,38.22,Yamaha,Fz V3,125768.0,2016,311.0,Electric,70.2,Second,2021.0,Active,Individual,76228.77,Tier 2
Karnataka,68.83,Hero,Glamour,243262.0,2023,313.0,Hybrid,63.86,Second,2024.0,Not Available,Dealer,160621.29,Tier 3
Punjab,52.02,Royal Enfield,Classic 350,353703.0,2022,189.0,Petrol,48.97,Second,2024.0,Active,Dealer,224629.38,Metro
Delhi,77.79,Royal Enfield,Himalayan,172452.0,2024,659.0,Hybrid,90.85,Second,2024.0,Active,Dealer,71672.84,Metro
Karnataka,10.31,Royal Enfield,Classic 350,153378.0,2023,428.0,Electric,61.23,Third,2023.0,Expired,Dealer,82555.77,Tier 3
Gujarat,22.62,Ktm,250 Duke,72775.0,2024,534.0,Petrol,46.37,Second,2024.0,Not Available,Individual,53077.25,Tier 3
Gujarat,44.19,Royal Enfield,Classic 350,201636.0,2019,203.0,Hybrid,95.32,Third,2023.0,Active,Individual,153627.48,Metro
Rajasthan,65.34,Ktm,Duke 200,303391.0,2017,215.0,Petrol,34.56,Third,2022.0,Active,Dealer,180908.61,Tier 3
Tamil Nadu,50.46,Royal Enfield,Hunter 350,373080.0,2023,912.0,Petrol,58.0,Second,2023.0,Not Available,Dealer,162548.89,Tier 1
Madhya Pradesh,18.83,Tvs,Sport,169319.0,2015,964.0,Petrol,38.54,Second,2021.0,Expired,Individual,76638.18,Tier 1
Maharashtra,76.24,Tvs,Jupiter,59238.0,2019,613.0,Electric,74.92,Second,2021.0,Not Available,Dealer,23956.86,Tier 1
Punjab,73.4,Yamaha,Mt-15,165049.0,2024,653.0,Petrol,47.96,Second,2024.0,Active,Dealer,100908.69,Tier 2
Punjab,25.18,Kawasaki,Ninja 400,306069.0,2022,317.0,Petrol,51.62,Second,2023.0,Expired,Dealer,181312.49,Metro
Punjab,42.995,Ktm,390 Adventure,397095.0,2024,858.0,Electric,88.17,Third,2024.0,Expired,Dealer,175160.53,Tier 2
Tamil Nadu,52.92,Royal Enfield,Meteor 350,170652.0,2023,633.0,Petrol,27.03,Second,2023.0,Active,Individual,88386.53,Tier 3
Delhi,48.8,Ktm,Duke 200,194778.0,2021,668.0,Electric,89.56,Second,2022.0,Expired,Individual,133472.89,Tier 3
Punjab,35.73,Kawasaki,Vulcan S,103522.0,2023,342.0,Electric,70.2,First,2023.0,Expired,Individual,41940.67,Metro
Tamil Nadu,50.2,Royal Enfield,Interceptor 650,107582.0,2023,771.0,Petrol,33.47,Second,2023.0,Expired,Individual,82673.95,Metro
Gujarat,46.42,Bajaj,Pulsar 150,325623.0,2024,430.0,Electric,81.65,Second,2024.0,Not Available,Dealer,216923.96,Tier 2
Rajasthan,60.97,Ktm,Rc 390,320109.0,2022,949.0,Hybrid,84.9,First,2022.0,Not Available,Individual,163433.12,Metro
West Bengal,24.44,Royal Enfield,Hunter 350,189163.0,2021,848.0,Electric,68.96,Second,2024.0,Expired,Individual,134447.77,Tier 3
Tamil Nadu,20.45,Hero,Splendor Plus,378425.0,2019,841.0,Petrol,52.39,Second,2021.0,Not Available,Individual,162500.49,Metro
Punjab,75.51,Yamaha,R15 V4,363271.0,2024,612.0,Petrol,29.12,Second,2024.0,Expired,Individual,185496.41142033957,Metro
Punjab,13.73,Kawasaki,Ninja 300,324619.0,2022,905.0,Electric,66.76,Second,2022.0,Expired,Dealer,166486.82,Tier 3
Delhi,36.67,Royal Enfield,Classic 350,96140.0,2021,221.0,Electric,83.5,First,2021.0,Expired,Dealer,67448.0,Metro
Delhi,72.51,Hero,Passion Pro,200118.0,2024,777.0,Hybrid,89.22,First,2024.0,Not Available,Dealer,150669.06,Tier 2
Gujarat,63.07,Tvs,Apache Rtr 160,334621.0,2024,749.0,Electric,72.64,Second,2024.0,Expired,Dealer,161810.26,Metro
Gujarat,65.45,Royal Enfield,Himalayan,393396.0,2022,879.0,Hybrid,94.63,Second,2022.0,Active,Individual,229964.98,Tier 2
Tamil Nadu,77.66,Hero,Passion Pro,144607.0,2021,341.0,Petrol,52.13,First,2021.0,Active,Individual,101612.78,Tier 1
West Bengal,78.93,Ktm,390 Adventure,364717.0,2016,197.0,Hybrid,67.29,Third,2021.0,Active,Individual,226433.72,Metro
West Bengal,5.48,Kawasaki,Ninja 400,220642.0,2023,490.0,Petrol,55.8,Second,2023.0,Active,Individual,132309.14,Tier 3
Gujarat,35.53,Tvs,Jupiter,64302.0,2021,693.0,Petrol,37.01,Third,2022.0,Active,Dealer,26471.4,Tier 2
Maharashtra,9.9,Ktm,250 Duke,74639.0,2024,366.0,Electric,87.22,First,2024.0,Not Available,Dealer,43266.24,Tier 2
West Bengal,19.56,Bajaj,Ct 100,286978.0,2024,231.0,Electric,73.16,Second,2024.0,Expired,Dealer,119083.65,Tier 1
Punjab,45.71,Tvs,Ntorq 125,301294.0,2020,727.0,Petrol,28.31,Third,2022.0,Expired,Individual,139149.16,Tier 2
Tamil Nadu,24.91,Ktm,Rc 390,111567.0,2024,653.0,Electric,96.18,Second,2024.0,Expired,Dealer,75531.7,Metro
Delhi,26.62,Kawasaki,Ninja 300,172627.0,2021,812.0,Hybrid,78.85,Second,2021.0,Not Available,Dealer,76394.25,Metro
Punjab,54.67,Tvs,Ntorq 125,365403.0,2016,234.0,Electric,66.44,Third,2023.0,Expired,Individual,230667.09,Tier 2
Punjab,26.65,Royal Enfield,Himalayan,258942.0,2021,547.0,Hybrid,83.87,First,2021.0,Not Available,Dealer,184244.24,Tier 2
West Bengal,29.76,Hero,Glamour,74456.0,2017,531.0,Petrol,25.56,Second,2023.0,Active,Dealer,56908.93,Tier 2
Uttar Pradesh,43.37,Royal Enfield,Himalayan,276512.0,2022,514.0,Petrol,47.96,Second,2022.0,Not Available,Individual,133472.89,Tier 1
West Bengal,45.08,Tvs,Ronin,116701.0,2021,409.0,Electric,68.35,Second,2024.0,Active,Dealer,76281.56,Tier 1
West Bengal,33.66,Yamaha,Fz V3,224403.0,2021,538.0,Electric,91.12,Second,2021.0,Expired,Individual,135450.81,Tier 1
Karnataka,37.61,Kawasaki,Ninja 400,172506.0,2019,791.0,Petrol,47.68,Second,2021.0,Expired,Individual,113460.22,Metro
Karnataka,6.47,Yamaha,Mt-15,340485.0,2024,933.0,Electric,96.73,First,2024.0,Not Available,Individual,180931.1,Tier 2
Madhya Pradesh,45.62,Kawasaki,Ninja 400,90938.0,2020,961.0,Hybrid,93.18,Third,2024.0,Expired,Dealer,64875.17,Metro
Delhi,26.32,Hero,Hf Deluxe,311365.0,2021,835.0,Electric,87.64,Second,2023.0,Expired,Dealer,133472.89,Tier 1
West Bengal,13.56,Yamaha,Fz V3,98569.0,2023,610.0,Hybrid,97.87,First,2023.0,Expired,Individual,69720.18,Tier 3
Karnataka,46.45,Hero,Xtreme 160R,189249.0,2024,457.0,Electric,91.56,Second,2024.0,Expired,Individual,128716.14,Tier 2
Karnataka,28.5,Honda,Unicorn,130984.0,2023,486.0,Hybrid,70.2,Second,2023.0,Not Available,Dealer,53472.37,Metro
Madhya Pradesh,34.83,Bajaj,Ct 100,63580.0,2020,983.0,Electric,67.72,Second,2023.0,Not Available,Dealer,26879.48,Tier 3
Punjab,47.98,Yamaha,Mt-15,362211.0,2021,467.0,Electric,77.95,Second,2024.0,Expired,Dealer,228639.08502363067,Tier 2
Rajasthan,79.91,Honda,Shine,112592.0,2023,456.0,Electric,93.1,Second,2024.0,Active,Dealer,89740.9,Tier 2
Uttar Pradesh,57.69,Hero,Splendor Plus,344734.0,2023,386.0,Petrol,30.1,Second,2023.0,Expired,Individual,154972.25,Tier 1
Rajasthan,38.98,Ktm,Duke 200,396276.0,2022,850.0,Hybrid,98.85,Third,2024.0,Expired,Individual,245561.8109587668,Tier 3
Uttar Pradesh,16.08,Yamaha,Mt-15,207070.0,2019,904.0,Electric,82.81,Second,2023.0,Not Available,Dealer,124694.56,Tier 2
Maharashtra,63.68,Tvs,Jupiter,336132.0,2023,910.0,Petrol,29.49,Second,2023.0,Active,Individual,183255.72,Tier 3
Tamil Nadu,48.45,Royal Enfield,Himalayan,60077.0,2019,188.0,Hybrid,75.98,Third,2022.0,Active,Individual,28839.44,Tier 2
Delhi,28.4,Honda,Unicorn,319880.0,2024,442.0,Electric,92.95,First,2024.0,Not Available,Individual,178848.91,Tier 3
West Bengal,41.48,Ktm,125 Duke,66816.0,2022,178.0,Electric,78.67,Second,2023.0,Not Available,Dealer,133472.89,Tier 2
West Bengal,25.62,Honda,Cbr 650R,103576.0,2022,866.0,Petrol,31.48,First,2022.0,Active,Dealer,47675.5,Tier 3
Rajasthan,50.46,Ktm,125 Duke,166533.0,2023,977.0,Hybrid,68.71,Second,2024.0,Not Available,Dealer,133472.89,Tier 3
Maharashtra,28.57,Kawasaki,Ninja 400,223015.0,2022,158.0,Hybrid,92.57,Second,2022.0,Expired,Dealer,159008.6,Metro
Karnataka,70.94,Bajaj,Pulsar 150,271156.0,2023,603.0,Hybrid,79.05,First,2023.0,Expired,Individual,209036.0,Tier 2
Tamil Nadu,59.67,Tvs,Sport,164504.0,2020,623.0,Hybrid,85.66,Third,2024.0,Not Available,Individual,74148.84,Tier 3
Tamil Nadu,6.27,Royal Enfield,Himalayan,84078.0,2015,285.0,Electric,96.47,Third,2024.0,Active,Dealer,63840.72,Metro
Rajasthan,25.98,Tvs,Jupiter,280009.0,2021,440.0,Petrol,29.81,Second,2021.0,Not Available,Dealer,116669.87,Tier 2
West Bengal,16.26,Yamaha,Fz V3,294508.0,2016,446.0,Hybrid,0.0,Second,2021.0,Not Available,Dealer,154659.39,Tier 1
Maharashtra,29.29,Honda,Unicorn,96359.0,2023,999.0,Electric,62.11,Second,2024.0,Active,Dealer,44187.83,Tier 3
Maharashtra,51.79,Honda,Cbr 650R,275592.0,2023,416.0,Hybrid,93.77,Second,2023.0,Not Available,Individual,117713.96,Tier 3
Maharashtra,29.46,Royal Enfield,Hunter 350,80061.0,2023,499.0,Hybrid,71.4,Second,2023.0,Expired,Dealer,63627.18,Tier 1
Tamil Nadu,49.47,Hero,Glamour,267915.0,2022,866.0,Electric,62.07,Second,2024.0,Active,Dealer,131384.83,Tier 1
Karnataka,77.08,Royal Enfield,Himalayan,176949.0,2022,332.0,Petrol,59.35,Second,2022.0,Expired,Individual,106461.88,Tier 2
Karnataka,8.0,Hero,Glamour,90609.0,2024,545.0,Petrol,34.32,First,2024.0,Active,Individual,37200.0,Tier 3
Madhya Pradesh,68.26,Yamaha,Mt-15,126321.0,2023,305.0,Hybrid,90.29,Second,2023.0,Expired,Individual,81343.0,Tier 2
Tamil Nadu,46.43,Ktm,125 Duke,169646.0,2017,831.0,Petrol,49.33,Second,2024.0,Not Available,Dealer,107066.35,Metro
Maharashtra,50.49,Hero,Passion Pro,152781.0,2022,119.0,Hybrid,84.77,First,2022.0,Expired,Individual,86405.13,Tier 1
Punjab,74.05,Royal Enfield,Classic 350,279235.0,2021,445.0,Hybrid,89.76,First,2021.0,Expired,Individual,205210.82,Tier 1
West Bengal,37.54,Tvs,Sport,385671.0,2019,369.0,Hybrid,70.2,Second,2023.0,Active,Dealer,229843.47,Tier 2
Tamil Nadu,5.59,Hero,Glamour,230820.0,2019,123.0,Hybrid,78.59,Third,2021.0,Expired,Individual,181581.37,Tier 2
Madhya Pradesh,77.89,Honda,Activa,367124.0,2016,322.0,Hybrid,85.84,Second,2021.0,Active,Individual,206527.68,Tier 2
Uttar Pradesh,61.0,Tvs,Ntorq 125,255759.0,2022,845.0,Hybrid,70.38,Second,2022.0,Not Available,Dealer,116547.35,Tier 3
Maharashtra,15.83,Kawasaki,Vulcan S,265258.0,2019,854.0,Electric,83.19,Second,2022.0,Not Available,Dealer,185446.53,Metro
Rajasthan,28.88,Yamaha,Mt-15,367449.0,2020,957.0,Petrol,34.32,Third,2024.0,Active,Individual,244041.65,Tier 2
West Bengal,34.42,Hero,Hf Deluxe,83150.0,2022,504.0,Electric,82.12,Second,2024.0,Active,Dealer,63134.41,Tier 3
Madhya Pradesh,57.63,Kawasaki,Versys 650,68026.0,2023,457.0,Hybrid,99.26,Second,2023.0,Active,Dealer,28028.79,Tier 1
Tamil Nadu,26.16,Ktm,Duke 200,171681.0,2024,185.0,Hybrid,70.55,Second,2024.0,Expired,Individual,109069.5,Tier 3
Delhi,22.6,Royal Enfield,Himalayan,273647.0,2018,380.0,Hybrid,66.37,Second,2023.0,Not Available,Dealer,153479.52,Tier 3
Maharashtra,27.34,Bajaj,Avenger 220,357503.0,2024,786.0,Petrol,48.42,Third,2024.0,Expired,Individual,281293.33,Metro
Rajasthan,56.64,Hero,Glamour,206659.0,2023,925.0,Hybrid,76.41,First,2023.0,Expired,Dealer,141820.29,Metro
Delhi,48.32,Honda,Activa,65357.0,2022,239.0,Hybrid,79.82,Second,2024.0,Expired,Individual,30032.35,Metro
Punjab,24.66,Honda,Cbr 650R,370113.0,2018,436.0,Electric,63.34,Second,2024.0,Not Available,Individual,252559.61,Tier 1
Karnataka,55.81,Bajaj,Pulsar 150,387159.0,2022,762.0,Hybrid,99.46,Second,2022.0,Not Available,Dealer,235635.58,Tier 2
Tamil Nadu,68.49,Bajaj,Avenger 220,62900.0,2022,735.0,Petrol,50.82,Second,2024.0,Expired,Individual,28460.91,Tier 1
Gujarat,33.35,Kawasaki,Z650,57832.0,2024,865.0,Hybrid,91.79,Second,2024.0,Expired,Individual,35673.15,Tier 2
Uttar Pradesh,77.86,Honda,Unicorn,208445.0,2015,592.0,Electric,63.35,Second,2024.0,Active,Dealer,149378.5,Tier 2
Tamil Nadu,23.7,Honda,Unicorn,278279.0,2023,403.0,Hybrid,85.88,Second,2023.0,Active,Individual,187195.26,Tier 2
Uttar Pradesh,56.79,Tvs,Sport,77789.0,2021,129.0,Petrol,37.55,Second,2022.0,Expired,Dealer,38634.37,Metro
Delhi,68.53,Honda,Dio,266533.0,2015,887.0,Hybrid,89.24,Second,2021.0,Active,Dealer,167969.94,Tier 1
Delhi,57.83,Hero,Splendor Plus,132355.0,2024,685.0,Electric,97.68,Second,2024.0,Not Available,Individual,61562.78,Tier 3
Rajasthan,73.38,Ktm,390 Adventure,390790.0,2023,711.0,Petrol,70.2,Third,2023.0,Not Available,Individual,191040.46,Tier 2
Maharashtra,52.11,Kawasaki,Z650,361591.0,2023,239.0,Petrol,56.11,Second,2024.0,Active,Individual,257457.88,Tier 2
Gujarat,56.49,Royal Enfield,Interceptor 650,271226.0,2022,354.0,Petrol,33.23,Third,2022.0,Active,Dealer,193068.85,Tier 3
Delhi,66.77,Tvs,Ronin,364764.0,2022,581.0,Electric,99.07,Second,2023.0,Active,Dealer,148449.0,Tier 1
Delhi,11.79,Tvs,Ntorq 125,53708.0,2015,163.0,Electric,71.18,Third,2024.0,Not Available,Dealer,38395.92,Tier 1
Punjab,10.51,Yamaha,R15 V4,243103.0,2022,753.0,Hybrid,74.31,Second,2022.0,Expired,Dealer,138146.77,Tier 3
Punjab,79.53,Hero,Hf Deluxe,250404.0,2024,895.0,Petrol,51.36,First,2024.0,Not Available,Dealer,177629.4,Tier 1
West Bengal,11.5,Bajaj,Dominar 400,108806.0,2020,340.0,Petrol,51.67,Second,2023.0,Not Available,Individual,76978.1,Tier 2
Madhya Pradesh,44.81,Royal Enfield,Meteor 350,89572.0,2024,908.0,Electric,94.13,Second,2024.0,Active,Dealer,68448.66,Metro
Tamil Nadu,49.86,Bajaj,Avenger 220,74703.0,2023,385.0,Petrol,39.92,First,2023.0,Not Available,Individual,53237.28,Metro
Rajasthan,70.7,Royal Enfield,Himalayan,124119.0,2021,519.0,Hybrid,92.06,Second,2021.0,Not Available,Dealer,64972.11,Tier 2
Uttar Pradesh,25.91,Kawasaki,Ninja 300,297003.0,2018,215.0,Hybrid,74.63,Second,2024.0,Expired,Individual,221594.36,Tier 3
Rajasthan,50.81,Royal Enfield,Meteor 350,341531.0,2017,699.0,Petrol,55.05,Second,2021.0,Active,Individual,210575.19,Tier 1
Delhi,24.86,Honda,Shine,180795.0,2022,414.0,Hybrid,94.56,Second,2022.0,Active,Individual,124038.4,Tier 2
Uttar Pradesh,13.53,Bajaj,Pulsar 150,307733.0,2024,871.0,Petrol,49.01,Second,2024.0,Not Available,Dealer,151454.54,Tier 3
Uttar Pradesh,39.96,Honda,Activa,209333.0,2020,847.0,Petrol,44.04,Second,2024.0,Active,Individual,117113.07,Tier 2
Tamil Nadu,50.7,Ktm,390 Adventure,61732.0,2024,263.0,Hybrid,99.64,Second,2024.0,Active,Dealer,35972.89,Tier 2
Karnataka,14.81,Royal Enfield,Hunter 350,311149.0,2022,644.0,Hybrid,80.96,Second,2023.0,Active,Dealer,240614.82,Tier 1
Tamil Nadu,18.51,Kawasaki,Z650,178607.0,2022,867.0,Petrol,51.67,First,2022.0,Expired,Dealer,106187.07,Tier 2
Uttar Pradesh,38.34,Kawasaki,Vulcan S,270476.0,2017,963.0,Hybrid,84.98,Third,2022.0,Not Available,Dealer,181794.54,Tier 1
West Bengal,47.63,Yamaha,Fascino 125,242791.0,2023,580.0,Hybrid,71.89,Second,2023.0,Expired,Individual,172073.06,Tier 2
Karnataka,70.85,Royal Enfield,Meteor 350,331490.0,2024,255.0,Electric,70.03,Second,2024.0,Active,Individual,196978.25,Tier 1
Punjab,20.07,Ktm,Duke 200,272342.0,2024,945.0,Petrol,50.42,Second,2024.0,Active,Dealer,166198.83,Tier 2
West Bengal,67.77,Royal Enfield,Meteor 350,152021.0,2021,587.0,Petrol,41.8,Second,2023.0,Expired,Individual,76051.36,Metro
Rajasthan,32.05,Hero,Passion Pro,94839.0,2015,835.0,Petrol,33.07,Second,2023.0,Not Available,Dealer,58914.19,Metro
Tamil Nadu,69.49,Honda,Dio,237355.0,2021,731.0,Hybrid,65.76,Third,2021.0,Not Available,Dealer,150221.71,Tier 1
Maharashtra,69.34,Honda,Dio,196301.0,2021,411.0,Hybrid,69.49,First,2021.0,Active,Dealer,113542.37,Tier 2
Gujarat,35.42,Hero,Hf Deluxe,351496.0,2021,587.0,Electric,76.39,Second,2021.0,Not Available,Dealer,203119.78,Metro
Madhya Pradesh,57.5,Honda,Dio,115471.0,2022,424.0,Electric,62.03,First,2023.0,Not Available,Dealer,79709.98,Tier 3
Maharashtra,74.28,Hero,Glamour,372050.0,2015,566.0,Electric,64.69,Second,2022.0,Expired,Dealer,206355.99,Metro
Karnataka,21.84,Hero,Glamour,321534.0,2023,467.0,Petrol,44.99,Third,2023.0,Not Available,Individual,144562.07,Tier 3
Madhya Pradesh,79.6,Honda,Shine,267558.0,2019,863.0,Electric,91.46,Second,2021.0,Not Available,Individual,168635.6,Metro
West Bengal,54.4,Bajaj,Ct 100,389187.0,2021,553.0,Electric,69.61,Second,2021.0,Expired,Individual,293224.02,Tier 2
Gujarat,10.63,Ktm,390 Adventure,180397.0,2023,139.0,Petrol,49.64,Second,2024.0,Active,Individual,133472.89,Tier 3
Maharashtra,27.94,Bajaj,Platina 110,250307.0,2023,847.0,Electric,96.76,Second,2023.0,Not Available,Dealer,127516.53,Metro
Karnataka,65.56,Hero,Passion Pro,245211.0,2024,228.0,Electric,65.93,Third,2024.0,Expired,Dealer,144955.31,Metro
West Bengal,69.67,Honda,Unicorn,63310.0,2023,271.0,Petrol,26.31,Second,2023.0,Not Available,Individual,33686.23,Metro
West Bengal,45.97,Honda,Shine,262481.0,2024,168.0,Hybrid,74.23,Second,2024.0,Not Available,Dealer,162268.6,Metro
Punjab,72.5,Honda,Cbr 650R,130042.0,2023,204.0,Petrol,40.29,Second,2024.0,Expired,Individual,81080.64,Metro
Gujarat,17.58,Royal Enfield,Classic 350,127736.0,2024,466.0,Petrol,27.25,Second,2024.0,Expired,Dealer,87430.01,Tier 3
Karnataka,74.93,Kawasaki,Ninja 300,70806.0,2018,473.0,Electric,82.97,Second,2021.0,Not Available,Individual,133472.89,Metro
Maharashtra,42.44,Bajaj,Ct 100,300664.0,2024,180.0,Hybrid,67.38,Second,2024.0,Not Available,Individual,155470.65,Tier 1
Tamil Nadu,22.17,Honda,Dio,299488.0,2021,674.0,Electric,90.1,Second,2021.0,Not Available,Individual,232345.36,Metro
Rajasthan,53.1,Tvs,Apache Rtr 160,53008.0,2021,222.0,Electric,83.22,Second,2021.0,Active,Dealer,25732.41,Metro
Uttar Pradesh,34.43,Royal Enfield,Meteor 350,351520.0,2021,623.0,Hybrid,68.67,Second,2021.0,Expired,Individual,238070.57,Metro
Gujarat,54.41,Yamaha,Ray Zr,289493.0,2024,762.0,Hybrid,92.78,Second,2024.0,Not Available,Individual,119723.21,Tier 1
Punjab,57.4,Ktm,Duke 200,309863.0,2024,524.0,Electric,80.94,Third,2024.0,Not Available,Individual,208735.94,Tier 1
Punjab,33.84,Honda,Dio,370154.0,2023,163.0,Hybrid,69.76,Third,2023.0,Expired,Dealer,159550.45,Tier 3
Rajasthan,24.33,Ktm,125 Duke,52608.0,2024,393.0,Petrol,27.51,Second,2024.0,Active,Dealer,32636.26982367937,Metro
Uttar Pradesh,72.77,Honda,Dio,119153.0,2019,680.0,Petrol,45.72,Second,2021.0,Active,Individual,57928.54,Metro
Gujarat,18.34,Kawasaki,Ninja 400,196905.0,2018,621.0,Hybrid,82.59,Second,2023.0,Not Available,Dealer,100818.45,Metro
Karnataka,70.94,Bajaj,Pulsar 150,271156.0,2023,603.0,Hybrid,79.05,First,2023.0,Expired,Individual,214566.10322844412,Tier 2
Maharashtra,50.6,Yamaha,Fz V3,292413.0,2017,405.0,Electric,80.66,Third,2022.0,Active,Dealer,209750.68,Metro
Karnataka,29.44,Ktm,Duke 200,265971.0,2017,776.0,Electric,88.86,Second,2022.0,Active,Dealer,208381.83,Tier 1
Tamil Nadu,27.58,Ktm,125 Duke,266227.0,2022,651.0,Hybrid,70.59,First,2022.0,Active,Individual,155615.15,Tier 2
Delhi,61.36,Tvs,Apache Rtr 160,139609.0,2018,970.0,Petrol,48.87,Second,2021.0,Active,Individual,64283.39,Tier 3
Tamil Nadu,33.63,Kawasaki,Ninja 400,115631.0,2018,448.0,Petrol,34.41,Third,2021.0,Active,Individual,77314.52,Tier 3
Gujarat,69.34,Kawasaki,Versys 650,202981.0,2020,119.0,Petrol,39.29,Second,2022.0,Expired,Individual,147068.5,Tier 3
West Bengal,36.47,Ktm,Rc 390,378082.0,2023,0.0,Hybrid,89.0,Second,2023.0,Not Available,Individual,188214.49,Tier 3
Delhi,27.68,Ktm,Duke 200,371601.0,2024,597.0,Electric,68.46,Second,2024.0,Expired,Individual,248304.52,Tier 3
Karnataka,15.35,Tvs,Sport,131865.0,2017,515.0,Petrol,44.67,Third,2022.0,Expired,Individual,67976.62,Tier 3
Gujarat,37.98,Bajaj,Dominar 400,84198.0,2016,121.0,Petrol,28.77,Third,2021.0,Expired,Dealer,51933.91,Tier 2
Tamil Nadu,47.47,Royal Enfield,Himalayan,348137.0,2023,700.0,Petrol,59.51,Second,2024.0,Active,Dealer,221366.59,Tier 1
Gujarat,46.84,Bajaj,Platina 110,316907.0,2020,635.0,Hybrid,77.36,Second,2024.0,Expired,Individual,229663.79,Metro
Punjab,53.47,Tvs,Apache Rtr 160,176302.0,2023,335.0,Petrol,31.41,Second,2024.0,Not Available,Individual,118078.89,Metro
Delhi,65.67,Royal Enfield,Classic 350,154046.0,2021,195.0,Hybrid,96.18,Second,2024.0,Active,Individual,92375.6,Tier 2
Maharashtra,42.995,Ktm,390 Adventure,55452.0,2015,757.0,Petrol,36.93,Third,2021.0,Active,Individual,30651.8,Tier 2
Rajasthan,35.37,Kawasaki,Z650,108012.0,2015,748.0,Petrol,56.3,Second,2024.0,Expired,Individual,69418.31,Tier 2
Maharashtra,24.85,Yamaha,R15 V4,373992.0,2022,146.0,Hybrid,66.25,Second,2022.0,Expired,Individual,246698.42,Metro
Karnataka,24.01,Yamaha,Mt-15,277949.0,2021,974.0,Electric,88.55,First,2021.0,Not Available,Dealer,186097.74,Tier 2
West Bengal,5.15,Tvs,Ronin,341537.0,2018,838.0,Petrol,52.85,Second,2022.0,Expired,Individual,214058.57,Tier 2
Gujarat,76.93,Tvs,Ronin,271554.0,2020,117.0,Petrol,36.38,Second,2021.0,Active,Individual,137155.12,Metro
Delhi,48.36,Ktm,Rc 390,309340.0,2023,406.0,Hybrid,70.2,Second,2024.0,Active,Individual,181642.58,Tier 2
Rajasthan,12.34,Bajaj,Pulsar 150,296836.0,2021,983.0,Hybrid,99.9,Second,2021.0,Not Available,Individual,130167.29,Tier 1
Delhi,15.52,Yamaha,Ray Zr,186356.0,2015,857.0,Electric,74.9,Second,2023.0,Expired,Individual,127186.39,Metro
Maharashtra,54.98,Tvs,Apache Rtr 160,249539.0,2021,481.0,Electric,96.53,Second,2021.0,Active,Dealer,141259.17,Tier 2
Delhi,54.62,Tvs,Jupiter,346100.0,2022,738.0,Petrol,33.03,Third,2024.0,Expired,Individual,190309.95,Metro
Maharashtra,36.12,Ktm,Duke 200,268036.0,2023,629.0,Hybrid,65.28,Second,2023.0,Active,Dealer,118560.92,Tier 2
Karnataka,5.65,Bajaj,Ct 100,361526.0,2019,208.0,Hybrid,92.44,Second,2024.0,Not Available,Dealer,133472.89,Tier 2
Uttar Pradesh,35.95,Yamaha,R15 V4,73894.0,2022,942.0,Hybrid,74.95,Second,2022.0,Expired,Individual,29604.84,Tier 1
Uttar Pradesh,57.07,Royal Enfield,Himalayan,327921.0,2022,253.0,Hybrid,77.36,Second,2022.0,Expired,Dealer,190998.41,Tier 1
West Bengal,34.95,Hero,Xtreme 160R,263334.0,2021,812.0,Petrol,30.09,First,2021.0,Expired,Individual,133472.89,Metro
Punjab,54.32,Ktm,250 Duke,324031.0,2023,886.0,Electric,83.2,First,2023.0,Expired,Dealer,249828.79,Tier 1
Karnataka,69.15,Kawasaki,Z650,390640.0,2015,628.0,Electric,71.3,Second,2023.0,Not Available,Dealer,133472.89,Tier 3
Gujarat,55.06,Bajaj,Pulsar 150,61270.0,2017,110.0,Electric,70.1,Second,2023.0,Not Available,Individual,41903.87,Tier 3
Punjab,79.88,Kawasaki,Ninja 300,174902.0,2024,678.0,Electric,62.59,Second,2024.0,Expired,Individual,103979.18,Tier 3
Delhi,15.83,Yamaha,Mt-15,322380.0,2019,548.0,Petrol,48.67,Second,2023.0,Active,Individual,177929.95,Tier 1
Punjab,22.16,Hero,Glamour,77108.0,2015,648.0,Petrol,57.74,Second,2023.0,Expired,Individual,31323.75,Tier 2
Uttar Pradesh,50.47,Honda,Dio,147773.0,2024,375.0,Electric,73.48,Second,2024.0,Active,Dealer,101806.81,Tier 2
Delhi,73.76,Kawasaki,Vulcan S,164377.0,2024,458.0,Electric,65.0,Second,2024.0,Expired,Individual,121811.17,Tier 3
West Bengal,21.87,Yamaha,Fz V3,192382.0,2018,396.0,Petrol,38.57,Second,2023.0,Expired,Individual,94086.31,Tier 3
Uttar Pradesh,51.52,Hero,Hf Deluxe,265970.0,2022,514.0,Hybrid,62.91,Second,2023.0,Expired,Individual,175625.33,Tier 2
Madhya Pradesh,49.41,Hero,Passion Pro,107223.0,2021,559.0,Hybrid,61.7,Second,2021.0,Active,Dealer,45999.32,Tier 2
Karnataka,48.58,Ktm,Duke 200,342599.0,2019,628.0,Electric,70.2,Third,2022.0,Expired,Dealer,179524.9,Metro
Gujarat,60.13,Tvs,Apache Rtr 160,215716.0,2019,425.0,Hybrid,85.74,Second,2021.0,Not Available,Individual,98086.74,Metro
Tamil Nadu,52.45,Royal Enfield,Interceptor 650,112747.0,2016,516.0,Hybrid,71.36,Third,2023.0,Expired,Dealer,47298.94,Tier 3
Uttar Pradesh,74.17,Royal Enfield,Meteor 350,234386.0,2021,624.0,Petrol,52.62,Second,2023.0,Not Available,Dealer,138567.15,Tier 1
Uttar Pradesh,23.09,Honda,Activa,138120.0,2021,545.0,Hybrid,81.21,Second,2024.0,Expired,Dealer,93177.8,Metro
Karnataka,10.02,Kawasaki,Ninja 400,197161.0,2018,106.0,Hybrid,60.66,Third,2024.0,Expired,Dealer,96552.97,Metro
Maharashtra,26.15,Hero,Xtreme 160R,323210.0,2018,637.0,Petrol,42.33,Second,2021.0,Expired,Dealer,231486.34,Tier 2
Maharashtra,11.3,Yamaha,Fascino 125,289421.0,2018,295.0,Electric,65.54,Second,2023.0,Active,Individual,148303.53,Tier 1
Karnataka,54.84,Royal Enfield,Himalayan,156623.0,2022,519.0,Electric,80.11,Second,2022.0,Expired,Individual,85731.86,Tier 3
West Bengal,76.73,Yamaha,R15 V4,156226.0,2021,228.0,Petrol,28.49,Second,2022.0,Expired,Dealer,70187.34,Tier 2
Karnataka,25.39,Kawasaki,Ninja 300,232034.0,2018,166.0,Hybrid,77.75,Third,2024.0,Not Available,Individual,159657.82,Metro
Madhya Pradesh,43.59,Kawasaki,Vulcan S,200686.0,2021,233.0,Hybrid,69.22,Third,2023.0,Active,Individual,90919.42,Tier 2
Gujarat,69.35,Tvs,Ronin,246733.0,2024,309.0,Hybrid,81.34,Second,2024.0,Active,Individual,192903.52,Tier 1
Tamil Nadu,69.36,Tvs,Sport,375772.0,2021,388.0,Petrol,25.13,Second,2023.0,Not Available,Individual,175595.17,Tier 3
Karnataka,10.24,Ktm,125 Duke,396349.0,2023,878.0,Electric,87.31,Second,2023.0,Not Available,Individual,198898.77,Tier 2
Rajasthan,22.85,Bajaj,Dominar 400,310724.0,2019,711.0,Petrol,30.14,Second,2023.0,Expired,Individual,142635.77,Tier 2
Rajasthan,26.16,Hero,Splendor Plus,209493.0,2022,691.0,Hybrid,63.73,Second,2022.0,Expired,Dealer,97216.82,Tier 3
West Bengal,74.22,Royal Enfield,Interceptor 650,91546.0,2016,848.0,Hybrid,95.97,Second,2023.0,Active,Individual,45389.05,Metro
Tamil Nadu,54.06,Ktm,Rc 390,272795.0,2019,758.0,Electric,90.88,Second,2021.0,Expired,Dealer,194603.43,Tier 3
West Bengal,63.01,Honda,Unicorn,70899.0,2017,271.0,Petrol,25.15,Second,2022.0,Active,Individual,30904.95,Metro
Punjab,12.99,Royal Enfield,Classic 350,192633.0,2023,657.0,Hybrid,86.67,Second,2024.0,Not Available,Individual,138934.82,Metro
West Bengal,49.22,Bajaj,Platina 110,290276.0,2024,667.0,Electric,86.58,First,2024.0,Expired,Individual,133472.89,Tier 1
Delhi,49.69,Hero,Splendor Plus,221795.0,2021,232.0,Hybrid,72.91,Second,2021.0,Expired,Dealer,128712.11,Metro
Rajasthan,26.96,Tvs,Jupiter,325085.0,2018,286.0,Electric,77.11,Second,2024.0,Expired,Individual,156520.83,Tier 3
Karnataka,63.54,Tvs,Ntorq 125,135871.0,2016,510.0,Hybrid,99.2,Third,2022.0,Not Available,Dealer,56773.91,Tier 1
Madhya Pradesh,69.9,Yamaha,R15 V4,54155.0,2022,346.0,Petrol,50.08,Second,2022.0,Not Available,Dealer,27558.48,Tier 2
Delhi,42.28,Bajaj,Pulsar 150,356860.0,2024,467.0,Hybrid,74.23,First,2024.0,Not Available,Dealer,143710.95,Tier 3
Maharashtra,79.36,Hero,Hf Deluxe,225833.0,2023,980.0,Petrol,46.86,Third,2023.0,Not Available,Dealer,142681.69,Tier 2
Gujarat,75.42,Honda,Dio,127890.0,2021,133.0,Hybrid,73.22,Second,2021.0,Active,Dealer,67389.0,Tier 3
Uttar Pradesh,34.1,Yamaha,R15 V4,288431.0,2023,846.0,Petrol,59.72,First,2023.0,Expired,Individual,171530.57,Metro
Gujarat,70.12,Yamaha,Mt-15,109192.0,2022,658.0,Hybrid,80.11,Second,2022.0,Expired,Individual,80295.32,Tier 1
Maharashtra,41.59,Yamaha,R15 V4,319835.0,2019,287.0,Hybrid,81.54,Second,2024.0,Expired,Dealer,154714.4,Tier 2
West Bengal,76.03,Hero,Glamour,312405.0,2023,963.0,Hybrid,70.2,Second,2023.0,Expired,Individual,133472.89,Tier 1
Delhi,65.6,Hero,Glamour,186478.0,2018,245.0,Petrol,27.62,Third,2021.0,Active,Individual,98912.14,Tier 1
Maharashtra,17.37,Honda,Dio,341975.0,2021,633.0,Petrol,32.15,Second,2022.0,Expired,Dealer,210110.35,Tier 1
Maharashtra,-5.0,Honda,Cbr 650R,152107.0,2022,748.0,Electric,77.59,Second,2022.0,Active,Dealer,73290.91,Tier 3
Uttar Pradesh,41.68,Ktm,Rc 390,156606.0,2024,532.0,Hybrid,74.32,Second,2024.0,Expired,Individual,69725.03,Tier 2
Maharashtra,21.67,Yamaha,Ray Zr,245454.0,2023,528.0,Electric,70.2,First,2023.0,Active,Individual,145502.16,Tier 3
Punjab,48.22,Tvs,Ntorq 125,166089.0,2023,456.0,Electric,70.2,Second,2024.0,Not Available,Individual,127790.92,Tier 3
Maharashtra,20.85,Royal Enfield,Himalayan,268008.0,2019,810.0,Petrol,46.38,Second,2021.0,Expired,Individual,118878.7,Tier 2
Karnataka,41.66,Tvs,Ronin,192201.0,2020,519.0,Petrol,31.29,Second,2021.0,Expired,Dealer,127688.63,Tier 1
Karnataka,21.14,Hero,Glamour,152092.0,2022,391.0,Petrol,41.69,Second,2022.0,Active,Dealer,95445.69,Metro
Tamil Nadu,32.92,Bajaj,Dominar 400,393217.0,2024,759.0,Petrol,37.1,Second,2024.0,Not Available,Dealer,203411.46845885168,Metro
Tamil Nadu,42.56,Honda,Shine,355126.0,2021,481.0,Petrol,35.53,Second,2023.0,Expired,Individual,250784.48,Tier 2
Uttar Pradesh,29.71,Honda,Activa,352614.0,2016,349.0,Petrol,54.46,Second,2024.0,Expired,Dealer,257121.29,Tier 1
Rajasthan,18.71,Royal Enfield,Himalayan,307447.0,2022,551.0,Hybrid,70.2,Second,2022.0,Not Available,Individual,182349.23,Metro
Maharashtra,41.21,Kawasaki,Versys 650,148320.0,2024,409.0,Hybrid,68.96,First,2024.0,Expired,Dealer,64234.45,Tier 2
Uttar Pradesh,65.04,Tvs,Ronin,381259.0,2022,692.0,Electric,76.35,Second,2022.0,Active,Individual,181486.7,Tier 1
Rajasthan,22.67,Tvs,Ronin,315163.0,2015,496.0,Electric,94.76,Second,2023.0,Not Available,Individual,176118.43,Tier 2
Maharashtra,72.0,Ktm,250 Duke,151332.0,2022,383.0,Electric,90.56,Second,2023.0,Expired,Individual,105367.12,Metro
Rajasthan,10.39,Ktm,Rc 390,253266.0,2021,181.0,Electric,70.59,First,2021.0,Not Available,Dealer,131960.22,Tier 3
Karnataka,13.98,Honda,Activa,113947.0,2022,954.0,Hybrid,79.39,Second,2023.0,Expired,Individual,52066.94,Metro
Karnataka,79.37,Hero,Hf Deluxe,251977.0,2019,951.0,Hybrid,89.18,Second,2024.0,Expired,Dealer,120289.75,Tier 2
Karnataka,68.69,Honda,Shine,269277.0,2016,960.0,Hybrid,70.2,Second,2022.0,Expired,Individual,191053.38,Tier 3
Rajasthan,56.15,Bajaj,Dominar 400,236856.0,2018,192.0,Electric,60.02,Second,2024.0,Expired,Individual,158858.32,Tier 1
Tamil Nadu,74.01,Yamaha,Mt-15,318045.0,2021,588.0,Petrol,33.71,Second,2022.0,Active,Individual,135842.27,Tier 2
Madhya Pradesh,67.59,Bajaj,Avenger 220,89413.0,2023,217.0,Hybrid,70.2,Second,2024.0,Not Available,Dealer,49829.08,Tier 1
Maharashtra,27.87,Yamaha,Mt-15,324359.0,2024,965.0,Hybrid,76.74,Second,2024.0,Active,Dealer,168356.36,Tier 1
Punjab,66.39,Tvs,Apache Rtr 160,390899.0,2023,644.0,Petrol,40.48,Third,2023.0,Expired,Dealer,298916.81,Tier 1
Madhya Pradesh,37.51,Yamaha,Ray Zr,184172.0,2019,964.0,Hybrid,86.16,Third,2023.0,Active,Dealer,93730.44,Tier 1
Uttar Pradesh,62.9,Tvs,Sport,159546.0,2015,486.0,Petrol,51.78,Second,2021.0,Active,Individual,83638.23,Tier 3
Punjab,56.8,Hero,Glamour,143192.0,2023,933.0,Petrol,53.72,First,2023.0,Active,Dealer,92622.07,Tier 3
West Bengal,64.95,Yamaha,Fz V3,215175.0,2024,957.0,Electric,92.59,Third,2024.0,Expired,Dealer,105571.31,Tier 3
Delhi,15.69,Tvs,Ronin,205167.0,2024,564.0,Petrol,31.71,First,2024.0,Active,Individual,82414.87,Metro
Uttar Pradesh,28.41,Royal Enfield,Himalayan,168146.0,2024,558.0,Electric,70.2,Third,2024.0,Not Available,Individual,99308.26,Metro
Delhi,49.92,Kawasaki,Ninja 400,366510.0,2021,933.0,Petrol,50.21,First,2021.0,Active,Dealer,205152.15,Tier 2
Uttar Pradesh,79.64,Ktm,Duke 200,71984.0,2019,733.0,Petrol,30.43,Second,2023.0,Expired,Individual,31528.78,Tier 1
Maharashtra,76.53,Ktm,250 Duke,353400.0,2021,394.0,Electric,89.71,Third,2024.0,Expired,Dealer,133472.89,Tier 1
Uttar Pradesh,72.49,Ktm,Duke 200,115677.0,2023,826.0,Electric,84.63,Second,2023.0,Not Available,Dealer,75715.02,Tier 3
Punjab,53.09,Honda,Unicorn,383304.0,2019,651.0,Electric,69.17,Second,2022.0,Not Available,Dealer,213137.56,Metro
Madhya Pradesh,19.67,Honda,Cbr 650R,350363.0,2019,223.0,Electric,83.55,Second,2021.0,Not Available,Dealer,222190.79,Tier 2
Uttar Pradesh,6.19,Kawasaki,Ninja 300,281821.0,2023,540.0,Electric,77.42,Third,2024.0,Active,Dealer,137692.68,Tier 2
Uttar Pradesh,6.28,Ktm,Rc 390,191449.0,2024,410.0,Hybrid,68.27,Second,2024.0,Expired,Individual,105935.98,Tier 2
West Bengal,25.96,Kawasaki,Z650,348450.0,2019,286.0,Petrol,41.33,Third,2021.0,Active,Dealer,183537.46,Tier 2
Punjab,41.43,Ktm,250 Duke,391046.0,2022,590.0,Hybrid,93.04,Third,2022.0,Active,Dealer,306608.07,Tier 2
Rajasthan,46.63,Yamaha,Fascino 125,173893.0,2020,428.0,Petrol,25.25,Second,2021.0,Not Available,Individual,119792.58,Metro
Punjab,27.7,Tvs,Sport,190466.0,2017,471.0,Electric,99.63,Second,2022.0,Expired,Individual,107752.52,Metro
Punjab,75.58,Kawasaki,Versys 650,231659.0,2017,624.0,Electric,86.48,Third,2023.0,Expired,Individual,132570.79,Tier 3
West Bengal,36.92,Kawasaki,Ninja 400,166014.0,2015,686.0,Petrol,49.19,Second,2022.0,Active,Individual,92248.43,Tier 2
Uttar Pradesh,39.16,Hero,Splendor Plus,251452.0,2023,787.0,Petrol,30.35,Second,2023.0,Active,Individual,133472.89,Tier 3
Delhi,70.59,Bajaj,Pulsar 150,91635.0,2022,840.0,Electric,63.93,Second,2022.0,Not Available,Individual,65575.78,Tier 2
Madhya Pradesh,37.51,Bajaj,Dominar 400,113199.0,2018,127.0,Petrol,47.8,Second,2023.0,Active,Dealer,67510.25,Tier 2
Punjab,75.11,Yamaha,Fascino 125,175944.0,2016,546.0,Petrol,29.89,Second,2022.0,Active,Dealer,77928.13,Tier 1
Karnataka,36.0,Bajaj,Platina 110,170072.0,2024,268.0,Hybrid,93.15,First,2024.0,Not Available,Dealer,91475.56,Metro
Madhya Pradesh,56.76,Kawasaki,Versys 650,362720.0,2015,796.0,Hybrid,77.84,Second,2023.0,Expired,Dealer,238722.89,Tier 1
Tamil Nadu,79.67,Hero,Xtreme 160R,346580.0,2022,675.0,Petrol,56.49,Second,2023.0,Not Available,Individual,170853.9,Metro
Maharashtra,12.95,Hero,Splendor Plus,67244.0,2023,666.0,Petrol,43.81,Second,2023.0,Expired,Dealer,37403.62,Tier 3
Maharashtra,47.91,Honda,Activa,157160.0,2022,986.0,Electric,72.84,Second,2024.0,Not Available,Dealer,84507.3,Tier 3
West Bengal,40.28,Tvs,Ntorq 125,306576.0,2021,532.0,Electric,81.06,Second,2022.0,Active,Dealer,238288.37,Tier 3
Gujarat,58.4,Yamaha,R15 V4,366088.0,2023,364.0,Petrol,42.84,Second,2024.0,Active,Dealer,177170.45,Tier 1
Gujarat,42.96,Royal Enfield,Hunter 350,235802.0,2023,488.0,Electric,84.31,First,2023.0,Active,Individual,164663.79,Metro
Maharashtra,18.26,Bajaj,Pulsar 150,330916.0,2018,690.0,Electric,76.79,Third,2022.0,Active,Dealer,166310.9,Tier 1
Gujarat,60.16,Ktm,250 Duke,217731.0,2024,552.0,Hybrid,69.97,Third,2024.0,Active,Dealer,127284.39,Tier 3
Tamil Nadu,79.84,Tvs,Ronin,192314.0,2023,125.0,Petrol,55.63,Second,2023.0,Active,Individual,118625.08,Tier 2
Karnataka,59.89,Royal Enfield,Interceptor 650,101299.0,2021,100.0,Electric,83.38,First,2021.0,Active,Dealer,57727.11,Tier 2
Gujarat,37.93,Bajaj,Pulsar 150,323897.0,2022,628.0,Electric,65.25,Second,2023.0,Expired,Individual,198533.46,Tier 2
Uttar Pradesh,52.46,Tvs,Sport,251852.0,2024,718.0,Electric,64.99,Second,2024.0,Expired,Individual,104051.23,Metro
Tamil Nadu,73.7,Ktm,390 Adventure,196662.0,2024,859.0,Petrol,41.19,Second,2024.0,Active,Dealer,80270.78,Tier 3
Tamil Nadu,12.59,Bajaj,Avenger 220,323235.0,2024,158.0,Electric,0.0,Second,2024.0,Not Available,Individual,165176.17,Tier 3
Punjab,25.6,Kawasaki,Ninja 300,252777.0,2021,595.0,Electric,80.11,Second,2023.0,Not Available,Individual,155802.9,Tier 3
West Bengal,31.99,Bajaj,Dominar 400,137200.0,2018,364.0,Electric,84.15,Third,2021.0,Not Available,Individual,104415.55,Tier 2
Gujarat,10.33,Royal Enfield,Hunter 350,321018.0,2024,923.0,Petrol,28.41,Second,2024.0,Expired,Dealer,216205.38,Metro
West Bengal,11.44,Tvs,Ntorq 125,319235.0,2022,126.0,Hybrid,97.09,Second,2022.0,Active,Dealer,214136.86,Tier 3
Rajasthan,9.86,Hero,Splendor Plus,304701.0,2024,889.0,Hybrid,62.67,Second,2024.0,Not Available,Individual,155623.77,Tier 2
Gujarat,49.58,Tvs,Jupiter,201359.0,2020,422.0,Hybrid,96.79,Second,2023.0,Active,Dealer,142013.89,Tier 3
Karnataka,47.15,Kawasaki,Ninja 300,107603.0,2017,342.0,Petrol,38.03,Second,2024.0,Active,Individual,69855.27,Metro
Delhi,39.9,Yamaha,Mt-15,116825.0,2021,562.0,Petrol,41.59,Second,2024.0,Expired,Individual,54010.43,Tier 2
Karnataka,7.39,Tvs,Jupiter,112019.0,2022,553.0,Electric,65.84,First,2022.0,Expired,Dealer,64540.63,Metro
Delhi,16.88,Hero,Hf Deluxe,114587.0,2016,594.0,Hybrid,83.26,Second,2023.0,Active,Individual,71766.04,Tier 1
Karnataka,75.51,Bajaj,Avenger 220,77764.0,2015,427.0,Electric,93.94,Second,2023.0,Not Available,Dealer,45216.78,Tier 3
Karnataka,57.78,Ktm,250 Duke,320320.0,2022,130.0,Petrol,45.5,Third,2023.0,Active,Dealer,162278.99,Metro
Delhi,70.75,Hero,Glamour,372425.0,2023,763.0,Petrol,58.0,Second,2024.0,Active,Individual,162499.52,Tier 1
Karnataka,20.72,Royal Enfield,Hunter 350,120011.0,2024,833.0,Hybrid,82.52,Third,2024.0,Not Available,Individual,93841.08,Tier 2
Punjab,77.52,Ktm,250 Duke,71567.0,2022,599.0,Electric,70.2,First,2022.0,Not Available,Individual,52565.79,Tier 1
Gujarat,15.76,Kawasaki,Z650,274562.0,2023,935.0,Electric,68.76,Third,2023.0,Expired,Dealer,175227.99,Tier 1
West Bengal,30.69,Ktm,250 Duke,213162.0,2022,643.0,Electric,88.65,Third,2022.0,Active,Individual,145178.14,Metro
West Bengal,78.2,Yamaha,Fascino 125,268485.0,2024,188.0,Petrol,70.2,Second,2024.0,Expired,Individual,206341.66,Tier 1
West Bengal,50.92,Kawasaki,Ninja 400,116945.0,2024,982.0,Electric,93.82,First,2024.0,Not Available,Individual,55535.09,Tier 1
West Bengal,53.0,Hero,Splendor Plus,82554.0,2021,513.0,Petrol,55.82,Second,2021.0,Active,Individual,38383.02,Metro
Tamil Nadu,61.93,Royal Enfield,Himalayan,399395.0,2023,343.0,Petrol,56.21,Second,2024.0,Active,Individual,178330.5,Metro
Uttar Pradesh,53.12,Kawasaki,Z650,240009.0,2016,969.0,Hybrid,72.6,Second,2022.0,Active,Individual,116432.47,Tier 1
Delhi,69.42,Royal Enfield,Meteor 350,138296.0,2022,499.0,Electric,77.89,Second,2022.0,Expired,Individual,58593.06,Tier 3
Karnataka,19.43,Honda,Activa,367412.0,2024,673.0,Electric,75.08,First,2024.0,Active,Individual,133472.89,Tier 2
Punjab,42.05,Hero,Passion Pro,96973.0,2022,482.0,Petrol,31.9,Second,2024.0,Not Available,Individual,52311.11,Tier 3
Delhi,20.2,Ktm,125 Duke,326439.0,2022,902.0,Petrol,51.43,Second,2022.0,Active,Dealer,134116.21,Tier 2
Maharashtra,39.36,Ktm,Rc 390,238428.0,2023,501.0,Petrol,58.19,Second,2023.0,Active,Individual,131681.26,Tier 2
Delhi,34.48,Ktm,390 Adventure,308334.0,2016,783.0,Hybrid,71.16,Second,2024.0,Active,Dealer,236479.23,Tier 3
Rajasthan,17.89,Hero,Glamour,305750.0,2018,170.0,Electric,77.07,Second,2024.0,Not Available,Dealer,186661.65,Metro
Maharashtra,58.19,Hero,Passion Pro,393783.0,2021,224.0,Petrol,35.88,Second,2021.0,Not Available,Dealer,176184.07,Metro
Maharashtra,16.54,Hero,Glamour,330747.0,2022,487.0,Hybrid,71.73,First,2022.0,Expired,Individual,244730.04,Tier 1
West Bengal,25.41,Tvs,Sport,66587.0,2021,493.0,Electric,91.07,Third,2023.0,Active,Individual,35913.8,Tier 3
Punjab,78.75,Honda,Cbr 650R,127407.0,2024,728.0,Electric,66.17,First,2024.0,Expired,Individual,82503.01,Tier 2
West Bengal,9.46,Hero,Hf Deluxe,91604.0,2020,110.0,Petrol,42.22,Third,2021.0,Not Available,Individual,53145.66,Metro
Tamil Nadu,60.58,Yamaha,Mt-15,153753.0,2024,472.0,Hybrid,64.4,Second,2024.0,Active,Dealer,133472.89,Tier 2
Tamil Nadu,57.46,Bajaj,Dominar 400,307685.0,2021,787.0,Petrol,26.19,Second,2021.0,Active,Individual,135348.28,Metro
Karnataka,20.53,Bajaj,Platina 110,66924.0,2022,492.0,Petrol,37.48,Second,2024.0,Expired,Dealer,28809.11,Metro
Maharashtra,29.81,Yamaha,Fascino 125,107025.0,2021,253.0,Petrol,41.83,Second,2021.0,Not Available,Individual,48967.29,Tier 1
Uttar Pradesh,52.31,Honda,Shine,383566.0,2022,697.0,Petrol,46.28,Second,2022.0,Active,Dealer,301401.24,Tier 1
Rajasthan,50.3,Hero,Hf Deluxe,353116.0,2018,340.0,Petrol,70.2,Second,2021.0,Active,Individual,202715.31,Tier 1
Madhya Pradesh,16.65,Yamaha,R15 V4,91680.0,2024,586.0,Petrol,40.92,First,2024.0,Active,Individual,41049.04,Tier 2
West Bengal,55.06,Hero,Splendor Plus,105382.0,2022,908.0,Petrol,32.04,Second,2022.0,Expired,Dealer,49860.73,Tier 3
Gujarat,18.05,Honda,Activa,287300.0,2015,871.0,Petrol,47.82,Second,2022.0,Active,Individual,185722.33,Tier 3
Punjab,60.08,Royal Enfield,Classic 350,111559.0,2022,761.0,Electric,74.26,Second,2022.0,Expired,Dealer,57991.76,Tier 1
Karnataka,78.82,Bajaj,Platina 110,154352.0,2020,752.0,Electric,70.2,Second,2023.0,Active,Individual,74089.39,Metro
Punjab,78.3,Royal Enfield,Himalayan,153894.0,2024,388.0,Hybrid,79.06,Second,2024.0,Not Available,Individual,68260.33,Tier 2
Maharashtra,77.98,Honda,Cbr 650R,152107.0,2022,748.0,Electric,77.59,Second,2022.0,Active,Dealer,74097.94247471786,Tier 3
Delhi,15.17,Royal Enfield,Hunter 350,314164.0,2016,271.0,Petrol,51.41,Second,2023.0,Expired,Dealer,162970.61,Metro
Uttar Pradesh,24.68,Tvs,Jupiter,150609.0,2022,758.0,Petrol,41.27,Second,2022.0,Active,Individual,95048.15,Tier 1
Punjab,74.73,Tvs,Sport,54816.0,2015,772.0,Electric,61.01,Second,2022.0,Active,Individual,22485.85,Tier 2
Delhi,31.87,Yamaha,Ray Zr,252453.0,2024,237.0,Electric,75.73,Second,2024.0,Not Available,Individual,133472.89,Tier 2
Maharashtra,32.52,Honda,Shine,244775.0,2023,340.0,Hybrid,80.28,Second,2023.0,Expired,Dealer,164811.04,Metro
Delhi,69.42,Royal Enfield,Interceptor 650,105209.0,2021,209.0,Hybrid,84.27,Second,2024.0,Not Available,Dealer,81112.04,Metro
Maharashtra,62.79,Bajaj,Avenger 220,109001.0,2022,334.0,Petrol,36.2,Second,2022.0,Not Available,Dealer,45667.73,Tier 3
West Bengal,15.23,Bajaj,Avenger 220,349699.0,2017,152.0,Petrol,58.28,Second,2023.0,Active,Individual,272764.25,Tier 3
Maharashtra,7.25,Kawasaki,Ninja 300,269996.0,2021,190.0,Electric,99.57,Second,2021.0,Active,Dealer,111028.61,Tier 1
Gujarat,9.48,Ktm,125 Duke,89737.0,2022,715.0,Hybrid,61.71,Second,2024.0,Expired,Individual,42445.68,Tier 3
Rajasthan,43.27,Royal Enfield,Meteor 350,75034.0,2016,746.0,Petrol,59.93,Third,2023.0,Not Available,Dealer,56849.55,Tier 1
Uttar Pradesh,11.53,Bajaj,Avenger 220,249982.0,2023,576.0,Petrol,48.28,Second,2024.0,Active,Dealer,173533.09,Tier 2
Karnataka,50.86,Hero,Passion Pro,367628.0,2020,804.0,Hybrid,71.31,Second,2023.0,Not Available,Individual,228549.44,Tier 3
Gujarat,58.08,Ktm,125 Duke,305389.0,2023,995.0,Petrol,38.9,Second,2023.0,Not Available,Dealer,183771.92,Tier 1
Rajasthan,73.44,Royal Enfield,Interceptor 650,272740.0,2017,450.0,Electric,73.99,Second,2023.0,Expired,Individual,167900.4,Tier 3
Karnataka,67.74,Kawasaki,Ninja 300,82374.0,2023,977.0,Electric,87.19,First,2023.0,Expired,Individual,52070.3,Tier 1
Karnataka,22.34,Hero,Splendor Plus,340849.0,2024,350.0,Petrol,55.48,Second,2024.0,Not Available,Dealer,150910.93,Tier 1
Madhya Pradesh,23.32,Honda,Unicorn,98919.0,2023,919.0,Hybrid,70.2,Second,2024.0,Expired,Dealer,75989.33,Tier 2
Karnataka,15.24,Yamaha,Ray Zr,306369.0,2022,336.0,Hybrid,77.18,Second,2022.0,Not Available,Dealer,235805.34,Tier 1
Gujarat,9.71,Royal Enfield,Interceptor 650,300726.0,2023,491.0,Electric,92.72,Second,2024.0,Not Available,Dealer,153286.22,Metro
Maharashtra,30.68,Yamaha,Fascino 125,89967.0,2024,143.0,Electric,78.44,First,2024.0,Active,Individual,40879.81,Tier 3
Delhi,6.93,Royal Enfield,Interceptor 650,238406.0,2024,490.0,Electric,65.27,Second,2024.0,Active,Individual,148924.98,Metro
Punjab,61.4,Royal Enfield,Hunter 350,248941.0,2022,988.0,Electric,68.97,Third,2023.0,Not Available,Dealer,122252.48,Metro
Uttar Pradesh,18.01,Kawasaki,Ninja 300,117940.0,2016,365.0,Petrol,30.17,Second,2023.0,Expired,Individual,88994.39,Tier 3
Tamil Nadu,56.16,Hero,Hf Deluxe,103028.0,2022,262.0,Hybrid,84.5,Second,2023.0,Expired,Dealer,75632.59,Tier 3
Rajasthan,18.07,Royal Enfield,Classic 350,89911.0,2019,563.0,Hybrid,77.17,Second,2024.0,Expired,Individual,53298.28,Metro
Punjab,67.39,Tvs,Jupiter,195524.0,2023,296.0,Hybrid,76.37,Second,2023.0,Expired,Dealer,83371.75,Tier 3
West Bengal,28.54,Tvs,Ntorq 125,57515.0,2023,773.0,Electric,91.89,Second,2023.0,Active,Individual,23681.8,Tier 1
Madhya Pradesh,67.15,Tvs,Ntorq 125,191149.0,2024,353.0,Hybrid,98.56,Second,2024.0,Not Available,Dealer,129506.28,Tier 1
Karnataka,56.78,Bajaj,Avenger 220,238906.0,2023,984.0,Petrol,37.13,First,2023.0,Expired,Individual,146621.59,Metro
Karnataka,42.83,Tvs,Ronin,162747.0,2019,252.0,Petrol,70.2,Second,2024.0,Expired,Dealer,97090.49,Tier 2
Gujarat,77.59,Tvs,Ronin,167258.0,2023,460.0,Hybrid,69.95,Second,2023.0,Expired,Individual,80039.28,Tier 2
Punjab,9.93,Hero,Splendor Plus,83520.0,2023,977.0,Electric,78.68,First,2023.0,Active,Individual,52240.7,Metro
Maharashtra,6.47,Ktm,125 Duke,145177.0,2024,949.0,Hybrid,80.76,Second,2024.0,Expired,Individual,101848.15,Metro
Uttar Pradesh,65.81,Kawasaki,Ninja 300,269988.0,2019,127.0,Electric,99.74,Second,2021.0,Expired,Dealer,108707.62,Tier 3
Tamil Nadu,32.19,Yamaha,R15 V4,119191.0,2022,561.0,Electric,96.65,Second,2022.0,Active,Individual,68735.81,Tier 1
Madhya Pradesh,14.62,Hero,Passion Pro,129212.0,2017,290.0,Petrol,52.5,Second,2022.0,Active,Dealer,67714.69,Tier 3
Punjab,9.43,Hero,Glamour,367274.0,2022,126.0,Electric,65.79,Second,2022.0,Active,Individual,158926.81,Metro
Punjab,48.38,Hero,Passion Pro,115457.0,2017,817.0,Electric,89.77,Third,2022.0,Not Available,Dealer,71432.04,Tier 3
Madhya Pradesh,64.11,Royal Enfield,Classic 350,94619.0,2019,934.0,Electric,69.48,Second,2023.0,Active,Individual,70635.46,Tier 2
Uttar Pradesh,48.45,Kawasaki,Versys 650,279915.0,2021,350.0,Hybrid,73.02,Third,2024.0,Not Available,Individual,215613.44,Tier 2
Gujarat,15.23,Bajaj,Avenger 220,394683.0,2021,466.0,Hybrid,78.09,Second,2021.0,Not Available,Dealer,197028.09,Tier 2
Karnataka,-5.0,Royal Enfield,Hunter 350,398805.0,2017,520.0,Petrol,32.83,Second,2023.0,Expired,Dealer,255834.13,Metro
Rajasthan,72.02,Ktm,390 Adventure,213426.0,2019,470.0,Electric,92.08,Third,2024.0,Active,Dealer,104015.89,Tier 2
Delhi,10.81,Kawasaki,Z650,292338.0,2020,429.0,Petrol,35.72,Third,2024.0,Active,Individual,171700.04011048214,Metro
Maharashtra,56.99,Ktm,390 Adventure,298524.0,2021,840.0,Electric,91.98,Second,2023.0,Expired,Dealer,183698.24,Metro
Madhya Pradesh,13.27,Yamaha,Fz V3,123543.0,2022,474.0,Petrol,36.51,Third,2023.0,Expired,Individual,83624.7,Tier 2
Madhya Pradesh,41.22,Hero,Glamour,247463.0,2018,176.0,Petrol,37.28,Second,2022.0,Not Available,Dealer,169963.81,Tier 2
Madhya Pradesh,16.26,Tvs,Sport,233807.0,2021,540.0,Hybrid,69.47,First,2021.0,Expired,Individual,185381.37,Tier 2
Madhya Pradesh,29.78,Royal Enfield,Meteor 350,229540.0,2019,797.0,Hybrid,88.55,Second,2021.0,Active,Dealer,133472.89,Metro
Punjab,7.8,Honda,Cbr 650R,101362.0,2021,957.0,Electric,93.85,First,2021.0,Expired,Individual,44683.35,Tier 1
West Bengal,67.28,Honda,Cbr 650R,115085.0,2020,235.0,Electric,63.88,Second,2023.0,Expired,Dealer,80937.78,Tier 2
Punjab,54.66,Honda,Shine,379664.0,2024,453.0,Electric,86.84,Second,2024.0,Not Available,Individual,153120.58,Tier 2
Uttar Pradesh,45.29,Kawasaki,Versys 650,329135.0,2021,371.0,Petrol,56.55,First,2021.0,Active,Dealer,142085.32,Tier 2
Punjab,26.08,Bajaj,Ct 100,59475.0,2020,0.0,Hybrid,76.37,Second,2021.0,Expired,Individual,25347.86,Tier 2
Karnataka,15.38,Yamaha,Mt-15,105713.0,2023,831.0,Petrol,41.52,Second,2024.0,Expired,Dealer,52213.78,Tier 3
Gujarat,9.95,Ktm,Rc 390,233567.0,2017,129.0,Petrol,58.78,Second,2023.0,Expired,Dealer,133474.32,Tier 3
Maharashtra,64.83,Royal Enfield,Classic 350,356868.0,2022,973.0,Petrol,37.38,First,2022.0,Not Available,Individual,280252.24,Tier 2
Maharashtra,12.32,Kawasaki,Vulcan S,229618.0,2021,335.0,Hybrid,92.75,Second,2023.0,Not Available,Individual,131469.52,Tier 3
Madhya Pradesh,44.83,Yamaha,R15 V4,245803.0,2022,461.0,Electric,63.3,Second,2024.0,Active,Dealer,125289.77,Metro
Karnataka,77.91,Royal Enfield,Hunter 350,262129.0,2024,131.0,Electric,98.17,Second,2024.0,Expired,Individual,148294.07,Tier 1
Delhi,50.26,Hero,Hf Deluxe,197983.0,2022,899.0,Electric,99.37,Second,2022.0,Expired,Individual,108482.19,Tier 2
Rajasthan,14.47,Kawasaki,Versys 650,235833.0,2023,749.0,Hybrid,89.68,Second,2023.0,Expired,Individual,166315.95,Tier 2
Gujarat,5.6,Royal Enfield,Meteor 350,185964.0,2021,858.0,Electric,70.04,Second,2024.0,Active,Dealer,100066.24,Tier 1
Punjab,62.22,Yamaha,Fz V3,251695.0,2019,303.0,Petrol,58.88,Second,2021.0,Active,Dealer,133472.89,Tier 1
Karnataka,7.78,Honda,Activa,96513.0,2024,842.0,Petrol,30.88,Second,2024.0,Not Available,Individual,46338.0,Tier 3
Madhya Pradesh,54.96,Kawasaki,Versys 650,179421.0,2021,740.0,Hybrid,68.38,Second,2022.0,Expired,Individual,122946.51,Tier 3
Karnataka,36.86,Royal Enfield,Classic 350,171617.0,2024,667.0,Electric,62.14,First,2024.0,Not Available,Dealer,84814.71,Metro
Madhya Pradesh,45.65,Hero,Hf Deluxe,143467.0,2023,151.0,Petrol,70.2,Second,2023.0,Expired,Individual,101240.49,Tier 2
Madhya Pradesh,64.29,Hero,Splendor Plus,106311.0,2021,952.0,Electric,62.44,Second,2022.0,Not Available,Individual,64459.31,Tier 3
Uttar Pradesh,73.98,Honda,Dio,63929.0,2023,828.0,Electric,71.81,Second,2024.0,Expired,Dealer,48803.22,Tier 3
Gujarat,54.27,Tvs,Apache Rtr 160,140000.0,2022,787.0,Petrol,43.66,Second,2022.0,Active,Individual,106310.27,Metro
Uttar Pradesh,37.97,Royal Enfield,Meteor 350,93730.0,2024,861.0,Electric,73.09,Second,2024.0,Expired,Individual,49353.3,Metro
Delhi,-5.0,Royal Enfield,Interceptor 650,53439.0,2023,348.0,Petrol,51.73,Second,2023.0,Expired,Dealer,26529.83,Tier 2
West Bengal,67.46,Tvs,Ntorq 125,77355.0,2024,721.0,Hybrid,90.31,Second,2024.0,Active,Individual,49115.06,Tier 2
Punjab,18.36,Ktm,390 Adventure,129070.0,2023,839.0,Electric,67.85,Second,2023.0,Expired,Dealer,78938.84,Metro
West Bengal,65.52,Honda,Shine,248274.0,2022,411.0,Hybrid,74.3,First,2022.0,Expired,Individual,102931.82,Tier 2
Rajasthan,57.02,Tvs,Ronin,134457.0,2017,994.0,Petrol,41.35,Second,2024.0,Active,Dealer,90172.51,Tier 1
Maharashtra,78.64,Yamaha,R15 V4,222985.0,2019,189.0,Electric,83.47,Second,2024.0,Expired,Individual,111949.62,Tier 1
Maharashtra,47.6,Yamaha,Mt-15,327917.0,2017,449.0,Electric,68.28,Second,2022.0,Active,Dealer,190223.15,Metro
Uttar Pradesh,32.5,Royal Enfield,Meteor 350,281744.0,2021,745.0,Electric,77.93,Second,2023.0,Expired,Individual,154565.11,Tier 2
Maharashtra,76.25,Tvs,Sport,366986.0,2023,372.0,Petrol,55.28,Second,2023.0,Expired,Individual,240287.54,Tier 3
Delhi,48.18,Tvs,Apache Rtr 160,52942.0,2023,827.0,Petrol,44.12,Second,2023.0,Active,Individual,29506.21,Metro
Maharashtra,41.57,Honda,Unicorn,228682.0,2024,314.0,Hybrid,92.89,Second,2024.0,Not Available,Dealer,177852.19,Metro
Rajasthan,39.85,Yamaha,Ray Zr,236349.0,2021,654.0,Petrol,52.68,Third,2021.0,Expired,Individual,160332.71,Tier 2
Gujarat,57.94,Tvs,Sport,77805.0,2021,159.0,Hybrid,84.87,Second,2024.0,Expired,Individual,61346.35,Tier 1
Madhya Pradesh,66.34,Royal Enfield,Hunter 350,223196.0,2017,636.0,Petrol,58.59,Third,2021.0,Active,Dealer,174021.39,Tier 3
Maharashtra,44.27,Hero,Xtreme 160R,295592.0,2024,897.0,Electric,92.04,Second,2024.0,Expired,Dealer,185852.07,Metro
Gujarat,41.68,Tvs,Sport,285973.0,2019,712.0,Electric,60.95,Second,2023.0,Active,Individual,198814.68,Tier 1
Rajasthan,77.57,Kawasaki,Ninja 400,160407.0,2022,790.0,Petrol,41.57,Second,2023.0,Expired,Dealer,73231.67,Metro
Uttar Pradesh,30.5,Ktm,250 Duke,265814.0,2017,719.0,Electric,68.54,Second,2021.0,Active,Individual,123860.96,Tier 3
Karnataka,40.89,Bajaj,Platina 110,383641.0,2024,270.0,Hybrid,72.07,First,2024.0,Expired,Dealer,217146.79,Tier 2
Tamil Nadu,13.79,Kawasaki,Z650,313693.0,2019,592.0,Hybrid,70.2,Second,2024.0,Expired,Dealer,245116.74,Metro
Maharashtra,75.37,Tvs,Ronin,257906.0,2018,558.0,Petrol,31.6,Second,2023.0,Expired,Individual,111465.87,Metro
Uttar Pradesh,7.54,Kawasaki,Ninja 400,110528.0,2022,348.0,Electric,96.47,Second,2022.0,Not Available,Individual,54920.23,Tier 1
Tamil Nadu,43.42,Kawasaki,Ninja 300,79683.0,2015,550.0,Petrol,33.86,Second,2023.0,Not Available,Individual,46725.55,Tier 1
Karnataka,11.67,Yamaha,Fascino 125,50618.0,2020,955.0,Petrol,45.62,Second,2021.0,Active,Dealer,27963.75,Tier 1
Maharashtra,61.43,Tvs,Ntorq 125,78294.0,2024,713.0,Hybrid,76.03,Second,2024.0,Not Available,Dealer,37210.71,Tier 1
Madhya Pradesh,22.57,Bajaj,Platina 110,238650.0,2018,746.0,Hybrid,95.44,Second,2023.0,Active,Dealer,130586.11454609376,Tier 1
West Bengal,15.97,Ktm,125 Duke,128042.0,2021,447.0,Electric,79.37,Second,2023.0,Not Available,Dealer,133472.89,Tier 1
Tamil Nadu,7.72,Kawasaki,Versys 650,92136.0,2024,435.0,Hybrid,98.43,First,2024.0,Active,Individual,38692.46,Tier 1
Karnataka,5.55,Yamaha,Fz V3,342235.0,2024,367.0,Hybrid,68.33,Second,2024.0,Active,Individual,224564.5,Tier 2
Maharashtra,66.85,Royal Enfield,Interceptor 650,114187.0,2024,986.0,Hybrid,69.29,Second,2024.0,Not Available,Individual,82509.35,Tier 1
Uttar Pradesh,49.56,Kawasaki,Ninja 300,133680.0,2021,865.0,Petrol,49.99,First,2021.0,Active,Dealer,65199.39,Tier 3
Delhi,58.93,Royal Enfield,Interceptor 650,185707.0,2024,591.0,Electric,94.03,First,2024.0,Active,Dealer,108217.14,Tier 1
Rajasthan,32.49,Bajaj,Dominar 400,398945.0,2015,243.0,Electric,70.2,Third,2021.0,Active,Dealer,198230.59,Tier 1
West Bengal,22.62,Yamaha,Fascino 125,346728.0,2021,744.0,Hybrid,74.26,Second,2023.0,Expired,Individual,169817.81,Metro
Maharashtra,72.43,Hero,Splendor Plus,313252.0,2017,617.0,Hybrid,62.49,Second,2021.0,Expired,Individual,226256.0,Metro
Punjab,41.76,Ktm,390 Adventure,288117.0,2023,426.0,Hybrid,94.74,Second,2024.0,Active,Individual,198464.7,Tier 3
Delhi,59.26,Kawasaki,Ninja 300,271488.0,2023,197.0,Petrol,42.9,Second,2023.0,Not Available,Dealer,199460.82,Tier 1
Karnataka,35.43,Yamaha,R15 V4,233178.0,2022,227.0,Electric,94.07,Second,2022.0,Expired,Individual,138623.99,Tier 1
Rajasthan,8.18,Royal Enfield,Interceptor 650,222887.0,2023,103.0,Petrol,42.12,First,2023.0,Not Available,Individual,137282.69,Tier 3
Madhya Pradesh,46.02,Kawasaki,Versys 650,136402.0,2023,939.0,Petrol,56.64,Second,2023.0,Expired,Dealer,60448.36,Tier 2
Tamil Nadu,76.38,Yamaha,R15 V4,322962.0,2024,825.0,Electric,69.67,Second,2024.0,Expired,Dealer,248477.61,Metro
Gujarat,9.1,Bajaj,Pulsar 150,254297.0,2018,446.0,Petrol,46.17,Second,2022.0,Not Available,Dealer,182541.93,Metro
Gujarat,75.98,Hero,Glamour,302699.0,2016,523.0,Electric,86.42,Third,2021.0,Expired,Dealer,202309.7,Tier 2
Tamil Nadu,72.67,Kawasaki,Vulcan S,227743.0,2022,600.0,Hybrid,95.98,Third,2022.0,Active,Dealer,181427.43,Tier 1
Punjab,7.4,Tvs,Ronin,146040.0,2019,841.0,Electric,89.18,Third,2021.0,Not Available,Individual,101068.8,Tier 2
Maharashtra,68.73,Bajaj,Ct 100,363243.0,2023,618.0,Electric,83.14,First,2023.0,Expired,Individual,219850.33,Metro
Punjab,22.31,Honda,Shine,84699.0,2023,104.0,Electric,87.16,Second,2024.0,Active,Dealer,61042.96,Tier 1
Rajasthan,42.55,Hero,Glamour,364100.0,2024,151.0,Electric,74.29,Second,2024.0,Expired,Individual,179802.06863753588,Metro
Karnataka,63.31,Hero,Passion Pro,167371.0,2023,514.0,Hybrid,97.52,Second,2023.0,Not Available,Individual,109448.79,Metro
Karnataka,78.38,Ktm,Rc 390,316278.0,2022,554.0,Petrol,30.59,Second,2024.0,Not Available,Individual,187392.42,Tier 3
Uttar Pradesh,10.54,Bajaj,Avenger 220,257710.0,2024,799.0,Hybrid,88.97,Second,2024.0,Not Available,Individual,171402.58,Tier 1
Madhya Pradesh,58.27,Hero,Hf Deluxe,179301.0,2015,990.0,Hybrid,96.87,Third,2021.0,Not Available,Individual,101649.21,Tier 1
Delhi,44.35,Honda,Shine,180010.0,2018,502.0,Hybrid,72.25,Third,2022.0,Expired,Dealer,131131.64,Tier 2
Maharashtra,40.67,Kawasaki,Versys 650,216916.0,2021,887.0,Electric,77.49,Third,2024.0,Active,Dealer,165907.64,Tier 2
Gujarat,71.14,Tvs,Jupiter,296668.0,2017,355.0,Hybrid,70.2,Second,2021.0,Active,Individual,154786.41,Metro
Rajasthan,69.33,Honda,Cbr 650R,168273.0,2023,785.0,Hybrid,78.93,Second,2024.0,Not Available,Individual,122682.89,Tier 1
Rajasthan,65.14,Honda,Cbr 650R,249858.0,2022,447.0,Electric,93.53,Second,2023.0,Not Available,Individual,143141.31,Tier 1
West Bengal,9.41,Tvs,Jupiter,274657.0,2018,443.0,Hybrid,71.32,Second,2022.0,Not Available,Dealer,119500.02,Tier 2
Maharashtra,79.28,Yamaha,R15 V4,108993.0,2022,119.0,Electric,70.2,First,2022.0,Active,Individual,66327.64,Tier 1
West Bengal,77.85,Ktm,390 Adventure,182936.0,2023,641.0,Petrol,53.49,Second,2024.0,Not Available,Dealer,78932.88,Metro
Tamil Nadu,54.33,Yamaha,R15 V4,56728.0,2019,949.0,Petrol,25.01,Second,2023.0,Active,Dealer,28811.47,Tier 1
Punjab,76.77,Kawasaki,Ninja 400,132977.0,2022,452.0,Electric,61.65,Third,2023.0,Expired,Dealer,80953.76,Tier 2
West Bengal,20.78,Honda,Dio,394766.0,2021,219.0,Electric,73.53,Second,2021.0,Not Available,Dealer,133472.89,Metro
Uttar Pradesh,29.66,Kawasaki,Z650,382291.0,2021,150.0,Hybrid,63.81,Second,2024.0,Active,Dealer,253403.89,Tier 1
Tamil Nadu,41.75,Royal Enfield,Hunter 350,60877.0,2020,0.0,Hybrid,69.25,Second,2023.0,Active,Dealer,29613.92,Tier 2
Karnataka,59.97,Hero,Passion Pro,201666.0,2022,347.0,Petrol,25.65,First,2022.0,Expired,Individual,111969.7,Tier 2
Punjab,28.76,Ktm,Duke 200,66169.0,2017,744.0,Petrol,70.2,Second,2023.0,Not Available,Individual,34599.24,Tier 3
Uttar Pradesh,55.01,Kawasaki,Ninja 300,376127.0,2021,579.0,Electric,70.2,Second,2024.0,Active,Dealer,234238.1,Metro
West Bengal,72.69,Ktm,390 Adventure,129300.0,2021,834.0,Electric,72.71,Third,2021.0,Active,Individual,82717.88,Tier 3
Madhya Pradesh,18.9,Bajaj,Avenger 220,125575.0,2022,206.0,Petrol,47.75,Second,2024.0,Active,Individual,61232.55,Tier 3
Uttar Pradesh,72.45,Honda,Shine,61115.0,2023,940.0,Hybrid,70.9,Second,2023.0,Expired,Dealer,133472.89,Tier 1
Uttar Pradesh,41.54,Tvs,Ntorq 125,381742.0,2024,536.0,Hybrid,78.6,First,2024.0,Not Available,Dealer,270438.14,Tier 3
Tamil Nadu,8.92,Yamaha,Fascino 125,326280.0,2017,837.0,Hybrid,88.88,Second,2023.0,Expired,Individual,203791.95,Tier 3
Tamil Nadu,70.78,Honda,Activa,280514.0,2019,175.0,Petrol,59.53,Second,2024.0,Active,Individual,166694.88,Tier 2
Tamil Nadu,72.46,Yamaha,Mt-15,291834.0,2024,389.0,Hybrid,75.62,Third,2024.0,Not Available,Dealer,137388.81,Metro
Rajasthan,61.78,Hero,Hf Deluxe,104821.0,2024,180.0,Electric,98.39,Second,2024.0,Expired,Individual,59631.76,Metro
West Bengal,35.18,Hero,Passion Pro,139932.0,2024,330.0,Hybrid,71.72,First,2024.0,Not Available,Individual,133472.89,Tier 3
West Bengal,50.6,Honda,Shine,214248.0,2020,300.0,Petrol,54.78,Second,2022.0,Expired,Dealer,134041.78,Tier 2
Karnataka,17.34,Yamaha,Mt-15,81242.0,2021,304.0,Electric,84.63,Second,2024.0,Active,Individual,133472.89,Tier 2
West Bengal,79.9,Yamaha,Fascino 125,93451.0,2023,192.0,Electric,70.2,First,2023.0,Not Available,Dealer,71167.81,Tier 2
West Bengal,61.44,Honda,Unicorn,78817.0,2020,971.0,Electric,92.75,Second,2023.0,Not Available,Dealer,33793.86,Metro
Gujarat,75.34,Royal Enfield,Himalayan,289703.0,2021,585.0,Hybrid,84.64,Third,2021.0,Expired,Individual,219788.75,Tier 1
Uttar Pradesh,8.9,Yamaha,Ray Zr,351681.0,2016,394.0,Hybrid,68.96,Second,2024.0,Not Available,Dealer,219546.63,Tier 2
Delhi,8.37,Ktm,125 Duke,378549.0,2024,859.0,Electric,70.2,Second,2024.0,Active,Individual,185355.39,Tier 2
Rajasthan,65.75,Tvs,Ronin,66712.0,2024,356.0,Hybrid,77.62,Third,2024.0,Expired,Individual,47522.3,Tier 2
Punjab,8.73,Royal Enfield,Classic 350,317087.0,2022,570.0,Petrol,70.2,Second,2022.0,Not Available,Dealer,173525.81,Tier 2
Karnataka,62.72,Kawasaki,Ninja 300,138717.0,2023,987.0,Petrol,56.14,Second,2023.0,Not Available,Individual,71124.08,Tier 3
Madhya Pradesh,68.66,Yamaha,Ray Zr,361741.0,2016,408.0,Petrol,28.54,Third,2022.0,Expired,Dealer,256566.47,Tier 3
Gujarat,39.26,Kawasaki,Versys 650,269702.0,2024,384.0,Petrol,29.13,Second,2024.0,Expired,Individual,214578.42,Tier 1
West Bengal,10.74,Yamaha,Ray Zr,349560.0,2017,138.0,Hybrid,81.58,Second,2021.0,Expired,Dealer,144804.67,Tier 1
Delhi,10.28,Honda,Unicorn,320464.0,2022,421.0,Hybrid,71.37,Third,2023.0,Expired,Individual,219317.19,Tier 2
West Bengal,25.92,Hero,Splendor Plus,380384.0,2020,335.0,Hybrid,63.35,Second,2021.0,Expired,Dealer,198052.64,Tier 1
Gujarat,37.6,Hero,Passion Pro,199477.0,2016,397.0,Electric,68.15,Third,2021.0,Active,Individual,121260.27,Metro
Karnataka,52.59,Ktm,125 Duke,161158.0,2015,525.0,Electric,72.27,Third,2024.0,Active,Dealer,90653.91,Metro
Karnataka,71.35,Kawasaki,Ninja 400,78512.0,2018,848.0,Electric,99.81,Third,2021.0,Not Available,Dealer,43291.17,Tier 3
Madhya Pradesh,79.46,Bajaj,Pulsar 150,364872.0,2024,883.0,Electric,98.83,Third,2024.0,Expired,Individual,205237.42,Tier 3
Gujarat,59.35,Honda,Cbr 650R,274183.0,2024,108.0,Electric,93.99,Second,2024.0,Not Available,Individual,199964.05,Tier 3
Uttar Pradesh,11.43,Royal Enfield,Meteor 350,206767.0,2021,701.0,Electric,84.19,Second,2021.0,Expired,Individual,124823.33,Tier 1
Tamil Nadu,20.86,Bajaj,Platina 110,62265.0,2022,144.0,Electric,68.44,Second,2022.0,Active,Dealer,25092.63,Tier 2
Maharashtra,66.71,Royal Enfield,Classic 350,339419.0,2022,318.0,Hybrid,65.27,Second,2024.0,Active,Dealer,141884.47,Tier 1
Karnataka,69.87,Yamaha,Fz V3,350558.0,2020,456.0,Petrol,70.2,Second,2023.0,Expired,Individual,170809.07,Tier 3
Uttar Pradesh,35.92,Bajaj,Avenger 220,293016.0,2022,301.0,Hybrid,70.2,Second,2024.0,Expired,Individual,151670.93,Tier 3
Madhya Pradesh,66.08,Ktm,390 Adventure,363317.0,2016,176.0,Hybrid,66.66,Second,2023.0,Expired,Dealer,219643.89,Tier 3
Delhi,32.87,Ktm,250 Duke,244188.0,2018,902.0,Hybrid,74.01,Second,2023.0,Not Available,Individual,112260.72,Tier 1
Delhi,13.87,Bajaj,Platina 110,214082.0,2020,583.0,Hybrid,66.67,Second,2022.0,Not Available,Individual,92856.2,Tier 2
Rajasthan,25.68,Bajaj,Ct 100,154844.0,2017,571.0,Electric,83.02,Second,2023.0,Expired,Individual,76109.89,Tier 2
Madhya Pradesh,58.29,Hero,Passion Pro,356491.0,2024,600.0,Petrol,44.85,Third,2024.0,Expired,Dealer,234359.11,Tier 1
Rajasthan,70.55,Tvs,Ntorq 125,330438.0,2023,594.0,Hybrid,70.2,Second,2023.0,Active,Dealer,140551.05,Metro
Uttar Pradesh,22.54,Kawasaki,Ninja 400,241763.0,2021,806.0,Electric,95.52,Second,2024.0,Expired,Dealer,185261.31,Metro
Gujarat,35.41,Tvs,Jupiter,274712.0,2021,583.0,Petrol,27.13,First,2021.0,Expired,Individual,163460.86,Tier 1
Gujarat,17.98,Ktm,390 Adventure,86488.0,2022,371.0,Hybrid,63.62,Second,2022.0,Not Available,Dealer,46644.65,Tier 3
Maharashtra,11.99,Yamaha,Mt-15,371021.0,2019,542.0,Hybrid,70.63,Second,2022.0,Not Available,Individual,196208.96,Metro
Rajasthan,23.64,Ktm,125 Duke,153682.0,2024,916.0,Hybrid,72.58,Third,2024.0,Active,Individual,73849.03,Tier 3
Punjab,12.53,Kawasaki,Z650,151577.0,2024,881.0,Hybrid,86.7,Second,2024.0,Not Available,Dealer,85577.0,Tier 1
Karnataka,33.71,Ktm,250 Duke,301046.0,2024,447.0,Electric,67.84,Second,2024.0,Active,Dealer,133193.12,Tier 3
West Bengal,11.82,Yamaha,Fascino 125,115803.0,2021,859.0,Hybrid,98.98,First,2021.0,Expired,Individual,89578.54,Tier 3
Maharashtra,54.89,Tvs,Apache Rtr 160,177480.0,2019,928.0,Petrol,42.86,Second,2024.0,Not Available,Individual,133551.6,Tier 3
Punjab,57.69,Tvs,Apache Rtr 160,297841.0,2022,351.0,Electric,66.24,Second,2023.0,Not Available,Individual,134637.46,Tier 2
Uttar Pradesh,59.07,Tvs,Sport,234794.0,2022,936.0,Hybrid,76.09,Third,2023.0,Active,Individual,155480.82,Tier 2
Rajasthan,72.54,Yamaha,Fz V3,172310.0,2022,362.0,Electric,60.56,Third,2024.0,Expired,Dealer,122414.57,Tier 3
Gujarat,65.46,Yamaha,Fascino 125,96677.0,2024,767.0,Hybrid,78.26,First,2024.0,Not Available,Dealer,64995.05,Tier 1
Punjab,63.99,Bajaj,Pulsar 150,227008.0,2021,849.0,Petrol,41.88,Second,2023.0,Active,Individual,136685.11,Tier 2
Uttar Pradesh,14.89,Honda,Cbr 650R,356770.0,2022,263.0,Electric,70.98,Second,2024.0,Expired,Individual,223247.75,Tier 1
Uttar Pradesh,10.53,Royal Enfield,Meteor 350,239282.0,2021,267.0,Petrol,44.52,Second,2024.0,Not Available,Individual,167000.15,Metro
Maharashtra,58.32,Tvs,Ntorq 125,255049.0,2024,214.0,Electric,85.05,Third,2024.0,Active,Dealer,151968.31,Tier 1
Uttar Pradesh,43.91,Hero,Passion Pro,327113.0,2024,501.0,Petrol,43.86,Second,2024.0,Expired,Individual,223830.21,Tier 1
Rajasthan,11.5,Tvs,Jupiter,78270.0,2019,552.0,Electric,87.69,Second,2021.0,Not Available,Dealer,35077.74,Tier 2
Rajasthan,10.6,Yamaha,Mt-15,243559.0,2023,600.0,Electric,70.2,First,2023.0,Active,Individual,113722.4,Tier 2
West Bengal,37.86,Bajaj,Pulsar 150,386933.0,2021,670.0,Petrol,27.7,Second,2024.0,Expired,Dealer,234037.43,Tier 3
Uttar Pradesh,63.18,Ktm,250 Duke,283170.0,2019,800.0,Petrol,38.93,Second,2023.0,Not Available,Individual,223998.17,Tier 1
West Bengal,6.54,Ktm,Rc 390,331413.0,2024,493.0,Hybrid,67.65,Third,2024.0,Active,Dealer,138481.39,Tier 1
Tamil Nadu,49.59,Hero,Xtreme 160R,317069.0,2022,345.0,Electric,78.57,Third,2024.0,Expired,Individual,176699.23,Metro
Gujarat,56.14,Bajaj,Avenger 220,399909.0,2021,887.0,Hybrid,70.2,Second,2021.0,Expired,Dealer,243232.89,Metro
West Bengal,55.17,Hero,Splendor Plus,154707.0,2024,340.0,Electric,69.22,Second,2024.0,Expired,Individual,92445.16,Metro
Punjab,65.42,Bajaj,Avenger 220,205740.0,2023,556.0,Hybrid,73.21,Second,2023.0,Not Available,Individual,144736.1,Tier 2
West Bengal,28.92,Hero,Splendor Plus,225481.0,2021,126.0,Petrol,30.66,Third,2023.0,Active,Individual,133472.89,Tier 1
Gujarat,45.13,Hero,Hf Deluxe,108030.0,2016,384.0,Electric,98.62,Second,2024.0,Expired,Individual,133472.89,Tier 2
Rajasthan,6.12,Hero,Splendor Plus,375005.0,2021,478.0,Electric,73.06,Third,2024.0,Not Available,Dealer,239007.9,Tier 1
Delhi,69.43,Honda,Unicorn,177239.0,2019,535.0,Petrol,45.72,Second,2024.0,Expired,Individual,79274.57,Metro
West Bengal,20.03,Tvs,Ronin,93696.0,2022,364.0,Hybrid,64.29,Second,2022.0,Active,Dealer,56098.25,Metro
Uttar Pradesh,52.27,Kawasaki,Versys 650,57231.0,2015,435.0,Hybrid,70.2,Second,2021.0,Expired,Dealer,43829.89,Tier 1
Rajasthan,25.79,Tvs,Jupiter,143429.0,2019,638.0,Hybrid,76.15,Third,2021.0,Not Available,Dealer,77995.46,Metro
Punjab,14.07,Tvs,Apache Rtr 160,133805.0,2023,372.0,Electric,81.54,Second,2023.0,Expired,Individual,75051.13,Tier 1
Madhya Pradesh,49.83,Kawasaki,Ninja 300,145930.0,2022,983.0,Hybrid,93.49,Second,2023.0,Not Available,Individual,61338.73,Tier 1
West Bengal,13.02,Tvs,Apache Rtr 160,77247.0,2020,917.0,Petrol,54.31,Second,2023.0,Expired,Dealer,46151.46,Tier 1
Madhya Pradesh,24.83,Kawasaki,Vulcan S,280510.0,2022,538.0,Petrol,37.02,Second,2022.0,Not Available,Individual,160584.64,Tier 1
Tamil Nadu,56.29,Bajaj,Ct 100,186852.0,2022,587.0,Hybrid,70.2,Third,2024.0,Active,Individual,126244.29,Tier 3
Madhya Pradesh,33.13,Kawasaki,Ninja 400,211598.0,2024,527.0,Petrol,0.0,First,2024.0,Expired,Individual,104082.56,Metro
Rajasthan,7.96,Hero,Passion Pro,101186.0,2021,188.0,Petrol,27.28,Third,2022.0,Active,Dealer,58173.69223957833,Metro
Karnataka,26.81,Ktm,Rc 390,242127.0,2024,107.0,Petrol,54.43,Third,2024.0,Expired,Dealer,127072.68,Tier 3
West Bengal,31.24,Tvs,Apache Rtr 160,57800.0,2019,332.0,Electric,92.06,Second,2023.0,Active,Dealer,32977.51,Tier 3
Rajasthan,59.65,Kawasaki,Versys 650,334397.0,2024,535.0,Petrol,40.74,Second,2024.0,Not Available,Individual,265455.42,Tier 3
Tamil Nadu,46.44,Bajaj,Platina 110,292721.0,2023,409.0,Petrol,39.53,Second,2024.0,Expired,Individual,141140.81,Tier 2
Karnataka,59.96,Hero,Passion Pro,106898.0,2021,645.0,Electric,62.49,Second,2021.0,Expired,Individual,44940.85,Tier 1
Rajasthan,36.08,Yamaha,Ray Zr,87351.0,2022,667.0,Electric,83.23,Second,2023.0,Active,Individual,36915.51,Tier 3
Tamil Nadu,35.05,Hero,Hf Deluxe,184381.0,2016,379.0,Hybrid,70.2,Third,2024.0,Expired,Individual,105140.82,Metro
Rajasthan,17.38,Bajaj,Pulsar 150,376499.0,2019,864.0,Hybrid,69.74,Second,2022.0,Active,Dealer,189605.25,Metro
Rajasthan,45.89,Bajaj,Platina 110,391685.0,2023,905.0,Petrol,34.33,Second,2024.0,Not Available,Individual,226680.01,Metro
Maharashtra,50.19,Bajaj,Dominar 400,399253.0,2024,681.0,Hybrid,76.18,Third,2024.0,Active,Individual,282021.08,Tier 1
Uttar Pradesh,42.46,Tvs,Ronin,293621.0,2024,147.0,Hybrid,62.64,Second,2024.0,Expired,Dealer,165590.94,Metro
Gujarat,75.36,Ktm,Duke 200,316668.0,2021,699.0,Petrol,70.2,Third,2023.0,Expired,Dealer,245614.66,Tier 2
Tamil Nadu,54.3,Royal Enfield,Hunter 350,245132.0,2015,183.0,Electric,90.9,Second,2022.0,Active,Dealer,117452.49,Tier 2
Rajasthan,18.93,Honda,Cbr 650R,283436.0,2015,268.0,Petrol,25.91,Second,2024.0,Expired,Dealer,183923.36,Metro
Karnataka,42.04,Bajaj,Pulsar 150,269227.0,2021,756.0,Petrol,40.12,Second,2024.0,Expired,Dealer,127955.52,Tier 3
Punjab,30.93,Royal Enfield,Interceptor 650,337433.0,2019,472.0,Petrol,27.27,Second,2021.0,Not Available,Dealer,183462.53,Tier 3
Punjab,48.88,Bajaj,Platina 110,191680.0,2023,736.0,Petrol,54.78,Third,2024.0,Expired,Dealer,83284.29,Metro
Madhya Pradesh,66.33,Ktm,250 Duke,172002.0,2016,416.0,Hybrid,65.86,Second,2022.0,Expired,Individual,122396.32,Tier 2
Karnataka,78.67,Royal Enfield,Classic 350,118452.0,2019,346.0,Petrol,70.2,Second,2021.0,Expired,Dealer,74449.87,Tier 2
Tamil Nadu,66.6,Bajaj,Platina 110,215250.0,2017,968.0,Petrol,30.1,Third,2022.0,Active,Individual,130107.12,Tier 1
Gujarat,74.25,Hero,Xtreme 160R,198765.0,2022,143.0,Electric,70.51,Second,2022.0,Active,Dealer,133472.89,Metro
Rajasthan,19.47,Bajaj,Platina 110,389329.0,2021,148.0,Hybrid,60.03,Second,2021.0,Active,Dealer,172412.72,Tier 2
Karnataka,42.43,Honda,Dio,186952.0,2017,665.0,Hybrid,69.46,Third,2023.0,Active,Dealer,110431.23,Metro
Delhi,24.18,Tvs,Apache Rtr 160,199184.0,2023,188.0,Electric,70.57,First,2023.0,Active,Dealer,83213.56,Tier 1
West Bengal,34.19,Royal Enfield,Classic 350,279179.0,2024,982.0,Petrol,42.38,Second,2024.0,Active,Dealer,129173.43,Tier 3
Delhi,64.37,Royal Enfield,Classic 350,272215.0,2020,810.0,Petrol,32.01,Second,2023.0,Expired,Individual,131831.87,Tier 2
Karnataka,9.47,Honda,Dio,252875.0,2020,784.0,Petrol,40.69,Third,2023.0,Active,Dealer,184996.32,Tier 1
Punjab,37.1,Hero,Glamour,188605.0,2020,728.0,Electric,88.96,Second,2024.0,Not Available,Individual,134558.01,Metro
Karnataka,8.57,Ktm,Rc 390,142575.0,2023,213.0,Electric,76.62,Second,2024.0,Active,Individual,83711.94,Tier 2
Karnataka,47.86,Kawasaki,Vulcan S,288319.0,2022,189.0,Petrol,55.37,Second,2024.0,Active,Individual,196010.51,Tier 3
Gujarat,79.03,Honda,Unicorn,297683.0,2022,117.0,Hybrid,65.31,Third,2024.0,Active,Dealer,163142.94,Tier 3
Maharashtra,5.25,Royal Enfield,Himalayan,216240.0,2020,896.0,Petrol,30.4,Third,2021.0,Not Available,Dealer,139730.16,Tier 2
Punjab,12.31,Hero,Xtreme 160R,263796.0,2023,739.0,Hybrid,88.62,Second,2023.0,Expired,Individual,152915.75,Tier 1
Punjab,54.36,Tvs,Ntorq 125,156435.0,2019,227.0,Hybrid,88.46,Third,2021.0,Active,Dealer,118754.42,Tier 2
Punjab,68.42,Ktm,Duke 200,298081.0,2020,820.0,Electric,90.5,Second,2023.0,Not Available,Individual,197257.07,Tier 2
Gujarat,7.98,Bajaj,Platina 110,287088.0,2023,465.0,Electric,74.85,Second,2024.0,Not Available,Dealer,211741.75,Tier 3
Tamil Nadu,41.92,Kawasaki,Ninja 400,164442.0,2023,889.0,Hybrid,61.21,Second,2023.0,Not Available,Individual,76366.73,Tier 2
Tamil Nadu,56.06,Honda,Shine,190386.0,2018,988.0,Hybrid,92.47,Second,2022.0,Not Available,Individual,121090.38,Tier 1
Tamil Nadu,54.66,Royal Enfield,Meteor 350,221205.0,2022,809.0,Electric,87.33,Third,2022.0,Not Available,Dealer,156561.17,Tier 1
Uttar Pradesh,35.36,Bajaj,Avenger 220,304951.0,2017,784.0,Hybrid,90.16,Second,2024.0,Active,Dealer,156172.17,Tier 3
Madhya Pradesh,77.28,Ktm,Rc 390,169523.0,2024,606.0,Electric,70.2,Third,2024.0,Expired,Individual,83088.84,Metro
Gujarat,19.42,Ktm,250 Duke,306571.0,2024,452.0,Hybrid,67.79,Third,2024.0,Not Available,Individual,212919.77,Tier 1
Delhi,29.87,Hero,Passion Pro,291807.0,2021,481.0,Electric,66.4,Third,2023.0,Expired,Dealer,215204.19,Tier 1
Punjab,42.93,Kawasaki,Z650,332272.0,2024,508.0,Electric,70.2,Second,2024.0,Not Available,Dealer,198975.81,Tier 1
Punjab,42.86,Ktm,250 Duke,263864.0,2019,274.0,Petrol,54.94,Second,2022.0,Not Available,Dealer,133472.89,Tier 3
Maharashtra,19.89,Hero,Passion Pro,259225.0,2022,141.0,Hybrid,76.07,Second,2024.0,Expired,Dealer,163209.69,Tier 1
West Bengal,15.59,Ktm,250 Duke,76951.0,2021,582.0,Petrol,49.01,Third,2023.0,Active,Individual,50818.81,Tier 1
Karnataka,23.54,Ktm,Rc 390,215132.0,2020,113.0,Petrol,29.55,Second,2021.0,Not Available,Dealer,139332.75,Tier 3
Uttar Pradesh,53.28,Tvs,Ntorq 125,86019.0,2020,479.0,Petrol,53.85,Second,2024.0,Active,Dealer,58402.34,Metro
Rajasthan,18.87,Honda,Dio,75476.0,2024,728.0,Electric,74.45,Second,2024.0,Not Available,Individual,54161.76,Tier 2
Delhi,31.52,Bajaj,Dominar 400,183662.0,2021,138.0,Hybrid,79.52,Second,2021.0,Not Available,Dealer,87688.96,Tier 1
Punjab,5.36,Yamaha,Ray Zr,99549.0,2024,658.0,Hybrid,64.19,Second,2024.0,Not Available,Individual,65433.07,Tier 3
Gujarat,29.07,Kawasaki,Vulcan S,326828.0,2018,451.0,Electric,64.98,Second,2024.0,Not Available,Individual,133472.89,Tier 3
Madhya Pradesh,52.73,Tvs,Ronin,212059.0,2021,286.0,Electric,85.53,Second,2021.0,Not Available,Individual,95130.11,Tier 2
Gujarat,36.45,Bajaj,Ct 100,244720.0,2022,203.0,Hybrid,98.31,Second,2024.0,Active,Dealer,176107.94,Tier 3
Madhya Pradesh,56.12,Yamaha,Mt-15,55095.0,2016,991.0,Electric,74.63,Second,2024.0,Expired,Individual,39417.14,Tier 2
Uttar Pradesh,74.29,Ktm,Rc 390,365258.0,2022,157.0,Petrol,45.33,Second,2024.0,Expired,Dealer,182880.01,Tier 1
Karnataka,42.63,Kawasaki,Versys 650,172187.0,2021,302.0,Petrol,45.65,First,2021.0,Not Available,Dealer,86840.65,Tier 3
Gujarat,64.59,Yamaha,Fz V3,358330.0,2022,571.0,Hybrid,69.69,Third,2022.0,Active,Dealer,172695.27,Tier 1
Madhya Pradesh,47.45,Royal Enfield,Meteor 350,250149.0,2016,120.0,Petrol,70.2,Second,2021.0,Expired,Dealer,185133.92,Tier 3
Punjab,29.74,Ktm,125 Duke,282250.0,2020,124.0,Hybrid,73.37,Third,2023.0,Expired,Individual,166468.97,Tier 1
Uttar Pradesh,45.78,Yamaha,R15 V4,223764.0,2021,819.0,Petrol,35.46,Second,2021.0,Expired,Dealer,133818.98,Tier 3
Madhya Pradesh,73.32,Ktm,Rc 390,235338.0,2021,221.0,Petrol,32.11,Third,2024.0,Active,Dealer,185816.57,Tier 1
Gujarat,31.01,Ktm,Duke 200,362981.0,2020,799.0,Petrol,36.65,Second,2023.0,Not Available,Dealer,283737.5,Metro
Uttar Pradesh,61.58,Honda,Unicorn,371381.0,2024,808.0,Hybrid,95.89,Second,2024.0,Expired,Individual,214141.95,Metro
Gujarat,54.63,Hero,Glamour,180612.0,2021,540.0,Petrol,43.06,Second,2024.0,Active,Dealer,81272.32,Metro
Uttar Pradesh,22.27,Bajaj,Platina 110,104949.0,2024,796.0,Hybrid,83.5,Third,2024.0,Expired,Dealer,78614.8,Tier 3
Maharashtra,79.98,Bajaj,Avenger 220,194307.0,2020,994.0,Hybrid,77.93,Second,2021.0,Expired,Individual,87130.16,Metro
Uttar Pradesh,5.63,Bajaj,Platina 110,288444.0,2023,517.0,Electric,90.87,Third,2024.0,Not Available,Individual,149964.3,Metro
Punjab,24.22,Royal Enfield,Hunter 350,79464.0,2017,785.0,Hybrid,64.86,Third,2022.0,Expired,Individual,50035.46,Tier 3
West Bengal,24.4,Yamaha,Fascino 125,252663.0,2018,763.0,Electric,86.04,Third,2021.0,Expired,Individual,133472.89,Tier 1
Delhi,37.82,Tvs,Jupiter,399947.0,2024,280.0,Electric,93.53,Second,2024.0,Not Available,Individual,263792.36,Tier 2
Uttar Pradesh,21.95,Hero,Hf Deluxe,86562.0,2021,738.0,Hybrid,77.61,Second,2021.0,Active,Individual,42597.35,Tier 2
Uttar Pradesh,71.1,Ktm,Duke 200,293590.0,2017,219.0,Electric,89.14,Second,2022.0,Expired,Individual,126972.8,Tier 2
Delhi,75.31,Royal Enfield,Hunter 350,343822.0,2018,138.0,Electric,88.21,Second,2023.0,Active,Dealer,158178.52,Tier 1
Karnataka,53.13,Ktm,250 Duke,73928.0,2022,243.0,Hybrid,74.21,Second,2022.0,Expired,Individual,33502.77,Tier 3
Punjab,51.21,Tvs,Ntorq 125,80448.0,2015,518.0,Hybrid,99.02,Second,2023.0,Not Available,Dealer,64141.03,Metro
Tamil Nadu,40.9,Royal Enfield,Hunter 350,199034.0,2022,244.0,Petrol,59.98,Second,2024.0,Active,Individual,122309.61,Tier 1
Rajasthan,39.63,Ktm,250 Duke,128348.0,2021,464.0,Electric,98.91,Second,2021.0,Expired,Individual,56661.23,Metro
Maharashtra,10.27,Tvs,Jupiter,324853.0,2022,353.0,Hybrid,83.46,Second,2022.0,Active,Individual,200716.28,Tier 3
Uttar Pradesh,19.8,Bajaj,Ct 100,347466.0,2022,159.0,Petrol,48.66,Second,2022.0,Not Available,Individual,227817.74,Tier 3
Gujarat,26.7,Hero,Passion Pro,398978.0,2023,765.0,Petrol,26.61,Second,2023.0,Not Available,Dealer,287235.93,Tier 1
Uttar Pradesh,68.42,Ktm,Duke 200,291973.0,2017,626.0,Hybrid,78.33,Third,2024.0,Not Available,Dealer,153112.6,Tier 2
Madhya Pradesh,26.29,Ktm,Rc 390,374187.0,2021,641.0,Hybrid,79.74,Second,2021.0,Active,Dealer,167582.91,Tier 1
Uttar Pradesh,71.7,Kawasaki,Ninja 400,208386.0,2024,297.0,Hybrid,99.56,First,2024.0,Expired,Dealer,122095.4,Tier 3
Madhya Pradesh,30.99,Ktm,Rc 390,202720.0,2023,817.0,Electric,69.53,Second,2023.0,Expired,Individual,100274.64,Tier 2
Tamil Nadu,46.2,Kawasaki,Vulcan S,383725.0,2024,929.0,Petrol,47.24,Second,2024.0,Active,Individual,176052.1,Tier 2
Maharashtra,59.77,Kawasaki,Versys 650,213220.0,2019,194.0,Hybrid,90.48,Second,2024.0,Expired,Individual,121080.49,Tier 3
Rajasthan,9.74,Tvs,Ronin,252049.0,2021,638.0,Electric,74.3,First,2021.0,Not Available,Dealer,157122.0,Tier 1
Rajasthan,16.71,Yamaha,Mt-15,122958.0,2022,657.0,Electric,82.26,Second,2022.0,Not Available,Dealer,79251.53,Metro
Rajasthan,18.12,Tvs,Jupiter,376405.0,2024,169.0,Hybrid,60.46,Second,2024.0,Expired,Dealer,229446.45,Metro
Maharashtra,56.13,Ktm,Duke 200,192044.0,2020,265.0,Electric,70.32,Second,2024.0,Active,Dealer,111544.47,Tier 3
Uttar Pradesh,56.89,Royal Enfield,Himalayan,169382.0,2015,480.0,Electric,75.24,Second,2023.0,Not Available,Individual,128711.0,Tier 2
Delhi,30.32,Bajaj,Pulsar 150,162244.0,2018,923.0,Petrol,34.4,Second,2023.0,Not Available,Dealer,67409.77,Tier 1
Tamil Nadu,57.21,Yamaha,Mt-15,233547.0,2020,810.0,Hybrid,82.56,Second,2023.0,Expired,Dealer,94658.35,Metro
Gujarat,50.07,Bajaj,Avenger 220,387657.0,2022,255.0,Petrol,31.66,Second,2022.0,Expired,Individual,308654.43,Tier 2
Karnataka,7.92,Kawasaki,Ninja 400,361670.0,2024,449.0,Petrol,32.86,Second,2024.0,Not Available,Dealer,177532.26,Tier 1
Rajasthan,55.23,Ktm,Duke 200,312560.0,2023,492.0,Petrol,32.86,Third,2024.0,Active,Dealer,126895.9,Tier 3
Karnataka,21.32,Kawasaki,Ninja 300,338874.0,2023,172.0,Petrol,43.9,Second,2023.0,Not Available,Individual,187146.55,Metro
Uttar Pradesh,44.39,Yamaha,Mt-15,181589.0,2015,950.0,Hybrid,71.73,Second,2023.0,Not Available,Individual,128476.6,Tier 2
Karnataka,46.26,Honda,Cbr 650R,382183.0,2021,118.0,Petrol,51.81,Second,2021.0,Active,Dealer,211052.44,Metro
Gujarat,31.84,Yamaha,Mt-15,50158.0,2024,737.0,Petrol,35.25,Second,2024.0,Not Available,Individual,26153.68,Tier 1
Tamil Nadu,12.58,Yamaha,Ray Zr,199081.0,2018,541.0,Electric,0.0,Third,2024.0,Not Available,Individual,129255.46,Metro
Madhya Pradesh,6.33,Yamaha,Mt-15,324194.0,2024,434.0,Hybrid,69.45,First,2024.0,Active,Individual,178243.88,Tier 1
Delhi,36.88,Ktm,250 Duke,307418.0,2022,606.0,Petrol,39.28,Second,2022.0,Expired,Individual,190927.1,Metro
Maharashtra,79.76,Kawasaki,Ninja 300,186102.0,2021,955.0,Electric,87.32,First,2021.0,Expired,Dealer,140081.01,Tier 2
Madhya Pradesh,40.71,Hero,Glamour,286550.0,2021,187.0,Electric,61.08,Third,2023.0,Expired,Dealer,147779.87,Tier 1
Madhya Pradesh,24.54,Kawasaki,Vulcan S,331738.0,2021,173.0,Petrol,33.17,Second,2024.0,Expired,Dealer,249483.18,Tier 3
Maharashtra,65.87,Hero,Xtreme 160R,203238.0,2020,922.0,Electric,62.21,Second,2022.0,Not Available,Dealer,97152.68,Tier 3
Karnataka,45.74,Kawasaki,Z650,233817.0,2020,356.0,Hybrid,96.26,Third,2023.0,Active,Dealer,161369.23,Tier 2
Uttar Pradesh,56.93,Royal Enfield,Hunter 350,85394.0,2024,320.0,Hybrid,82.07,Third,2024.0,Active,Dealer,35817.37,Metro
West Bengal,17.21,Ktm,250 Duke,277566.0,2023,152.0,Hybrid,64.13,Second,2023.0,Active,Individual,161954.01,Tier 2
Punjab,66.36,Kawasaki,Vulcan S,54828.0,2018,774.0,Petrol,46.74,Third,2022.0,Not Available,Individual,40386.88,Tier 2
Karnataka,77.08,Kawasaki,Vulcan S,270749.0,2023,484.0,Electric,66.56,Second,2023.0,Not Available,Dealer,121084.54,Tier 3
West Bengal,75.14,Royal Enfield,Interceptor 650,188892.0,2024,559.0,Electric,60.51,Third,2024.0,Active,Dealer,125203.91,Tier 1
Gujarat,51.4,Ktm,Rc 390,70494.0,2024,302.0,Electric,93.82,Second,2024.0,Active,Dealer,36148.05,Metro
Karnataka,34.64,Bajaj,Pulsar 150,65228.0,2017,541.0,Electric,70.47,Second,2021.0,Expired,Individual,44574.79192744673,Tier 2
West Bengal,35.82,Kawasaki,Vulcan S,305635.0,2020,758.0,Petrol,28.81,Second,2023.0,Expired,Dealer,217678.14,Tier 3
Madhya Pradesh,27.36,Hero,Splendor Plus,190065.0,2023,118.0,Petrol,48.83,Second,2023.0,Not Available,Individual,150847.14,Tier 2
Delhi,69.89,Honda,Dio,67356.0,2019,782.0,Electric,65.58,Second,2022.0,Not Available,Individual,50170.24,Tier 2
Delhi,28.08,Royal Enfield,Himalayan,132895.0,2019,682.0,Electric,90.46,Third,2023.0,Expired,Individual,62810.08,Tier 2
Tamil Nadu,57.32,Bajaj,Avenger 220,299575.0,2024,189.0,Petrol,41.45,Second,2024.0,Active,Individual,183246.53,Metro
Rajasthan,49.89,Hero,Hf Deluxe,246828.0,2024,936.0,Petrol,45.0,First,2024.0,Active,Dealer,133472.89,Tier 1
Rajasthan,67.46,Bajaj,Ct 100,380004.0,2019,206.0,Electric,61.78,Second,2023.0,Active,Individual,202072.38,Metro
Rajasthan,11.5,Tvs,Jupiter,78270.0,2019,552.0,Electric,87.69,Second,2021.0,Not Available,Dealer,35099.096594133465,Tier 2
Maharashtra,44.67,Bajaj,Platina 110,75453.0,2022,848.0,Petrol,58.41,Second,2022.0,Expired,Individual,36751.97,Tier 2
Delhi,57.97,Royal Enfield,Interceptor 650,326146.0,2023,516.0,Electric,65.97,First,2023.0,Active,Dealer,133472.89,Tier 2
Karnataka,30.63,Bajaj,Ct 100,232353.0,2020,577.0,Hybrid,82.45,Second,2021.0,Not Available,Dealer,155275.73,Tier 3
Rajasthan,66.13,Kawasaki,Ninja 400,255349.0,2021,361.0,Hybrid,92.82,First,2021.0,Expired,Individual,153625.01,Metro
West Bengal,73.16,Royal Enfield,Meteor 350,395649.0,2017,999.0,Petrol,41.0,Second,2021.0,Expired,Dealer,265851.43,Tier 3
Karnataka,19.34,Royal Enfield,Himalayan,163979.0,2023,885.0,Petrol,31.99,Second,2024.0,Active,Dealer,124987.99280199267,Tier 1
Uttar Pradesh,55.03,Kawasaki,Vulcan S,110493.0,2024,453.0,Hybrid,67.68,Second,2024.0,Not Available,Dealer,51861.41,Tier 3
Rajasthan,22.15,Ktm,Duke 200,320435.0,2024,334.0,Electric,61.26,Second,2024.0,Expired,Dealer,200058.28,Metro
Punjab,59.97,Royal Enfield,Interceptor 650,88875.0,2021,129.0,Electric,78.24,Third,2021.0,Active,Dealer,52290.54,Tier 2
Uttar Pradesh,28.0,Royal Enfield,Interceptor 650,206245.0,2018,941.0,Hybrid,76.04,Second,2024.0,Expired,Individual,90144.01,Tier 2
Gujarat,68.27,Tvs,Ronin,218954.0,2024,116.0,Electric,72.41,Second,2024.0,Not Available,Dealer,114251.53,Tier 1
Punjab,59.54,Royal Enfield,Meteor 350,215717.0,2022,733.0,Hybrid,95.82,Second,2022.0,Expired,Dealer,109140.39,Tier 1
Gujarat,39.2,Yamaha,Mt-15,313862.0,2021,331.0,Petrol,56.5,Third,2021.0,Expired,Individual,127217.74,Tier 2
Madhya Pradesh,54.03,Bajaj,Ct 100,224266.0,2023,596.0,Electric,77.11,Second,2024.0,Expired,Individual,167899.96,Tier 1
Rajasthan,23.92,Tvs,Ntorq 125,248111.0,2019,135.0,Petrol,33.85,Second,2024.0,Not Available,Individual,133472.89,Tier 3
Tamil Nadu,61.54,Hero,Xtreme 160R,77958.0,2020,727.0,Hybrid,60.49,Second,2023.0,Active,Dealer,37307.25,Metro
Gujarat,54.52,Hero,Hf Deluxe,284874.0,2021,538.0,Petrol,26.36,Second,2024.0,Expired,Dealer,129923.13,Tier 2
Delhi,55.63,Bajaj,Ct 100,320670.0,2023,425.0,Hybrid,70.59,Third,2024.0,Expired,Individual,133472.89,Metro
Tamil Nadu,28.28,Bajaj,Platina 110,206778.0,2018,600.0,Petrol,54.86,Second,2024.0,Not Available,Dealer,133472.89,Tier 1
Rajasthan,32.07,Honda,Cbr 650R,291527.0,2019,550.0,Hybrid,70.2,Second,2023.0,Active,Dealer,153738.78,Tier 3
Madhya Pradesh,46.67,Honda,Cbr 650R,303770.0,2024,729.0,Electric,77.81,Second,2024.0,Active,Individual,174223.67,Tier 2
Rajasthan,76.79,Ktm,390 Adventure,369006.0,2021,612.0,Electric,88.72,Second,2022.0,Active,Individual,160797.26,Metro
Gujarat,32.1,Ktm,Rc 390,221313.0,2017,129.0,Hybrid,96.63,Second,2021.0,Expired,Dealer,102138.56,Tier 1
Delhi,16.86,Hero,Hf Deluxe,274558.0,2015,395.0,Electric,84.6,Second,2023.0,Expired,Individual,113057.69,Tier 1
Tamil Nadu,65.98,Kawasaki,Z650,152189.0,2015,294.0,Hybrid,91.08,Second,2022.0,Not Available,Individual,133472.89,Tier 2
Punjab,25.4,Honda,Cbr 650R,387255.0,2019,559.0,Hybrid,71.04,Second,2021.0,Not Available,Individual,296029.09,Tier 3
Madhya Pradesh,63.66,Yamaha,Fascino 125,382831.0,2022,744.0,Hybrid,80.57,Second,2023.0,Active,Dealer,298617.61,Tier 3
Punjab,72.75,Royal Enfield,Meteor 350,284443.0,2022,485.0,Petrol,42.0,Second,2024.0,Active,Dealer,135780.89,Metro
Madhya Pradesh,40.1,Hero,Glamour,262628.0,2021,878.0,Hybrid,70.99,Second,2021.0,Expired,Dealer,188983.32,Metro
Madhya Pradesh,48.37,Royal Enfield,Classic 350,365940.0,2022,934.0,Petrol,35.97,Second,2022.0,Expired,Dealer,181406.02,Tier 2
Karnataka,78.21,Hero,Hf Deluxe,306778.0,2024,939.0,Electric,71.95,Third,2024.0,Active,Dealer,135956.49,Tier 3
Maharashtra,8.26,Kawasaki,Z650,178176.0,2016,886.0,Electric,65.17,Third,2021.0,Expired,Individual,85446.81,Metro
Delhi,17.43,Ktm,250 Duke,276058.0,2018,519.0,Petrol,28.62,Second,2022.0,Expired,Dealer,187403.58,Metro
Madhya Pradesh,53.86,Bajaj,Avenger 220,81825.0,2020,672.0,Hybrid,84.59,Second,2022.0,Active,Individual,34196.97,Metro
Rajasthan,43.37,Tvs,Sport,393631.0,2022,114.0,Hybrid,76.42,Second,2022.0,Not Available,Dealer,310667.65,Metro
Maharashtra,62.11,Bajaj,Pulsar 150,102023.0,2022,519.0,Electric,70.04,Second,2022.0,Expired,Dealer,79922.78,Tier 2
Karnataka,7.11,Honda,Cbr 650R,222160.0,2024,710.0,Hybrid,63.18,First,2024.0,Active,Individual,161735.82,Tier 2
Madhya Pradesh,14.86,Bajaj,Dominar 400,222360.0,2020,505.0,Petrol,56.43,Second,2024.0,Active,Dealer,153779.34,Tier 3
Madhya Pradesh,35.43,Yamaha,Fz V3,291213.0,2015,560.0,Petrol,70.2,Second,2023.0,Expired,Dealer,132165.92,Tier 2
Rajasthan,47.52,Ktm,Rc 390,129914.0,2019,982.0,Hybrid,91.33,Third,2022.0,Not Available,Dealer,92917.39,Tier 3
Rajasthan,38.98,Ktm,Duke 200,396276.0,2022,850.0,Hybrid,98.85,Second,2024.0,Expired,Individual,247679.06,Tier 3
West Bengal,42.79,Tvs,Ronin,242218.0,2022,930.0,Petrol,38.06,First,2022.0,Active,Individual,153415.44,Tier 1
Madhya Pradesh,38.03,Ktm,390 Adventure,106604.0,2016,662.0,Hybrid,96.38,Second,2024.0,Active,Individual,51615.38,Tier 2
Madhya Pradesh,71.83,Hero,Glamour,207944.0,2017,141.0,Hybrid,81.94,Second,2021.0,Expired,Dealer,107769.8,Tier 3
Maharashtra,8.27,Hero,Passion Pro,369196.0,2024,552.0,Hybrid,95.95,First,2024.0,Expired,Dealer,240455.12,Tier 3
Karnataka,11.93,Ktm,250 Duke,205979.0,2022,121.0,Electric,82.53,Second,2022.0,Not Available,Individual,163235.75,Tier 3
Punjab,25.39,Yamaha,Mt-15,233599.0,2021,959.0,Hybrid,78.59,Second,2021.0,Expired,Dealer,133472.89,Tier 3
Gujarat,12.64,Kawasaki,Ninja 300,110653.0,2016,114.0,Hybrid,98.38,Second,2023.0,Expired,Individual,83610.18,Tier 3
Uttar Pradesh,58.29,Honda,Activa,62971.0,2023,584.0,Electric,99.27,Second,2023.0,Expired,Individual,27961.09,Tier 3
Uttar Pradesh,32.5,Bajaj,Ct 100,307703.0,2020,356.0,Electric,82.59,Second,2021.0,Active,Dealer,192750.42,Tier 1
Rajasthan,68.67,Honda,Dio,222360.0,2024,992.0,Hybrid,94.12,Second,2024.0,Active,Dealer,171857.57,Tier 3
Uttar Pradesh,10.77,Hero,Xtreme 160R,394469.0,2015,167.0,Electric,92.87,Second,2022.0,Expired,Individual,217482.98,Tier 1
Gujarat,24.9,Hero,Passion Pro,247813.0,2020,261.0,Petrol,57.3,Second,2023.0,Expired,Dealer,175842.4,Tier 3
Karnataka,25.08,Bajaj,Ct 100,248029.0,2020,996.0,Petrol,29.76,Third,2024.0,Expired,Individual,107097.58,Tier 3
West Bengal,60.6,Hero,Glamour,151952.0,2023,469.0,Electric,83.33,Second,2023.0,Active,Individual,119643.15,Tier 2
Rajasthan,44.23,Yamaha,Ray Zr,111735.0,2020,185.0,Petrol,43.42,Second,2022.0,Not Available,Dealer,133472.89,Metro
Madhya Pradesh,53.04,Royal Enfield,Classic 350,115226.0,2022,186.0,Electric,71.54,Second,2023.0,Expired,Dealer,60886.54,Tier 2
Tamil Nadu,26.27,Kawasaki,Versys 650,319870.0,2016,842.0,Hybrid,99.2,Second,2023.0,Expired,Dealer,174791.22,Tier 3
Uttar Pradesh,53.02,Hero,Hf Deluxe,151594.0,2019,645.0,Petrol,43.48,Third,2024.0,Not Available,Individual,68591.95,Tier 1
Punjab,31.61,Ktm,125 Duke,224182.0,2021,127.0,Hybrid,82.21,Second,2021.0,Not Available,Individual,142821.61,Tier 3
Uttar Pradesh,55.82,Kawasaki,Ninja 400,353184.0,2017,402.0,Hybrid,71.1,Second,2021.0,Not Available,Dealer,202437.15,Tier 2
Madhya Pradesh,75.82,Hero,Passion Pro,196119.0,2020,506.0,Electric,70.45,Second,2023.0,Active,Dealer,140231.51,Tier 1
Delhi,70.95,Royal Enfield,Meteor 350,135677.0,2024,706.0,Hybrid,92.94,Second,2024.0,Active,Individual,69640.3,Tier 1
Delhi,13.99,Hero,Hf Deluxe,176150.0,2020,577.0,Hybrid,77.24,Second,2021.0,Not Available,Individual,121418.62,Tier 2
Punjab,39.25,Yamaha,Fascino 125,186839.0,2020,275.0,Hybrid,98.23,Third,2022.0,Not Available,Dealer,126610.77,Tier 1
Karnataka,5.58,Tvs,Apache Rtr 160,363385.0,2021,399.0,Electric,78.31,Second,2023.0,Not Available,Dealer,192657.05,Metro
Tamil Nadu,50.74,Honda,Shine,357669.0,2024,494.0,Electric,82.05,Second,2024.0,Not Available,Dealer,281826.69,Metro
Gujarat,44.14,Bajaj,Dominar 400,161535.0,2023,609.0,Electric,62.79,Third,2024.0,Expired,Dealer,90184.11,Tier 2
Gujarat,71.53,Tvs,Ntorq 125,168708.0,2021,420.0,Hybrid,98.31,Second,2021.0,Not Available,Individual,104740.65,Metro
Tamil Nadu,32.29,Kawasaki,Ninja 400,142362.0,2021,790.0,Hybrid,60.78,Second,2021.0,Active,Individual,65530.36,Tier 1
Madhya Pradesh,31.24,Kawasaki,Vulcan S,80411.0,2023,182.0,Hybrid,93.79,Third,2024.0,Not Available,Individual,40136.35,Metro
Rajasthan,10.09,Ktm,390 Adventure,174687.0,2015,487.0,Petrol,58.08,Second,2024.0,Not Available,Dealer,73257.6,Tier 1
Maharashtra,16.92,Bajaj,Dominar 400,78804.0,2023,845.0,Hybrid,96.52,Second,2023.0,Active,Dealer,44945.49,Tier 3
Madhya Pradesh,35.19,Royal Enfield,Meteor 350,360420.0,2023,545.0,Petrol,53.27,First,2023.0,Expired,Dealer,201978.3,Tier 3
Tamil Nadu,18.26,Bajaj,Dominar 400,142434.0,2022,235.0,Hybrid,91.96,Second,2022.0,Not Available,Dealer,85175.69,Tier 2
Karnataka,67.1,Yamaha,Fz V3,176287.0,2023,659.0,Petrol,56.86,Second,2023.0,Not Available,Individual,114124.14,Tier 2
Rajasthan,50.31,Bajaj,Ct 100,267779.0,2023,921.0,Hybrid,88.31,Second,2024.0,Expired,Dealer,204903.09,Tier 3
Uttar Pradesh,47.76,Honda,Shine,380071.0,2023,928.0,Hybrid,89.92,Second,2024.0,Active,Dealer,171149.96,Metro
West Bengal,48.66,Ktm,125 Duke,384766.0,2018,790.0,Hybrid,94.82,Second,2021.0,Not Available,Individual,244407.54,Tier 3
Maharashtra,11.09,Royal Enfield,Meteor 350,132411.0,2022,734.0,Petrol,49.8,First,2022.0,Not Available,Individual,102265.65,Tier 3
Delhi,16.51,Yamaha,Fz V3,390436.0,2015,222.0,Petrol,42.49,Second,2022.0,Expired,Dealer,238535.5,Tier 3
West Bengal,22.27,Kawasaki,Ninja 400,329678.0,2023,277.0,Petrol,46.28,Second,2023.0,Active,Individual,220311.73,Tier 2
Maharashtra,40.72,Ktm,125 Duke,112188.0,2021,621.0,Electric,62.68,Third,2023.0,Expired,Dealer,75550.05,Metro
Rajasthan,68.86,Tvs,Apache Rtr 160,322805.0,2020,274.0,Electric,69.06,Third,2021.0,Not Available,Dealer,179197.1,Metro
Gujarat,57.82,Ktm,Duke 200,281144.0,2019,753.0,Hybrid,75.65,Third,2021.0,Active,Dealer,223593.87874591563,Tier 3
Maharashtra,32.77,Bajaj,Ct 100,53201.0,2017,754.0,Hybrid,82.93,Second,2024.0,Not Available,Individual,26744.07,Tier 2
Maharashtra,10.29,Yamaha,Fz V3,158980.0,2017,351.0,Electric,71.56,Second,2024.0,Not Available,Dealer,98821.97,Tier 2
Madhya Pradesh,60.53,Royal Enfield,Hunter 350,338937.0,2020,405.0,Electric,72.02,Second,2023.0,Not Available,Dealer,187106.92,Tier 1
Delhi,72.51,Hero,Splendor Plus,274009.0,2018,417.0,Hybrid,81.85,Second,2021.0,Active,Dealer,133472.89,Tier 1
Tamil Nadu,75.51,Yamaha,Fascino 125,377922.0,2022,915.0,Hybrid,91.46,Third,2023.0,Not Available,Individual,161962.88,Metro
Madhya Pradesh,8.33,Honda,Cbr 650R,274409.0,2024,785.0,Petrol,42.7,Second,2024.0,Active,Dealer,189624.37,Tier 3
Delhi,46.97,Hero,Glamour,357100.0,2021,466.0,Petrol,54.56,Second,2024.0,Not Available,Individual,224241.49,Tier 1
Maharashtra,37.06,Tvs,Ronin,393908.0,2023,588.0,Hybrid,91.91,First,2023.0,Active,Individual,267321.55,Tier 2
Rajasthan,37.42,Hero,Hf Deluxe,93966.0,2024,150.0,Petrol,50.9,Second,2024.0,Not Available,Individual,53471.53,Tier 3
Rajasthan,41.82,Ktm,250 Duke,189781.0,2021,935.0,Petrol,39.3,Third,2021.0,Expired,Dealer,103019.67,Tier 3
Delhi,46.89,Tvs,Sport,258524.0,2023,338.0,Hybrid,70.2,Third,2023.0,Expired,Individual,130796.94,Tier 1
Tamil Nadu,39.54,Yamaha,Fascino 125,179554.0,2019,575.0,Petrol,56.85,Second,2022.0,Expired,Dealer,93733.53,Tier 2
Karnataka,41.98,Tvs,Apache Rtr 160,317111.0,2024,958.0,Petrol,40.13,Third,2024.0,Not Available,Dealer,238045.07,Tier 1
Karnataka,63.0,Yamaha,Fz V3,300701.0,2016,595.0,Electric,75.46,Second,2021.0,Not Available,Individual,156290.66,Tier 1
Uttar Pradesh,11.54,Honda,Activa,302547.0,2019,469.0,Electric,71.95,Third,2024.0,Active,Individual,124843.95,Tier 3
Maharashtra,66.78,Ktm,250 Duke,89182.0,2024,882.0,Electric,66.61,Second,2024.0,Active,Dealer,133472.89,Tier 1
Uttar Pradesh,54.64,Kawasaki,Ninja 400,318013.0,2021,991.0,Electric,64.19,Second,2022.0,Expired,Dealer,148193.47,Tier 3
Rajasthan,73.02,Kawasaki,Ninja 400,298448.0,2016,245.0,Hybrid,70.2,Second,2022.0,Expired,Individual,168606.23,Tier 2
Karnataka,13.87,Kawasaki,Vulcan S,235465.0,2020,389.0,Hybrid,62.25,Second,2023.0,Active,Individual,178910.74,Tier 1
West Bengal,68.15,Kawasaki,Ninja 300,361573.0,2016,542.0,Electric,67.9,Second,2021.0,Not Available,Dealer,239578.83,Tier 1
Tamil Nadu,34.38,Tvs,Ronin,223061.0,2024,230.0,Electric,65.37,Third,2024.0,Not Available,Individual,168659.29,Tier 3
Karnataka,9.83,Tvs,Ronin,338519.0,2021,771.0,Hybrid,66.48,Second,2021.0,Not Available,Individual,167425.55,Tier 1
West Bengal,33.58,Yamaha,Fz V3,179257.0,2023,877.0,Electric,60.19,Second,2024.0,Active,Dealer,136384.78,Tier 1
Punjab,14.22,Ktm,250 Duke,72124.0,2021,407.0,Petrol,46.73,Third,2023.0,Expired,Dealer,45442.25,Tier 3
Uttar Pradesh,7.79,Ktm,250 Duke,367930.0,2022,245.0,Hybrid,60.98,Third,2023.0,Active,Dealer,258394.55,Tier 1
Madhya Pradesh,32.59,Kawasaki,Z650,220070.0,2018,562.0,Electric,84.3,Second,2024.0,Expired,Individual,97635.78,Tier 1
Tamil Nadu,65.7,Bajaj,Platina 110,261950.0,2016,793.0,Petrol,70.2,Second,2023.0,Active,Individual,156054.4,Metro
West Bengal,68.43,Ktm,390 Adventure,138725.0,2022,964.0,Hybrid,81.88,Second,2023.0,Not Available,Dealer,98925.47,Tier 1
West Bengal,24.72,Honda,Dio,273884.0,2018,365.0,Electric,84.92,Second,2024.0,Not Available,Dealer,124004.06,Tier 3
Uttar Pradesh,42.81,Bajaj,Avenger 220,183637.0,2021,948.0,Electric,60.2,First,2021.0,Not Available,Individual,139044.42,Tier 1
Rajasthan,11.56,Honda,Dio,127797.0,2022,460.0,Electric,74.56,Second,2023.0,Expired,Individual,69554.23,Tier 3
Punjab,6.04,Yamaha,Fz V3,211692.0,2018,826.0,Electric,99.38,Third,2022.0,Expired,Individual,156307.34,Tier 3
Gujarat,18.0,Tvs,Apache Rtr 160,226142.0,2021,839.0,Electric,68.55,Third,2024.0,Not Available,Individual,169717.83,Tier 3
West Bengal,67.37,Ktm,390 Adventure,308443.0,2018,291.0,Hybrid,63.57,Second,2023.0,Expired,Dealer,151326.31,Metro
Rajasthan,57.58,Kawasaki,Ninja 300,326696.0,2024,917.0,Electric,95.0,Second,2024.0,Not Available,Individual,219695.8,Tier 1
Madhya Pradesh,22.42,Bajaj,Ct 100,178912.0,2024,567.0,Electric,70.3,Second,2024.0,Not Available,Dealer,100777.82,Tier 3
Uttar Pradesh,55.49,Yamaha,Fascino 125,134230.0,2023,199.0,Petrol,45.84,Third,2023.0,Not Available,Individual,56075.14,Tier 2
Delhi,42.1,Honda,Dio,116973.0,2024,359.0,Hybrid,96.87,Second,2024.0,Expired,Individual,87522.04,Tier 1
Karnataka,14.58,Ktm,250 Duke,346546.0,2016,653.0,Electric,74.33,Second,2024.0,Active,Dealer,204171.69,Tier 2
Karnataka,61.95,Honda,Dio,253529.0,2017,220.0,Electric,93.19,Third,2021.0,Expired,Individual,106241.68,Tier 2
Madhya Pradesh,21.83,Royal Enfield,Classic 350,62774.0,2017,246.0,Electric,85.53,Second,2022.0,Active,Dealer,26524.51,Tier 3
Maharashtra,22.39,Ktm,250 Duke,137213.0,2023,563.0,Petrol,35.93,Second,2024.0,Not Available,Individual,83143.89,Tier 2
Gujarat,39.57,Yamaha,Mt-15,284385.0,2021,684.0,Hybrid,91.34,Second,2022.0,Active,Individual,115128.47,Tier 1
Gujarat,66.72,Honda,Unicorn,318764.0,2018,809.0,Hybrid,69.97,Second,2022.0,Not Available,Individual,197156.4,Tier 3
Gujarat,27.74,Kawasaki,Versys 650,190274.0,2020,719.0,Electric,81.71,Second,2024.0,Not Available,Dealer,127797.15,Metro
Punjab,77.08,Yamaha,Fz V3,188831.0,2020,977.0,Petrol,40.0,Second,2023.0,Active,Individual,87265.88,Metro
Maharashtra,58.2,Royal Enfield,Interceptor 650,307197.0,2018,751.0,Petrol,57.81,Second,2023.0,Not Available,Dealer,147781.71,Tier 2
Rajasthan,18.71,Hero,Passion Pro,237809.0,2024,718.0,Hybrid,66.56,Second,2024.0,Not Available,Individual,155920.62790523848,Tier 3
Gujarat,38.09,Tvs,Ntorq 125,271348.0,2021,315.0,Electric,75.82,Second,2023.0,Expired,Dealer,171452.21,Tier 3
Maharashtra,74.61,Royal Enfield,Himalayan,160187.0,2021,385.0,Petrol,37.79,Second,2023.0,Active,Individual,133472.89,Tier 2
Punjab,6.83,Honda,Dio,381429.0,2020,771.0,Electric,93.4,Second,2021.0,Not Available,Dealer,302588.59,Tier 1
Uttar Pradesh,76.81,Honda,Cbr 650R,358685.0,2016,928.0,Petrol,31.11,Third,2021.0,Not Available,Dealer,286753.77,Tier 1
Gujarat,12.32,Bajaj,Dominar 400,87786.0,2016,178.0,Electric,72.26,Second,2021.0,Expired,Dealer,45368.97,Tier 3
Madhya Pradesh,27.3,Honda,Activa,124943.0,2017,206.0,Petrol,25.03,Second,2023.0,Expired,Dealer,87680.28,Tier 2
Karnataka,44.34,Bajaj,Pulsar 150,79604.0,2021,132.0,Electric,70.69,Third,2023.0,Active,Individual,54450.71,Tier 1
Maharashtra,51.39,Bajaj,Pulsar 150,373064.0,2022,584.0,Petrol,42.22,Third,2024.0,Expired,Individual,267307.51,Metro
Madhya Pradesh,43.67,Bajaj,Platina 110,222220.0,2022,213.0,Electric,66.02,First,2022.0,Not Available,Dealer,101514.44,Metro
Gujarat,23.43,Ktm,390 Adventure,62824.0,2024,639.0,Electric,85.7,Second,2024.0,Active,Individual,28447.66,Tier 2
Karnataka,19.11,Honda,Shine,137513.0,2022,460.0,Petrol,54.87,Second,2023.0,Expired,Individual,76320.13,Tier 3
Madhya Pradesh,47.6,Honda,Dio,369806.0,2020,146.0,Electric,64.19,Second,2023.0,Not Available,Individual,148806.82,Tier 1
Gujarat,55.29,Ktm,Duke 200,366465.0,2017,292.0,Hybrid,99.62,Second,2023.0,Not Available,Individual,175495.58,Metro
Rajasthan,45.08,Hero,Xtreme 160R,324376.0,2017,798.0,Hybrid,66.09,Second,2023.0,Expired,Dealer,185477.49,Metro
Uttar Pradesh,60.29,Royal Enfield,Himalayan,144639.0,2022,532.0,Hybrid,90.4,Second,2024.0,Expired,Dealer,64471.51,Tier 3
Punjab,54.47,Bajaj,Avenger 220,399627.0,2019,202.0,Hybrid,92.53,Second,2021.0,Expired,Dealer,291600.18,Metro
Madhya Pradesh,39.58,Tvs,Ntorq 125,365843.0,2020,539.0,Electric,62.91,Second,2021.0,Active,Individual,277854.91,Tier 1
Tamil Nadu,73.0,Royal Enfield,Himalayan,237722.0,2019,853.0,Electric,94.49,Second,2021.0,Not Available,Dealer,139116.39,Metro
Maharashtra,77.34,Ktm,Rc 390,168065.0,2020,277.0,Hybrid,97.76,Second,2023.0,Active,Individual,133658.93,Tier 3
Uttar Pradesh,49.78,Tvs,Sport,227419.0,2024,437.0,Electric,60.3,First,2024.0,Not Available,Individual,159955.25,Tier 3
Delhi,16.62,Yamaha,Mt-15,208201.0,2019,441.0,Petrol,34.97,Second,2022.0,Active,Individual,129270.78,Tier 3
Delhi,16.02,Honda,Unicorn,181986.0,2020,901.0,Electric,72.95,Second,2023.0,Active,Dealer,73781.11,Metro
Uttar Pradesh,69.69,Kawasaki,Ninja 300,99188.0,2021,884.0,Petrol,38.37,Third,2022.0,Expired,Dealer,48082.34,Tier 1
Gujarat,26.69,Kawasaki,Vulcan S,136622.0,2024,530.0,Petrol,37.18,First,2024.0,Active,Dealer,72476.88,Metro
Rajasthan,8.02,Tvs,Sport,249222.0,2024,197.0,Petrol,49.01,Second,2024.0,Active,Dealer,147655.12,Metro
Rajasthan,41.79,Ktm,250 Duke,74711.0,2021,128.0,Electric,88.24,Second,2021.0,Active,Dealer,31983.98,Metro
Madhya Pradesh,31.11,Ktm,125 Duke,375046.0,2020,463.0,Electric,60.92,Second,2021.0,Expired,Dealer,182423.7611191645,Metro
West Bengal,52.82,Ktm,Duke 200,91710.0,2018,529.0,Electric,66.44,Second,2024.0,Not Available,Individual,65269.25,Tier 3
West Bengal,48.95,Yamaha,R15 V4,261236.0,2021,887.0,Electric,69.12,Second,2021.0,Not Available,Individual,132188.34,Tier 3
West Bengal,77.21,Ktm,250 Duke,233031.0,2022,913.0,Electric,95.07,Third,2023.0,Active,Individual,111236.41,Metro
Punjab,76.75,Kawasaki,Ninja 300,184054.0,2019,219.0,Petrol,37.62,Third,2024.0,Expired,Dealer,117202.76,Metro
Karnataka,15.86,Hero,Xtreme 160R,182920.0,2019,108.0,Hybrid,86.55,Second,2021.0,Not Available,Dealer,129188.69,Tier 3
Uttar Pradesh,44.74,Hero,Hf Deluxe,339403.0,2022,911.0,Petrol,55.67,Second,2022.0,Active,Individual,270900.13,Tier 2
Delhi,58.26,Hero,Glamour,268616.0,2019,267.0,Petrol,55.23,Second,2024.0,Expired,Individual,133128.19,Tier 2
Gujarat,32.42,Honda,Shine,260574.0,2019,709.0,Hybrid,94.25,Third,2024.0,Expired,Individual,181985.28,Tier 3
Rajasthan,68.21,Hero,Hf Deluxe,324698.0,2022,617.0,Petrol,54.15,Second,2022.0,Expired,Individual,135871.8,Tier 1
Karnataka,55.3,Honda,Activa,245248.0,2024,219.0,Hybrid,70.2,Third,2024.0,Expired,Dealer,186388.64,Tier 3
Karnataka,70.66,Kawasaki,Z650,196094.0,2020,403.0,Electric,81.34,Third,2024.0,Active,Individual,121976.43,Tier 2
West Bengal,47.49,Hero,Passion Pro,381790.0,2016,283.0,Electric,83.53,Second,2024.0,Active,Individual,267916.56,Tier 1
Punjab,8.35,Honda,Unicorn,215530.0,2024,227.0,Petrol,42.87,Second,2024.0,Not Available,Individual,101821.32,Tier 2
Punjab,50.29,Honda,Unicorn,116257.0,2024,135.0,Electric,77.91,Third,2024.0,Expired,Dealer,73210.17,Metro
West Bengal,63.62,Royal Enfield,Himalayan,341980.0,2021,784.0,Petrol,29.18,Second,2023.0,Not Available,Individual,223233.5,Tier 1
Delhi,20.77,Ktm,Rc 390,360011.0,2020,968.0,Hybrid,71.4,Second,2024.0,Not Available,Individual,192735.35,Tier 3
Madhya Pradesh,17.6,Honda,Unicorn,205380.0,2021,851.0,Hybrid,88.23,Second,2023.0,Not Available,Individual,114388.65,Tier 3
West Bengal,67.56,Honda,Shine,113701.0,2017,235.0,Hybrid,83.53,Second,2024.0,Expired,Dealer,46607.11,Tier 1
Delhi,17.05,Royal Enfield,Himalayan,223132.0,2021,550.0,Petrol,34.39,Second,2022.0,Not Available,Individual,163954.06,Tier 1
Madhya Pradesh,26.96,Honda,Dio,385316.0,2022,755.0,Electric,70.5,Third,2024.0,Expired,Dealer,157446.85,Tier 3
Punjab,14.36,Kawasaki,Versys 650,73453.0,2021,584.0,Petrol,31.85,Second,2023.0,Active,Dealer,41405.08,Tier 2
Tamil Nadu,47.96,Ktm,Rc 390,382869.0,2020,948.0,Electric,84.15,Third,2024.0,Expired,Dealer,159084.16,Tier 1
Delhi,66.06,Hero,Glamour,226406.0,2021,518.0,Hybrid,80.88,Third,2024.0,Expired,Dealer,162158.14,Metro
Rajasthan,35.36,Honda,Dio,322940.0,2017,444.0,Petrol,50.38,Second,2022.0,Active,Individual,138437.51,Metro
Madhya Pradesh,52.56,Bajaj,Dominar 400,203088.0,2023,368.0,Petrol,45.36,First,2023.0,Expired,Dealer,94038.52,Tier 3
Madhya Pradesh,12.14,Royal Enfield,Hunter 350,123419.0,2020,441.0,Petrol,32.59,Second,2024.0,Active,Dealer,76133.01,Tier 1
Karnataka,38.02,Hero,Passion Pro,323101.0,2023,259.0,Petrol,30.13,Second,2024.0,Expired,Dealer,243374.59,Tier 1
Tamil Nadu,39.33,Bajaj,Pulsar 150,299501.0,2021,363.0,Electric,89.79,First,2021.0,Expired,Individual,124342.94,Tier 3
Punjab,31.19,Tvs,Ntorq 125,358251.0,2023,986.0,Electric,92.38,Second,2023.0,Not Available,Dealer,271257.6,Metro
Uttar Pradesh,49.35,Bajaj,Ct 100,142129.0,2019,402.0,Electric,91.76,Second,2023.0,Expired,Dealer,60068.55,Tier 1
Uttar Pradesh,52.05,Royal Enfield,Hunter 350,144753.0,2020,560.0,Petrol,41.09,Second,2021.0,Not Available,Individual,101802.79,Tier 1
West Bengal,44.29,Tvs,Ronin,328713.0,2020,779.0,Hybrid,81.41,Second,2023.0,Active,Dealer,233837.65,Tier 3
Madhya Pradesh,32.68,Ktm,125 Duke,60127.0,2021,412.0,Electric,86.56,Second,2021.0,Active,Individual,133472.89,Tier 3
Delhi,5.12,Royal Enfield,Hunter 350,194425.0,2023,478.0,Hybrid,63.78,Second,2023.0,Expired,Dealer,86664.74,Tier 3
Gujarat,67.44,Kawasaki,Z650,373703.0,2024,706.0,Petrol,48.96,Second,2024.0,Not Available,Individual,232102.35,Tier 3
Tamil Nadu,31.53,Yamaha,Fz V3,263156.0,2023,379.0,Hybrid,97.69,Second,2023.0,Expired,Individual,147574.94,Tier 3
Tamil Nadu,74.35,Yamaha,Mt-15,184636.0,2022,418.0,Petrol,35.38,Second,2022.0,Not Available,Individual,111548.68,Metro
West Bengal,37.01,Hero,Passion Pro,168168.0,2016,952.0,Electric,83.77,Third,2021.0,Expired,Individual,102694.0,Tier 3
Rajasthan,52.78,Hero,Passion Pro,113756.0,2024,519.0,Petrol,55.79,Third,2024.0,Not Available,Individual,83582.84,Tier 2
Rajasthan,74.55,Royal Enfield,Meteor 350,290488.0,2020,821.0,Hybrid,82.2,Second,2021.0,Expired,Individual,168816.82,Metro
Delhi,65.19,Ktm,125 Duke,301107.0,2021,321.0,Hybrid,89.57,Second,2024.0,Not Available,Dealer,133472.89,Tier 2
Karnataka,34.73,Ktm,390 Adventure,103062.0,2019,995.0,Electric,70.42,Third,2021.0,Expired,Individual,53397.92,Tier 3
Maharashtra,72.65,Tvs,Ronin,359402.0,2020,366.0,Petrol,32.83,Third,2022.0,Active,Individual,218085.27,Tier 3
Maharashtra,77.71,Honda,Unicorn,313848.0,2021,582.0,Electric,96.4,Second,2023.0,Active,Dealer,133472.89,Tier 3
Tamil Nadu,67.37,Ktm,Rc 390,132009.0,2022,359.0,Hybrid,80.1,Second,2023.0,Active,Individual,97394.42,Metro
Karnataka,32.61,Honda,Dio,201063.0,2020,906.0,Electric,70.2,Third,2021.0,Expired,Individual,157700.25,Tier 1
West Bengal,72.64,Honda,Activa,232666.0,2023,524.0,Petrol,45.09,Third,2024.0,Expired,Dealer,146929.85,Tier 2
Uttar Pradesh,47.0,Kawasaki,Ninja 300,197106.0,2019,275.0,Electric,89.64,Third,2023.0,Not Available,Dealer,120680.41,Tier 1
Delhi,21.69,Bajaj,Pulsar 150,214734.0,2022,763.0,Electric,65.8,Second,2022.0,Not Available,Individual,164369.99,Tier 1
Uttar Pradesh,33.26,Yamaha,Fz V3,361928.0,2021,536.0,Hybrid,81.54,Second,2022.0,Expired,Dealer,202858.73,Metro
Madhya Pradesh,60.74,Honda,Unicorn,245597.0,2019,980.0,Hybrid,75.67,Second,2021.0,Not Available,Dealer,192945.89,Tier 2
Madhya Pradesh,20.84,Royal Enfield,Meteor 350,371689.0,2017,797.0,Petrol,41.04,Third,2023.0,Active,Individual,201442.56,Tier 3
Punjab,69.42,Honda,Shine,316099.0,2023,887.0,Petrol,52.19,Second,2023.0,Expired,Individual,218085.9185884123,Tier 1
Tamil Nadu,23.69,Kawasaki,Z650,76541.0,2024,171.0,Hybrid,86.37,Second,2024.0,Expired,Dealer,35509.05,Tier 1
Rajasthan,65.66,Kawasaki,Vulcan S,374256.0,2022,744.0,Electric,67.63,Second,2023.0,Expired,Individual,230283.47,Tier 1
Tamil Nadu,61.34,Kawasaki,Ninja 300,275018.0,2019,241.0,Hybrid,99.27,Second,2021.0,Expired,Individual,186043.99,Tier 2
Karnataka,44.74,Honda,Activa,177450.0,2023,241.0,Electric,68.8,Second,2023.0,Expired,Dealer,74568.94,Tier 2
West Bengal,41.9,Yamaha,Fascino 125,165785.0,2020,952.0,Petrol,50.36,Third,2023.0,Not Available,Individual,75378.65,Tier 3
Uttar Pradesh,15.45,Hero,Glamour,225166.0,2021,786.0,Electric,79.99,Second,2021.0,Not Available,Dealer,162867.69,Tier 1
West Bengal,24.93,Ktm,Duke 200,274498.0,2021,209.0,Petrol,70.2,Second,2021.0,Expired,Individual,128986.21,Tier 2
Uttar Pradesh,56.19,Bajaj,Platina 110,128439.0,2019,551.0,Electric,77.6,Second,2023.0,Not Available,Dealer,77597.97,Tier 1
Tamil Nadu,36.32,Ktm,Rc 390,130071.0,2021,131.0,Electric,87.36,Third,2023.0,Active,Dealer,83183.4,Tier 1
Delhi,28.48,Hero,Xtreme 160R,77832.0,2023,942.0,Electric,73.73,Second,2024.0,Not Available,Dealer,59626.67,Tier 3
Punjab,19.11,Hero,Splendor Plus,170102.0,2023,853.0,Electric,62.81,Second,2024.0,Expired,Dealer,113511.93,Metro
Madhya Pradesh,6.54,Honda,Dio,372825.0,2024,156.0,Hybrid,77.6,Second,2024.0,Not Available,Individual,247556.56,Tier 3
Maharashtra,26.76,Yamaha,Fz V3,180180.0,2018,854.0,Hybrid,96.58,Third,2024.0,Active,Dealer,114146.55,Metro
Karnataka,12.65,Royal Enfield,Classic 350,143510.0,2023,797.0,Petrol,54.3,Third,2024.0,Not Available,Dealer,80845.66,Tier 2
West Bengal,74.69,Tvs,Sport,337826.0,2023,757.0,Hybrid,96.67,Second,2023.0,Not Available,Dealer,207004.61,Metro
Rajasthan,12.73,Honda,Dio,298605.0,2023,937.0,Electric,69.68,Second,2023.0,Expired,Dealer,174701.55,Tier 1
West Bengal,42.48,Royal Enfield,Interceptor 650,138509.0,2017,470.0,Hybrid,90.3,Second,2024.0,Active,Dealer,88847.25,Metro
Rajasthan,14.54,Tvs,Ntorq 125,234274.0,2015,138.0,Hybrid,74.34,Second,2024.0,Expired,Individual,162862.51,Tier 2
West Bengal,58.72,Kawasaki,Versys 650,292564.0,2023,717.0,Electric,70.2,Third,2024.0,Expired,Individual,144249.56,Tier 2
Punjab,44.87,Royal Enfield,Classic 350,256680.0,2015,904.0,Hybrid,70.7,Second,2022.0,Active,Individual,173957.86,Tier 2
Tamil Nadu,56.89,Tvs,Jupiter,135451.0,2021,121.0,Petrol,50.99,Second,2024.0,Not Available,Dealer,75823.25,Tier 2
Punjab,42.81,Kawasaki,Vulcan S,369779.0,2021,378.0,Petrol,36.64,First,2021.0,Not Available,Dealer,282553.5,Metro
Gujarat,49.05,Kawasaki,Z650,161619.0,2022,395.0,Electric,71.6,First,2022.0,Active,Dealer,72164.9,Tier 1
Uttar Pradesh,10.02,Honda,Cbr 650R,75463.0,2023,149.0,Hybrid,75.24,Second,2023.0,Expired,Individual,47730.34,Tier 3
Gujarat,14.62,Hero,Hf Deluxe,350129.0,2015,636.0,Electric,64.67,Second,2023.0,Expired,Individual,245337.97,Tier 1
Gujarat,27.77,Ktm,125 Duke,264566.0,2021,103.0,Electric,90.55,Third,2022.0,Active,Dealer,178315.22,Tier 3
Gujarat,52.38,Tvs,Sport,286541.0,2022,429.0,Petrol,0.0,Second,2024.0,Not Available,Individual,164660.03,Tier 2
Karnataka,68.58,Hero,Xtreme 160R,101681.0,2021,585.0,Electric,73.36,Second,2021.0,Expired,Individual,69409.88,Metro
Uttar Pradesh,78.73,Honda,Dio,86810.0,2024,234.0,Hybrid,72.75,Second,2024.0,Expired,Individual,46318.83,Tier 3
Delhi,18.04,Bajaj,Avenger 220,175340.0,2022,937.0,Electric,89.92,Second,2022.0,Expired,Individual,115608.58,Tier 1
Gujarat,35.57,Royal Enfield,Interceptor 650,176096.0,2022,279.0,Hybrid,61.79,Second,2022.0,Not Available,Dealer,105983.3,Tier 2
Uttar Pradesh,58.74,Hero,Passion Pro,226665.0,2021,133.0,Hybrid,84.22,Second,2022.0,Not Available,Dealer,150673.59,Tier 2
Karnataka,39.72,Bajaj,Pulsar 150,381773.0,2017,821.0,Hybrid,61.34,Third,2021.0,Active,Individual,218593.41,Tier 3
Rajasthan,75.04,Ktm,Rc 390,317115.0,2017,520.0,Petrol,56.92,Third,2021.0,Expired,Dealer,185629.82,Tier 3
West Bengal,30.18,Royal Enfield,Himalayan,218237.0,2023,978.0,Hybrid,67.83,Second,2023.0,Not Available,Dealer,155049.26,Tier 1
Gujarat,17.1,Kawasaki,Ninja 400,190019.0,2018,427.0,Hybrid,91.06,Second,2022.0,Expired,Individual,151016.18,Tier 2
Punjab,53.23,Bajaj,Avenger 220,308548.0,2023,685.0,Hybrid,95.37,Third,2024.0,Active,Individual,167206.27,Tier 2
Karnataka,36.19,Ktm,390 Adventure,154694.0,2023,324.0,Petrol,30.52,Second,2024.0,Active,Dealer,69295.89,Tier 2
West Bengal,61.11,Bajaj,Avenger 220,279310.0,2015,593.0,Electric,81.87,Second,2021.0,Active,Individual,164017.68,Tier 3
Punjab,56.99,Honda,Cbr 650R,122152.0,2021,466.0,Hybrid,70.09,Second,2021.0,Not Available,Dealer,89952.53,Tier 2
Maharashtra,47.07,Royal Enfield,Interceptor 650,103593.0,2023,859.0,Hybrid,81.54,Second,2024.0,Expired,Dealer,50239.94,Metro
Uttar Pradesh,47.95,Kawasaki,Vulcan S,394766.0,2023,303.0,Petrol,57.33,Third,2023.0,Expired,Individual,186868.77,Tier 2
West Bengal,8.91,Royal Enfield,Classic 350,195446.0,2023,612.0,Petrol,26.47,Second,2023.0,Active,Dealer,107643.08,Metro
Maharashtra,10.84,Yamaha,Ray Zr,300057.0,2024,391.0,Petrol,57.74,Second,2024.0,Active,Individual,133472.89,Metro
Punjab,5.93,Kawasaki,Versys 650,321206.0,2021,385.0,Hybrid,87.57,Second,2024.0,Expired,Dealer,219324.45,Metro
Madhya Pradesh,21.35,Honda,Shine,118069.0,2024,392.0,Hybrid,66.72,Second,2024.0,Expired,Dealer,93032.51,Metro
Tamil Nadu,78.43,Royal Enfield,Hunter 350,208943.0,2020,884.0,Petrol,29.19,Second,2022.0,Expired,Dealer,86672.35,Tier 3
Gujarat,25.0,Hero,Hf Deluxe,367075.0,2021,545.0,Petrol,28.32,Second,2024.0,Not Available,Dealer,218550.23,Tier 2
Gujarat,69.34,Ktm,250 Duke,333361.0,2024,575.0,Petrol,38.69,Second,2024.0,Not Available,Individual,178756.01,Metro
West Bengal,40.01,Royal Enfield,Interceptor 650,396064.0,2021,670.0,Petrol,36.63,Second,2022.0,Not Available,Individual,273269.77,Metro
Uttar Pradesh,44.33,Bajaj,Ct 100,268011.0,2018,925.0,Hybrid,74.4,Second,2021.0,Active,Dealer,114208.49,Tier 1
Rajasthan,44.83,Yamaha,Ray Zr,289838.0,2022,921.0,Hybrid,77.29,First,2022.0,Expired,Individual,230502.82,Tier 3
Uttar Pradesh,70.67,Hero,Xtreme 160R,188822.0,2022,469.0,Petrol,43.86,Second,2023.0,Active,Dealer,106089.37,Tier 3
Madhya Pradesh,64.73,Kawasaki,Ninja 300,248268.0,2021,374.0,Hybrid,64.3,Third,2024.0,Active,Individual,147654.72,Tier 2
West Bengal,44.75,Hero,Xtreme 160R,349825.0,2024,989.0,Petrol,50.47,Second,2024.0,Expired,Individual,156482.06,Metro
Karnataka,67.44,Yamaha,Fascino 125,153541.0,2022,264.0,Electric,82.59,Third,2024.0,Active,Individual,117022.06,Tier 2
Tamil Nadu,40.26,Tvs,Sport,260418.0,2017,236.0,Hybrid,97.73,Second,2022.0,Not Available,Individual,151691.23,Tier 3
Maharashtra,29.74,Royal Enfield,Interceptor 650,217757.0,2016,709.0,Hybrid,98.41,Second,2022.0,Not Available,Dealer,122441.77,Metro
Delhi,38.78,Royal Enfield,Interceptor 650,220047.0,2024,859.0,Petrol,47.4,First,2024.0,Expired,Dealer,170994.63,Metro
Punjab,57.3,Honda,Cbr 650R,148173.0,2021,560.0,Hybrid,74.51,Second,2024.0,Expired,Individual,104561.41,Tier 3
Punjab,61.66,Royal Enfield,Classic 350,70655.0,2016,763.0,Petrol,30.69,Second,2021.0,Expired,Individual,38220.26,Tier 3
Karnataka,54.13,Honda,Shine,204900.0,2021,983.0,Electric,62.3,Second,2023.0,Not Available,Dealer,144266.15,Metro
West Bengal,58.52,Honda,Cbr 650R,246437.0,2023,867.0,Hybrid,65.75,First,2023.0,Expired,Individual,142013.88,Tier 3
Delhi,79.41,Yamaha,Mt-15,361167.0,2021,791.0,Petrol,49.51,Second,2021.0,Expired,Individual,259462.47,Tier 1
Punjab,67.62,Hero,Hf Deluxe,268390.0,2021,130.0,Electric,70.76,Second,2023.0,Expired,Individual,156784.52,Tier 1
Delhi,31.57,Hero,Hf Deluxe,283040.0,2022,257.0,Hybrid,78.69,Second,2022.0,Not Available,Dealer,217740.96,Metro
Rajasthan,13.71,Bajaj,Ct 100,303446.0,2023,175.0,Petrol,40.47,Second,2023.0,Not Available,Dealer,143211.99,Metro
Tamil Nadu,30.12,Kawasaki,Versys 650,96675.0,2017,851.0,Hybrid,71.06,Second,2021.0,Not Available,Dealer,76336.85,Tier 1
Delhi,37.01,Kawasaki,Ninja 300,373159.0,2024,960.0,Electric,70.58,Second,2024.0,Active,Individual,272530.16,Metro
Madhya Pradesh,62.81,Yamaha,Fascino 125,115096.0,2022,996.0,Electric,89.44,Second,2023.0,Expired,Dealer,76685.47,Tier 2
Punjab,7.79,Bajaj,Platina 110,139297.0,2020,574.0,Hybrid,86.96,Second,2022.0,Active,Individual,91384.65,Tier 1
Rajasthan,26.73,Royal Enfield,Meteor 350,241852.0,2023,886.0,Petrol,70.2,Second,2024.0,Not Available,Dealer,136848.07,Metro
Rajasthan,30.19,Ktm,250 Duke,74167.0,2020,815.0,Electric,85.68,Second,2023.0,Active,Dealer,55589.31,Metro
Karnataka,67.74,Kawasaki,Ninja 300,82374.0,2023,977.0,Electric,87.19,Second,2023.0,Expired,Individual,52070.3,Tier 1
Gujarat,61.3,Kawasaki,Ninja 300,101791.0,2024,838.0,Petrol,28.85,First,2024.0,Not Available,Dealer,133472.89,Metro
Tamil Nadu,18.46,Bajaj,Platina 110,238202.0,2024,926.0,Hybrid,69.96,Second,2024.0,Expired,Dealer,186188.66,Tier 3
Karnataka,21.82,Bajaj,Dominar 400,355590.0,2024,466.0,Electric,62.97,Second,2024.0,Not Available,Dealer,196052.38,Tier 3
Maharashtra,28.0,Tvs,Ronin,243872.0,2019,354.0,Hybrid,92.99,Second,2021.0,Active,Dealer,136128.8,Tier 2
Karnataka,17.3,Bajaj,Pulsar 150,99305.0,2022,675.0,Electric,78.04,Second,2024.0,Active,Individual,51720.95,Tier 2
Punjab,49.72,Royal Enfield,Interceptor 650,116144.0,2019,513.0,Petrol,26.28,Second,2024.0,Expired,Dealer,59574.93,Tier 3
Maharashtra,68.54,Tvs,Ntorq 125,152833.0,2015,437.0,Electric,75.54,Second,2022.0,Expired,Dealer,107605.24,Metro
Delhi,6.33,Kawasaki,Vulcan S,80488.0,2023,961.0,Hybrid,65.2,Third,2023.0,Not Available,Dealer,35907.88,Tier 1
West Bengal,37.81,Honda,Activa,211310.0,2024,348.0,Hybrid,82.21,Second,2024.0,Expired,Individual,102122.06,Tier 2
Delhi,9.87,Ktm,390 Adventure,100389.0,2024,117.0,Petrol,34.46,Second,2024.0,Active,Dealer,63724.51,Tier 1
Delhi,56.15,Hero,Passion Pro,181203.0,2020,500.0,Hybrid,72.94,Second,2022.0,Expired,Dealer,110589.64,Metro
Karnataka,79.41,Yamaha,Ray Zr,82095.0,2019,745.0,Hybrid,69.58,Second,2022.0,Not Available,Dealer,33337.11,Tier 3
Uttar Pradesh,25.87,Honda,Cbr 650R,113470.0,2020,157.0,Hybrid,82.87,Second,2023.0,Not Available,Individual,58378.63,Tier 2
Tamil Nadu,5.77,Hero,Hf Deluxe,69621.0,2022,789.0,Petrol,43.67,Second,2022.0,Not Available,Dealer,31496.58,Metro
West Bengal,6.41,Royal Enfield,Interceptor 650,191966.0,2023,659.0,Hybrid,88.53,Second,2023.0,Not Available,Dealer,132482.72,Tier 1
Madhya Pradesh,64.19,Kawasaki,Vulcan S,174704.0,2021,449.0,Electric,77.54,Second,2022.0,Not Available,Individual,132813.91,Tier 3
Uttar Pradesh,43.48,Royal Enfield,Interceptor 650,281135.0,2024,397.0,Petrol,46.71,Second,2024.0,Not Available,Dealer,173570.1,Tier 1
Tamil Nadu,34.41,Royal Enfield,Classic 350,157109.0,2024,987.0,Electric,68.57,First,2024.0,Not Available,Individual,97722.23,Tier 2
Madhya Pradesh,67.74,Tvs,Ntorq 125,343323.0,2015,844.0,Electric,66.04,Second,2023.0,Not Available,Dealer,141063.35,Metro
Madhya Pradesh,57.87,Kawasaki,Vulcan S,301878.0,2021,849.0,Electric,84.58,Second,2024.0,Active,Individual,127048.24,Metro
Maharashtra,15.5,Bajaj,Platina 110,387571.0,2022,716.0,Hybrid,82.84,Third,2023.0,Expired,Dealer,163735.0,Metro
Madhya Pradesh,62.48,Kawasaki,Versys 650,199105.0,2022,652.0,Electric,77.5,First,2022.0,Expired,Individual,125795.2,Tier 1
Gujarat,52.47,Hero,Splendor Plus,66080.0,2019,748.0,Petrol,43.9,Second,2024.0,Expired,Dealer,28815.43710179468,Metro
Maharashtra,48.0,Honda,Cbr 650R,248289.0,2020,991.0,Petrol,29.85,Second,2024.0,Expired,Individual,140102.42,Tier 2
Gujarat,49.4,Bajaj,Platina 110,165104.0,2022,265.0,Electric,69.28,First,2022.0,Active,Dealer,125209.75,Tier 1
Tamil Nadu,77.17,Royal Enfield,Hunter 350,370226.0,2024,656.0,Electric,87.68,Second,2024.0,Expired,Dealer,155187.8,Tier 1
Delhi,54.79,Ktm,125 Duke,296622.0,2021,453.0,Hybrid,63.06,Third,2021.0,Active,Individual,132567.49,Tier 3
Gujarat,8.55,Hero,Passion Pro,328639.0,2018,214.0,Electric,93.37,Second,2024.0,Not Available,Individual,188122.49,Tier 3
Delhi,52.66,Honda,Dio,357348.0,2020,487.0,Hybrid,97.13,Second,2024.0,Active,Individual,174253.67,Tier 3
Uttar Pradesh,22.0,Bajaj,Platina 110,367133.0,2020,966.0,Petrol,47.66,Second,2024.0,Expired,Dealer,182160.19,Metro
Rajasthan,41.96,Ktm,390 Adventure,366519.0,2024,552.0,Electric,91.51,Second,2024.0,Active,Dealer,149230.83,Metro
Maharashtra,26.24,Kawasaki,Z650,55028.0,2022,158.0,Petrol,27.67,Third,2023.0,Expired,Individual,34164.77,Tier 1
Karnataka,36.88,Yamaha,Ray Zr,297401.0,2022,988.0,Petrol,27.57,Third,2024.0,Not Available,Dealer,202038.73,Tier 2
Delhi,61.53,Tvs,Jupiter,179917.0,2024,643.0,Electric,86.37,Second,2024.0,Not Available,Individual,97233.01731563038,Tier 3
Karnataka,76.48,Tvs,Ronin,176433.0,2023,312.0,Hybrid,95.29,Third,2024.0,Expired,Individual,80615.23,Tier 1
Uttar Pradesh,64.65,Kawasaki,Vulcan S,307923.0,2022,958.0,Hybrid,62.66,Second,2022.0,Not Available,Individual,213706.46,Tier 1
Tamil Nadu,9.0,Ktm,390 Adventure,285832.0,2020,201.0,Petrol,39.95,Second,2021.0,Not Available,Individual,220322.48,Tier 3
Maharashtra,78.58,Yamaha,Mt-15,170581.0,2021,754.0,Petrol,40.37,Second,2021.0,Expired,Dealer,72574.43,Tier 1
Karnataka,70.97,Hero,Splendor Plus,286358.0,2015,222.0,Hybrid,94.37,Third,2023.0,Expired,Dealer,166845.96,Tier 2
Punjab,77.93,Royal Enfield,Classic 350,308972.0,2019,413.0,Petrol,70.2,Third,2023.0,Not Available,Dealer,211248.62,Tier 1
Punjab,47.37,Tvs,Apache Rtr 160,156572.0,2024,765.0,Petrol,46.63,Third,2024.0,Expired,Dealer,119449.63,Tier 3
Uttar Pradesh,77.03,Bajaj,Ct 100,217400.0,2020,783.0,Hybrid,96.3,Second,2021.0,Not Available,Individual,97334.55,Tier 3
Punjab,33.93,Kawasaki,Ninja 300,320346.0,2024,237.0,Electric,92.91,First,2024.0,Active,Dealer,245489.45,Tier 3
Uttar Pradesh,56.72,Royal Enfield,Himalayan,351675.0,2021,761.0,Electric,69.28,First,2021.0,Not Available,Individual,261916.65,Metro
Uttar Pradesh,17.17,Royal Enfield,Himalayan,220093.0,2022,627.0,Petrol,43.41,Third,2023.0,Not Available,Dealer,114182.39,Tier 2
Punjab,42.995,Yamaha,Ray Zr,381238.0,2017,453.0,Hybrid,85.09,Second,2022.0,Not Available,Individual,258589.2,Metro
Tamil Nadu,53.56,Honda,Dio,396194.0,2018,548.0,Hybrid,88.72,Second,2021.0,Active,Individual,165686.83,Metro
Uttar Pradesh,74.91,Royal Enfield,Himalayan,53183.0,2023,823.0,Petrol,46.03,First,2023.0,Not Available,Individual,26593.82,Tier 2
Uttar Pradesh,50.09,Bajaj,Dominar 400,86047.0,2023,355.0,Petrol,49.95,Third,2024.0,Active,Individual,66570.91,Tier 1
Maharashtra,32.93,Ktm,Duke 200,247152.0,2021,713.0,Petrol,30.33,Second,2023.0,Not Available,Individual,184920.72,Tier 2
Rajasthan,79.82,Honda,Cbr 650R,393686.0,2022,424.0,Petrol,43.58,Second,2022.0,Not Available,Dealer,302653.3,Tier 2
Gujarat,67.84,Ktm,390 Adventure,120543.0,2024,282.0,Hybrid,70.2,Third,2024.0,Active,Individual,60521.34,Tier 3
Maharashtra,68.65,Honda,Shine,105915.0,2021,692.0,Hybrid,80.78,Second,2024.0,Not Available,Individual,62853.44,Tier 2
Punjab,27.1,Bajaj,Dominar 400,302096.0,2016,678.0,Petrol,70.2,Second,2024.0,Not Available,Dealer,240224.37,Tier 3
West Bengal,17.9,Royal Enfield,Interceptor 650,227271.0,2017,975.0,Electric,72.67,Second,2024.0,Expired,Individual,133472.89,Tier 1
Tamil Nadu,60.31,Bajaj,Platina 110,194652.0,2024,713.0,Petrol,70.2,Second,2024.0,Expired,Individual,133472.89,Metro
Maharashtra,17.31,Honda,Shine,126215.0,2018,861.0,Petrol,28.45,Second,2023.0,Expired,Dealer,67280.87,Tier 2
Gujarat,70.35,Hero,Glamour,317984.0,2022,307.0,Electric,64.83,Second,2024.0,Expired,Dealer,176476.06,Metro
Tamil Nadu,42.55,Yamaha,R15 V4,245586.0,2021,901.0,Petrol,32.24,First,2021.0,Expired,Dealer,101268.08134841156,Tier 3
Punjab,60.24,Yamaha,Fz V3,286185.0,2022,829.0,Hybrid,95.91,Second,2022.0,Expired,Individual,170608.14,Tier 2
Uttar Pradesh,58.02,Hero,Splendor Plus,365236.0,2017,550.0,Hybrid,94.91,Second,2022.0,Expired,Dealer,174083.37,Tier 2
Karnataka,75.35,Royal Enfield,Interceptor 650,223158.0,2022,221.0,Electric,81.15,First,2022.0,Active,Dealer,123980.53,Tier 3
Tamil Nadu,68.64,Bajaj,Pulsar 150,147893.0,2022,342.0,Petrol,40.4,Second,2024.0,Expired,Individual,133472.89,Tier 2
Karnataka,20.83,Hero,Hf Deluxe,216914.0,2023,220.0,Hybrid,68.65,Second,2024.0,Expired,Dealer,103759.77,Tier 3
Delhi,57.83,Tvs,Sport,202549.0,2023,419.0,Electric,87.31,Second,2024.0,Expired,Dealer,102469.86,Tier 2
West Bengal,37.71,Royal Enfield,Interceptor 650,366114.0,2024,762.0,Electric,79.35,Second,2024.0,Not Available,Individual,133472.89,Tier 2
Madhya Pradesh,62.19,Hero,Splendor Plus,240011.0,2019,378.0,Electric,91.12,Second,2023.0,Expired,Individual,98939.03,Tier 2
Punjab,57.47,Tvs,Jupiter,351498.0,2021,544.0,Petrol,55.49,Second,2021.0,Expired,Dealer,192727.81,Metro
Delhi,47.69,Ktm,390 Adventure,121290.0,2023,577.0,Petrol,59.51,Second,2023.0,Not Available,Individual,78887.03,Tier 2
Maharashtra,11.84,Ktm,Rc 390,379899.0,2022,508.0,Hybrid,66.66,Third,2022.0,Not Available,Dealer,228179.65,Tier 1
Rajasthan,23.12,Yamaha,Fz V3,59215.0,2018,534.0,Petrol,30.88,Second,2023.0,Active,Dealer,44320.06,Metro
Rajasthan,15.53,Hero,Hf Deluxe,313855.0,2022,518.0,Electric,70.2,Second,2022.0,Active,Individual,249975.03,Tier 2
Gujarat,69.59,Bajaj,Platina 110,288971.0,2015,758.0,Petrol,25.72,Third,2023.0,Not Available,Individual,137973.74,Tier 2
Delhi,16.27,Royal Enfield,Classic 350,75749.0,2021,773.0,Petrol,35.04,Second,2021.0,Active,Individual,32576.39,Tier 2
Gujarat,41.79,Honda,Unicorn,332876.0,2022,406.0,Petrol,38.85,First,2022.0,Active,Individual,165005.82,Metro
Rajasthan,79.47,Yamaha,Fascino 125,235310.0,2021,813.0,Hybrid,87.58,Second,2022.0,Expired,Individual,186700.59,Tier 2
Gujarat,69.45,Bajaj,Dominar 400,383730.0,2015,655.0,Electric,62.33,Second,2023.0,Expired,Dealer,303017.21,Tier 2
Tamil Nadu,20.8,Royal Enfield,Himalayan,329320.0,2024,311.0,Hybrid,72.47,Second,2024.0,Active,Dealer,168647.7,Tier 3
Madhya Pradesh,70.67,Kawasaki,Ninja 300,375104.0,2021,298.0,Hybrid,85.13,Second,2022.0,Expired,Dealer,180804.13,Tier 2
Madhya Pradesh,14.29,Hero,Splendor Plus,193561.0,2021,704.0,Hybrid,84.71,Second,2021.0,Not Available,Individual,89879.54,Tier 1
Delhi,58.05,Hero,Glamour,63775.0,2018,505.0,Electric,94.53,Second,2024.0,Active,Individual,26801.24,Tier 2
Tamil Nadu,33.77,Bajaj,Ct 100,121087.0,2022,151.0,Petrol,37.81,Second,2023.0,Expired,Individual,55965.1,Tier 2
West Bengal,6.39,Tvs,Ronin,102697.0,2023,983.0,Electric,99.03,First,2023.0,Expired,Dealer,46968.48,Metro
Madhya Pradesh,59.59,Yamaha,R15 V4,398816.0,2020,421.0,Petrol,39.68,Second,2023.0,Expired,Dealer,289931.74,Tier 1
West Bengal,65.4,Kawasaki,Z650,111016.0,2021,798.0,Electric,94.46,Second,2021.0,Expired,Dealer,74196.23,Tier 3
Maharashtra,41.11,Bajaj,Ct 100,245266.0,2024,778.0,Electric,93.76,Third,2024.0,Active,Dealer,133061.81,Tier 1
West Bengal,37.48,Royal Enfield,Interceptor 650,332712.0,2021,918.0,Hybrid,83.24,Third,2023.0,Expired,Dealer,226461.93,Tier 1
Uttar Pradesh,45.03,Kawasaki,Ninja 300,334216.0,2020,368.0,Hybrid,63.11,Second,2024.0,Active,Individual,200157.62,Metro
West Bengal,41.64,Royal Enfield,Classic 350,224234.0,2023,705.0,Hybrid,91.48,Second,2023.0,Not Available,Dealer,148952.18,Metro
Uttar Pradesh,34.0,Tvs,Jupiter,180740.0,2022,477.0,Hybrid,84.76,First,2022.0,Active,Dealer,136258.96,Tier 2
Punjab,69.06,Bajaj,Ct 100,378201.0,2023,273.0,Petrol,52.66,Second,2023.0,Not Available,Individual,263859.19,Tier 3
Rajasthan,60.35,Honda,Activa,65885.0,2022,759.0,Hybrid,72.82,Second,2023.0,Expired,Individual,29174.51,Tier 3
Maharashtra,55.32,Bajaj,Pulsar 150,242303.0,2024,444.0,Hybrid,80.62,Second,2024.0,Active,Dealer,121833.29,Tier 1
Punjab,36.57,Yamaha,Fascino 125,303600.0,2021,769.0,Petrol,32.69,Second,2021.0,Expired,Dealer,137220.69,Metro
Madhya Pradesh,36.31,Kawasaki,Z650,301779.0,2024,884.0,Electric,86.21,Second,2024.0,Active,Individual,133472.89,Metro
Gujarat,43.46,Royal Enfield,Meteor 350,129947.0,2022,889.0,Hybrid,62.6,Third,2022.0,Active,Dealer,73045.88,Metro
Punjab,42.05,Hero,Passion Pro,96973.0,2022,482.0,Petrol,31.9,Second,2024.0,Not Available,Individual,52273.844465417176,Tier 3
Punjab,42.91,Ktm,390 Adventure,151381.0,2023,370.0,Hybrid,86.12,Second,2024.0,Expired,Individual,105362.3,Tier 2
Madhya Pradesh,32.07,Tvs,Apache Rtr 160,247666.0,2023,705.0,Hybrid,91.13,Second,2024.0,Expired,Dealer,120051.15,Tier 1
Madhya Pradesh,62.79,Ktm,125 Duke,142698.0,2015,398.0,Petrol,28.92,Third,2024.0,Active,Dealer,112153.11,Tier 2
Delhi,79.89,Tvs,Ronin,104899.0,2022,639.0,Electric,88.48,Third,2022.0,Not Available,Individual,60975.26,Tier 1
Rajasthan,19.33,Ktm,390 Adventure,325441.0,2021,387.0,Hybrid,92.85,Second,2022.0,Not Available,Dealer,131545.23,Tier 1
Gujarat,67.01,Ktm,390 Adventure,247194.0,2024,962.0,Hybrid,93.13,Second,2024.0,Expired,Individual,144959.51,Tier 2
Tamil Nadu,69.98,Royal Enfield,Hunter 350,216113.0,2017,501.0,Electric,77.83,Second,2024.0,Expired,Individual,89151.83,Tier 2
Delhi,65.12,Yamaha,R15 V4,253665.0,2016,386.0,Hybrid,87.63,Second,2023.0,Not Available,Dealer,103625.0,Metro
Maharashtra,67.87,Ktm,390 Adventure,315060.0,2020,963.0,Petrol,44.03,Second,2024.0,Expired,Dealer,218450.87,Tier 3
Gujarat,26.83,Kawasaki,Versys 650,118442.0,2018,883.0,Petrol,53.72,Second,2023.0,Expired,Individual,70991.64,Tier 3
Uttar Pradesh,53.18,Royal Enfield,Interceptor 650,370280.0,2021,219.0,Petrol,54.46,Third,2024.0,Not Available,Individual,172156.79,Metro
Gujarat,42.52,Bajaj,Avenger 220,361503.0,2023,159.0,Electric,70.2,Second,2023.0,Not Available,Dealer,216550.84,Tier 3
Tamil Nadu,34.86,Kawasaki,Versys 650,57464.0,2024,563.0,Electric,96.23,Third,2024.0,Active,Dealer,24950.7,Tier 2
Maharashtra,65.17,Tvs,Sport,104026.0,2020,871.0,Electric,99.55,Second,2022.0,Active,Dealer,43486.65,Metro
Delhi,28.41,Tvs,Ntorq 125,122201.0,2022,293.0,Electric,73.84,Second,2024.0,Not Available,Dealer,91563.77,Metro
Rajasthan,33.37,Hero,Xtreme 160R,263758.0,2019,475.0,Hybrid,73.14,Third,2023.0,Not Available,Individual,200132.99791521224,Metro
Delhi,31.31,Tvs,Jupiter,69175.0,2022,201.0,Hybrid,65.57,Third,2023.0,Active,Individual,40460.09,Metro
West Bengal,40.11,Ktm,Duke 200,232166.0,2019,719.0,Hybrid,72.41,Third,2021.0,Expired,Dealer,157406.64,Metro
Tamil Nadu,71.46,Bajaj,Pulsar 150,250134.0,2023,127.0,Petrol,44.4,Second,2023.0,Active,Dealer,122039.03,Tier 1
Punjab,36.99,Kawasaki,Versys 650,154074.0,2022,814.0,Electric,77.18,Second,2023.0,Not Available,Dealer,71533.13,Metro
Madhya Pradesh,9.97,Yamaha,Ray Zr,284146.0,2024,859.0,Petrol,31.22,First,2024.0,Active,Dealer,173217.06,Tier 1
Delhi,77.57,Yamaha,Fascino 125,169660.0,2018,204.0,Electric,61.92,Second,2021.0,Active,Dealer,133472.89,Metro
Karnataka,16.56,Hero,Splendor Plus,379162.0,2023,569.0,Petrol,27.65,Second,2023.0,Expired,Dealer,206753.86,Tier 1
Madhya Pradesh,18.05,Kawasaki,Versys 650,59315.0,2022,991.0,Hybrid,67.24,Second,2023.0,Expired,Dealer,45794.0,Metro
Maharashtra,6.13,Bajaj,Dominar 400,75005.0,2016,1000.0,Petrol,33.31,Third,2024.0,Expired,Dealer,43649.97,Tier 1
West Bengal,64.31,Honda,Activa,171182.0,2021,905.0,Petrol,54.39,Second,2022.0,Not Available,Individual,89476.48,Metro
Karnataka,25.74,Tvs,Jupiter,170356.0,2021,935.0,Hybrid,77.46,Second,2024.0,Expired,Dealer,89960.82,Metro
Maharashtra,58.49,Tvs,Sport,98867.0,2023,457.0,Hybrid,66.85,Second,2023.0,Active,Dealer,71751.46,Metro
Punjab,41.47,Ktm,Duke 200,150764.0,2024,164.0,Petrol,70.2,Second,2024.0,Active,Dealer,77671.05,Tier 3
Madhya Pradesh,38.33,Bajaj,Avenger 220,309871.0,2019,700.0,Petrol,34.67,Second,2021.0,Expired,Individual,223324.22,Tier 2
Uttar Pradesh,35.56,Royal Enfield,Hunter 350,355199.0,2022,806.0,Hybrid,64.91,Second,2022.0,Not Available,Dealer,262795.16,Tier 2
Punjab,57.74,Hero,Splendor Plus,202225.0,2015,218.0,Electric,67.25,Second,2024.0,Expired,Dealer,83380.89,Tier 1
Rajasthan,45.17,Royal Enfield,Himalayan,393036.0,2022,295.0,Petrol,44.92,Second,2024.0,Active,Dealer,289889.86,Tier 1
Tamil Nadu,50.91,Yamaha,R15 V4,374594.0,2023,422.0,Petrol,51.61,Second,2023.0,Expired,Individual,189731.45,Metro
Maharashtra,35.55,Bajaj,Pulsar 150,167460.0,2022,604.0,Hybrid,93.93,First,2022.0,Expired,Individual,121901.48,Metro
Delhi,50.5,Bajaj,Pulsar 150,378066.0,2018,540.0,Petrol,70.2,Second,2023.0,Not Available,Dealer,198437.93,Metro
Madhya Pradesh,60.5,Ktm,250 Duke,317847.0,2022,268.0,Hybrid,92.73,Second,2023.0,Active,Dealer,205179.05,Tier 1
Delhi,34.51,Yamaha,Mt-15,163794.0,2015,568.0,Petrol,70.2,Second,2024.0,Not Available,Dealer,68128.56,Tier 2
Madhya Pradesh,13.72,Kawasaki,Ninja 400,222446.0,2021,546.0,Petrol,35.06,Third,2021.0,Expired,Individual,147529.45,Tier 2
Maharashtra,56.16,Hero,Passion Pro,209379.0,2015,865.0,Electric,70.2,Second,2021.0,Expired,Individual,104398.25,Metro
West Bengal,45.83,Royal Enfield,Himalayan,332859.0,2022,936.0,Hybrid,70.2,Second,2022.0,Expired,Dealer,147248.06,Tier 2
Gujarat,12.04,Royal Enfield,Meteor 350,271365.0,2023,290.0,Electric,71.83,Second,2023.0,Expired,Individual,110029.03,Tier 3
Punjab,43.02,Royal Enfield,Classic 350,361918.0,2018,831.0,Petrol,25.99,Second,2023.0,Expired,Individual,227492.65,Tier 3
Gujarat,69.89,Yamaha,Fascino 125,289529.0,2020,475.0,Petrol,41.07,Second,2022.0,Active,Individual,219773.32,Tier 2
Delhi,67.84,Hero,Glamour,251739.0,2023,714.0,Petrol,58.96,Second,2024.0,Active,Dealer,154454.15,Metro
Madhya Pradesh,40.93,Royal Enfield,Classic 350,73769.0,2018,452.0,Hybrid,64.15,Third,2023.0,Expired,Dealer,31119.82,Tier 2
Rajasthan,9.27,Bajaj,Pulsar 150,122027.0,2023,251.0,Electric,71.12,Third,2023.0,Active,Individual,93141.86,Metro
Punjab,30.2,Hero,Hf Deluxe,81194.0,2016,934.0,Petrol,43.07,Second,2024.0,Expired,Individual,44770.84,Metro
Madhya Pradesh,19.31,Ktm,250 Duke,110759.0,2019,364.0,Petrol,53.27,Third,2023.0,Not Available,Dealer,133472.89,Tier 1
Uttar Pradesh,77.2,Royal Enfield,Hunter 350,203048.0,2021,398.0,Electric,90.19,Second,2021.0,Active,Dealer,133152.74,Metro
Delhi,59.34,Yamaha,Mt-15,214451.0,2022,699.0,Petrol,55.96,Second,2022.0,Expired,Individual,86133.53,Tier 3
Gujarat,58.56,Hero,Xtreme 160R,107028.0,2021,166.0,Petrol,59.28,Second,2024.0,Not Available,Dealer,76021.19,Tier 2
Maharashtra,79.52,Tvs,Apache Rtr 160,304346.0,2016,908.0,Hybrid,75.53,Second,2021.0,Expired,Dealer,127786.19,Metro
Karnataka,8.35,Hero,Glamour,247072.0,2024,865.0,Electric,68.56,Third,2024.0,Active,Individual,133579.37,Tier 1
Maharashtra,31.6,Ktm,125 Duke,179479.0,2021,320.0,Electric,79.66,Second,2022.0,Active,Individual,102295.43,Tier 2
West Bengal,47.83,Honda,Cbr 650R,396994.0,2023,627.0,Electric,83.9,Third,2024.0,Not Available,Dealer,314367.89,Tier 3
Karnataka,41.43,Ktm,390 Adventure,171630.0,2020,431.0,Petrol,70.2,Second,2024.0,Expired,Dealer,126039.33,Tier 1
Tamil Nadu,56.72,Honda,Shine,172833.0,2015,761.0,Electric,60.13,Second,2022.0,Active,Dealer,133472.89,Tier 2
Maharashtra,70.82,Royal Enfield,Interceptor 650,202139.0,2022,330.0,Petrol,31.33,Third,2024.0,Expired,Dealer,84327.76,Tier 1
West Bengal,38.77,Yamaha,Fascino 125,286160.0,2021,255.0,Electric,85.39,Second,2021.0,Active,Individual,165932.41,Metro
Tamil Nadu,75.55,Royal Enfield,Interceptor 650,287698.0,2023,982.0,Electric,91.63,Third,2024.0,Expired,Individual,171609.43,Tier 1
Maharashtra,60.25,Kawasaki,Ninja 300,73773.0,2019,786.0,Hybrid,69.11,Second,2021.0,Active,Individual,37115.22,Metro
Madhya Pradesh,77.49,Kawasaki,Ninja 300,189221.0,2023,781.0,Petrol,49.87,First,2023.0,Active,Dealer,95322.81,Tier 1
Uttar Pradesh,7.06,Yamaha,Ray Zr,279619.0,2019,925.0,Hybrid,71.08,Second,2022.0,Expired,Individual,188241.5,Tier 1
Rajasthan,48.04,Yamaha,R15 V4,118398.0,2018,999.0,Electric,94.0,Third,2021.0,Active,Dealer,77638.43,Metro
Uttar Pradesh,78.39,Ktm,Rc 390,375537.0,2015,933.0,Electric,93.78,Second,2021.0,Not Available,Individual,195909.67,Metro
Punjab,29.81,Ktm,Duke 200,98410.0,2023,348.0,Petrol,42.34,First,2023.0,Not Available,Dealer,42579.96,Metro
Tamil Nadu,16.48,Royal Enfield,Interceptor 650,301542.0,2015,289.0,Electric,97.14,Third,2024.0,Active,Individual,180897.18,Tier 1
Rajasthan,46.78,Ktm,390 Adventure,316509.0,2019,233.0,Petrol,33.45,Second,2021.0,Expired,Individual,203958.7,Tier 1
Tamil Nadu,28.15,Bajaj,Dominar 400,346191.0,2020,787.0,Electric,73.24,Third,2023.0,Not Available,Dealer,271221.57,Metro
Rajasthan,59.96,Bajaj,Dominar 400,151010.0,2023,684.0,Electric,73.32,Third,2023.0,Expired,Dealer,89098.58,Tier 1
Tamil Nadu,35.28,Kawasaki,Ninja 400,172782.0,2023,535.0,Petrol,36.37,Second,2023.0,Expired,Individual,74027.35,Tier 2
West Bengal,69.91,Honda,Dio,94293.0,2016,360.0,Hybrid,71.32,Third,2021.0,Not Available,Dealer,58031.59,Tier 2
Rajasthan,70.1,Tvs,Sport,388577.0,2022,778.0,Hybrid,67.32,Second,2023.0,Expired,Dealer,255376.14,Tier 3
Maharashtra,16.67,Yamaha,Fz V3,326191.0,2023,369.0,Hybrid,71.56,Third,2024.0,Not Available,Individual,173018.5,Metro
Madhya Pradesh,10.48,Yamaha,Mt-15,169614.0,2021,180.0,Electric,94.26,First,2021.0,Active,Individual,128576.27,Metro
Rajasthan,25.92,Kawasaki,Vulcan S,317350.0,2020,257.0,Petrol,59.6,Third,2024.0,Expired,Individual,218092.08,Tier 2
Maharashtra,24.17,Honda,Cbr 650R,367042.0,2024,936.0,Hybrid,72.21,Second,2024.0,Expired,Individual,149896.54,Tier 2
Uttar Pradesh,46.32,Kawasaki,Ninja 400,274867.0,2022,749.0,Petrol,42.19,Second,2022.0,Active,Dealer,203123.73,Tier 2
Karnataka,45.38,Ktm,125 Duke,80238.0,2021,917.0,Petrol,36.87,Second,2021.0,Active,Individual,48311.05,Tier 1
Maharashtra,33.9,Bajaj,Platina 110,101183.0,2021,913.0,Petrol,43.15,Second,2021.0,Expired,Individual,72778.95,Tier 2
Rajasthan,20.53,Tvs,Apache Rtr 160,58797.0,2022,332.0,Petrol,47.99,Second,2022.0,Not Available,Dealer,28813.35,Tier 3
Gujarat,71.7,Ktm,125 Duke,266198.0,2017,242.0,Hybrid,70.2,Second,2022.0,Not Available,Dealer,174176.06,Tier 3
Punjab,61.13,Royal Enfield,Meteor 350,272711.0,2019,506.0,Electric,72.99,Second,2021.0,Not Available,Dealer,142595.33,Tier 2
Gujarat,5.17,Yamaha,R15 V4,159492.0,2022,951.0,Petrol,41.82,Third,2022.0,Expired,Dealer,93516.01,Tier 1
Maharashtra,62.83,Kawasaki,Z650,166759.0,2024,930.0,Electric,72.91,Third,2024.0,Active,Dealer,104003.53,Tier 1
Delhi,73.69,Hero,Xtreme 160R,153058.0,2023,661.0,Electric,91.47,Second,2023.0,Active,Dealer,61607.42,Tier 3
West Bengal,69.04,Bajaj,Avenger 220,88031.0,2016,464.0,Hybrid,75.76,Third,2024.0,Not Available,Individual,38675.89,Tier 1
Punjab,49.35,Hero,Passion Pro,98000.0,2024,402.0,Electric,92.34,Second,2024.0,Active,Dealer,39342.94,Tier 2
West Bengal,31.34,Hero,Hf Deluxe,326445.0,2023,144.0,Hybrid,79.03,Second,2024.0,Not Available,Individual,154426.39,Metro
Maharashtra,26.65,Ktm,250 Duke,337856.0,2015,101.0,Petrol,41.33,Second,2022.0,Expired,Individual,209641.69,Tier 3
Uttar Pradesh,6.71,Bajaj,Dominar 400,207609.0,2017,777.0,Petrol,28.53,Second,2023.0,Expired,Individual,147051.27,Metro
Delhi,52.23,Royal Enfield,Hunter 350,383311.0,2018,344.0,Hybrid,64.78,Second,2021.0,Expired,Individual,160415.23,Tier 1
Madhya Pradesh,66.07,Hero,Passion Pro,346804.0,2016,334.0,Hybrid,85.73,Third,2022.0,Active,Dealer,133472.89,Tier 2
West Bengal,73.34,Kawasaki,Ninja 300,354307.0,2023,818.0,Hybrid,70.2,Second,2024.0,Active,Individual,233552.08,Tier 1
West Bengal,46.54,Bajaj,Ct 100,71651.0,2024,716.0,Petrol,27.57,Second,2024.0,Not Available,Individual,31654.57,Metro
Rajasthan,26.57,Bajaj,Platina 110,125367.0,2023,744.0,Hybrid,73.32,Second,2023.0,Expired,Individual,80894.28,Tier 3
West Bengal,67.62,Ktm,Duke 200,263816.0,2019,819.0,Electric,96.05,Third,2024.0,Expired,Individual,112880.56,Metro
Maharashtra,50.37,Royal Enfield,Himalayan,269774.0,2024,263.0,Petrol,33.96,Second,2024.0,Expired,Individual,173708.08,Tier 1
Gujarat,50.78,Royal Enfield,Classic 350,271930.0,2018,379.0,Electric,71.94,Second,2022.0,Active,Dealer,133472.89,Tier 1
West Bengal,65.73,Tvs,Ronin,281744.0,2022,297.0,Hybrid,70.2,First,2022.0,Expired,Individual,198586.39,Metro
Punjab,62.76,Hero,Passion Pro,138788.0,2023,526.0,Petrol,46.5,Second,2023.0,Active,Dealer,102702.95,Tier 1
Delhi,53.14,Honda,Cbr 650R,376717.0,2020,329.0,Electric,61.98,Second,2022.0,Active,Dealer,268679.66,Tier 2
Tamil Nadu,14.14,Yamaha,R15 V4,353511.0,2022,233.0,Electric,62.62,Second,2022.0,Expired,Individual,156072.52,Metro
Delhi,66.75,Yamaha,Ray Zr,155064.0,2024,173.0,Petrol,33.71,Second,2024.0,Not Available,Dealer,110432.08,Tier 3
Uttar Pradesh,27.66,Kawasaki,Ninja 300,188757.0,2020,437.0,Petrol,42.19,Second,2022.0,Not Available,Individual,99143.09,Tier 2
Tamil Nadu,65.63,Honda,Cbr 650R,386919.0,2023,890.0,Electric,70.2,First,2023.0,Active,Individual,173869.68,Tier 2
Madhya Pradesh,55.46,Yamaha,Fascino 125,363432.0,2018,227.0,Petrol,40.25,Second,2023.0,Expired,Dealer,189906.07,Tier 1
Punjab,55.43,Yamaha,Mt-15,376925.0,2017,718.0,Petrol,32.43,Second,2021.0,Expired,Individual,244358.37,Metro
Delhi,26.14,Tvs,Ntorq 125,351820.0,2021,834.0,Hybrid,66.97,Second,2021.0,Expired,Individual,236315.24,Tier 3
Tamil Nadu,65.09,Tvs,Ntorq 125,131264.0,2018,528.0,Hybrid,94.43,Second,2022.0,Active,Dealer,80491.39,Tier 1
Karnataka,7.81,Kawasaki,Ninja 300,298468.0,2017,988.0,Petrol,51.6,Second,2022.0,Active,Individual,179439.22,Tier 2
Karnataka,40.53,Hero,Glamour,334548.0,2018,601.0,Petrol,25.42,Second,2024.0,Expired,Dealer,220788.58,Tier 3
Tamil Nadu,53.25,Kawasaki,Ninja 400,66661.0,2016,509.0,Electric,87.03,Second,2022.0,Active,Individual,38617.72,Metro
Gujarat,63.66,Hero,Passion Pro,289530.0,2024,264.0,Hybrid,61.04,Second,2024.0,Active,Individual,212409.79,Tier 3
Maharashtra,68.68,Royal Enfield,Classic 350,387708.0,2024,562.0,Electric,69.72,Second,2024.0,Expired,Individual,199831.47,Tier 1
Uttar Pradesh,52.81,Hero,Xtreme 160R,170406.0,2022,809.0,Hybrid,64.19,Second,2023.0,Active,Individual,88432.05,Tier 1
Uttar Pradesh,52.91,Kawasaki,Vulcan S,108540.0,2015,170.0,Electric,80.62,Second,2024.0,Not Available,Individual,81793.87,Metro
Madhya Pradesh,44.49,Royal Enfield,Interceptor 650,236291.0,2023,862.0,Petrol,35.57,Second,2023.0,Expired,Individual,106704.21,Tier 2
Tamil Nadu,72.71,Honda,Unicorn,171473.0,2023,498.0,Petrol,53.93,Second,2023.0,Active,Individual,124503.64,Metro
Gujarat,34.43,Honda,Dio,231452.0,2016,989.0,Petrol,30.97,Third,2024.0,Expired,Dealer,137583.91,Tier 2
Delhi,62.66,Kawasaki,Z650,206027.0,2019,307.0,Hybrid,70.2,Second,2021.0,Expired,Dealer,116107.98,Tier 3
Gujarat,71.23,Honda,Dio,319732.0,2018,767.0,Hybrid,67.43,Second,2023.0,Active,Dealer,161452.18,Tier 1
Karnataka,62.47,Yamaha,Mt-15,272725.0,2019,606.0,Electric,93.5,Second,2021.0,Not Available,Dealer,118937.18,Metro
Rajasthan,61.04,Royal Enfield,Meteor 350,92980.0,2017,454.0,Electric,71.68,Second,2022.0,Active,Individual,68091.97,Metro
Maharashtra,75.92,Bajaj,Ct 100,337287.0,2020,902.0,Hybrid,81.53,Third,2021.0,Expired,Dealer,254276.66,Tier 3
Uttar Pradesh,40.24,Hero,Splendor Plus,177863.0,2015,292.0,Hybrid,72.12,Second,2022.0,Not Available,Dealer,96632.56,Tier 2
Uttar Pradesh,54.07,Kawasaki,Ninja 300,77015.0,2018,758.0,Hybrid,67.16,Second,2024.0,Expired,Dealer,32804.7,Tier 3
Rajasthan,8.15,Tvs,Ntorq 125,138666.0,2015,490.0,Electric,87.01,Second,2021.0,Active,Dealer,104991.97,Metro
Maharashtra,70.31,Kawasaki,Ninja 300,85748.0,2023,480.0,Petrol,50.75,Second,2023.0,Expired,Individual,133472.89,Tier 3
Delhi,48.65,Bajaj,Ct 100,121642.0,2018,382.0,Hybrid,91.54,Third,2023.0,Not Available,Individual,78650.36,Metro
Maharashtra,11.97,Tvs,Sport,189878.0,2019,789.0,Hybrid,85.93,Second,2022.0,Expired,Dealer,86953.17,Tier 2
Maharashtra,47.51,Ktm,250 Duke,373932.0,2023,832.0,Electric,63.28,Second,2023.0,Expired,Individual,149717.9,Metro
Gujarat,52.31,Bajaj,Pulsar 150,64874.0,2021,174.0,Hybrid,78.49,Second,2022.0,Expired,Dealer,46420.16,Tier 3
Madhya Pradesh,58.12,Kawasaki,Ninja 300,172464.0,2018,738.0,Hybrid,81.05,Second,2022.0,Expired,Individual,82896.41,Tier 3
Gujarat,20.61,Hero,Hf Deluxe,255210.0,2021,258.0,Petrol,41.56,Third,2024.0,Expired,Dealer,147417.32,Metro
West Bengal,76.55,Honda,Dio,340637.0,2023,767.0,Electric,70.55,First,2023.0,Expired,Individual,133472.89,Tier 1
Rajasthan,17.1,Ktm,390 Adventure,62850.0,2023,993.0,Electric,60.74,Third,2023.0,Active,Dealer,133472.89,Metro
Madhya Pradesh,70.48,Yamaha,Mt-15,150201.0,2021,245.0,Petrol,49.53,Second,2021.0,Not Available,Dealer,85576.72,Metro
Tamil Nadu,48.38,Kawasaki,Ninja 300,109969.0,2021,935.0,Electric,70.2,First,2021.0,Active,Individual,83763.22,Tier 1
Karnataka,77.93,Hero,Glamour,312874.0,2023,971.0,Hybrid,70.2,Second,2023.0,Active,Individual,238645.14,Tier 1
Delhi,52.25,Bajaj,Platina 110,277106.0,2020,212.0,Electric,86.83,Third,2022.0,Not Available,Dealer,136391.4,Tier 3
Delhi,56.89,Hero,Xtreme 160R,368710.0,2021,647.0,Hybrid,74.21,Third,2023.0,Expired,Individual,231180.63,Metro
Delhi,15.34,Honda,Dio,282733.0,2022,203.0,Petrol,47.97,Second,2024.0,Not Available,Dealer,150743.45,Tier 1
Rajasthan,66.03,Honda,Cbr 650R,99044.0,2021,833.0,Electric,94.64,Second,2024.0,Expired,Individual,41969.94,Tier 2
West Bengal,69.3,Yamaha,R15 V4,179072.0,2021,770.0,Hybrid,72.14,Second,2021.0,Not Available,Individual,90647.64,Tier 2
West Bengal,36.0,Hero,Passion Pro,320012.0,2023,882.0,Hybrid,86.12,First,2023.0,Active,Dealer,189300.68,Tier 3
Gujarat,46.71,Kawasaki,Z650,369213.0,2023,293.0,Hybrid,97.22,Second,2024.0,Not Available,Dealer,235922.19,Tier 2
Rajasthan,76.39,Yamaha,Ray Zr,348419.0,2018,788.0,Hybrid,79.44,Third,2024.0,Active,Individual,154251.1,Metro
Karnataka,11.74,Hero,Splendor Plus,171688.0,2021,152.0,Hybrid,97.3,Second,2024.0,Expired,Dealer,129373.94,Tier 2
Madhya Pradesh,31.6,Tvs,Apache Rtr 160,352618.0,2024,585.0,Petrol,54.41,Second,2024.0,Active,Dealer,210982.5,Tier 1
Punjab,37.01,Kawasaki,Versys 650,367379.0,2021,312.0,Electric,88.1,Second,2022.0,Active,Dealer,198184.47,Tier 2
Punjab,50.55,Hero,Hf Deluxe,87689.0,2021,955.0,Hybrid,77.52,First,2021.0,Expired,Dealer,61124.4,Tier 2
Uttar Pradesh,56.21,Hero,Glamour,82840.0,2023,928.0,Electric,86.33,Second,2024.0,Expired,Individual,62370.52,Metro
Delhi,33.93,Yamaha,R15 V4,289007.0,2019,536.0,Hybrid,61.5,Third,2022.0,Not Available,Individual,186301.76,Metro
Punjab,70.7,Royal Enfield,Himalayan,278527.0,2021,994.0,Petrol,48.2,Second,2022.0,Not Available,Individual,133472.89,Tier 2
Gujarat,28.06,Tvs,Jupiter,373317.0,2018,615.0,Electric,70.2,Third,2024.0,Active,Individual,239260.9,Tier 1
Gujarat,75.61,Bajaj,Pulsar 150,106628.0,2023,785.0,Petrol,39.36,Second,2024.0,Expired,Individual,65421.87,Metro
Maharashtra,23.12,Yamaha,Fz V3,116504.0,2017,699.0,Hybrid,90.02,Third,2022.0,Expired,Individual,53430.47,Tier 2
Maharashtra,57.08,Tvs,Ntorq 125,135488.0,2016,362.0,Petrol,59.57,Second,2022.0,Expired,Individual,95677.6,Metro
Tamil Nadu,66.08,Tvs,Ntorq 125,146977.0,2024,920.0,Electric,94.18,Second,2024.0,Not Available,Individual,101399.89,Tier 3
Maharashtra,30.31,Kawasaki,Z650,152079.0,2021,443.0,Hybrid,65.78,Third,2021.0,Not Available,Dealer,104809.55,Tier 1
Punjab,26.72,Tvs,Ntorq 125,108218.0,2017,707.0,Hybrid,92.82,Third,2024.0,Expired,Dealer,73777.01,Tier 2
Karnataka,7.05,Tvs,Ronin,236836.0,2024,832.0,Hybrid,70.85,Third,2024.0,Expired,Dealer,164819.57,Tier 3
Maharashtra,56.49,Yamaha,Fascino 125,286876.0,2018,539.0,Hybrid,92.15,Third,2023.0,Active,Dealer,210590.97,Tier 3
Maharashtra,29.76,Bajaj,Dominar 400,62932.0,2023,135.0,Electric,66.61,Second,2023.0,Expired,Dealer,33135.25,Tier 3
Gujarat,11.07,Tvs,Ntorq 125,210577.0,2022,451.0,Petrol,29.8,Second,2024.0,Not Available,Dealer,120041.51,Tier 1
Uttar Pradesh,50.42,Tvs,Sport,196953.0,2023,785.0,Petrol,31.94,First,2023.0,Not Available,Dealer,93736.03,Tier 2
Delhi,43.77,Ktm,Duke 200,377333.0,2017,144.0,Hybrid,65.12,Second,2022.0,Not Available,Individual,255886.03,Tier 1
Delhi,69.83,Ktm,390 Adventure,197335.0,2023,227.0,Petrol,35.33,First,2023.0,Expired,Individual,154109.62,Tier 1
Madhya Pradesh,67.01,Honda,Activa,283701.0,2020,452.0,Petrol,53.39,Third,2024.0,Expired,Dealer,132988.02,Tier 3
Delhi,36.85,Ktm,250 Duke,215891.0,2024,391.0,Petrol,30.84,First,2024.0,Active,Dealer,98200.5,Tier 1
Gujarat,66.33,Bajaj,Pulsar 150,207078.0,2023,322.0,Petrol,26.13,Second,2024.0,Expired,Individual,86955.37,Metro
Rajasthan,19.6,Ktm,Duke 200,103684.0,2024,1000.0,Hybrid,60.47,First,2024.0,Not Available,Dealer,46999.31,Metro
Punjab,65.92,Hero,Glamour,269081.0,2021,887.0,Electric,69.09,Third,2024.0,Expired,Individual,180150.68,Metro
Rajasthan,21.56,Royal Enfield,Meteor 350,341789.0,2022,774.0,Hybrid,73.24,Second,2022.0,Active,Individual,177728.29,Metro
Punjab,38.6,Honda,Activa,253988.0,2018,205.0,Hybrid,71.57,Second,2024.0,Active,Individual,172006.15,Tier 1
Delhi,78.88,Yamaha,Fascino 125,386630.0,2020,946.0,Hybrid,97.92,Second,2024.0,Active,Dealer,307751.33,Tier 2
Rajasthan,11.02,Honda,Unicorn,375933.0,2019,628.0,Petrol,53.86,Second,2021.0,Not Available,Dealer,216315.83,Tier 2
West Bengal,31.73,Royal Enfield,Himalayan,357858.0,2024,496.0,Electric,71.78,First,2024.0,Not Available,Dealer,170546.85,Tier 1
Madhya Pradesh,26.96,Honda,Dio,385316.0,2022,755.0,Electric,70.5,Second,2024.0,Expired,Dealer,157446.85,Tier 3
Gujarat,77.75,Bajaj,Pulsar 150,102635.0,2024,791.0,Electric,80.34,Second,2024.0,Expired,Individual,79078.91,Tier 1
Karnataka,72.58,Bajaj,Ct 100,317834.0,2022,570.0,Electric,64.15,Second,2022.0,Expired,Individual,157283.36,Metro
Maharashtra,46.76,Kawasaki,Vulcan S,76657.0,2023,125.0,Electric,64.27,Second,2024.0,Active,Dealer,31998.83,Tier 1
Karnataka,47.52,Honda,Shine,397305.0,2023,920.0,Hybrid,70.2,Second,2023.0,Expired,Individual,240634.45,Tier 3
Gujarat,31.57,Ktm,Rc 390,114735.0,2022,671.0,Petrol,40.05,Second,2024.0,Not Available,Individual,68682.22,Tier 3
Tamil Nadu,38.96,Yamaha,Mt-15,224751.0,2022,485.0,Hybrid,67.98,Second,2022.0,Active,Individual,139248.27,Tier 2
Uttar Pradesh,11.22,Honda,Activa,110907.0,2021,655.0,Electric,91.05,Second,2022.0,Active,Individual,133472.89,Tier 1
Punjab,7.7,Bajaj,Platina 110,227619.0,2024,591.0,Petrol,56.78,Second,2024.0,Expired,Individual,145212.42,Tier 1
Madhya Pradesh,21.2,Hero,Xtreme 160R,83880.0,2022,208.0,Hybrid,62.87,Third,2024.0,Not Available,Dealer,65242.12,Metro
Tamil Nadu,19.33,Kawasaki,Ninja 300,160378.0,2018,310.0,Petrol,49.44,Third,2022.0,Not Available,Dealer,104974.44,Tier 2
Delhi,46.18,Royal Enfield,Interceptor 650,307046.0,2023,334.0,Electric,71.03,Second,2023.0,Not Available,Individual,132516.39,Tier 1
Rajasthan,38.24,Bajaj,Ct 100,124923.0,2015,376.0,Petrol,38.13,Second,2021.0,Expired,Dealer,92318.02,Tier 1
Punjab,69.17,Tvs,Apache Rtr 160,104697.0,2021,543.0,Petrol,28.21,Second,2021.0,Not Available,Individual,70163.12,Tier 2
Gujarat,56.0,Royal Enfield,Classic 350,230194.0,2019,642.0,Petrol,44.5,Second,2023.0,Expired,Dealer,157496.89,Metro
Delhi,6.57,Ktm,390 Adventure,54061.0,2022,961.0,Hybrid,69.99,Second,2022.0,Expired,Dealer,39512.9,Tier 2
Tamil Nadu,67.17,Royal Enfield,Himalayan,385732.0,2020,135.0,Electric,82.3,Third,2022.0,Expired,Individual,286595.51,Metro
Punjab,53.41,Hero,Splendor Plus,326169.0,2018,383.0,Electric,63.35,Third,2023.0,Expired,Dealer,189691.17,Metro
Maharashtra,78.03,Bajaj,Ct 100,169164.0,2015,954.0,Petrol,27.25,Second,2022.0,Not Available,Individual,79750.91,Metro
West Bengal,14.26,Ktm,Duke 200,68970.0,2023,933.0,Electric,94.1,First,2023.0,Not Available,Dealer,50542.94,Metro
Tamil Nadu,18.76,Tvs,Jupiter,179984.0,2023,936.0,Electric,70.12,Second,2024.0,Active,Dealer,87009.31,Tier 1
Rajasthan,73.23,Kawasaki,Ninja 300,399424.0,2023,731.0,Petrol,40.51,Second,2023.0,Active,Dealer,257383.93,Metro
Rajasthan,69.14,Ktm,250 Duke,380086.0,2019,175.0,Hybrid,89.43,Second,2023.0,Expired,Individual,228000.07,Tier 2
West Bengal,31.88,Yamaha,R15 V4,67031.0,2015,206.0,Hybrid,74.12,Second,2023.0,Not Available,Individual,34942.5,Tier 1
Punjab,19.04,Ktm,390 Adventure,344384.0,2021,228.0,Electric,60.65,Second,2021.0,Active,Dealer,236710.87,Tier 1
Delhi,20.87,Hero,Xtreme 160R,159907.0,2024,550.0,Electric,83.01,First,2024.0,Not Available,Dealer,84072.18,Metro
Punjab,21.48,Yamaha,R15 V4,375474.0,2024,262.0,Hybrid,67.88,Second,2024.0,Active,Individual,188029.8,Tier 2
Karnataka,70.39,Honda,Dio,102554.0,2022,911.0,Electric,82.11,Third,2023.0,Not Available,Dealer,47118.73,Tier 2
Maharashtra,70.87,Honda,Cbr 650R,391387.0,2022,700.0,Petrol,56.27,Third,2023.0,Not Available,Individual,239052.0,Metro
Uttar Pradesh,41.98,Kawasaki,Z650,357588.0,2021,0.0,Electric,61.76,Second,2022.0,Not Available,Individual,147714.27,Tier 1
Gujarat,70.08,Yamaha,Mt-15,167364.0,2024,164.0,Petrol,70.2,Second,2024.0,Active,Dealer,132751.85,Tier 2
Punjab,64.09,Bajaj,Ct 100,119036.0,2018,209.0,Hybrid,70.2,Second,2023.0,Expired,Dealer,85305.12,Tier 1
Gujarat,15.56,Kawasaki,Vulcan S,257731.0,2024,649.0,Hybrid,67.18,Second,2024.0,Active,Dealer,203094.45,Tier 3
Uttar Pradesh,9.99,Hero,Hf Deluxe,219013.0,2019,687.0,Hybrid,70.34,Second,2021.0,Expired,Dealer,166800.02,Metro
Rajasthan,21.55,Tvs,Sport,234040.0,2024,877.0,Petrol,33.32,Second,2024.0,Expired,Dealer,167909.0619130434,Tier 2
Delhi,42.6,Honda,Unicorn,216533.0,2023,654.0,Hybrid,68.44,Second,2023.0,Not Available,Individual,172898.42,Tier 1
West Bengal,75.42,Tvs,Ntorq 125,307139.0,2021,404.0,Electric,98.17,Second,2023.0,Expired,Individual,127103.62,Metro
Maharashtra,40.26,Honda,Activa,278177.0,2022,550.0,Hybrid,87.52,Second,2022.0,Not Available,Individual,183999.58,Tier 1
Punjab,70.5,Hero,Xtreme 160R,363559.0,2022,688.0,Electric,99.47,Second,2022.0,Expired,Dealer,218047.24,Tier 2
Maharashtra,41.17,Hero,Xtreme 160R,365129.0,2019,221.0,Petrol,59.44,Third,2022.0,Expired,Individual,286850.83,Tier 1
Punjab,15.16,Ktm,390 Adventure,58188.0,2021,160.0,Hybrid,73.33,Second,2022.0,Not Available,Individual,41718.62,Tier 3
Rajasthan,25.1,Royal Enfield,Classic 350,95245.0,2023,546.0,Hybrid,93.77,Second,2023.0,Active,Dealer,69232.59,Tier 1
Rajasthan,59.89,Royal Enfield,Interceptor 650,261628.0,2020,830.0,Petrol,54.36,Second,2021.0,Not Available,Dealer,172684.71,Tier 2
West Bengal,12.9,Tvs,Sport,250977.0,2022,939.0,Hybrid,97.34,Second,2023.0,Active,Individual,170163.75,Metro
Delhi,66.33,Yamaha,Fz V3,254936.0,2021,170.0,Petrol,58.5,Second,2021.0,Expired,Individual,161478.07,Tier 3
West Bengal,7.77,Bajaj,Avenger 220,88220.0,2020,745.0,Electric,74.79,Second,2023.0,Not Available,Dealer,62788.34,Metro
Rajasthan,64.04,Ktm,125 Duke,320230.0,2024,131.0,Electric,78.33,Third,2024.0,Expired,Dealer,218714.2,Tier 1
Uttar Pradesh,76.52,Kawasaki,Versys 650,311445.0,2016,176.0,Petrol,55.86,Second,2021.0,Expired,Individual,212109.24,Tier 2
Rajasthan,75.57,Bajaj,Dominar 400,127668.0,2021,497.0,Hybrid,67.0,Second,2021.0,Not Available,Dealer,96913.52,Tier 1
Karnataka,44.02,Bajaj,Pulsar 150,249323.0,2021,981.0,Electric,95.24,First,2021.0,Expired,Individual,168214.66,Tier 2
Maharashtra,75.61,Ktm,250 Duke,350243.0,2019,134.0,Petrol,40.46,Second,2024.0,Not Available,Individual,168639.55,Tier 2
Maharashtra,13.61,Honda,Activa,105104.0,2024,712.0,Electric,61.22,Second,2024.0,Expired,Dealer,53851.4,Metro
West Bengal,13.64,Tvs,Ronin,85196.0,2015,523.0,Electric,65.21,Third,2023.0,Expired,Dealer,47220.41,Tier 1
Maharashtra,42.27,Bajaj,Dominar 400,91160.0,2022,266.0,Hybrid,76.48,Second,2024.0,Active,Individual,68559.15,Tier 1
Maharashtra,73.56,Ktm,125 Duke,306029.0,2023,861.0,Hybrid,62.63,Third,2023.0,Active,Dealer,166968.39,Tier 2
West Bengal,38.97,Yamaha,Fz V3,227450.0,2016,229.0,Hybrid,97.09,Second,2022.0,Active,Individual,174678.62,Tier 1
Madhya Pradesh,14.07,Royal Enfield,Classic 350,104167.0,2017,359.0,Hybrid,71.07,Second,2023.0,Not Available,Individual,81825.56,Tier 3
Tamil Nadu,68.47,Kawasaki,Ninja 400,67918.0,2024,893.0,Petrol,34.54,Second,2024.0,Active,Individual,47854.39,Metro
Uttar Pradesh,15.28,Kawasaki,Versys 650,171730.0,2021,160.0,Hybrid,93.39,First,2021.0,Not Available,Individual,91205.69,Tier 1
Punjab,77.52,Bajaj,Pulsar 150,221644.0,2016,452.0,Petrol,28.09,Second,2022.0,Not Available,Individual,99480.08,Metro
West Bengal,71.64,Hero,Glamour,208478.0,2016,790.0,Hybrid,88.34,Third,2022.0,Not Available,Individual,125221.68,Metro
Karnataka,45.4,Honda,Dio,240199.0,2019,726.0,Electric,95.09,Second,2022.0,Active,Individual,138357.51,Tier 3
Tamil Nadu,15.45,Hero,Glamour,237363.0,2024,756.0,Hybrid,78.06,Second,2024.0,Active,Individual,132592.98,Tier 1
Gujarat,75.45,Tvs,Jupiter,355861.0,2019,105.0,Petrol,26.33,Second,2024.0,Not Available,Dealer,278340.26,Tier 3
West Bengal,27.77,Bajaj,Dominar 400,309777.0,2024,861.0,Petrol,35.42,First,2024.0,Active,Dealer,203563.41,Tier 3
Gujarat,62.12,Hero,Glamour,279276.0,2019,730.0,Electric,75.05,Second,2023.0,Expired,Dealer,197776.91,Metro
Karnataka,75.35,Royal Enfield,Interceptor 650,365106.0,2022,790.0,Hybrid,62.85,Second,2023.0,Expired,Dealer,196203.41,Tier 3
Delhi,6.4,Royal Enfield,Meteor 350,227963.0,2023,107.0,Hybrid,70.2,Second,2023.0,Active,Individual,127229.75,Tier 2
Gujarat,70.43,Yamaha,Fascino 125,168307.0,2018,350.0,Hybrid,74.02,Second,2021.0,Active,Dealer,133472.89,Tier 3
Rajasthan,38.11,Bajaj,Avenger 220,302734.0,2020,900.0,Hybrid,72.7,Second,2021.0,Expired,Individual,209148.69,Metro
Maharashtra,74.31,Hero,Splendor Plus,153525.0,2021,698.0,Hybrid,72.81,Second,2022.0,Expired,Dealer,133472.89,Tier 2
Madhya Pradesh,57.46,Royal Enfield,Himalayan,388196.0,2023,593.0,Petrol,37.39,Second,2023.0,Expired,Dealer,193895.2877136267,Tier 1
Uttar Pradesh,72.03,Kawasaki,Versys 650,253575.0,2023,506.0,Electric,81.81,Second,2024.0,Expired,Individual,190417.68,Tier 3
Gujarat,51.82,Hero,Splendor Plus,190252.0,2023,815.0,Petrol,37.41,Second,2023.0,Active,Dealer,123339.32,Tier 3
Punjab,42.33,Hero,Glamour,278771.0,2018,785.0,Hybrid,81.15,Third,2022.0,Expired,Individual,126136.11,Tier 3
Punjab,43.01,Bajaj,Dominar 400,291326.0,2023,678.0,Electric,82.18,Second,2024.0,Not Available,Dealer,129558.12,Metro
Uttar Pradesh,72.2,Royal Enfield,Hunter 350,100849.0,2021,165.0,Electric,83.02,Second,2023.0,Expired,Dealer,53584.11,Metro
Uttar Pradesh,76.0,Kawasaki,Vulcan S,261344.0,2021,144.0,Electric,82.97,Second,2021.0,Active,Individual,201547.89,Tier 2
Maharashtra,67.32,Kawasaki,Versys 650,389820.0,2020,161.0,Electric,71.45,Second,2022.0,Expired,Individual,193302.32,Metro
Tamil Nadu,10.16,Hero,Splendor Plus,249427.0,2017,803.0,Petrol,28.58,Third,2024.0,Active,Individual,190008.0,Tier 3
Uttar Pradesh,79.91,Ktm,125 Duke,185647.0,2020,249.0,Petrol,32.7,Second,2024.0,Not Available,Dealer,85572.62,Tier 2
Gujarat,52.47,Hero,Splendor Plus,66080.0,2019,748.0,Petrol,43.9,Second,2024.0,Expired,Dealer,28992.61,Metro
Rajasthan,8.2,Yamaha,Ray Zr,86675.0,2021,770.0,Hybrid,62.79,Second,2021.0,Not Available,Individual,39483.61,Metro
Uttar Pradesh,30.58,Bajaj,Pulsar 150,352499.0,2023,897.0,Electric,79.32,Second,2023.0,Active,Individual,251490.45,Metro
Tamil Nadu,38.92,Kawasaki,Ninja 400,91955.0,2022,339.0,Hybrid,64.47,Second,2022.0,Not Available,Dealer,45075.03,Tier 2
Gujarat,57.4,Ktm,250 Duke,62259.0,2020,239.0,Petrol,51.28,Second,2023.0,Not Available,Dealer,45302.86,Tier 2
Karnataka,74.86,Ktm,390 Adventure,258613.0,2021,329.0,Petrol,46.01,Second,2022.0,Active,Individual,112812.66,Tier 1
Gujarat,19.47,Tvs,Ntorq 125,308433.0,2023,173.0,Petrol,56.6,Second,2024.0,Active,Dealer,213409.6,Metro
Maharashtra,14.35,Kawasaki,Ninja 400,171249.0,2023,0.0,Hybrid,96.46,Second,2024.0,Expired,Individual,80908.01,Tier 2
Delhi,26.25,Hero,Hf Deluxe,227467.0,2015,136.0,Petrol,26.54,Second,2021.0,Expired,Dealer,175103.3,Tier 2
Tamil Nadu,33.88,Tvs,Jupiter,169822.0,2023,465.0,Electric,61.77,Second,2024.0,Active,Individual,75797.51,Tier 3
Karnataka,69.77,Bajaj,Pulsar 150,101930.0,2020,332.0,Hybrid,91.45,Third,2023.0,Expired,Dealer,41717.82,Tier 2
Uttar Pradesh,43.06,Tvs,Apache Rtr 160,56090.0,2022,491.0,Hybrid,85.95,Second,2022.0,Expired,Dealer,133472.89,Tier 1
Rajasthan,57.87,Bajaj,Dominar 400,228777.0,2021,707.0,Hybrid,88.01,First,2021.0,Not Available,Individual,166954.64,Metro
Karnataka,9.89,Tvs,Ronin,385993.0,2018,771.0,Petrol,42.83,Second,2023.0,Not Available,Individual,277658.98,Tier 3
Madhya Pradesh,6.02,Kawasaki,Ninja 300,269015.0,2023,796.0,Petrol,37.84,Second,2023.0,Expired,Individual,172204.97,Metro
Maharashtra,47.05,Ktm,Rc 390,257190.0,2024,310.0,Electric,91.37,Second,2024.0,Active,Individual,165949.48,Metro
Madhya Pradesh,79.88,Hero,Xtreme 160R,196981.0,2018,477.0,Electric,66.14,Second,2021.0,Active,Individual,133472.89,Metro
Gujarat,77.26,Bajaj,Ct 100,343015.0,2017,455.0,Petrol,30.41,Third,2022.0,Expired,Dealer,223686.47,Tier 2
West Bengal,70.16,Royal Enfield,Classic 350,83112.0,2022,753.0,Petrol,38.89,Second,2023.0,Expired,Individual,40559.7,Metro
Rajasthan,6.15,Royal Enfield,Himalayan,288178.0,2022,316.0,Electric,67.26,Second,2022.0,Not Available,Dealer,127710.3,Tier 2
Uttar Pradesh,67.99,Kawasaki,Vulcan S,375468.0,2017,325.0,Hybrid,64.33,Second,2023.0,Not Available,Dealer,256631.52,Tier 1
Maharashtra,32.87,Bajaj,Pulsar 150,191773.0,2023,828.0,Hybrid,98.66,First,2023.0,Expired,Individual,140421.62,Tier 1
Rajasthan,34.8,Kawasaki,Ninja 400,138290.0,2023,360.0,Electric,82.39,First,2023.0,Expired,Dealer,102266.47,Tier 1
Karnataka,38.94,Hero,Hf Deluxe,199734.0,2022,764.0,Hybrid,76.73,First,2022.0,Expired,Dealer,118345.74,Metro
Karnataka,19.14,Royal Enfield,Meteor 350,58453.0,2022,207.0,Petrol,70.2,Second,2024.0,Expired,Dealer,33831.95,Metro
West Bengal,79.42,Bajaj,Pulsar 150,116618.0,2024,211.0,Petrol,58.28,Second,2024.0,Active,Individual,79975.76,Tier 2
Gujarat,28.83,Royal Enfield,Hunter 350,202597.0,2021,137.0,Hybrid,60.99,Second,2023.0,Expired,Individual,110949.31,Tier 2
Uttar Pradesh,77.57,Hero,Xtreme 160R,86646.0,2022,456.0,Electric,97.24,Second,2022.0,Active,Individual,53962.81,Tier 2
Punjab,26.81,Yamaha,R15 V4,327249.0,2022,408.0,Electric,70.5,First,2022.0,Active,Dealer,134081.48,Tier 2
Maharashtra,64.97,Tvs,Jupiter,174073.0,2024,785.0,Petrol,26.85,First,2024.0,Active,Individual,103502.21,Tier 2
Rajasthan,77.15,Honda,Dio,184462.0,2016,164.0,Hybrid,63.06,Second,2024.0,Active,Dealer,85499.66,Tier 1
Uttar Pradesh,16.65,Ktm,Rc 390,216081.0,2021,740.0,Hybrid,64.02,Third,2023.0,Active,Dealer,143612.78,Tier 3
Maharashtra,57.11,Yamaha,Ray Zr,147924.0,2021,232.0,Hybrid,76.58,First,2021.0,Expired,Dealer,92030.41,Metro
Tamil Nadu,51.99,Honda,Dio,348475.0,2017,942.0,Electric,86.02,Third,2024.0,Active,Individual,249092.13,Tier 2
Punjab,54.98,Kawasaki,Ninja 300,256374.0,2019,864.0,Petrol,40.23,Second,2024.0,Not Available,Dealer,199430.89,Tier 1
Tamil Nadu,34.37,Hero,Xtreme 160R,301291.0,2021,340.0,Electric,86.56,Second,2021.0,Active,Dealer,160539.52,Tier 3
Karnataka,22.5,Honda,Cbr 650R,261202.0,2018,565.0,Petrol,33.3,Third,2023.0,Active,Dealer,112257.83,Tier 2
Madhya Pradesh,51.6,Bajaj,Platina 110,225943.0,2024,105.0,Electric,75.38,Second,2024.0,Active,Dealer,129464.34,Tier 1
Delhi,9.54,Ktm,Rc 390,217872.0,2023,999.0,Electric,79.84,Second,2023.0,Active,Individual,154307.29919878958,Tier 1
Rajasthan,40.59,Hero,Hf Deluxe,193281.0,2018,613.0,Petrol,50.52,Second,2023.0,Not Available,Individual,140711.77,Tier 3
Karnataka,37.37,Yamaha,Ray Zr,207242.0,2016,772.0,Petrol,46.27,Second,2023.0,Not Available,Dealer,148540.83,Tier 3
Punjab,37.35,Hero,Passion Pro,265584.0,2023,687.0,Petrol,36.28,Second,2024.0,Not Available,Individual,124469.99,Tier 2
Karnataka,27.68,Kawasaki,Z650,212442.0,2024,701.0,Petrol,47.75,Second,2024.0,Not Available,Dealer,133472.89,Tier 2
Maharashtra,44.04,Honda,Cbr 650R,64276.0,2022,588.0,Hybrid,94.24,First,2022.0,Active,Dealer,46691.14,Tier 2
Uttar Pradesh,78.81,Hero,Splendor Plus,354204.0,2022,883.0,Petrol,42.85,Second,2022.0,Active,Dealer,179951.45,Tier 1
Karnataka,60.23,Kawasaki,Ninja 400,103548.0,2020,478.0,Hybrid,64.74,Second,2024.0,Expired,Dealer,42146.48,Tier 2
Madhya Pradesh,78.1,Royal Enfield,Classic 350,186723.0,2023,455.0,Hybrid,94.96,Second,2023.0,Not Available,Dealer,74936.79,Metro
Uttar Pradesh,60.69,Royal Enfield,Meteor 350,248790.0,2022,730.0,Petrol,44.91,First,2022.0,Expired,Dealer,153747.46,Tier 2
Tamil Nadu,38.65,Yamaha,Ray Zr,229713.0,2022,660.0,Electric,70.2,Second,2022.0,Active,Individual,132662.61,Tier 3
Punjab,7.89,Bajaj,Platina 110,253555.0,2021,716.0,Hybrid,93.94,Second,2022.0,Active,Individual,104032.53,Tier 2
West Bengal,66.87,Yamaha,Mt-15,384522.0,2023,265.0,Petrol,70.2,First,2023.0,Active,Individual,297786.96,Metro
Gujarat,17.53,Hero,Hf Deluxe,124264.0,2021,294.0,Electric,70.11,Third,2024.0,Not Available,Dealer,82195.29,Tier 3
Punjab,5.34,Tvs,Ntorq 125,244728.0,2023,500.0,Electric,99.75,Second,2023.0,Not Available,Individual,122400.06,Metro
Maharashtra,58.31,Honda,Unicorn,138886.0,2022,203.0,Petrol,58.69,Second,2022.0,Active,Dealer,133472.89,Tier 3
Rajasthan,10.09,Ktm,390 Adventure,174687.0,2015,487.0,Petrol,58.08,Third,2024.0,Not Available,Dealer,73257.6,Tier 1
Tamil Nadu,14.88,Yamaha,Ray Zr,378589.0,2015,803.0,Hybrid,78.42,Second,2022.0,Not Available,Dealer,286964.58,Tier 2
Gujarat,52.94,Honda,Dio,170094.0,2024,480.0,Petrol,30.03,Third,2024.0,Not Available,Dealer,101953.09,Tier 2
Gujarat,52.53,Ktm,Duke 200,266871.0,2024,176.0,Hybrid,75.76,Second,2024.0,Expired,Individual,155859.54,Tier 1
Rajasthan,27.05,Yamaha,R15 V4,162171.0,2024,986.0,Petrol,56.2,Second,2024.0,Active,Individual,118704.36,Tier 2
Uttar Pradesh,6.03,Honda,Shine,343393.0,2016,256.0,Hybrid,81.4,Second,2021.0,Expired,Individual,243901.27,Tier 3
Rajasthan,34.74,Yamaha,Mt-15,365853.0,2023,154.0,Hybrid,69.35,Second,2023.0,Active,Individual,277049.78,Tier 1
West Bengal,74.46,Bajaj,Platina 110,185068.0,2022,574.0,Petrol,70.2,Second,2023.0,Expired,Individual,133472.89,Tier 1
Maharashtra,36.27,Yamaha,Fz V3,380797.0,2023,736.0,Hybrid,87.51,Third,2023.0,Active,Individual,155400.65,Tier 1
Gujarat,44.57,Bajaj,Avenger 220,104944.0,2023,917.0,Hybrid,71.97,Second,2023.0,Active,Dealer,51341.84,Tier 3
Delhi,43.07,Hero,Glamour,287314.0,2018,189.0,Electric,87.1,Second,2022.0,Not Available,Dealer,135508.21,Tier 1
Rajasthan,66.06,Kawasaki,Vulcan S,295225.0,2024,658.0,Hybrid,89.97,Second,2024.0,Active,Dealer,178808.26,Tier 3
Gujarat,65.14,Ktm,Rc 390,240166.0,2023,500.0,Electric,85.67,First,2023.0,Active,Dealer,171465.79,Tier 2
Karnataka,46.77,Tvs,Apache Rtr 160,309657.0,2019,691.0,Petrol,30.5,Second,2024.0,Expired,Individual,171116.5,Metro
Uttar Pradesh,45.25,Kawasaki,Ninja 300,211015.0,2015,899.0,Hybrid,83.06,Second,2022.0,Expired,Individual,132101.72,Tier 2
Rajasthan,65.82,Royal Enfield,Interceptor 650,67135.0,2015,554.0,Petrol,27.51,Second,2022.0,Not Available,Dealer,40124.81,Tier 1
Karnataka,58.49,Tvs,Apache Rtr 160,123667.0,2021,118.0,Hybrid,78.3,Second,2024.0,Expired,Individual,66627.93,Tier 2
West Bengal,68.05,Yamaha,R15 V4,132695.0,2023,546.0,Petrol,50.75,Second,2023.0,Not Available,Individual,133472.89,Tier 1
Maharashtra,78.55,Honda,Cbr 650R,116871.0,2021,530.0,Electric,81.54,Second,2021.0,Expired,Individual,69753.06,Tier 3
Rajasthan,71.83,Ktm,Rc 390,344896.0,2019,858.0,Hybrid,90.78,Second,2022.0,Not Available,Individual,275429.67,Metro
Delhi,54.4,Ktm,390 Adventure,244232.0,2021,553.0,Hybrid,84.22,Second,2023.0,Active,Individual,141541.03,Tier 1
Punjab,29.99,Bajaj,Pulsar 150,203110.0,2018,189.0,Electric,66.14,Third,2023.0,Expired,Individual,81284.47,Tier 2
Punjab,22.75,Tvs,Apache Rtr 160,143450.0,2024,520.0,Petrol,41.5,Third,2024.0,Expired,Dealer,64269.41,Metro
Tamil Nadu,61.06,Bajaj,Platina 110,331587.0,2024,223.0,Hybrid,65.96,First,2024.0,Expired,Individual,195844.69,Tier 3
Uttar Pradesh,25.09,Royal Enfield,Hunter 350,321319.0,2018,428.0,Hybrid,93.07,Second,2024.0,Expired,Dealer,133472.89,Tier 3
Maharashtra,18.35,Tvs,Ntorq 125,51815.0,2021,805.0,Electric,69.48,Second,2023.0,Active,Dealer,29936.85,Tier 2
Gujarat,68.84,Royal Enfield,Classic 350,124672.0,2024,888.0,Petrol,59.72,Second,2024.0,Not Available,Individual,70749.82,Tier 1
Madhya Pradesh,10.91,Hero,Xtreme 160R,395847.0,2016,810.0,Hybrid,93.44,Second,2021.0,Expired,Dealer,307486.93,Metro
Maharashtra,59.27,Kawasaki,Versys 650,258902.0,2021,453.0,Hybrid,89.46,Second,2022.0,Not Available,Dealer,133472.89,Tier 2
Gujarat,10.41,Honda,Unicorn,77451.0,2024,757.0,Hybrid,70.2,Second,2024.0,Expired,Individual,33970.14,Tier 3
West Bengal,38.23,Hero,Hf Deluxe,256561.0,2024,859.0,Petrol,38.62,Second,2024.0,Not Available,Dealer,141163.85,Tier 2
Delhi,41.6,Ktm,250 Duke,310707.0,2023,115.0,Hybrid,82.75,Second,2023.0,Active,Dealer,206700.97,Metro
Madhya Pradesh,5.23,Hero,Splendor Plus,151116.0,2023,983.0,Petrol,54.27,Second,2023.0,Active,Dealer,101015.11,Tier 2
Delhi,37.91,Royal Enfield,Meteor 350,182597.0,2022,702.0,Electric,64.05,Second,2022.0,Not Available,Individual,144542.26,Metro
Delhi,34.58,Yamaha,Fascino 125,129706.0,2023,643.0,Hybrid,84.16,Second,2023.0,Not Available,Individual,133472.89,Tier 1
Madhya Pradesh,10.49,Tvs,Ronin,60333.0,2020,898.0,Hybrid,98.32,Second,2024.0,Not Available,Dealer,25574.42,Tier 2
Gujarat,47.35,Royal Enfield,Hunter 350,72588.0,2021,575.0,Petrol,25.57,Third,2024.0,Expired,Individual,133472.89,Metro
Karnataka,52.04,Honda,Activa,338560.0,2021,890.0,Petrol,45.08,Third,2021.0,Not Available,Dealer,220667.06,Metro
Tamil Nadu,50.37,Kawasaki,Vulcan S,369629.0,2023,979.0,Petrol,39.04,Second,2023.0,Not Available,Dealer,190323.93,Tier 1
Punjab,79.81,Tvs,Jupiter,247206.0,2021,284.0,Hybrid,94.86,Second,2024.0,Not Available,Dealer,163006.91,Tier 2
Punjab,79.81,Tvs,Jupiter,247206.0,2021,284.0,Hybrid,94.86,Second,2024.0,Not Available,Dealer,160857.95357528934,Tier 2
Punjab,6.82,Tvs,Apache Rtr 160,129669.0,2018,221.0,Electric,72.06,Third,2021.0,Expired,Individual,82744.09,Tier 3
Uttar Pradesh,70.56,Hero,Splendor Plus,356495.0,2019,342.0,Electric,70.2,Second,2024.0,Active,Dealer,148024.89,Tier 1
Punjab,72.34,Hero,Passion Pro,129928.0,2017,480.0,Petrol,43.34,Second,2023.0,Not Available,Individual,133472.89,Tier 1
West Bengal,34.87,Bajaj,Dominar 400,245677.0,2023,629.0,Hybrid,60.94,Second,2023.0,Expired,Individual,150352.53,Tier 1
Karnataka,44.68,Yamaha,Mt-15,343353.0,2024,676.0,Electric,82.07,Second,2024.0,Not Available,Individual,181513.16,Tier 3
Delhi,33.18,Yamaha,Mt-15,260252.0,2023,401.0,Petrol,29.33,First,2023.0,Expired,Individual,130234.34,Tier 2
Madhya Pradesh,26.79,Tvs,Apache Rtr 160,112568.0,2021,538.0,Petrol,33.05,Second,2024.0,Expired,Individual,133472.89,Tier 2
West Bengal,73.88,Honda,Shine,188563.0,2024,966.0,Electric,93.99,Second,2024.0,Expired,Individual,143742.33,Tier 3
West Bengal,25.1,Yamaha,R15 V4,363492.0,2019,738.0,Electric,85.7,Second,2021.0,Active,Dealer,169517.7,Tier 3
Rajasthan,44.23,Kawasaki,Ninja 300,158318.0,2024,153.0,Petrol,41.97,Second,2024.0,Expired,Individual,64621.86,Tier 2
Uttar Pradesh,8.05,Kawasaki,Vulcan S,122925.0,2023,700.0,Hybrid,77.67,Second,2023.0,Active,Dealer,60086.47,Tier 1
Tamil Nadu,78.4,Ktm,390 Adventure,285803.0,2024,644.0,Hybrid,70.22,Third,2024.0,Expired,Individual,181287.29,Tier 3
Delhi,74.73,Bajaj,Platina 110,398179.0,2024,769.0,Petrol,50.41,Second,2024.0,Active,Individual,297987.66,Tier 3
Uttar Pradesh,44.4,Honda,Cbr 650R,271038.0,2020,703.0,Petrol,52.24,Second,2021.0,Expired,Individual,138786.64,Tier 3
Rajasthan,54.35,Hero,Passion Pro,395912.0,2020,141.0,Electric,88.88,Second,2023.0,Not Available,Dealer,254989.32,Tier 3
Karnataka,74.3,Tvs,Apache Rtr 160,193805.0,2023,747.0,Electric,81.62,Second,2023.0,Expired,Individual,104380.93,Tier 1
Rajasthan,36.24,Honda,Dio,67814.0,2023,967.0,Electric,90.99,First,2023.0,Not Available,Individual,44198.33,Metro
Tamil Nadu,13.31,Tvs,Sport,394487.0,2023,567.0,Hybrid,67.93,Third,2023.0,Expired,Individual,215594.12,Tier 2
Delhi,23.64,Royal Enfield,Hunter 350,322693.0,2023,965.0,Hybrid,71.94,Second,2023.0,Active,Dealer,252513.68,Tier 1
Tamil Nadu,43.18,Kawasaki,Z650,300905.0,2023,454.0,Hybrid,96.67,Second,2024.0,Not Available,Individual,230959.79,Metro
Gujarat,26.42,Kawasaki,Versys 650,389105.0,2021,554.0,Electric,81.16,Second,2023.0,Expired,Individual,215292.95,Tier 1
Gujarat,72.91,Ktm,Duke 200,228616.0,2023,199.0,Hybrid,78.26,Second,2024.0,Active,Dealer,146217.88,Tier 3
Tamil Nadu,9.82,Yamaha,R15 V4,288949.0,2018,360.0,Petrol,46.29,Third,2022.0,Expired,Dealer,186801.33,Metro
Punjab,75.81,Bajaj,Avenger 220,196407.0,2020,499.0,Hybrid,72.65,Second,2024.0,Not Available,Individual,121990.7,Tier 1
Rajasthan,52.51,Yamaha,R15 V4,103906.0,2024,605.0,Petrol,70.2,Second,2024.0,Not Available,Individual,47612.58,Metro
Rajasthan,22.94,Hero,Hf Deluxe,227055.0,2024,626.0,Hybrid,70.2,Third,2024.0,Active,Individual,133472.89,Tier 3
Tamil Nadu,57.89,Kawasaki,Ninja 300,117022.0,2017,430.0,Hybrid,68.76,Second,2023.0,Not Available,Dealer,55060.38,Tier 3
Rajasthan,40.75,Kawasaki,Vulcan S,69523.0,2017,101.0,Electric,70.2,Second,2022.0,Active,Dealer,49121.35,Tier 1
Maharashtra,73.55,Bajaj,Ct 100,245009.0,2017,886.0,Petrol,56.7,Second,2023.0,Not Available,Individual,136676.84,Tier 1
Gujarat,36.56,Ktm,125 Duke,381487.0,2017,726.0,Electric,99.14,Second,2021.0,Expired,Dealer,176301.14,Tier 1
Uttar Pradesh,15.94,Kawasaki,Versys 650,145216.0,2020,931.0,Petrol,45.99,Third,2024.0,Not Available,Individual,99485.8,Tier 3
Madhya Pradesh,32.91,Kawasaki,Vulcan S,394386.0,2024,329.0,Hybrid,77.98,Second,2024.0,Expired,Individual,192347.65,Tier 2
Punjab,5.17,Bajaj,Pulsar 150,269364.0,2021,874.0,Petrol,25.82,Third,2021.0,Active,Dealer,206047.87,Tier 2
Tamil Nadu,12.94,Honda,Activa,297464.0,2024,210.0,Hybrid,64.35,First,2024.0,Active,Dealer,206877.58,Tier 3
Tamil Nadu,60.58,Yamaha,R15 V4,334267.0,2022,748.0,Hybrid,81.43,Third,2024.0,Active,Dealer,139613.05,Tier 3
West Bengal,27.66,Hero,Splendor Plus,273646.0,2024,956.0,Petrol,37.71,Second,2024.0,Active,Individual,218432.7,Metro
Maharashtra,54.16,Tvs,Ronin,113411.0,2023,650.0,Petrol,51.16,First,2023.0,Not Available,Individual,80127.61,Tier 3
Karnataka,59.67,Bajaj,Ct 100,228259.0,2020,880.0,Petrol,56.82,Second,2021.0,Expired,Individual,106903.99,Tier 3
Madhya Pradesh,61.45,Kawasaki,Ninja 300,205708.0,2023,680.0,Petrol,51.81,First,2023.0,Expired,Individual,88921.82,Metro
Tamil Nadu,9.2,Royal Enfield,Interceptor 650,372120.0,2023,344.0,Electric,93.55,Second,2023.0,Expired,Individual,133472.89,Metro
Punjab,53.01,Royal Enfield,Meteor 350,311437.0,2023,273.0,Hybrid,73.28,Second,2024.0,Not Available,Dealer,132983.36,Tier 1
Delhi,73.98,Honda,Cbr 650R,136524.0,2024,628.0,Petrol,58.84,Third,2024.0,Not Available,Dealer,58826.44410748381,Tier 3
Madhya Pradesh,78.74,Ktm,125 Duke,246256.0,2022,338.0,Petrol,31.86,First,2022.0,Not Available,Dealer,133472.89,Tier 3
Delhi,64.54,Bajaj,Pulsar 150,395607.0,2022,136.0,Hybrid,91.96,Second,2022.0,Not Available,Dealer,133472.89,Metro
Madhya Pradesh,18.19,Yamaha,Fascino 125,284766.0,2018,652.0,Electric,86.22,Second,2022.0,Expired,Dealer,133698.85,Metro
Uttar Pradesh,70.45,Royal Enfield,Interceptor 650,169376.0,2022,820.0,Hybrid,66.65,Third,2022.0,Active,Dealer,122257.54,Tier 2
Maharashtra,75.77,Bajaj,Platina 110,206783.0,2022,682.0,Hybrid,95.23,Second,2022.0,Not Available,Individual,94811.98,Metro
Karnataka,79.14,Hero,Glamour,289032.0,2022,438.0,Hybrid,60.79,Second,2023.0,Not Available,Individual,133472.89,Metro
Punjab,45.65,Royal Enfield,Classic 350,302266.0,2023,676.0,Hybrid,87.55,Second,2024.0,Not Available,Individual,205584.73,Tier 1
Madhya Pradesh,58.32,Tvs,Sport,256926.0,2023,314.0,Electric,67.51,First,2023.0,Active,Individual,129284.52,Tier 3
Gujarat,71.03,Hero,Splendor Plus,185485.0,2023,407.0,Electric,85.31,First,2023.0,Expired,Individual,93733.61,Tier 3
West Bengal,12.79,Ktm,Rc 390,262246.0,2017,229.0,Electric,61.7,Second,2024.0,Expired,Dealer,178669.78,Tier 1
Rajasthan,57.12,Hero,Hf Deluxe,175457.0,2020,212.0,Petrol,34.08,Second,2022.0,Not Available,Individual,126203.63,Metro
Madhya Pradesh,53.99,Ktm,250 Duke,296698.0,2019,662.0,Petrol,33.27,Third,2023.0,Not Available,Dealer,215187.12,Tier 2
Madhya Pradesh,26.26,Tvs,Ronin,112446.0,2024,981.0,Hybrid,98.0,Third,2024.0,Active,Dealer,62554.64,Metro
Gujarat,48.78,Royal Enfield,Hunter 350,93752.0,2020,610.0,Hybrid,64.31,Second,2021.0,Expired,Individual,67713.8,Tier 2
Karnataka,41.82,Bajaj,Platina 110,173532.0,2021,550.0,Petrol,48.08,Third,2024.0,Active,Individual,122543.83,Tier 3
Tamil Nadu,62.21,Kawasaki,Z650,222577.0,2023,418.0,Electric,70.81,Second,2023.0,Expired,Individual,132074.88,Tier 2
Delhi,10.1,Hero,Hf Deluxe,344387.0,2022,333.0,Petrol,31.41,Second,2024.0,Expired,Dealer,265311.71,Tier 3
Rajasthan,8.73,Yamaha,Fz V3,106320.0,2016,411.0,Hybrid,91.94,Third,2024.0,Expired,Dealer,43075.79,Tier 1
Rajasthan,7.45,Yamaha,Fascino 125,392594.0,2017,659.0,Electric,82.19,Second,2023.0,Active,Individual,163506.51,Tier 2
West Bengal,67.94,Hero,Glamour,189144.0,2015,424.0,Petrol,25.22,Second,2024.0,Not Available,Individual,99774.72,Tier 1
Tamil Nadu,13.77,Yamaha,Fascino 125,307644.0,2023,936.0,Hybrid,61.84,Second,2023.0,Active,Individual,229472.83,Tier 2
Punjab,31.68,Hero,Hf Deluxe,268001.0,2024,499.0,Hybrid,90.63,Second,2024.0,Expired,Dealer,120349.23,Metro
Punjab,65.18,Royal Enfield,Hunter 350,302929.0,2024,891.0,Electric,99.63,Third,2024.0,Active,Individual,122432.5,Tier 1
Karnataka,27.58,Yamaha,Fz V3,77585.0,2021,734.0,Hybrid,86.92,Second,2021.0,Not Available,Individual,49203.58,Tier 1
Punjab,61.48,Royal Enfield,Classic 350,343018.0,2021,409.0,Hybrid,71.18,Second,2021.0,Expired,Dealer,233731.94,Tier 1
Punjab,56.08,Honda,Shine,62106.0,2016,384.0,Petrol,70.2,Second,2021.0,Not Available,Individual,48438.74,Tier 1
Delhi,42.98,Hero,Passion Pro,394295.0,2022,798.0,Electric,72.4,Second,2022.0,Not Available,Individual,204958.98,Tier 3
Gujarat,38.57,Bajaj,Ct 100,369029.0,2019,926.0,Petrol,43.33,Third,2023.0,Expired,Individual,148698.59,Tier 2
Delhi,36.45,Tvs,Apache Rtr 160,327248.0,2018,327.0,Petrol,40.42,Second,2022.0,Expired,Dealer,208708.35,Metro
Delhi,54.8,Kawasaki,Z650,398699.0,2017,354.0,Electric,70.2,Third,2023.0,Expired,Individual,200577.65,Tier 1
Madhya Pradesh,47.19,Ktm,Rc 390,323481.0,2024,933.0,Petrol,36.27,Third,2024.0,Not Available,Dealer,196176.15,Metro
Uttar Pradesh,10.06,Hero,Passion Pro,242110.0,2022,849.0,Hybrid,96.05,Second,2022.0,Not Available,Dealer,165672.84,Tier 1
Karnataka,38.47,Royal Enfield,Interceptor 650,347115.0,2024,330.0,Electric,90.16,Third,2024.0,Active,Dealer,209420.64,Tier 1
West Bengal,27.63,Honda,Dio,112916.0,2021,788.0,Electric,86.74,First,2021.0,Active,Dealer,63461.02,Tier 1
Maharashtra,35.65,Yamaha,R15 V4,195543.0,2021,146.0,Hybrid,76.99,Second,2021.0,Not Available,Dealer,120580.62,Tier 3
Punjab,29.02,Bajaj,Ct 100,381606.0,2020,700.0,Electric,88.2,Second,2021.0,Not Available,Dealer,193229.5,Tier 1
Rajasthan,52.07,Hero,Hf Deluxe,295735.0,2017,996.0,Electric,70.2,Second,2022.0,Not Available,Individual,230208.09,Tier 1
Uttar Pradesh,41.44,Yamaha,R15 V4,300933.0,2021,696.0,Hybrid,65.1,First,2021.0,Expired,Dealer,225273.11,Metro
Rajasthan,44.5,Ktm,250 Duke,389265.0,2022,990.0,Hybrid,92.24,First,2022.0,Not Available,Dealer,224465.71,Metro
Karnataka,76.42,Kawasaki,Ninja 300,230696.0,2022,832.0,Hybrid,76.38,Second,2022.0,Active,Dealer,150708.61,Tier 3
Madhya Pradesh,38.41,Bajaj,Dominar 400,204014.0,2022,586.0,Petrol,27.0,Second,2024.0,Active,Individual,96455.6,Tier 3
Punjab,69.86,Yamaha,Ray Zr,306155.0,2020,663.0,Electric,79.34,Second,2023.0,Not Available,Individual,190042.83,Tier 2
West Bengal,78.72,Ktm,Duke 200,130186.0,2018,220.0,Hybrid,91.09,Second,2021.0,Active,Individual,84440.58,Tier 1
Karnataka,70.34,Bajaj,Platina 110,162868.0,2024,676.0,Electric,79.25,Second,2024.0,Expired,Dealer,89041.02,Tier 3
Delhi,65.76,Royal Enfield,Hunter 350,275772.0,2022,207.0,Petrol,70.2,Second,2023.0,Expired,Individual,188261.03,Tier 1
Karnataka,8.35,Hero,Glamour,247072.0,2024,865.0,Electric,68.56,Second,2024.0,Active,Individual,133579.37,Tier 1
Rajasthan,78.48,Honda,Dio,50277.0,2023,590.0,Hybrid,88.89,Second,2024.0,Active,Dealer,33983.42,Metro
Punjab,14.3,Honda,Cbr 650R,312303.0,2022,391.0,Petrol,54.38,Second,2024.0,Not Available,Dealer,209824.62,Metro
Uttar Pradesh,17.39,Bajaj,Platina 110,148170.0,2022,466.0,Electric,70.2,First,2022.0,Active,Dealer,110115.96,Metro
Karnataka,15.27,Hero,Passion Pro,330497.0,2023,876.0,Petrol,55.93,Third,2024.0,Active,Individual,199760.08,Tier 3
Punjab,50.2,Honda,Shine,374851.0,2020,426.0,Petrol,48.79,Third,2023.0,Expired,Dealer,173386.8,Tier 2
Tamil Nadu,34.26,Royal Enfield,Classic 350,173583.0,2018,401.0,Electric,92.28,Second,2022.0,Not Available,Dealer,96795.69,Tier 3
Gujarat,15.81,Honda,Activa,311522.0,2021,908.0,Petrol,28.63,First,2021.0,Active,Individual,165149.0,Tier 1
Karnataka,19.24,Yamaha,R15 V4,109899.0,2021,605.0,Electric,92.05,Second,2023.0,Expired,Dealer,78843.96,Tier 2
Uttar Pradesh,46.82,Yamaha,Ray Zr,306905.0,2018,809.0,Petrol,35.77,Second,2023.0,Not Available,Individual,227868.88,Tier 1
Karnataka,35.35,Hero,Glamour,210693.0,2019,102.0,Electric,66.75,Second,2024.0,Active,Individual,154113.36,Tier 2
Uttar Pradesh,22.08,Hero,Xtreme 160R,367307.0,2022,455.0,Hybrid,70.79,Third,2022.0,Expired,Individual,290109.6,Tier 2
Gujarat,52.93,Royal Enfield,Interceptor 650,212007.0,2023,662.0,Electric,75.67,Third,2023.0,Not Available,Dealer,145683.25,Tier 3
Rajasthan,77.65,Bajaj,Ct 100,241907.0,2024,530.0,Hybrid,77.05,First,2024.0,Not Available,Individual,133472.89,Tier 2
Delhi,59.8,Tvs,Apache Rtr 160,175709.0,2018,120.0,Hybrid,67.23,Second,2024.0,Not Available,Individual,97026.37,Tier 3
Rajasthan,17.54,Hero,Xtreme 160R,57062.0,2024,365.0,Electric,79.77,Second,2024.0,Active,Dealer,24058.31,Metro
Punjab,77.21,Kawasaki,Z650,230014.0,2024,616.0,Electric,97.35,Second,2024.0,Expired,Individual,133472.89,Tier 3
Madhya Pradesh,9.02,Yamaha,R15 V4,187893.0,2022,777.0,Electric,80.77,First,2022.0,Not Available,Dealer,140113.15,Tier 3
Punjab,23.86,Yamaha,R15 V4,148656.0,2019,796.0,Petrol,59.36,Third,2022.0,Expired,Individual,66806.39,Tier 1
Madhya Pradesh,78.17,Yamaha,Fascino 125,124319.0,2021,370.0,Petrol,33.15,Third,2022.0,Expired,Dealer,57652.94,Tier 3
West Bengal,31.96,Tvs,Apache Rtr 160,100271.0,2024,354.0,Petrol,37.42,Second,2024.0,Active,Dealer,67466.86,Tier 2
Karnataka,31.22,Yamaha,Fascino 125,98164.0,2023,704.0,Hybrid,87.74,Second,2023.0,Expired,Dealer,61855.89,Tier 1
Karnataka,76.19,Yamaha,Ray Zr,86466.0,2023,316.0,Hybrid,80.7,Second,2024.0,Active,Individual,57055.89,Tier 2
Maharashtra,35.0,Yamaha,Ray Zr,254734.0,2023,909.0,Electric,97.94,Second,2023.0,Active,Dealer,200389.6,Tier 2
Maharashtra,15.57,Yamaha,Ray Zr,181784.0,2024,815.0,Hybrid,81.15,Second,2024.0,Active,Individual,95320.57,Tier 2
Gujarat,75.47,Hero,Passion Pro,120605.0,2023,927.0,Hybrid,94.23,Third,2023.0,Active,Individual,95623.81,Metro
Uttar Pradesh,14.76,Ktm,390 Adventure,198398.0,2022,358.0,Petrol,40.1,Second,2024.0,Expired,Dealer,147277.41,Tier 1
Rajasthan,12.38,Hero,Xtreme 160R,215325.0,2021,991.0,Petrol,31.08,Second,2022.0,Not Available,Individual,133868.6,Tier 2
Uttar Pradesh,24.33,Yamaha,R15 V4,311259.0,2021,629.0,Petrol,59.99,Second,2022.0,Expired,Dealer,141514.88,Metro
Rajasthan,29.71,Royal Enfield,Meteor 350,390924.0,2023,123.0,Electric,64.69,Second,2023.0,Not Available,Dealer,232874.33,Tier 3
Gujarat,69.98,Honda,Shine,356498.0,2024,803.0,Hybrid,72.58,Second,2024.0,Expired,Individual,262965.44,Tier 1
Madhya Pradesh,25.08,Tvs,Jupiter,142972.0,2018,976.0,Hybrid,66.36,Second,2022.0,Expired,Individual,109859.36,Tier 2
Karnataka,25.84,Hero,Splendor Plus,397125.0,2020,419.0,Hybrid,96.79,Third,2023.0,Expired,Individual,191478.1887284064,Tier 2
Punjab,9.7,Yamaha,R15 V4,105850.0,2022,807.0,Electric,80.99,First,2022.0,Active,Dealer,52423.96,Tier 2
Rajasthan,5.89,Tvs,Ntorq 125,197267.0,2023,498.0,Hybrid,61.92,Second,2024.0,Active,Dealer,133472.89,Tier 2
Karnataka,5.36,Royal Enfield,Hunter 350,289406.0,2023,650.0,Hybrid,79.49,First,2023.0,Expired,Dealer,180935.77,Tier 3
Rajasthan,39.45,Ktm,125 Duke,176197.0,2022,101.0,Petrol,45.81,Second,2022.0,Active,Dealer,120012.8,Metro
Tamil Nadu,20.8,Royal Enfield,Himalayan,329320.0,2024,311.0,Hybrid,72.47,First,2024.0,Active,Dealer,168647.7,Tier 3
Madhya Pradesh,31.11,Bajaj,Avenger 220,105988.0,2024,299.0,Electric,69.67,First,2024.0,Expired,Dealer,42702.81,Tier 2
Uttar Pradesh,69.26,Kawasaki,Ninja 400,371551.0,2019,651.0,Petrol,25.61,Third,2022.0,Expired,Dealer,272332.01,Tier 3
Gujarat,16.89,Bajaj,Platina 110,314409.0,2020,490.0,Petrol,32.69,Second,2022.0,Expired,Individual,152029.42,Tier 1
Karnataka,52.39,Yamaha,R15 V4,340683.0,2023,304.0,Electric,60.75,Second,2024.0,Not Available,Individual,212271.95,Tier 2
Tamil Nadu,8.25,Kawasaki,Versys 650,235700.0,2016,499.0,Hybrid,60.93,Second,2022.0,Active,Dealer,140874.69,Tier 3
Madhya Pradesh,68.3,Royal Enfield,Meteor 350,197356.0,2023,399.0,Hybrid,81.54,Second,2023.0,Expired,Individual,102491.22,Tier 2
West Bengal,11.58,Ktm,Rc 390,169049.0,2015,598.0,Hybrid,94.83,Second,2024.0,Expired,Individual,85503.75,Metro
Karnataka,73.64,Yamaha,R15 V4,345195.0,2022,355.0,Hybrid,83.41,Second,2023.0,Active,Individual,175081.62,Tier 1
West Bengal,68.53,Hero,Xtreme 160R,316989.0,2020,962.0,Hybrid,80.19,Second,2021.0,Expired,Dealer,216476.6,Metro
Maharashtra,45.89,Honda,Dio,86691.0,2016,182.0,Electric,92.66,Second,2023.0,Not Available,Individual,65010.22,Tier 1
Tamil Nadu,55.35,Tvs,Jupiter,181416.0,2023,609.0,Hybrid,97.13,Second,2023.0,Not Available,Individual,109626.6,Tier 2
Maharashtra,50.99,Royal Enfield,Interceptor 650,147053.0,2020,973.0,Electric,75.32,Third,2023.0,Active,Dealer,78770.13,Metro
Karnataka,16.6,Hero,Xtreme 160R,156821.0,2024,852.0,Hybrid,66.25,Second,2024.0,Expired,Dealer,122646.56,Tier 2
Delhi,76.08,Ktm,250 Duke,97145.0,2021,357.0,Hybrid,81.45,Second,2021.0,Not Available,Dealer,47962.44,Tier 3
Gujarat,65.8,Ktm,390 Adventure,202009.0,2016,980.0,Petrol,31.23,Second,2022.0,Expired,Individual,85967.48,Tier 2
Uttar Pradesh,33.03,Kawasaki,Vulcan S,263056.0,2022,617.0,Electric,93.67,Second,2023.0,Active,Individual,162611.4,Metro
Maharashtra,34.54,Hero,Hf Deluxe,145382.0,2021,784.0,Petrol,36.14,Second,2021.0,Expired,Individual,108314.19,Metro
Rajasthan,29.47,Tvs,Apache Rtr 160,274005.0,2018,543.0,Hybrid,79.15,Third,2023.0,Active,Individual,153905.53,Tier 2
Tamil Nadu,21.43,Royal Enfield,Classic 350,353280.0,2023,129.0,Petrol,38.66,Second,2024.0,Not Available,Individual,155618.71,Metro
West Bengal,10.06,Hero,Xtreme 160R,75113.0,2015,403.0,Electric,99.66,Third,2023.0,Expired,Individual,46509.9,Tier 3
Gujarat,35.11,Yamaha,R15 V4,133900.0,2023,205.0,Hybrid,90.31,Second,2023.0,Expired,Dealer,85025.27,Tier 3
Punjab,67.99,Royal Enfield,Classic 350,372925.0,2021,222.0,Electric,69.13,Second,2021.0,Expired,Dealer,235814.91,Metro
Uttar Pradesh,32.92,Tvs,Ronin,180467.0,2022,151.0,Hybrid,72.04,Second,2024.0,Expired,Individual,90834.87,Tier 3
Delhi,30.06,Royal Enfield,Hunter 350,365204.0,2021,469.0,Electric,96.37,Second,2021.0,Active,Dealer,245824.44,Tier 2
Gujarat,8.85,Bajaj,Avenger 220,308215.0,2020,911.0,Hybrid,62.48,Second,2021.0,Not Available,Individual,229543.02,Metro
Maharashtra,58.69,Royal Enfield,Himalayan,52836.0,2020,105.0,Petrol,36.9,Third,2021.0,Expired,Individual,133472.89,Tier 2
West Bengal,66.12,Tvs,Ntorq 125,55654.0,2024,218.0,Electric,85.99,First,2024.0,Active,Individual,133472.89,Tier 2
Madhya Pradesh,72.63,Kawasaki,Z650,239001.0,2020,315.0,Petrol,38.0,Third,2024.0,Active,Individual,110339.56,Tier 3
Gujarat,46.83,Royal Enfield,Meteor 350,83677.0,2018,210.0,Petrol,26.01,Second,2023.0,Not Available,Dealer,53718.48,Tier 2
Gujarat,13.28,Hero,Xtreme 160R,293205.0,2024,498.0,Hybrid,72.89,Second,2024.0,Not Available,Dealer,190259.65,Tier 1
Madhya Pradesh,53.31,Honda,Activa,327381.0,2022,916.0,Petrol,45.99,Third,2023.0,Expired,Dealer,133472.89,Metro
Karnataka,32.66,Hero,Glamour,318368.0,2023,858.0,Electric,79.52,First,2023.0,Active,Dealer,226301.4,Tier 3
Karnataka,29.33,Tvs,Apache Rtr 160,125179.0,2024,593.0,Hybrid,96.29,Second,2024.0,Expired,Dealer,54536.15,Tier 3
Uttar Pradesh,28.55,Kawasaki,Ninja 400,336517.0,2021,554.0,Petrol,34.71,First,2021.0,Not Available,Dealer,143609.85,Tier 2
Maharashtra,79.46,Royal Enfield,Meteor 350,171111.0,2020,543.0,Petrol,31.52,Second,2023.0,Active,Dealer,109855.18,Tier 3
Punjab,54.47,Bajaj,Avenger 220,399627.0,2019,202.0,Hybrid,92.53,Second,2021.0,Expired,Dealer,293271.063007683,Metro
Tamil Nadu,21.68,Yamaha,R15 V4,282334.0,2023,583.0,Petrol,33.15,Second,2024.0,Not Available,Dealer,133472.89,Tier 3
Tamil Nadu,23.05,Kawasaki,Versys 650,254067.0,2016,481.0,Electric,75.93,Second,2023.0,Active,Individual,146123.13,Tier 3
West Bengal,45.67,Tvs,Apache Rtr 160,68261.0,2020,626.0,Petrol,36.0,Second,2022.0,Active,Individual,48645.78,Tier 1
Delhi,40.43,Ktm,390 Adventure,82095.0,2023,808.0,Petrol,46.01,Third,2023.0,Not Available,Individual,52645.51,Metro
Maharashtra,64.25,Hero,Glamour,330685.0,2021,864.0,Electric,95.65,Second,2021.0,Active,Dealer,136113.76,Tier 2
Uttar Pradesh,78.57,Royal Enfield,Classic 350,282638.0,2022,943.0,Petrol,39.83,Second,2022.0,Expired,Dealer,166357.24,Tier 1
Madhya Pradesh,67.57,Honda,Cbr 650R,91805.0,2021,762.0,Electric,72.49,First,2021.0,Expired,Dealer,55278.21,Metro
West Bengal,52.23,Tvs,Ntorq 125,107850.0,2020,109.0,Electric,70.2,Second,2024.0,Active,Individual,81194.34,Tier 2
Madhya Pradesh,17.16,Ktm,390 Adventure,365338.0,2017,621.0,Electric,75.29,Second,2023.0,Expired,Dealer,287204.07,Tier 3
Punjab,51.76,Kawasaki,Ninja 400,352185.0,2023,458.0,Electric,60.38,Second,2024.0,Not Available,Dealer,187795.11,Tier 3
Delhi,51.86,Bajaj,Pulsar 150,175753.0,2024,885.0,Petrol,46.2,Third,2024.0,Active,Individual,95118.85,Tier 2
Rajasthan,6.42,Royal Enfield,Interceptor 650,112435.0,2021,543.0,Hybrid,82.94,Second,2024.0,Not Available,Dealer,47540.16,Tier 3
Gujarat,6.1,Royal Enfield,Himalayan,154944.0,2020,592.0,Petrol,42.17,Second,2022.0,Expired,Individual,117673.24,Tier 2
Tamil Nadu,70.02,Tvs,Ntorq 125,234446.0,2022,473.0,Hybrid,74.1,Second,2022.0,Not Available,Individual,179409.48,Tier 3
Punjab,42.18,Ktm,250 Duke,103552.0,2018,580.0,Hybrid,90.41,Third,2022.0,Active,Dealer,42920.79,Metro
Rajasthan,37.58,Bajaj,Avenger 220,315543.0,2015,853.0,Electric,77.89,Second,2023.0,Active,Individual,176178.81,Metro
Tamil Nadu,21.24,Hero,Hf Deluxe,213014.0,2020,307.0,Petrol,45.34,Third,2022.0,Active,Dealer,129141.47,Tier 3
Delhi,28.49,Royal Enfield,Classic 350,176974.0,2021,342.0,Hybrid,79.59,Second,2023.0,Active,Dealer,77489.5,Tier 2
Karnataka,62.85,Kawasaki,Ninja 300,132482.0,2021,556.0,Petrol,51.73,Second,2021.0,Active,Dealer,56057.22,Tier 1
Uttar Pradesh,9.72,Hero,Splendor Plus,131752.0,2017,140.0,Hybrid,94.38,Second,2021.0,Active,Individual,60410.82,Metro
Delhi,58.63,Ktm,Rc 390,174103.0,2024,369.0,Petrol,46.84,First,2024.0,Not Available,Individual,80636.51,Tier 1
Maharashtra,44.78,Ktm,250 Duke,216728.0,2021,957.0,Electric,74.79,Third,2023.0,Not Available,Dealer,133472.89,Metro
Maharashtra,48.35,Royal Enfield,Classic 350,59207.0,2023,413.0,Electric,73.99,Second,2023.0,Active,Individual,36431.14,Metro
Gujarat,72.58,Hero,Splendor Plus,378229.0,2018,228.0,Electric,87.64,Second,2023.0,Expired,Dealer,183705.9,Tier 3
Uttar Pradesh,59.06,Ktm,390 Adventure,359311.0,2022,155.0,Petrol,33.43,Second,2023.0,Active,Dealer,248534.72,Tier 3
Punjab,65.0,Kawasaki,Z650,123586.0,2024,701.0,Petrol,53.74,Second,2024.0,Active,Dealer,80861.25,Metro
Madhya Pradesh,9.02,Yamaha,R15 V4,187893.0,2022,777.0,Electric,80.77,First,2022.0,Not Available,Dealer,136338.07056826793,Tier 3
Delhi,25.81,Kawasaki,Vulcan S,82449.0,2021,999.0,Petrol,27.09,Second,2024.0,Expired,Individual,55828.35,Tier 3
Gujarat,73.67,Tvs,Jupiter,172817.0,2022,438.0,Hybrid,75.78,Third,2022.0,Expired,Dealer,84359.21,Tier 1
Uttar Pradesh,77.26,Ktm,125 Duke,106374.0,2023,860.0,Petrol,57.35,Second,2024.0,Active,Individual,63334.3,Metro
Uttar Pradesh,16.97,Hero,Passion Pro,80541.0,2018,273.0,Petrol,49.03,Second,2024.0,Not Available,Dealer,38047.48,Tier 3
Uttar Pradesh,77.74,Yamaha,Fz V3,206703.0,2022,608.0,Hybrid,86.09,Third,2024.0,Expired,Dealer,148367.47,Tier 3
Tamil Nadu,46.75,Honda,Unicorn,397436.0,2019,329.0,Hybrid,98.43,Second,2021.0,Expired,Dealer,168706.09,Tier 2
Maharashtra,67.6,Ktm,390 Adventure,281393.0,2022,122.0,Petrol,49.68,Second,2022.0,Active,Dealer,116206.25,Metro
Maharashtra,77.57,Ktm,390 Adventure,238893.0,2023,225.0,Electric,87.08,Second,2024.0,Not Available,Dealer,180585.77,Tier 2
Madhya Pradesh,19.47,Tvs,Jupiter,191002.0,2024,740.0,Hybrid,64.8,Second,2024.0,Not Available,Dealer,151522.81,Tier 1
Rajasthan,73.86,Royal Enfield,Classic 350,388727.0,2022,464.0,Petrol,28.68,Second,2022.0,Active,Dealer,286839.36,Metro
Gujarat,54.09,Ktm,250 Duke,230249.0,2018,608.0,Petrol,26.49,Second,2022.0,Expired,Dealer,155779.5,Metro
Tamil Nadu,48.72,Royal Enfield,Himalayan,289403.0,2020,653.0,Petrol,39.76,Third,2023.0,Not Available,Dealer,179882.02,Tier 1
Uttar Pradesh,76.7,Yamaha,Fascino 125,57886.0,2022,121.0,Petrol,43.73,Third,2023.0,Expired,Dealer,30496.65,Metro
Maharashtra,62.87,Tvs,Sport,186666.0,2016,252.0,Petrol,45.9,Second,2023.0,Expired,Individual,106036.69,Metro
Madhya Pradesh,38.1,Ktm,Duke 200,97907.0,2022,584.0,Petrol,49.89,First,2022.0,Not Available,Individual,75643.32,Metro
Delhi,11.95,Bajaj,Platina 110,331421.0,2015,348.0,Petrol,45.5,Second,2022.0,Expired,Dealer,164000.96,Tier 3
Gujarat,46.8,Kawasaki,Ninja 300,50255.0,2021,668.0,Electric,90.13,Third,2023.0,Active,Individual,35798.05,Metro
Punjab,16.39,Honda,Activa,197180.0,2020,303.0,Electric,79.21,Second,2024.0,Expired,Individual,105423.99,Tier 1
Delhi,8.19,Royal Enfield,Himalayan,286402.0,2021,850.0,Electric,85.62,Third,2022.0,Active,Individual,157813.92,Tier 3
Karnataka,28.85,Honda,Shine,281543.0,2023,455.0,Petrol,33.6,First,2023.0,Not Available,Dealer,193943.23,Tier 1
Madhya Pradesh,16.41,Royal Enfield,Himalayan,53331.0,2022,375.0,Petrol,70.2,First,2022.0,Expired,Individual,28029.26,Tier 2
Delhi,58.43,Honda,Cbr 650R,321787.0,2022,408.0,Petrol,58.28,Second,2024.0,Active,Dealer,143010.78,Metro
Tamil Nadu,29.91,Hero,Xtreme 160R,229777.0,2021,255.0,Electric,98.07,Second,2021.0,Expired,Individual,172178.71,Tier 1
Madhya Pradesh,49.92,Royal Enfield,Classic 350,276458.0,2022,853.0,Petrol,59.42,Third,2022.0,Expired,Individual,190346.56,Tier 2
Tamil Nadu,57.66,Ktm,Duke 200,130461.0,2017,234.0,Petrol,70.2,Second,2023.0,Expired,Individual,75706.51,Metro
Maharashtra,45.36,Kawasaki,Versys 650,333136.0,2023,847.0,Electric,69.13,First,2023.0,Expired,Dealer,182182.39,Tier 1
Karnataka,51.67,Bajaj,Pulsar 150,92008.0,2018,225.0,Electric,75.37,Second,2023.0,Expired,Dealer,61439.18,Tier 2
Rajasthan,25.74,Tvs,Jupiter,218145.0,2016,643.0,Hybrid,70.2,Second,2023.0,Expired,Individual,161974.1,Tier 2
Rajasthan,25.87,Tvs,Sport,168867.0,2020,445.0,Electric,98.28,Second,2024.0,Active,Individual,131290.9,Tier 1
Uttar Pradesh,79.4,Hero,Glamour,174807.0,2021,502.0,Petrol,53.48,Second,2021.0,Not Available,Dealer,133429.95,Tier 3
Karnataka,36.73,Yamaha,Fascino 125,136836.0,2019,261.0,Electric,86.0,Second,2023.0,Expired,Dealer,108601.25,Metro
Maharashtra,5.28,Hero,Xtreme 160R,260145.0,2019,593.0,Hybrid,66.06,Third,2024.0,Expired,Dealer,164749.94,Tier 1
Madhya Pradesh,33.18,Honda,Shine,167497.0,2018,768.0,Petrol,33.11,Second,2022.0,Expired,Dealer,75685.11,Tier 2
Gujarat,60.5,Hero,Passion Pro,305749.0,2024,948.0,Electric,70.2,Second,2024.0,Not Available,Dealer,133472.89,Tier 3
Rajasthan,52.04,Honda,Dio,191746.0,2023,316.0,Electric,93.09,Second,2023.0,Expired,Dealer,91732.8,Tier 1
Punjab,55.5,Ktm,250 Duke,393303.0,2024,317.0,Hybrid,72.93,Third,2024.0,Expired,Individual,163232.03,Tier 2
Karnataka,20.9,Yamaha,Mt-15,390111.0,2023,766.0,Petrol,25.15,Third,2023.0,Expired,Individual,185397.94,Tier 3
Tamil Nadu,16.45,Royal Enfield,Meteor 350,231577.0,2021,620.0,Electric,89.47,Second,2021.0,Expired,Dealer,144435.44,Tier 1
Maharashtra,32.18,Kawasaki,Ninja 400,53528.0,2024,391.0,Petrol,59.86,Second,2024.0,Expired,Dealer,22697.05,Tier 2
Uttar Pradesh,75.38,Kawasaki,Z650,140031.0,2016,155.0,Hybrid,77.84,Second,2023.0,Not Available,Dealer,69610.71,Metro
Maharashtra,10.5,Tvs,Apache Rtr 160,134475.0,2023,995.0,Petrol,48.09,Second,2024.0,Active,Dealer,66458.54,Tier 3
West Bengal,6.69,Kawasaki,Z650,291500.0,2017,340.0,Petrol,32.96,Third,2021.0,Not Available,Individual,173476.12,Tier 2
Gujarat,79.38,Bajaj,Pulsar 150,172867.0,2019,533.0,Hybrid,61.54,Second,2021.0,Active,Individual,98757.76,Tier 2
Karnataka,59.7,Royal Enfield,Hunter 350,205007.0,2021,965.0,Hybrid,95.34,First,2021.0,Active,Individual,145153.8,Tier 3
Karnataka,63.26,Tvs,Ntorq 125,266786.0,2020,903.0,Electric,60.35,Second,2024.0,Not Available,Dealer,181534.29,Metro
West Bengal,75.69,Bajaj,Dominar 400,178751.0,2023,707.0,Petrol,56.19,Second,2023.0,Active,Dealer,108593.04,Tier 3
Rajasthan,14.88,Yamaha,Fz V3,279231.0,2024,547.0,Electric,98.53,Third,2024.0,Expired,Dealer,117482.60230745526,Tier 1
West Bengal,32.97,Hero,Glamour,360592.0,2022,797.0,Hybrid,62.82,Second,2022.0,Expired,Dealer,159836.63,Tier 1
Rajasthan,15.49,Yamaha,Ray Zr,322296.0,2019,903.0,Electric,78.43,Second,2023.0,Active,Individual,208215.84,Tier 1
West Bengal,20.94,Ktm,250 Duke,190042.0,2023,778.0,Hybrid,76.69,First,2023.0,Expired,Dealer,123025.24,Tier 1
Maharashtra,30.89,Royal Enfield,Interceptor 650,140229.0,2022,932.0,Electric,70.2,Second,2023.0,Expired,Individual,59213.54,Metro
Punjab,61.32,Ktm,125 Duke,187811.0,2022,804.0,Hybrid,68.54,Second,2023.0,Not Available,Dealer,113090.52,Tier 2
Karnataka,63.92,Bajaj,Avenger 220,188617.0,2015,748.0,Petrol,50.71,Second,2024.0,Not Available,Dealer,135530.91,Tier 2
Punjab,73.89,Yamaha,R15 V4,163245.0,2015,891.0,Electric,70.45,Third,2024.0,Expired,Individual,122051.75,Metro
Punjab,56.56,Yamaha,Fz V3,326624.0,2024,314.0,Petrol,38.12,Second,2024.0,Active,Dealer,205691.06,Metro
Delhi,73.96,Hero,Hf Deluxe,276711.0,2023,209.0,Electric,61.69,Second,2023.0,Not Available,Dealer,166081.14,Tier 3
Madhya Pradesh,31.24,Yamaha,R15 V4,241252.0,2020,789.0,Electric,78.92,Second,2023.0,Expired,Dealer,163819.74,Tier 1
Gujarat,27.68,Ktm,Rc 390,376230.0,2024,156.0,Electric,78.5,Third,2024.0,Active,Dealer,300715.14,Tier 3
Delhi,44.41,Honda,Activa,321025.0,2021,801.0,Hybrid,72.98,Second,2024.0,Active,Dealer,252540.36,Tier 2
Gujarat,44.24,Yamaha,Ray Zr,197924.0,2020,482.0,Electric,97.55,Third,2024.0,Active,Dealer,105101.03,Tier 1
Madhya Pradesh,9.88,Hero,Passion Pro,85872.0,2019,922.0,Petrol,28.17,Second,2024.0,Expired,Dealer,54563.55,Tier 1
Madhya Pradesh,73.13,Hero,Glamour,378391.0,2024,129.0,Hybrid,68.81,Second,2024.0,Not Available,Dealer,274749.14,Metro
Maharashtra,73.85,Ktm,250 Duke,361307.0,2018,860.0,Hybrid,72.08,Second,2022.0,Not Available,Dealer,207493.31,Metro
Delhi,52.46,Tvs,Ronin,106028.0,2015,148.0,Petrol,49.22,Second,2024.0,Active,Dealer,62485.99,Tier 2
Maharashtra,56.44,Ktm,Duke 200,80591.0,2016,109.0,Hybrid,79.64,Second,2024.0,Expired,Individual,58170.53,Metro
Madhya Pradesh,60.36,Bajaj,Avenger 220,338124.0,2021,854.0,Hybrid,70.2,Second,2022.0,Not Available,Dealer,266201.55,Metro
Maharashtra,27.71,Hero,Passion Pro,50296.0,2020,649.0,Electric,83.78,Second,2021.0,Expired,Individual,32095.15,Tier 1
Delhi,31.32,Ktm,250 Duke,303968.0,2023,701.0,Hybrid,99.81,First,2023.0,Expired,Dealer,169713.78,Tier 1
Madhya Pradesh,59.38,Bajaj,Platina 110,200238.0,2023,202.0,Electric,91.48,Third,2023.0,Expired,Individual,142209.66,Tier 3
Delhi,7.47,Kawasaki,Ninja 400,328987.0,2024,271.0,Petrol,70.2,Second,2024.0,Expired,Individual,162784.55,Tier 1
Uttar Pradesh,50.01,Hero,Passion Pro,375260.0,2023,113.0,Electric,72.71,Second,2024.0,Active,Dealer,288857.31,Tier 3
Rajasthan,31.31,Honda,Dio,390334.0,2020,441.0,Hybrid,96.63,Third,2021.0,Expired,Individual,250759.48,Tier 2
West Bengal,61.11,Ktm,390 Adventure,354601.0,2024,637.0,Hybrid,78.92,Second,2024.0,Active,Dealer,175691.5,Tier 1
Tamil Nadu,28.03,Hero,Xtreme 160R,70058.0,2019,446.0,Electric,86.83,Second,2021.0,Expired,Individual,35004.1,Tier 2
West Bengal,48.58,Royal Enfield,Hunter 350,121856.0,2022,335.0,Hybrid,70.2,Second,2024.0,Active,Individual,51815.91,Tier 3
Uttar Pradesh,58.92,Kawasaki,Versys 650,322814.0,2023,896.0,Electric,82.59,Second,2023.0,Expired,Dealer,181236.99,Tier 2
Delhi,24.09,Bajaj,Ct 100,192295.0,2015,966.0,Hybrid,99.8,Second,2023.0,Expired,Individual,119542.56,Tier 3
Maharashtra,25.21,Hero,Xtreme 160R,361668.0,2023,699.0,Petrol,33.58,Second,2023.0,Active,Individual,151850.52,Tier 3
Punjab,72.3,Royal Enfield,Himalayan,235727.0,2018,489.0,Hybrid,73.57,Second,2024.0,Expired,Dealer,131607.93,Tier 3
Uttar Pradesh,57.41,Bajaj,Dominar 400,368233.0,2023,687.0,Electric,70.2,Third,2024.0,Active,Dealer,242784.36,Tier 1
West Bengal,75.96,Royal Enfield,Interceptor 650,215197.0,2022,128.0,Petrol,34.7,Third,2023.0,Not Available,Dealer,150778.15,Tier 2
Delhi,8.96,Royal Enfield,Hunter 350,214715.0,2024,469.0,Hybrid,67.19,Second,2024.0,Not Available,Dealer,133472.89,Tier 2
Uttar Pradesh,11.79,Tvs,Jupiter,144822.0,2021,583.0,Petrol,47.8,Second,2023.0,Active,Individual,61209.64,Tier 1
Tamil Nadu,61.2,Kawasaki,Z650,119252.0,2015,580.0,Petrol,33.07,Second,2021.0,Not Available,Dealer,63450.18,Metro
Punjab,22.51,Bajaj,Ct 100,175521.0,2019,181.0,Petrol,41.47,Second,2024.0,Active,Individual,86466.79,Metro
Karnataka,60.33,Bajaj,Pulsar 150,298778.0,2021,927.0,Hybrid,79.75,Third,2021.0,Expired,Dealer,179513.65,Metro
Gujarat,66.55,Ktm,250 Duke,201723.0,2016,247.0,Petrol,51.73,Second,2023.0,Not Available,Individual,82629.68,Tier 1
Uttar Pradesh,7.05,Royal Enfield,Classic 350,69367.0,2021,532.0,Petrol,34.87,First,2021.0,Active,Individual,54376.21,Tier 3
Punjab,32.59,Hero,Splendor Plus,255192.0,2023,477.0,Electric,87.08,Second,2023.0,Active,Individual,160470.41,Tier 3
Tamil Nadu,57.55,Ktm,125 Duke,216984.0,2024,355.0,Petrol,49.89,Second,2024.0,Expired,Individual,114101.48,Tier 2
Punjab,22.23,Tvs,Apache Rtr 160,55550.0,2021,432.0,Electric,97.32,First,2021.0,Active,Dealer,22507.4,Tier 3
Punjab,53.7,Hero,Passion Pro,156401.0,2021,808.0,Petrol,49.84,Second,2023.0,Expired,Individual,80407.01890933637,Metro
Karnataka,16.27,Tvs,Apache Rtr 160,371610.0,2018,523.0,Electric,79.77,Second,2024.0,Expired,Individual,285084.03,Tier 2
Rajasthan,24.53,Royal Enfield,Classic 350,181448.0,2021,367.0,Petrol,46.77,First,2021.0,Expired,Individual,110343.71,Metro
Madhya Pradesh,26.21,Royal Enfield,Interceptor 650,169151.0,2022,439.0,Petrol,49.93,First,2022.0,Expired,Dealer,88384.97,Metro
Gujarat,61.5,Ktm,Rc 390,197223.0,2016,528.0,Hybrid,77.76,Second,2023.0,Expired,Individual,133472.89,Tier 3
Delhi,55.88,Bajaj,Avenger 220,234157.0,2024,793.0,Petrol,34.71,Second,2024.0,Not Available,Individual,103734.43,Metro
Tamil Nadu,32.5,Ktm,Duke 200,226406.0,2022,713.0,Electric,93.57,Second,2023.0,Expired,Individual,155942.01,Tier 2
Uttar Pradesh,22.43,Royal Enfield,Meteor 350,62623.0,2020,195.0,Petrol,45.34,Second,2022.0,Expired,Dealer,40859.16,Tier 3
West Bengal,52.39,Honda,Activa,198683.0,2019,949.0,Hybrid,78.74,Second,2022.0,Not Available,Dealer,147330.52,Tier 2
Rajasthan,76.41,Royal Enfield,Interceptor 650,59041.0,2024,364.0,Electric,94.34,First,2024.0,Not Available,Dealer,133472.89,Tier 2
Gujarat,59.63,Bajaj,Pulsar 150,188591.0,2022,806.0,Electric,73.52,Second,2022.0,Not Available,Individual,107083.73,Metro
West Bengal,36.48,Honda,Dio,65211.0,2019,131.0,Petrol,28.89,Second,2021.0,Expired,Individual,41192.83,Tier 1
Karnataka,60.66,Kawasaki,Versys 650,164397.0,2024,636.0,Electric,91.71,Second,2024.0,Active,Individual,99215.22,Tier 3
Madhya Pradesh,69.42,Royal Enfield,Classic 350,115466.0,2019,708.0,Electric,60.68,Third,2024.0,Active,Dealer,61932.76,Tier 1
Rajasthan,24.13,Ktm,250 Duke,141361.0,2016,876.0,Hybrid,96.66,Second,2022.0,Active,Dealer,70237.79,Metro
Maharashtra,50.64,Ktm,390 Adventure,334654.0,2019,710.0,Petrol,50.14,Third,2021.0,Active,Dealer,213107.84,Tier 3
Maharashtra,10.32,Bajaj,Pulsar 150,331978.0,2018,849.0,Hybrid,65.33,Second,2022.0,Expired,Individual,151755.42,Metro
Gujarat,42.19,Kawasaki,Vulcan S,391220.0,2022,849.0,Hybrid,72.32,Third,2024.0,Not Available,Individual,299158.83,Metro
Rajasthan,35.46,Ktm,250 Duke,141191.0,2015,342.0,Electric,77.11,Third,2024.0,Not Available,Dealer,85027.82,Tier 3
Madhya Pradesh,59.42,Yamaha,Ray Zr,258085.0,2023,874.0,Petrol,45.09,Third,2023.0,Active,Dealer,189241.06,Tier 3
West Bengal,28.12,Ktm,Duke 200,209468.0,2022,999.0,Hybrid,93.38,Second,2022.0,Not Available,Individual,100270.7758242068,Metro
Rajasthan,20.59,Tvs,Apache Rtr 160,227649.0,2022,987.0,Petrol,35.37,Second,2022.0,Expired,Individual,134395.16,Tier 1
Madhya Pradesh,75.85,Hero,Xtreme 160R,155362.0,2021,184.0,Hybrid,93.97,Third,2023.0,Active,Dealer,117499.07,Tier 1
Delhi,56.75,Ktm,125 Duke,296918.0,2022,203.0,Electric,72.35,First,2022.0,Active,Individual,133472.89,Metro
West Bengal,56.16,Ktm,250 Duke,371542.0,2023,183.0,Petrol,50.58,Second,2024.0,Not Available,Individual,285791.17,Metro
Madhya Pradesh,59.18,Royal Enfield,Hunter 350,386618.0,2024,916.0,Hybrid,71.47,Second,2024.0,Active,Dealer,257615.75,Tier 3
Tamil Nadu,18.56,Honda,Unicorn,63028.0,2023,589.0,Hybrid,92.87,Second,2023.0,Expired,Individual,37465.8,Metro
Rajasthan,30.39,Honda,Activa,63691.0,2019,291.0,Petrol,30.45,Second,2024.0,Expired,Individual,32011.54,Tier 1
Gujarat,15.15,Ktm,Duke 200,86521.0,2021,490.0,Hybrid,89.81,Third,2024.0,Expired,Individual,49785.95,Metro
Delhi,5.32,Kawasaki,Ninja 300,226577.0,2024,338.0,Hybrid,79.41,Second,2024.0,Expired,Dealer,160641.62,Tier 1
Tamil Nadu,7.52,Ktm,250 Duke,227246.0,2022,161.0,Hybrid,81.21,Second,2024.0,Active,Individual,111111.3,Tier 1
Maharashtra,22.69,Honda,Activa,332533.0,2023,561.0,Hybrid,63.04,Third,2024.0,Not Available,Individual,140453.05,Tier 2
Maharashtra,48.3,Tvs,Ntorq 125,61628.0,2018,813.0,Hybrid,77.37,Second,2023.0,Expired,Dealer,28986.45,Metro
Karnataka,69.34,Honda,Unicorn,89427.0,2021,828.0,Petrol,57.71,Second,2022.0,Not Available,Dealer,49072.55,Tier 1
Gujarat,23.33,Kawasaki,Vulcan S,366948.0,2023,575.0,Electric,81.89,Second,2024.0,Active,Dealer,221170.1,Metro
Gujarat,44.53,Tvs,Ronin,355589.0,2021,961.0,Hybrid,64.12,Second,2023.0,Not Available,Dealer,271077.02,Metro
Karnataka,52.82,Hero,Passion Pro,82549.0,2023,387.0,Hybrid,98.62,Second,2023.0,Active,Dealer,41239.11,Tier 3
Tamil Nadu,65.78,Yamaha,R15 V4,235174.0,2024,826.0,Petrol,27.3,Second,2024.0,Not Available,Individual,133472.89,Tier 1
Madhya Pradesh,75.06,Kawasaki,Z650,347789.0,2023,264.0,Hybrid,84.62,Second,2023.0,Active,Dealer,260959.95,Tier 1
Tamil Nadu,7.77,Tvs,Apache Rtr 160,368732.0,2023,542.0,Hybrid,79.1,Second,2023.0,Active,Dealer,213812.93,Metro
Punjab,55.8,Tvs,Jupiter,152438.0,2022,542.0,Electric,88.38,Second,2023.0,Active,Individual,118606.81,Tier 1
Madhya Pradesh,44.11,Royal Enfield,Meteor 350,358321.0,2024,792.0,Electric,72.71,First,2024.0,Active,Individual,133472.89,Tier 2
Gujarat,51.9,Bajaj,Avenger 220,137263.0,2023,678.0,Hybrid,75.32,Second,2024.0,Not Available,Individual,82611.32,Tier 1
Punjab,60.32,Honda,Cbr 650R,234927.0,2021,187.0,Petrol,28.66,Second,2022.0,Expired,Dealer,101819.2,Tier 2
West Bengal,15.93,Bajaj,Platina 110,297971.0,2023,742.0,Hybrid,64.04,Second,2024.0,Expired,Individual,121660.47,Tier 3
Punjab,18.13,Ktm,390 Adventure,204721.0,2022,921.0,Hybrid,86.24,Second,2022.0,Not Available,Dealer,114843.62,Tier 3
Rajasthan,32.26,Kawasaki,Ninja 400,117893.0,2019,200.0,Electric,86.8,Second,2021.0,Active,Individual,66086.03,Tier 3
Delhi,65.92,Ktm,390 Adventure,367889.0,2023,672.0,Petrol,32.24,Second,2023.0,Expired,Dealer,229342.72,Tier 3
Punjab,46.09,Honda,Dio,95206.0,2016,228.0,Hybrid,84.64,Second,2022.0,Active,Individual,40798.46,Tier 3
Maharashtra,69.65,Yamaha,Mt-15,230550.0,2021,406.0,Electric,86.52,Second,2021.0,Expired,Individual,137664.83,Metro
Maharashtra,36.5,Honda,Activa,147636.0,2023,158.0,Electric,77.98,First,2023.0,Active,Dealer,91774.38,Tier 2
Punjab,45.53,Yamaha,Ray Zr,257212.0,2023,310.0,Electric,89.77,First,2023.0,Not Available,Dealer,203987.17,Tier 2
Punjab,9.41,Ktm,Rc 390,52450.0,2016,616.0,Petrol,53.55,Second,2023.0,Expired,Individual,21567.03,Tier 2
Gujarat,67.72,Hero,Passion Pro,95040.0,2024,297.0,Electric,88.03,Second,2024.0,Not Available,Dealer,62025.2,Tier 1
Maharashtra,69.96,Kawasaki,Z650,176362.0,2024,191.0,Petrol,56.3,Second,2024.0,Active,Individual,105929.9,Tier 2
Uttar Pradesh,57.55,Yamaha,Ray Zr,369086.0,2021,770.0,Electric,93.99,Second,2024.0,Active,Dealer,289924.39,Tier 1
Maharashtra,9.44,Honda,Cbr 650R,256763.0,2024,259.0,Hybrid,80.19,Second,2024.0,Expired,Individual,118958.66,Tier 2
Karnataka,19.9,Honda,Dio,238502.0,2022,986.0,Hybrid,81.34,Second,2023.0,Active,Dealer,121783.15,Tier 1
Rajasthan,65.03,Hero,Glamour,379121.0,2022,205.0,Electric,69.59,Second,2023.0,Expired,Individual,231307.26,Tier 2
West Bengal,9.17,Honda,Dio,117032.0,2024,265.0,Electric,70.2,Second,2024.0,Not Available,Individual,81219.18,Tier 1
Madhya Pradesh,9.69,Kawasaki,Versys 650,201390.0,2018,105.0,Hybrid,92.95,Second,2023.0,Not Available,Individual,153146.12,Tier 3
Rajasthan,28.4,Tvs,Ronin,52665.0,2015,997.0,Petrol,70.2,Second,2023.0,Not Available,Dealer,21814.81,Tier 2
Karnataka,51.67,Ktm,390 Adventure,176529.0,2021,243.0,Electric,71.88,Second,2021.0,Expired,Dealer,76436.96,Tier 2
Gujarat,20.96,Kawasaki,Vulcan S,196620.0,2020,604.0,Electric,92.67,Second,2021.0,Active,Individual,121754.41,Tier 3
Gujarat,6.48,Tvs,Jupiter,226810.0,2016,406.0,Electric,95.71,Second,2021.0,Expired,Individual,160020.18,Tier 3
Rajasthan,36.16,Tvs,Sport,93719.0,2018,314.0,Petrol,34.97,Second,2023.0,Active,Individual,38449.0,Tier 3
Delhi,41.96,Tvs,Apache Rtr 160,389657.0,2017,634.0,Petrol,39.52,Second,2024.0,Active,Dealer,133472.89,Metro
West Bengal,24.07,Bajaj,Platina 110,57220.0,2021,158.0,Electric,80.25,Third,2021.0,Not Available,Dealer,45483.9,Tier 3
Tamil Nadu,17.0,Tvs,Ntorq 125,134847.0,2024,872.0,Electric,86.8,Second,2024.0,Not Available,Individual,71702.7,Tier 2
Delhi,28.99,Kawasaki,Versys 650,268743.0,2024,304.0,Electric,76.4,Second,2024.0,Expired,Dealer,161832.38,Tier 2
Rajasthan,78.86,Honda,Activa,223617.0,2024,840.0,Electric,70.2,Second,2024.0,Not Available,Individual,106367.4,Tier 3
Punjab,67.89,Ktm,125 Duke,223735.0,2020,997.0,Hybrid,70.2,Second,2023.0,Expired,Dealer,118067.0,Tier 2
Tamil Nadu,69.5,Yamaha,Fascino 125,295921.0,2024,746.0,Petrol,70.2,Second,2024.0,Expired,Dealer,119780.32,Tier 2
Gujarat,5.66,Royal Enfield,Meteor 350,183695.0,2024,903.0,Electric,69.72,Second,2024.0,Expired,Dealer,81221.81,Tier 1
Delhi,53.96,Kawasaki,Ninja 300,66504.0,2019,877.0,Electric,92.87,Second,2023.0,Expired,Individual,39417.83,Tier 1
Madhya Pradesh,54.61,Royal Enfield,Classic 350,187839.0,2020,918.0,Hybrid,69.09,Second,2023.0,Not Available,Individual,86475.42,Tier 3
Madhya Pradesh,71.22,Ktm,125 Duke,126359.0,2019,759.0,Hybrid,86.51,Third,2022.0,Expired,Individual,71939.83,Tier 2
Maharashtra,55.64,Ktm,Duke 200,227660.0,2023,184.0,Petrol,31.86,Third,2023.0,Active,Dealer,163246.68,Metro
Karnataka,75.41,Royal Enfield,Himalayan,105444.0,2020,685.0,Electric,88.28,Third,2024.0,Active,Individual,68932.34,Tier 3
Punjab,60.34,Bajaj,Platina 110,231711.0,2020,233.0,Hybrid,61.54,Second,2023.0,Expired,Individual,182746.87,Tier 3
Delhi,31.4,Tvs,Ntorq 125,67632.0,2023,839.0,Petrol,70.2,Second,2023.0,Not Available,Individual,28975.91,Tier 3
Madhya Pradesh,33.12,Hero,Splendor Plus,323554.0,2017,717.0,Hybrid,99.35,Second,2024.0,Expired,Dealer,240460.9,Tier 1
Punjab,27.25,Bajaj,Avenger 220,396791.0,2022,893.0,Electric,87.97,Second,2022.0,Expired,Dealer,221961.03,Tier 3
Delhi,45.88,Honda,Cbr 650R,273310.0,2024,643.0,Petrol,25.41,Second,2024.0,Not Available,Individual,157927.56,Metro
Punjab,12.83,Ktm,Duke 200,110198.0,2023,925.0,Petrol,25.44,First,2023.0,Not Available,Dealer,75156.19,Tier 1
Karnataka,36.26,Bajaj,Ct 100,69336.0,2024,316.0,Electric,63.04,Second,2024.0,Not Available,Dealer,44989.45,Tier 2
Maharashtra,13.87,Tvs,Apache Rtr 160,127183.0,2023,286.0,Hybrid,81.86,Second,2023.0,Expired,Dealer,87580.71,Tier 1
Karnataka,42.24,Yamaha,Ray Zr,196511.0,2024,714.0,Electric,66.0,Second,2024.0,Active,Individual,88658.61,Tier 2
Delhi,11.71,Kawasaki,Z650,139434.0,2024,687.0,Electric,99.59,Second,2024.0,Expired,Individual,89031.07,Tier 3
Delhi,35.6,Yamaha,R15 V4,125864.0,2022,759.0,Hybrid,76.54,Second,2024.0,Not Available,Individual,57106.82,Tier 2
West Bengal,37.54,Tvs,Sport,385671.0,2019,369.0,Hybrid,70.2,Second,2024.0,Active,Dealer,229843.47,Tier 2
Delhi,69.4,Yamaha,Ray Zr,229594.0,2024,800.0,Electric,74.63,Second,2024.0,Active,Dealer,177755.05,Tier 3
Punjab,24.93,Hero,Glamour,112012.0,2020,423.0,Hybrid,97.33,Third,2024.0,Not Available,Dealer,68604.17,Tier 1
Rajasthan,49.23,Royal Enfield,Interceptor 650,226769.0,2020,243.0,Hybrid,74.15,Third,2023.0,Not Available,Individual,104706.56,Tier 3
Tamil Nadu,74.34,Honda,Unicorn,213066.0,2023,335.0,Hybrid,70.2,Second,2023.0,Not Available,Dealer,120534.88,Tier 2
Tamil Nadu,46.38,Kawasaki,Ninja 400,66132.0,2020,963.0,Electric,99.64,Second,2024.0,Not Available,Dealer,31857.87,Tier 1
Maharashtra,75.3,Kawasaki,Ninja 400,80147.0,2021,741.0,Hybrid,93.04,Second,2024.0,Active,Dealer,61493.67,Tier 2
West Bengal,30.37,Ktm,250 Duke,221688.0,2023,943.0,Petrol,57.75,Second,2023.0,Active,Dealer,118320.5,Tier 2
Uttar Pradesh,64.22,Kawasaki,Ninja 300,321199.0,2022,930.0,Hybrid,70.2,First,2022.0,Expired,Individual,170793.99,Tier 3
Uttar Pradesh,45.88,Ktm,Duke 200,184273.0,2023,588.0,Electric,90.72,First,2023.0,Expired,Dealer,130216.44,Tier 1
Gujarat,20.25,Ktm,250 Duke,251953.0,2022,751.0,Hybrid,91.75,Second,2022.0,Not Available,Individual,187262.21,Tier 2
Uttar Pradesh,36.57,Bajaj,Pulsar 150,201485.0,2024,291.0,Electric,92.77,Second,2024.0,Active,Individual,137698.55,Tier 1
Punjab,56.77,Bajaj,Pulsar 150,210785.0,2017,204.0,Hybrid,61.97,Second,2023.0,Active,Dealer,127845.31,Metro
Tamil Nadu,36.12,Tvs,Apache Rtr 160,129341.0,2022,503.0,Electric,62.6,Second,2022.0,Not Available,Dealer,58766.71,Tier 3
West Bengal,29.29,Yamaha,Fascino 125,362044.0,2022,920.0,Hybrid,99.29,Second,2023.0,Expired,Individual,275600.05,Tier 3
Rajasthan,62.09,Yamaha,Fascino 125,88624.0,2017,958.0,Hybrid,82.05,Third,2024.0,Not Available,Dealer,59620.42,Tier 1
Gujarat,48.28,Tvs,Sport,191329.0,2021,781.0,Electric,60.97,First,2021.0,Expired,Individual,81230.21,Tier 2
West Bengal,15.47,Honda,Activa,333399.0,2022,729.0,Petrol,41.07,Second,2022.0,Active,Individual,147857.42,Tier 2
Tamil Nadu,50.67,Ktm,Duke 200,79497.0,2021,644.0,Electric,78.13,Third,2023.0,Active,Individual,36275.79,Metro
Punjab,54.52,Bajaj,Platina 110,340372.0,2021,455.0,Hybrid,93.97,Second,2023.0,Expired,Dealer,257756.62,Tier 1
Gujarat,64.78,Royal Enfield,Interceptor 650,354480.0,2016,212.0,Hybrid,93.67,Second,2023.0,Expired,Dealer,190537.81,Tier 3
Karnataka,59.92,Tvs,Sport,83220.0,2022,295.0,Petrol,37.34,Second,2022.0,Expired,Individual,49331.58,Metro
Punjab,62.84,Tvs,Apache Rtr 160,50437.0,2023,145.0,Petrol,30.53,Second,2023.0,Expired,Individual,21628.19,Tier 3
Gujarat,11.53,Yamaha,Fz V3,354820.0,2022,505.0,Hybrid,70.2,Second,2024.0,Expired,Dealer,201246.41,Metro
Tamil Nadu,70.64,Royal Enfield,Hunter 350,297146.0,2020,813.0,Electric,96.68,Third,2021.0,Expired,Dealer,144421.07,Tier 3
Maharashtra,58.88,Tvs,Jupiter,203805.0,2015,979.0,Electric,60.96,Second,2022.0,Active,Dealer,141970.73,Tier 2
Punjab,75.47,Yamaha,R15 V4,391180.0,2024,600.0,Petrol,26.09,First,2024.0,Active,Individual,160922.51,Metro
Karnataka,70.86,Bajaj,Ct 100,357496.0,2022,654.0,Electric,79.23,First,2022.0,Expired,Dealer,180906.84,Metro
Karnataka,49.32,Yamaha,Fz V3,97780.0,2024,273.0,Hybrid,82.0,Third,2024.0,Active,Dealer,70372.0,Tier 1
West Bengal,40.32,Tvs,Sport,213681.0,2021,864.0,Petrol,54.62,First,2021.0,Active,Individual,141674.8,Metro
Madhya Pradesh,68.02,Yamaha,Ray Zr,55191.0,2021,325.0,Hybrid,94.68,Second,2022.0,Expired,Individual,133472.89,Tier 2
Punjab,39.35,Royal Enfield,Interceptor 650,62077.0,2022,433.0,Electric,87.2,Second,2022.0,Expired,Dealer,48255.58,Metro
Delhi,27.9,Tvs,Sport,162688.0,2021,402.0,Petrol,59.33,First,2021.0,Expired,Individual,105455.94,Tier 2
Tamil Nadu,22.8,Hero,Glamour,236378.0,2022,829.0,Electric,94.39,Second,2023.0,Active,Dealer,102288.64,Tier 1
West Bengal,39.19,Royal Enfield,Classic 350,215989.0,2016,766.0,Electric,90.82,Third,2024.0,Expired,Individual,93619.67,Tier 3
Rajasthan,30.42,Tvs,Ntorq 125,392844.0,2020,282.0,Petrol,45.51,Third,2021.0,Not Available,Dealer,251228.71,Tier 1
Karnataka,43.44,Tvs,Apache Rtr 160,237239.0,2022,528.0,Hybrid,79.59,Second,2022.0,Expired,Individual,185954.12,Tier 1
Rajasthan,8.85,Bajaj,Ct 100,166413.0,2022,109.0,Petrol,70.2,Second,2023.0,Active,Dealer,107972.2,Tier 1
Madhya Pradesh,58.75,Royal Enfield,Classic 350,50187.0,2022,916.0,Hybrid,91.97,Second,2024.0,Expired,Individual,30535.86,Tier 1
Delhi,31.39,Hero,Glamour,320683.0,2021,323.0,Hybrid,79.68,Second,2024.0,Expired,Dealer,254377.0,Tier 1
Maharashtra,16.29,Bajaj,Pulsar 150,80570.0,2020,997.0,Hybrid,85.69,Second,2021.0,Not Available,Individual,37623.13,Tier 2
Maharashtra,74.16,Tvs,Sport,396547.0,2021,529.0,Hybrid,75.77,Second,2021.0,Expired,Dealer,239395.82,Metro
Punjab,15.31,Tvs,Ntorq 125,366885.0,2021,881.0,Hybrid,75.5,Second,2021.0,Expired,Dealer,264483.64,Metro
Uttar Pradesh,62.58,Royal Enfield,Meteor 350,298523.0,2016,305.0,Electric,81.18,Second,2023.0,Active,Dealer,124587.13,Metro
Delhi,20.09,Bajaj,Avenger 220,373467.0,2024,454.0,Hybrid,71.0,Second,2024.0,Active,Dealer,162935.79,Tier 3
Gujarat,76.16,Royal Enfield,Hunter 350,89628.0,2019,393.0,Hybrid,69.7,Second,2023.0,Not Available,Dealer,37174.88,Metro
Gujarat,40.07,Ktm,Duke 200,250185.0,2019,741.0,Petrol,55.59,Second,2024.0,Active,Individual,171279.54,Tier 2
Karnataka,33.44,Yamaha,Ray Zr,152292.0,2024,117.0,Petrol,30.53,Third,2024.0,Active,Dealer,110686.93,Metro
Madhya Pradesh,21.8,Kawasaki,Vulcan S,360022.0,2024,694.0,Electric,70.2,Second,2024.0,Expired,Dealer,261383.07,Tier 2
Madhya Pradesh,52.26,Yamaha,Fz V3,78670.0,2022,767.0,Petrol,49.7,Second,2024.0,Not Available,Individual,34544.61,Tier 3
Gujarat,62.39,Yamaha,R15 V4,113940.0,2020,314.0,Hybrid,76.36,Second,2022.0,Active,Dealer,85779.82,Tier 3
Karnataka,79.63,Bajaj,Pulsar 150,282789.0,2024,684.0,Electric,86.51,Second,2024.0,Expired,Dealer,190614.58,Tier 2
Karnataka,16.41,Honda,Unicorn,59331.0,2022,724.0,Electric,70.2,Second,2022.0,Expired,Individual,45682.29,Tier 1
Karnataka,52.79,Honda,Activa,178772.0,2023,903.0,Hybrid,89.1,Second,2023.0,Expired,Dealer,87840.42,Tier 2
West Bengal,71.61,Hero,Passion Pro,71005.0,2022,402.0,Electric,70.2,Second,2022.0,Expired,Individual,37788.59,Tier 2
Rajasthan,69.6,Honda,Shine,165514.0,2021,854.0,Petrol,51.32,Third,2021.0,Not Available,Dealer,112587.94,Metro
Delhi,35.66,Ktm,250 Duke,71632.0,2024,886.0,Petrol,51.32,First,2024.0,Not Available,Individual,45541.9,Metro
West Bengal,42.08,Kawasaki,Versys 650,264224.0,2022,660.0,Electric,88.42,Second,2022.0,Expired,Individual,133472.89,Tier 1
Maharashtra,65.97,Hero,Passion Pro,77186.0,2024,307.0,Hybrid,91.47,Second,2024.0,Expired,Dealer,41693.21,Tier 3
Uttar Pradesh,64.83,Honda,Unicorn,202495.0,2016,960.0,Petrol,40.31,Third,2024.0,Expired,Dealer,113488.91,Tier 3
Gujarat,49.37,Ktm,125 Duke,61171.0,2018,458.0,Petrol,59.04,Second,2021.0,Active,Dealer,32789.37,Metro
Uttar Pradesh,29.01,Honda,Activa,291164.0,2023,958.0,Electric,94.11,Second,2024.0,Expired,Individual,133472.89,Tier 1
Uttar Pradesh,46.01,Hero,Passion Pro,221366.0,2021,548.0,Hybrid,65.05,Second,2024.0,Active,Dealer,133472.89,Metro
Gujarat,40.81,Hero,Passion Pro,134565.0,2021,430.0,Petrol,44.07,Second,2024.0,Not Available,Dealer,92111.58,Tier 1
Tamil Nadu,61.93,Kawasaki,Ninja 300,351364.0,2022,616.0,Petrol,41.59,Second,2023.0,Expired,Individual,188383.57,Tier 3
Karnataka,61.5,Bajaj,Avenger 220,341272.0,2022,626.0,Electric,70.2,Second,2022.0,Active,Individual,133472.89,Metro
Delhi,11.94,Kawasaki,Z650,275199.0,2019,350.0,Hybrid,82.78,Third,2023.0,Expired,Individual,154888.66,Tier 3
Rajasthan,11.31,Kawasaki,Vulcan S,52226.0,2022,976.0,Hybrid,62.56,Second,2022.0,Expired,Individual,39913.59,Metro
West Bengal,8.97,Ktm,250 Duke,243231.0,2022,927.0,Hybrid,97.49,Second,2022.0,Not Available,Dealer,184753.64,Metro
Karnataka,35.16,Royal Enfield,Interceptor 650,215700.0,2021,609.0,Petrol,46.99,Second,2021.0,Not Available,Individual,108204.89,Tier 3
West Bengal,75.14,Royal Enfield,Interceptor 650,188892.0,2024,559.0,Electric,60.51,Second,2024.0,Active,Dealer,125203.91,Tier 1
Madhya Pradesh,6.55,Ktm,250 Duke,52023.0,2023,558.0,Hybrid,63.67,First,2023.0,Active,Dealer,35212.35,Tier 3
Maharashtra,78.93,Tvs,Apache Rtr 160,313333.0,2021,203.0,Hybrid,99.31,Second,2022.0,Active,Dealer,133472.89,Tier 2
Rajasthan,39.09,Tvs,Apache Rtr 160,77684.0,2023,406.0,Petrol,58.53,Second,2023.0,Expired,Dealer,39973.55,Metro
Madhya Pradesh,12.78,Kawasaki,Ninja 300,104324.0,2022,592.0,Hybrid,66.91,Second,2023.0,Active,Individual,83356.36,Tier 2
Gujarat,75.98,Hero,Glamour,302699.0,2016,523.0,Electric,86.42,Second,2021.0,Expired,Dealer,202309.7,Tier 2
Tamil Nadu,65.28,Hero,Xtreme 160R,67541.0,2022,924.0,Petrol,49.93,Second,2022.0,Active,Dealer,48668.39,Tier 3
Punjab,21.56,Kawasaki,Ninja 400,342544.0,2023,629.0,Petrol,54.64,Second,2023.0,Active,Individual,184670.86,Tier 1
Punjab,30.65,Bajaj,Pulsar 150,144831.0,2023,972.0,Electric,72.81,Second,2024.0,Active,Individual,60942.92,Metro
Maharashtra,57.7,Hero,Xtreme 160R,207085.0,2015,195.0,Electric,62.21,Second,2024.0,Active,Dealer,133472.89,Tier 2
West Bengal,31.23,Hero,Glamour,389149.0,2023,777.0,Hybrid,75.48,Second,2023.0,Not Available,Individual,208225.43,Tier 3
Karnataka,69.11,Hero,Passion Pro,191662.0,2023,529.0,Hybrid,66.47,First,2023.0,Expired,Dealer,92747.91,Tier 3
Madhya Pradesh,60.78,Royal Enfield,Hunter 350,157189.0,2024,206.0,Hybrid,65.59,Second,2024.0,Not Available,Dealer,108322.07,Tier 2
Gujarat,9.27,Royal Enfield,Hunter 350,125583.0,2021,720.0,Hybrid,70.2,Second,2024.0,Expired,Individual,56969.82,Tier 1
Delhi,35.53,Ktm,Rc 390,190997.0,2023,437.0,Petrol,70.2,Second,2023.0,Not Available,Individual,94398.71,Metro
West Bengal,6.09,Royal Enfield,Classic 350,205353.0,2023,302.0,Hybrid,68.78,Second,2024.0,Expired,Individual,113157.58,Tier 2
Madhya Pradesh,17.46,Bajaj,Dominar 400,284433.0,2023,650.0,Electric,94.12,First,2023.0,Not Available,Individual,145249.38,Tier 3
Karnataka,67.37,Tvs,Apache Rtr 160,228320.0,2023,330.0,Hybrid,91.04,Second,2024.0,Not Available,Dealer,172340.9,Tier 1
Rajasthan,61.25,Hero,Xtreme 160R,58805.0,2022,878.0,Petrol,26.21,Second,2022.0,Not Available,Dealer,41163.67,Tier 3
Karnataka,22.89,Honda,Shine,61786.0,2020,516.0,Electric,97.89,Second,2024.0,Expired,Dealer,33427.81,Tier 3
Punjab,52.71,Kawasaki,Vulcan S,354634.0,2023,339.0,Electric,70.77,Second,2024.0,Expired,Individual,176074.26,Tier 3
Uttar Pradesh,14.5,Hero,Glamour,74095.0,2019,965.0,Hybrid,90.34,Second,2021.0,Expired,Individual,133472.89,Metro
Maharashtra,47.38,Ktm,390 Adventure,262491.0,2024,635.0,Petrol,45.97,First,2024.0,Not Available,Individual,201684.49,Tier 3
Gujarat,25.94,Ktm,250 Duke,323010.0,2020,698.0,Electric,82.63,Second,2024.0,Expired,Dealer,164456.19,Metro
Rajasthan,31.56,Royal Enfield,Meteor 350,72922.0,2022,986.0,Petrol,25.47,Second,2023.0,Active,Individual,54089.91,Tier 1
Madhya Pradesh,40.8,Ktm,390 Adventure,304432.0,2019,347.0,Electric,95.02,Second,2021.0,Active,Dealer,171009.45,Tier 3
Punjab,53.95,Royal Enfield,Classic 350,264113.0,2021,533.0,Hybrid,88.87,First,2021.0,Expired,Individual,135171.47,Metro
Rajasthan,64.64,Bajaj,Platina 110,292591.0,2024,625.0,Electric,73.34,Second,2024.0,Active,Dealer,130298.13,Tier 2
Delhi,45.74,Hero,Glamour,150842.0,2022,386.0,Electric,82.26,Second,2023.0,Not Available,Dealer,60979.21,Metro
Uttar Pradesh,50.73,Kawasaki,Ninja 300,130066.0,2022,539.0,Electric,62.28,Second,2024.0,Active,Individual,133472.89,Tier 1
Uttar Pradesh,11.92,Yamaha,Ray Zr,218134.0,2018,779.0,Petrol,38.07,Second,2022.0,Active,Dealer,150235.49,Metro
Rajasthan,56.64,Hero,Glamour,206659.0,2023,925.0,Hybrid,76.41,Second,2023.0,Expired,Dealer,141820.29,Metro
Delhi,78.66,Ktm,250 Duke,362054.0,2020,422.0,Electric,91.4,Second,2024.0,Active,Dealer,156941.43,Tier 3
Madhya Pradesh,14.56,Hero,Hf Deluxe,304954.0,2024,127.0,Petrol,48.68,First,2024.0,Not Available,Individual,133472.89,Metro
Gujarat,41.85,Honda,Unicorn,270038.0,2023,223.0,Hybrid,91.47,Second,2023.0,Expired,Individual,132613.98,Tier 1
Gujarat,26.11,Bajaj,Platina 110,347106.0,2020,567.0,Electric,83.35,Second,2021.0,Expired,Dealer,252911.37,Tier 1
Tamil Nadu,79.61,Bajaj,Pulsar 150,210806.0,2022,375.0,Petrol,31.61,First,2022.0,Active,Dealer,152463.25,Metro
Madhya Pradesh,12.15,Ktm,Duke 200,169841.0,2016,538.0,Electric,65.51,Second,2024.0,Expired,Dealer,109105.92,Tier 1
Rajasthan,63.04,Honda,Dio,253319.0,2022,173.0,Petrol,70.2,Second,2023.0,Not Available,Dealer,140046.49,Tier 2
Karnataka,14.36,Yamaha,Ray Zr,325662.0,2017,865.0,Electric,96.32,Second,2021.0,Expired,Dealer,251202.95,Metro
Maharashtra,63.18,Yamaha,R15 V4,278282.0,2024,794.0,Petrol,40.77,First,2024.0,Expired,Dealer,117164.19,Tier 3
Karnataka,50.5,Honda,Dio,379014.0,2022,435.0,Petrol,32.9,Second,2022.0,Active,Dealer,198932.63,Tier 2
Karnataka,27.36,Kawasaki,Versys 650,339023.0,2021,229.0,Petrol,27.58,Second,2024.0,Active,Dealer,235591.26,Metro
Rajasthan,71.43,Royal Enfield,Himalayan,91038.0,2018,454.0,Hybrid,82.11,Second,2021.0,Not Available,Individual,67023.57,Metro
Gujarat,10.84,Hero,Xtreme 160R,324942.0,2021,811.0,Electric,82.56,Second,2021.0,Expired,Dealer,243992.88,Metro
Tamil Nadu,52.44,Bajaj,Dominar 400,51964.0,2023,910.0,Petrol,45.26,First,2023.0,Not Available,Individual,25849.78,Tier 2
Punjab,48.0,Ktm,Duke 200,241140.0,2020,448.0,Petrol,39.82,Third,2024.0,Not Available,Dealer,141384.56,Tier 1
West Bengal,46.02,Ktm,Rc 390,94014.0,2024,224.0,Petrol,37.77,Third,2024.0,Expired,Dealer,52808.63,Metro
Uttar Pradesh,28.68,Royal Enfield,Himalayan,379476.0,2024,906.0,Hybrid,95.9,Second,2024.0,Active,Dealer,282735.43,Tier 1
West Bengal,18.43,Ktm,390 Adventure,334901.0,2017,608.0,Hybrid,84.34,Second,2023.0,Expired,Individual,149306.64,Tier 3
Gujarat,19.5,Honda,Dio,313526.0,2021,500.0,Hybrid,78.59,Second,2021.0,Expired,Dealer,156374.61,Tier 3
Tamil Nadu,68.78,Tvs,Apache Rtr 160,129095.0,2023,291.0,Electric,83.18,Second,2023.0,Not Available,Individual,91406.13,Tier 1
Uttar Pradesh,52.63,Ktm,390 Adventure,286906.0,2021,346.0,Electric,74.32,Second,2021.0,Not Available,Individual,165967.9,Tier 1
Tamil Nadu,22.7,Royal Enfield,Hunter 350,378224.0,2023,515.0,Petrol,39.57,Third,2024.0,Not Available,Dealer,168213.93,Tier 1
West Bengal,67.97,Yamaha,Ray Zr,395678.0,2024,684.0,Petrol,36.94,Second,2024.0,Not Available,Dealer,275000.8,Tier 2
Uttar Pradesh,12.36,Ktm,390 Adventure,127888.0,2023,743.0,Petrol,30.88,Second,2024.0,Not Available,Dealer,62776.54,Tier 1
Tamil Nadu,41.75,Yamaha,Fz V3,251858.0,2024,193.0,Hybrid,92.66,Second,2024.0,Active,Individual,185017.03,Tier 1
Rajasthan,33.03,Bajaj,Avenger 220,301300.0,2019,202.0,Electric,97.13,Third,2024.0,Active,Individual,193118.8404641659,Tier 1
Tamil Nadu,9.49,Tvs,Ntorq 125,299856.0,2024,256.0,Hybrid,61.82,Second,2024.0,Not Available,Individual,133472.89,Tier 3
Rajasthan,15.23,Kawasaki,Z650,96103.0,2022,993.0,Electric,64.01,Second,2023.0,Expired,Individual,53180.46,Tier 2
Punjab,36.53,Ktm,Duke 200,256544.0,2024,876.0,Hybrid,69.12,Second,2024.0,Active,Individual,174574.26,Tier 1
Rajasthan,69.68,Royal Enfield,Hunter 350,160351.0,2023,787.0,Electric,90.55,Second,2024.0,Not Available,Dealer,124528.98,Tier 3
Delhi,5.8,Kawasaki,Z650,240096.0,2019,533.0,Petrol,45.07,Second,2021.0,Expired,Dealer,178293.5,Tier 2
Gujarat,66.23,Bajaj,Ct 100,269171.0,2021,757.0,Electric,99.04,First,2021.0,Expired,Dealer,171313.31,Tier 1
Punjab,12.85,Honda,Dio,168566.0,2020,181.0,Electric,81.8,Second,2023.0,Expired,Individual,120651.45,Tier 2
Punjab,54.36,Hero,Splendor Plus,221020.0,2021,183.0,Hybrid,63.0,Second,2021.0,Not Available,Individual,119754.56,Metro
West Bengal,34.25,Hero,Passion Pro,195637.0,2017,510.0,Petrol,70.2,Second,2024.0,Active,Dealer,140292.73,Tier 3
Tamil Nadu,76.88,Royal Enfield,Hunter 350,135068.0,2015,560.0,Petrol,39.72,Second,2024.0,Expired,Individual,87301.59,Tier 1
Rajasthan,21.86,Tvs,Apache Rtr 160,132158.0,2024,908.0,Petrol,49.42,Third,2024.0,Active,Individual,89920.76,Tier 3
Karnataka,67.2,Honda,Shine,281691.0,2016,872.0,Hybrid,91.95,Third,2021.0,Active,Individual,115623.56,Metro
Madhya Pradesh,18.9,Kawasaki,Ninja 400,133944.0,2023,136.0,Electric,71.93,Second,2023.0,Active,Dealer,60395.13,Metro
West Bengal,74.69,Yamaha,Fascino 125,393467.0,2019,931.0,Petrol,26.17,Third,2023.0,Not Available,Dealer,184463.0,Tier 2
West Bengal,42.75,Yamaha,Ray Zr,252630.0,2020,624.0,Electric,72.81,Third,2024.0,Expired,Individual,120012.16,Metro
Karnataka,67.79,Tvs,Ronin,66106.0,2023,287.0,Hybrid,95.65,Second,2024.0,Expired,Individual,33248.04,Tier 3
Rajasthan,78.6,Honda,Cbr 650R,84706.0,2019,260.0,Hybrid,96.92,Second,2024.0,Expired,Dealer,35051.56,Tier 3
Uttar Pradesh,13.93,Ktm,390 Adventure,376352.0,2021,342.0,Electric,99.9,Second,2021.0,Active,Dealer,242920.78,Tier 3
Tamil Nadu,78.58,Tvs,Jupiter,309850.0,2022,549.0,Electric,70.2,Third,2024.0,Expired,Dealer,171427.32,Tier 3
Maharashtra,46.56,Tvs,Apache Rtr 160,89452.0,2022,926.0,Petrol,70.2,Second,2023.0,Active,Individual,63769.97,Tier 1
Madhya Pradesh,60.59,Royal Enfield,Classic 350,133263.0,2020,900.0,Hybrid,80.07,Second,2023.0,Active,Dealer,65880.76,Metro
Gujarat,78.2,Kawasaki,Vulcan S,179892.0,2023,773.0,Hybrid,80.45,Second,2023.0,Not Available,Individual,76992.63,Metro
Madhya Pradesh,68.98,Hero,Glamour,336606.0,2021,660.0,Electric,62.99,Second,2023.0,Expired,Individual,214528.9,Metro
Tamil Nadu,46.82,Ktm,125 Duke,394672.0,2019,113.0,Petrol,56.46,Second,2021.0,Active,Dealer,190986.92,Tier 3
Karnataka,15.11,Yamaha,Ray Zr,284754.0,2023,853.0,Electric,67.26,Second,2024.0,Expired,Dealer,181829.44,Metro
Karnataka,36.19,Kawasaki,Ninja 400,346710.0,2019,740.0,Petrol,37.32,Third,2024.0,Active,Dealer,186110.63,Tier 2
West Bengal,69.97,Hero,Splendor Plus,87153.0,2024,991.0,Hybrid,75.1,Second,2024.0,Active,Individual,43972.94,Tier 2
West Bengal,62.34,Royal Enfield,Hunter 350,309214.0,2017,736.0,Hybrid,98.11,Second,2023.0,Expired,Dealer,179729.39,Tier 2
Rajasthan,8.82,Kawasaki,Ninja 300,57447.0,2017,884.0,Hybrid,84.55,Second,2024.0,Not Available,Individual,27689.19,Tier 2
Tamil Nadu,28.82,Yamaha,Ray Zr,172093.0,2015,491.0,Electric,65.07,Second,2023.0,Active,Individual,97258.49,Tier 1
Rajasthan,74.21,Ktm,Rc 390,394778.0,2024,239.0,Electric,84.49,Second,2024.0,Active,Dealer,197201.62,Metro
Tamil Nadu,22.76,Honda,Cbr 650R,144264.0,2021,269.0,Petrol,32.87,Second,2023.0,Not Available,Dealer,87218.76,Tier 3
Madhya Pradesh,42.04,Tvs,Jupiter,223657.0,2017,895.0,Electric,92.09,Second,2024.0,Not Available,Individual,135217.7,Metro
Karnataka,56.2,Honda,Activa,350255.0,2024,657.0,Hybrid,88.95,Second,2024.0,Expired,Individual,249809.11,Tier 3
Rajasthan,56.88,Hero,Hf Deluxe,190004.0,2020,274.0,Petrol,25.18,Second,2024.0,Expired,Dealer,109426.94,Tier 3
Uttar Pradesh,19.38,Royal Enfield,Himalayan,362773.0,2017,882.0,Hybrid,79.71,Second,2024.0,Expired,Individual,169158.79,Tier 3
Tamil Nadu,13.51,Ktm,250 Duke,171696.0,2024,402.0,Hybrid,93.14,Second,2024.0,Expired,Individual,90657.63,Metro
West Bengal,56.43,Ktm,390 Adventure,144741.0,2022,810.0,Hybrid,60.87,Second,2022.0,Not Available,Dealer,63529.32,Tier 3
Delhi,44.5,Hero,Passion Pro,348927.0,2021,657.0,Hybrid,94.18,Second,2021.0,Expired,Dealer,193088.5,Tier 2
Madhya Pradesh,54.07,Ktm,Rc 390,156428.0,2021,600.0,Hybrid,63.29,Third,2023.0,Active,Individual,72298.23,Tier 1
Tamil Nadu,24.71,Kawasaki,Ninja 300,75188.0,2023,648.0,Electric,84.53,Second,2024.0,Not Available,Individual,56651.82,Tier 3
Gujarat,47.56,Ktm,Duke 200,309254.0,2024,906.0,Hybrid,83.15,First,2024.0,Not Available,Dealer,230618.03,Tier 3
Maharashtra,35.51,Hero,Passion Pro,78360.0,2016,802.0,Electric,72.49,Second,2024.0,Expired,Dealer,46673.21,Metro
Uttar Pradesh,41.48,Bajaj,Platina 110,234526.0,2024,753.0,Petrol,35.85,Second,2024.0,Not Available,Dealer,112870.32,Metro
Rajasthan,31.71,Bajaj,Platina 110,339088.0,2019,136.0,Petrol,70.2,Third,2022.0,Expired,Dealer,175531.29,Metro
West Bengal,10.54,Ktm,250 Duke,247008.0,2022,400.0,Electric,77.97,Second,2023.0,Not Available,Individual,128583.13,Tier 2
Maharashtra,15.51,Tvs,Jupiter,199373.0,2022,119.0,Electric,60.03,Second,2024.0,Not Available,Individual,122780.1,Tier 3
Uttar Pradesh,29.81,Kawasaki,Versys 650,349726.0,2021,993.0,Hybrid,76.8,Second,2023.0,Active,Individual,171905.07,Tier 1
Delhi,45.64,Royal Enfield,Himalayan,240333.0,2020,851.0,Electric,87.89,Second,2021.0,Not Available,Individual,186137.36,Metro
Delhi,14.94,Yamaha,Ray Zr,84526.0,2016,685.0,Hybrid,85.79,Second,2024.0,Active,Individual,45844.78,Metro
West Bengal,55.16,Royal Enfield,Hunter 350,107249.0,2021,473.0,Hybrid,86.16,Second,2022.0,Not Available,Individual,57556.18,Tier 1
Rajasthan,34.19,Tvs,Ntorq 125,170354.0,2016,307.0,Electric,70.2,Third,2021.0,Not Available,Individual,99169.79409848012,Tier 2
West Bengal,62.67,Ktm,390 Adventure,308439.0,2020,549.0,Electric,95.12,Third,2022.0,Not Available,Individual,157523.54,Tier 2
Maharashtra,18.08,Honda,Dio,136354.0,2022,552.0,Electric,92.75,Second,2024.0,Expired,Individual,68227.36,Tier 2
Rajasthan,29.86,Kawasaki,Z650,75904.0,2023,937.0,Petrol,37.87,Third,2024.0,Active,Dealer,33510.6,Metro
Madhya Pradesh,23.74,Hero,Glamour,172916.0,2021,172.0,Hybrid,95.74,Second,2023.0,Expired,Individual,109833.65503772076,Metro
Gujarat,12.56,Royal Enfield,Classic 350,325493.0,2023,387.0,Hybrid,61.26,Third,2024.0,Expired,Dealer,142774.67,Tier 1
Gujarat,24.76,Tvs,Ronin,124580.0,2020,578.0,Petrol,28.16,Second,2023.0,Active,Dealer,63847.11,Metro
Madhya Pradesh,55.2,Hero,Glamour,346503.0,2024,215.0,Petrol,58.34,Second,2024.0,Not Available,Individual,164299.28,Tier 3
Maharashtra,29.39,Tvs,Ronin,305024.0,2023,620.0,Electric,98.11,Second,2023.0,Active,Dealer,178871.52,Tier 3
Punjab,37.55,Honda,Shine,294171.0,2023,544.0,Hybrid,69.68,Third,2024.0,Expired,Individual,206483.71,Tier 2
Uttar Pradesh,77.03,Royal Enfield,Himalayan,334773.0,2022,118.0,Petrol,41.8,Second,2022.0,Not Available,Dealer,141209.42,Tier 3
Karnataka,39.84,Honda,Activa,212856.0,2024,241.0,Electric,91.36,Second,2024.0,Not Available,Individual,88084.1,Tier 3
Gujarat,31.04,Tvs,Ronin,71922.0,2021,522.0,Hybrid,66.8,Second,2023.0,Expired,Dealer,30318.23,Tier 2
Rajasthan,48.33,Hero,Hf Deluxe,50336.0,2021,815.0,Petrol,32.6,First,2021.0,Active,Individual,38207.21,Tier 2
Madhya Pradesh,53.4,Tvs,Jupiter,73680.0,2019,550.0,Petrol,53.5,Third,2022.0,Not Available,Individual,29769.73,Metro
Tamil Nadu,45.96,Hero,Xtreme 160R,202815.0,2022,313.0,Electric,96.77,First,2022.0,Expired,Dealer,145029.61,Metro
Punjab,13.05,Honda,Unicorn,226933.0,2020,949.0,Electric,86.33,Third,2021.0,Active,Dealer,133472.89,Tier 1
Punjab,73.04,Ktm,390 Adventure,139214.0,2024,929.0,Petrol,33.55,Third,2024.0,Not Available,Dealer,107620.79,Metro
Gujarat,27.1,Ktm,250 Duke,265041.0,2018,225.0,Electric,69.74,Second,2024.0,Active,Individual,153574.37,Tier 3
Tamil Nadu,67.96,Yamaha,Fascino 125,160977.0,2021,536.0,Petrol,43.8,Third,2024.0,Active,Individual,98280.56,Metro
Gujarat,42.09,Kawasaki,Vulcan S,367555.0,2024,966.0,Petrol,56.92,First,2024.0,Active,Dealer,185340.6,Tier 1
Maharashtra,28.41,Honda,Cbr 650R,248058.0,2023,637.0,Petrol,42.2,Second,2023.0,Expired,Dealer,182001.0,Tier 1
Madhya Pradesh,74.0,Royal Enfield,Hunter 350,361926.0,2021,123.0,Hybrid,70.2,Second,2021.0,Not Available,Dealer,225623.82,Tier 3
Delhi,20.51,Honda,Dio,323942.0,2018,418.0,Hybrid,70.2,Second,2022.0,Not Available,Individual,250013.39,Tier 2
Delhi,61.53,Tvs,Jupiter,179917.0,2024,643.0,Electric,86.37,Second,2024.0,Not Available,Individual,97303.45,Tier 3
Rajasthan,51.87,Royal Enfield,Meteor 350,136474.0,2023,451.0,Petrol,37.06,Second,2024.0,Expired,Dealer,69869.98,Metro
West Bengal,47.74,Yamaha,Mt-15,308408.0,2016,678.0,Hybrid,64.16,Second,2022.0,Not Available,Dealer,133013.77,Tier 3
Punjab,78.0,Bajaj,Dominar 400,80110.0,2024,803.0,Petrol,40.15,Second,2024.0,Expired,Dealer,40481.43,Tier 2
Rajasthan,56.18,Kawasaki,Versys 650,194204.0,2021,382.0,Hybrid,70.2,Second,2023.0,Not Available,Dealer,97664.91,Tier 2
Punjab,67.67,Tvs,Ronin,133844.0,2024,617.0,Electric,63.25,Third,2024.0,Not Available,Dealer,66018.44,Tier 1
Rajasthan,62.96,Royal Enfield,Himalayan,308925.0,2023,581.0,Electric,72.81,Second,2023.0,Active,Individual,201265.66,Metro
Delhi,56.75,Ktm,250 Duke,197810.0,2021,114.0,Petrol,51.43,First,2021.0,Not Available,Dealer,133472.89,Metro
Delhi,68.65,Kawasaki,Ninja 300,191915.0,2022,300.0,Petrol,32.72,Second,2023.0,Expired,Individual,127445.95,Tier 3
Punjab,58.52,Honda,Cbr 650R,350344.0,2021,661.0,Hybrid,69.31,Second,2021.0,Expired,Dealer,223348.92,Tier 2
Punjab,17.83,Tvs,Sport,340066.0,2021,742.0,Electric,86.51,Third,2023.0,Active,Individual,183784.12,Tier 2
Madhya Pradesh,26.69,Honda,Shine,106030.0,2016,152.0,Hybrid,88.45,Second,2022.0,Expired,Dealer,48713.77,Tier 1
Rajasthan,69.8,Kawasaki,Ninja 300,265550.0,2023,629.0,Petrol,29.87,Second,2023.0,Active,Individual,154214.5,Tier 1
Uttar Pradesh,60.34,Bajaj,Dominar 400,83577.0,2022,849.0,Petrol,26.9,Third,2024.0,Active,Individual,63061.88,Tier 2
Punjab,42.38,Ktm,390 Adventure,393332.0,2023,790.0,Petrol,47.15,First,2023.0,Expired,Dealer,259619.57,Tier 3
Delhi,47.49,Kawasaki,Vulcan S,363447.0,2021,380.0,Petrol,59.72,Second,2021.0,Active,Individual,269149.56,Tier 2
Rajasthan,45.21,Hero,Hf Deluxe,95565.0,2024,463.0,Petrol,50.67,Second,2024.0,Expired,Dealer,45065.13,Metro
Uttar Pradesh,77.99,Tvs,Apache Rtr 160,227065.0,2016,580.0,Petrol,30.79,Second,2024.0,Active,Dealer,151705.94,Tier 1
Punjab,23.41,Royal Enfield,Interceptor 650,254012.0,2024,866.0,Petrol,57.45,Third,2024.0,Expired,Dealer,188256.28,Metro
Maharashtra,56.74,Kawasaki,Vulcan S,270916.0,2021,191.0,Electric,97.34,Second,2021.0,Active,Individual,129563.68,Tier 3
Punjab,47.3,Royal Enfield,Classic 350,319566.0,2021,728.0,Petrol,53.13,First,2021.0,Not Available,Dealer,234889.3786636532,Tier 3
Maharashtra,65.58,Honda,Dio,381163.0,2021,499.0,Hybrid,74.47,Second,2022.0,Not Available,Individual,248398.63,Tier 1
Tamil Nadu,17.11,Bajaj,Dominar 400,301837.0,2018,787.0,Petrol,43.1,Second,2021.0,Not Available,Dealer,138476.55,Tier 1
Tamil Nadu,54.51,Yamaha,Fascino 125,217400.0,2021,263.0,Electric,78.34,Second,2022.0,Not Available,Dealer,115257.29,Tier 3
West Bengal,6.75,Yamaha,R15 V4,100483.0,2015,591.0,Petrol,41.54,Second,2021.0,Active,Individual,43600.38,Tier 1
Uttar Pradesh,43.65,Tvs,Jupiter,308031.0,2017,552.0,Petrol,57.62,Second,2022.0,Not Available,Individual,136870.05,Tier 1
Uttar Pradesh,24.03,Yamaha,Fascino 125,289722.0,2023,136.0,Petrol,32.77,Second,2024.0,Expired,Dealer,124279.06,Tier 1
Maharashtra,43.03,Hero,Xtreme 160R,74653.0,2024,611.0,Petrol,34.08,First,2024.0,Active,Individual,50553.94,Tier 2
West Bengal,25.78,Yamaha,Ray Zr,378493.0,2020,920.0,Electric,93.43,Third,2024.0,Expired,Dealer,286926.92,Tier 2
Punjab,38.23,Yamaha,Fz V3,188824.0,2024,520.0,Petrol,40.88,Third,2024.0,Not Available,Individual,78415.97,Tier 1
Tamil Nadu,23.46,Ktm,Rc 390,52478.0,2016,553.0,Electric,78.12,Second,2021.0,Expired,Dealer,23506.38,Metro
Maharashtra,61.73,Royal Enfield,Himalayan,335418.0,2023,376.0,Hybrid,73.31,Second,2023.0,Active,Dealer,160887.49,Tier 3
Karnataka,53.1,Kawasaki,Ninja 400,292451.0,2018,772.0,Petrol,28.78,Second,2024.0,Expired,Dealer,134973.74,Tier 2
Tamil Nadu,12.1,Yamaha,Fz V3,68042.0,2019,630.0,Hybrid,88.62,Third,2024.0,Expired,Individual,39152.78,Metro
Punjab,47.71,Honda,Cbr 650R,293723.0,2024,328.0,Hybrid,83.15,Second,2024.0,Not Available,Individual,159374.23,Tier 1
Maharashtra,12.72,Honda,Unicorn,240106.0,2022,675.0,Electric,76.67,Third,2023.0,Not Available,Dealer,176786.67,Metro
Punjab,11.77,Ktm,Duke 200,229309.0,2024,805.0,Petrol,35.4,Second,2024.0,Not Available,Individual,157112.95,Tier 2
Karnataka,19.34,Royal Enfield,Himalayan,163979.0,2023,885.0,Petrol,31.99,Second,2024.0,Active,Dealer,125024.66,Tier 1
Tamil Nadu,61.19,Honda,Shine,327879.0,2022,891.0,Hybrid,83.74,Second,2023.0,Active,Individual,135581.06,Tier 3
Karnataka,33.03,Royal Enfield,Himalayan,179879.0,2024,113.0,Petrol,70.2,Third,2024.0,Expired,Individual,122356.35,Tier 3
Karnataka,78.38,Ktm,Rc 390,316278.0,2022,554.0,Petrol,30.59,Third,2024.0,Not Available,Individual,187392.42,Tier 3
Punjab,24.74,Royal Enfield,Himalayan,55844.0,2020,372.0,Petrol,28.91,Second,2023.0,Not Available,Individual,27329.24,Tier 1
Maharashtra,20.89,Kawasaki,Z650,124405.0,2024,265.0,Hybrid,74.82,Third,2024.0,Not Available,Dealer,78764.25,Tier 2
Punjab,69.42,Honda,Shine,316099.0,2023,887.0,Petrol,52.19,Second,2023.0,Expired,Individual,221186.67,Tier 1
Maharashtra,14.45,Royal Enfield,Interceptor 650,96704.0,2020,782.0,Electric,72.61,Third,2024.0,Active,Dealer,69578.19,Tier 1
Maharashtra,51.77,Hero,Hf Deluxe,369185.0,2024,766.0,Electric,66.06,Second,2024.0,Active,Dealer,253762.06,Metro
Uttar Pradesh,60.22,Yamaha,Fascino 125,291756.0,2021,627.0,Hybrid,70.2,Second,2021.0,Not Available,Dealer,185103.37,Tier 2
Madhya Pradesh,41.39,Hero,Xtreme 160R,216840.0,2015,705.0,Hybrid,80.65,Third,2022.0,Expired,Dealer,154093.12,Tier 3
Rajasthan,64.87,Ktm,390 Adventure,397676.0,2021,136.0,Electric,92.68,First,2021.0,Active,Individual,255288.45,Tier 2
West Bengal,25.65,Honda,Unicorn,261209.0,2017,351.0,Hybrid,78.96,Second,2024.0,Not Available,Dealer,206077.5,Tier 2
Gujarat,22.24,Royal Enfield,Himalayan,276463.0,2020,600.0,Petrol,70.2,Second,2021.0,Not Available,Individual,169450.68,Tier 3
Tamil Nadu,74.53,Yamaha,Fz V3,294647.0,2024,454.0,Electric,97.84,Second,2024.0,Expired,Dealer,133472.89,Tier 3
West Bengal,27.22,Bajaj,Dominar 400,140272.0,2021,178.0,Hybrid,82.47,Second,2021.0,Active,Individual,69444.72,Tier 2
Maharashtra,5.39,Royal Enfield,Classic 350,265511.0,2021,391.0,Petrol,40.98,Second,2021.0,Expired,Individual,167970.0,Tier 1
Karnataka,50.18,Hero,Passion Pro,124914.0,2022,100.0,Electric,96.91,Second,2023.0,Active,Individual,97067.86,Metro
Punjab,34.12,Tvs,Apache Rtr 160,95034.0,2021,706.0,Hybrid,97.39,Second,2021.0,Expired,Individual,43397.51,Tier 2
Rajasthan,10.27,Tvs,Sport,363737.0,2023,339.0,Petrol,36.1,Second,2024.0,Not Available,Dealer,133472.89,Tier 1
West Bengal,60.83,Bajaj,Avenger 220,284594.0,2024,711.0,Electric,63.9,First,2024.0,Expired,Dealer,221537.82,Tier 1
Tamil Nadu,53.3,Yamaha,R15 V4,99533.0,2021,410.0,Electric,63.37,Second,2024.0,Active,Individual,50860.56,Metro
Punjab,51.16,Yamaha,Mt-15,280320.0,2019,433.0,Hybrid,78.56,Second,2024.0,Expired,Dealer,178357.51,Tier 3
Maharashtra,53.56,Kawasaki,Ninja 400,379129.0,2023,589.0,Petrol,46.08,Second,2024.0,Not Available,Dealer,257664.4,Metro
Karnataka,46.98,Tvs,Ntorq 125,129948.0,2021,485.0,Electric,74.33,Second,2021.0,Not Available,Individual,58647.19,Tier 2
West Bengal,26.26,Honda,Activa,227822.0,2023,324.0,Electric,75.23,Second,2024.0,Active,Individual,123106.53,Metro
Tamil Nadu,10.49,Tvs,Apache Rtr 160,50520.0,2023,564.0,Electric,80.69,Second,2023.0,Not Available,Dealer,26479.3,Metro
Tamil Nadu,7.27,Tvs,Ronin,340198.0,2023,779.0,Hybrid,93.75,Second,2023.0,Expired,Dealer,222802.83,Tier 3
Gujarat,60.03,Kawasaki,Versys 650,306097.0,2022,838.0,Petrol,50.84,Second,2022.0,Expired,Dealer,234504.5,Tier 3
Maharashtra,28.57,Royal Enfield,Meteor 350,197629.0,2022,294.0,Petrol,50.68,Second,2023.0,Active,Dealer,146250.16,Tier 3
Rajasthan,27.36,Honda,Cbr 650R,167067.0,2020,911.0,Electric,70.2,Second,2021.0,Expired,Dealer,100210.43,Tier 2
Rajasthan,13.92,Honda,Unicorn,171628.0,2017,843.0,Electric,90.41,Second,2024.0,Not Available,Dealer,111462.68439007257,Tier 2
West Bengal,60.01,Hero,Xtreme 160R,306747.0,2019,535.0,Hybrid,99.88,Second,2021.0,Expired,Dealer,140083.73,Tier 3
Rajasthan,14.08,Royal Enfield,Classic 350,159249.0,2021,409.0,Electric,63.7,Second,2023.0,Expired,Dealer,115996.88,Tier 3
West Bengal,12.54,Hero,Hf Deluxe,85586.0,2020,572.0,Petrol,37.6,Second,2021.0,Not Available,Individual,47864.98,Tier 1
Karnataka,67.11,Yamaha,Fascino 125,382953.0,2024,425.0,Hybrid,70.2,Second,2024.0,Expired,Dealer,289883.96,Tier 1
Maharashtra,77.19,Honda,Dio,101640.0,2020,489.0,Hybrid,70.2,Second,2023.0,Not Available,Dealer,69014.3,Tier 1
Delhi,54.74,Yamaha,Fascino 125,360926.0,2024,986.0,Hybrid,99.37,First,2024.0,Active,Individual,163351.98,Tier 2
Gujarat,70.61,Ktm,250 Duke,218063.0,2023,897.0,Hybrid,96.16,First,2023.0,Not Available,Individual,102800.01,Metro
West Bengal,24.02,Ktm,390 Adventure,285484.0,2023,969.0,Hybrid,77.6,Second,2023.0,Expired,Individual,122625.27,Metro
Rajasthan,64.68,Royal Enfield,Hunter 350,331099.0,2016,252.0,Electric,61.22,Second,2023.0,Expired,Dealer,133472.89,Tier 1
Karnataka,19.46,Royal Enfield,Classic 350,213271.0,2021,500.0,Electric,87.5,Third,2021.0,Expired,Individual,133472.89,Tier 3
Maharashtra,6.23,Bajaj,Platina 110,86198.0,2024,988.0,Petrol,70.2,Second,2024.0,Active,Individual,68472.93,Tier 3
Rajasthan,38.98,Kawasaki,Versys 650,221895.0,2022,284.0,Hybrid,71.44,Second,2023.0,Not Available,Dealer,130574.96,Metro
Tamil Nadu,18.65,Honda,Shine,365635.0,2021,272.0,Hybrid,70.31,Second,2021.0,Expired,Dealer,206288.4,Tier 2
Delhi,61.62,Bajaj,Avenger 220,281356.0,2021,371.0,Electric,63.3,Third,2024.0,Expired,Individual,152274.54,Tier 2
Karnataka,46.01,Honda,Unicorn,192786.0,2015,193.0,Electric,72.97,Second,2022.0,Active,Individual,131693.81,Tier 2
Tamil Nadu,66.79,Tvs,Ntorq 125,95019.0,2024,780.0,Hybrid,67.75,Third,2024.0,Active,Individual,133472.89,Tier 1
Karnataka,77.94,Ktm,Duke 200,159208.0,2022,605.0,Petrol,39.93,First,2022.0,Active,Dealer,74286.32,Metro
Rajasthan,40.48,Bajaj,Dominar 400,153930.0,2020,261.0,Electric,70.2,Second,2023.0,Expired,Dealer,112310.42,Tier 1
West Bengal,66.05,Royal Enfield,Himalayan,184871.0,2016,294.0,Hybrid,79.95,Second,2022.0,Not Available,Dealer,133472.89,Tier 3
Maharashtra,51.37,Kawasaki,Ninja 400,137479.0,2022,243.0,Petrol,30.96,Second,2024.0,Not Available,Dealer,93483.87,Tier 3
Tamil Nadu,63.31,Honda,Shine,388753.0,2024,831.0,Petrol,49.49,Second,2024.0,Active,Individual,133472.89,Metro
Madhya Pradesh,26.82,Honda,Activa,210692.0,2018,563.0,Petrol,44.36,Third,2022.0,Active,Individual,145539.08,Tier 3
Maharashtra,5.52,Bajaj,Pulsar 150,329117.0,2021,353.0,Hybrid,94.58,Second,2024.0,Expired,Individual,160238.0,Tier 1
Punjab,51.95,Yamaha,R15 V4,124051.0,2022,242.0,Hybrid,60.44,Second,2024.0,Not Available,Individual,96175.3,Tier 3
Madhya Pradesh,19.35,Yamaha,Fz V3,297148.0,2022,751.0,Petrol,54.57,Second,2023.0,Active,Individual,209599.61,Tier 2
Delhi,74.52,Tvs,Sport,390704.0,2022,841.0,Hybrid,94.34,Third,2022.0,Not Available,Dealer,195656.28,Tier 2
West Bengal,38.54,Yamaha,Mt-15,99222.0,2021,918.0,Electric,96.54,Second,2021.0,Expired,Dealer,56695.57,Metro
West Bengal,62.46,Ktm,Duke 200,283851.0,2022,936.0,Hybrid,82.75,Third,2022.0,Expired,Dealer,197259.57,Tier 2
Maharashtra,9.12,Royal Enfield,Meteor 350,278745.0,2017,614.0,Electric,61.86,Second,2022.0,Active,Dealer,134549.41,Tier 2
Madhya Pradesh,54.7,Kawasaki,Ninja 300,325210.0,2023,939.0,Petrol,34.82,Second,2023.0,Not Available,Individual,252524.87,Tier 3
Madhya Pradesh,62.85,Tvs,Apache Rtr 160,143687.0,2015,618.0,Petrol,54.93,Second,2022.0,Not Available,Dealer,109795.41,Metro
Delhi,56.03,Tvs,Ntorq 125,154990.0,2021,899.0,Petrol,48.59,Second,2022.0,Expired,Dealer,106715.17,Tier 2
Maharashtra,22.07,Tvs,Apache Rtr 160,209473.0,2023,502.0,Hybrid,97.4,Second,2024.0,Expired,Dealer,149494.00704958854,Tier 3
Delhi,43.77,Bajaj,Avenger 220,150685.0,2017,224.0,Hybrid,71.5,Second,2023.0,Active,Dealer,133472.89,Metro
Gujarat,19.17,Tvs,Ronin,234842.0,2022,139.0,Petrol,33.47,First,2022.0,Not Available,Dealer,140011.72,Tier 3
Madhya Pradesh,65.87,Bajaj,Ct 100,109406.0,2021,605.0,Hybrid,82.28,Second,2021.0,Expired,Individual,70443.84,Metro
Karnataka,74.43,Royal Enfield,Interceptor 650,102684.0,2024,662.0,Hybrid,84.82,Second,2024.0,Not Available,Individual,74667.96,Tier 2
Rajasthan,50.66,Bajaj,Dominar 400,259648.0,2020,422.0,Petrol,48.87,Second,2024.0,Expired,Individual,151396.76,Metro
Rajasthan,49.86,Kawasaki,Versys 650,223492.0,2022,828.0,Hybrid,75.84,First,2022.0,Not Available,Dealer,119949.14,Tier 1
Tamil Nadu,59.84,Hero,Xtreme 160R,265278.0,2021,287.0,Petrol,26.37,First,2021.0,Active,Dealer,115638.71,Metro
Karnataka,79.62,Bajaj,Avenger 220,78373.0,2021,691.0,Electric,65.53,Second,2023.0,Active,Dealer,47807.02,Metro
Punjab,46.61,Tvs,Sport,99544.0,2022,739.0,Hybrid,87.92,Second,2022.0,Not Available,Dealer,40319.3,Tier 2
Maharashtra,50.06,Ktm,125 Duke,198063.0,2024,741.0,Electric,70.2,Second,2024.0,Expired,Individual,105793.81,Metro
Tamil Nadu,79.61,Bajaj,Pulsar 150,210806.0,2022,375.0,Petrol,31.61,Second,2022.0,Active,Dealer,152463.25,Metro
Rajasthan,23.8,Bajaj,Dominar 400,131100.0,2020,769.0,Hybrid,89.98,Second,2023.0,Expired,Individual,66960.3,Tier 3
Madhya Pradesh,38.59,Tvs,Apache Rtr 160,143013.0,2023,606.0,Hybrid,88.02,Second,2024.0,Expired,Dealer,82704.86,Tier 1
Uttar Pradesh,62.56,Yamaha,Ray Zr,368101.0,2015,371.0,Petrol,47.21,Second,2021.0,Active,Individual,204876.57,Tier 2
Tamil Nadu,52.78,Royal Enfield,Interceptor 650,224236.0,2023,112.0,Hybrid,67.33,Second,2023.0,Active,Individual,174969.77,Tier 3
Punjab,26.93,Ktm,390 Adventure,394084.0,2023,993.0,Hybrid,89.96,Second,2023.0,Active,Dealer,173899.0,Metro
Delhi,25.74,Ktm,250 Duke,234788.0,2020,701.0,Petrol,41.02,Second,2021.0,Expired,Individual,166760.27,Tier 3
Delhi,63.27,Yamaha,Ray Zr,80916.0,2017,818.0,Hybrid,86.86,Third,2024.0,Not Available,Dealer,47241.27,Tier 1
Punjab,25.1,Kawasaki,Ninja 400,112674.0,2021,733.0,Hybrid,83.4,Third,2024.0,Not Available,Individual,87367.08,Tier 1
Delhi,59.65,Kawasaki,Z650,320388.0,2022,680.0,Electric,65.63,Second,2022.0,Not Available,Individual,139114.13,Tier 1
Uttar Pradesh,78.29,Royal Enfield,Himalayan,313267.0,2018,395.0,Hybrid,93.17,Second,2023.0,Not Available,Individual,222140.47,Tier 3
Delhi,63.72,Yamaha,R15 V4,375951.0,2021,536.0,Petrol,39.11,First,2021.0,Expired,Individual,285390.23,Tier 2
Rajasthan,8.05,Kawasaki,Ninja 400,326850.0,2022,196.0,Hybrid,64.54,Third,2022.0,Expired,Dealer,159144.33,Metro
Delhi,33.86,Tvs,Ronin,157641.0,2020,103.0,Electric,75.41,Second,2022.0,Expired,Dealer,99372.17779775998,Tier 3
Tamil Nadu,72.35,Ktm,125 Duke,160497.0,2023,757.0,Electric,96.29,Second,2023.0,Expired,Dealer,70520.61,Tier 3
Karnataka,65.38,Honda,Dio,93102.0,2020,411.0,Petrol,25.55,Second,2023.0,Active,Dealer,63698.32,Tier 2
Gujarat,-5.0,Honda,Dio,261343.0,2022,841.0,Petrol,45.28,Second,2022.0,Active,Individual,196904.02,Tier 3
Maharashtra,22.91,Bajaj,Avenger 220,101359.0,2021,445.0,Hybrid,99.54,Second,2022.0,Active,Individual,66949.76,Tier 2
Punjab,25.62,Hero,Xtreme 160R,280860.0,2017,281.0,Electric,75.06,Third,2024.0,Expired,Individual,179876.89,Tier 2
Tamil Nadu,66.1,Tvs,Apache Rtr 160,123360.0,2021,166.0,Electric,91.24,Second,2022.0,Active,Dealer,85224.79,Tier 3
Karnataka,61.94,Kawasaki,Vulcan S,395318.0,2024,329.0,Petrol,49.35,Second,2024.0,Active,Dealer,204416.83,Tier 3
Tamil Nadu,44.74,Bajaj,Ct 100,115952.0,2023,435.0,Petrol,49.35,Second,2023.0,Expired,Dealer,59595.78,Metro
Madhya Pradesh,34.46,Yamaha,Ray Zr,61653.0,2018,343.0,Hybrid,66.75,Second,2021.0,Expired,Dealer,38703.0,Metro
West Bengal,27.56,Tvs,Apache Rtr 160,188472.0,2016,836.0,Hybrid,78.34,Second,2024.0,Not Available,Individual,141633.45,Tier 2
Tamil Nadu,49.59,Royal Enfield,Hunter 350,340023.0,2024,244.0,Hybrid,70.2,Second,2024.0,Expired,Dealer,242110.22,Metro
Tamil Nadu,32.1,Bajaj,Dominar 400,68008.0,2023,214.0,Hybrid,65.4,Second,2023.0,Expired,Dealer,133472.89,Tier 1
Tamil Nadu,63.51,Royal Enfield,Meteor 350,347659.0,2018,948.0,Petrol,44.93,Third,2022.0,Active,Individual,182421.13,Tier 2
Tamil Nadu,39.74,Bajaj,Ct 100,267946.0,2019,786.0,Hybrid,96.65,Second,2024.0,Not Available,Individual,112839.28,Tier 1
Gujarat,8.25,Tvs,Ronin,92637.0,2024,239.0,Hybrid,73.95,Second,2024.0,Expired,Dealer,62607.8,Tier 2
Delhi,75.2,Honda,Dio,370227.0,2022,995.0,Hybrid,67.05,Third,2024.0,Active,Dealer,149237.8,Tier 3
Maharashtra,61.34,Yamaha,Mt-15,148939.0,2024,897.0,Electric,68.87,Second,2024.0,Expired,Dealer,95866.88,Metro
Rajasthan,43.18,Tvs,Ronin,391793.0,2023,205.0,Petrol,32.63,Second,2023.0,Active,Dealer,204965.85679814132,Tier 1
West Bengal,44.97,Tvs,Ntorq 125,78433.0,2022,108.0,Hybrid,88.82,Second,2022.0,Expired,Dealer,59243.11,Tier 1
Madhya Pradesh,66.82,Ktm,Duke 200,273665.0,2023,985.0,Petrol,57.08,Second,2023.0,Active,Dealer,167003.4,Tier 2
Rajasthan,18.07,Yamaha,Mt-15,242740.0,2020,285.0,Hybrid,68.53,Second,2022.0,Not Available,Individual,184711.04,Tier 1
Gujarat,15.86,Tvs,Ntorq 125,55688.0,2021,118.0,Petrol,51.8,Second,2023.0,Not Available,Dealer,32877.57,Metro
Maharashtra,72.0,Bajaj,Avenger 220,198651.0,2020,233.0,Petrol,42.35,Second,2022.0,Expired,Individual,81149.62,Tier 2
Punjab,10.49,Ktm,125 Duke,154031.0,2023,312.0,Hybrid,96.42,Second,2023.0,Expired,Dealer,106303.81,Tier 1
Rajasthan,21.13,Bajaj,Platina 110,341938.0,2023,855.0,Hybrid,68.42,Second,2024.0,Active,Dealer,145893.67,Tier 3
Tamil Nadu,7.89,Honda,Activa,382223.0,2020,984.0,Hybrid,62.03,Second,2023.0,Expired,Dealer,179213.78,Tier 1
Punjab,66.91,Royal Enfield,Himalayan,86023.0,2022,567.0,Hybrid,72.15,Second,2022.0,Active,Dealer,36843.26,Tier 2
Punjab,40.4,Hero,Splendor Plus,355146.0,2022,326.0,Petrol,56.98,First,2022.0,Not Available,Individual,163971.02,Tier 1
Tamil Nadu,72.93,Hero,Passion Pro,68770.0,2021,906.0,Hybrid,63.89,Second,2022.0,Expired,Dealer,39518.43,Tier 3
Tamil Nadu,61.91,Royal Enfield,Interceptor 650,79777.0,2023,629.0,Petrol,50.65,First,2023.0,Active,Dealer,55183.77,Metro
Uttar Pradesh,13.93,Ktm,390 Adventure,376352.0,2021,342.0,Electric,99.9,First,2021.0,Active,Dealer,242920.78,Tier 3
Gujarat,44.83,Kawasaki,Vulcan S,178160.0,2024,190.0,Hybrid,70.2,First,2024.0,Not Available,Individual,132349.12,Tier 1
Punjab,47.98,Yamaha,Mt-15,362211.0,2021,467.0,Electric,77.95,Second,2024.0,Expired,Dealer,232646.75,Tier 2
Punjab,26.81,Kawasaki,Z650,354157.0,2020,831.0,Petrol,70.2,Second,2024.0,Active,Individual,280800.95,Tier 3
Punjab,72.92,Ktm,250 Duke,138246.0,2018,186.0,Electric,77.48,Third,2021.0,Not Available,Individual,93256.17,Metro
Punjab,61.09,Yamaha,Mt-15,258775.0,2016,249.0,Petrol,40.78,Second,2024.0,Expired,Individual,133472.89,Tier 2
Rajasthan,73.18,Honda,Cbr 650R,227205.0,2023,209.0,Electric,62.14,Second,2023.0,Not Available,Individual,99955.5,Tier 2
Gujarat,65.31,Honda,Activa,220104.0,2015,468.0,Petrol,40.87,Third,2021.0,Expired,Dealer,98141.53,Tier 3
Punjab,48.84,Hero,Glamour,388052.0,2024,881.0,Petrol,45.39,Third,2024.0,Expired,Dealer,293659.66,Metro
Uttar Pradesh,30.93,Honda,Activa,139485.0,2022,810.0,Hybrid,99.06,Third,2022.0,Active,Individual,60402.72,Tier 1
Uttar Pradesh,67.13,Hero,Hf Deluxe,295292.0,2020,279.0,Electric,98.74,Second,2023.0,Not Available,Individual,235207.33,Metro
Maharashtra,28.76,Ktm,Rc 390,261095.0,2023,509.0,Hybrid,75.41,Second,2024.0,Active,Individual,141720.09,Tier 3
Rajasthan,41.75,Ktm,125 Duke,128823.0,2017,997.0,Petrol,37.34,Second,2023.0,Expired,Dealer,68996.61,Metro
Tamil Nadu,67.34,Bajaj,Ct 100,114658.0,2023,572.0,Electric,96.57,First,2023.0,Not Available,Dealer,64320.82,Tier 2
Karnataka,20.25,Honda,Dio,253160.0,2023,926.0,Petrol,48.36,First,2023.0,Expired,Individual,155007.94,Metro
Gujarat,63.63,Bajaj,Pulsar 150,314313.0,2023,824.0,Hybrid,81.88,Third,2023.0,Expired,Dealer,164523.1,Metro
West Bengal,71.23,Yamaha,Fz V3,114889.0,2023,143.0,Petrol,31.99,Third,2023.0,Active,Dealer,87753.67,Tier 3
Tamil Nadu,35.85,Hero,Glamour,137288.0,2022,704.0,Electric,81.08,Second,2022.0,Expired,Individual,98495.08,Metro
Delhi,55.08,Yamaha,Fascino 125,149753.0,2015,421.0,Hybrid,98.05,Second,2023.0,Expired,Dealer,74379.93,Metro
West Bengal,50.35,Ktm,Duke 200,287707.0,2016,243.0,Petrol,26.63,Second,2023.0,Active,Dealer,119648.68,Metro
Delhi,46.97,Hero,Xtreme 160R,143370.0,2024,800.0,Petrol,36.52,Second,2024.0,Active,Individual,64267.18,Tier 1
Madhya Pradesh,71.27,Hero,Passion Pro,302586.0,2021,432.0,Electric,93.76,Second,2022.0,Not Available,Dealer,193338.67,Tier 3
Delhi,79.75,Hero,Glamour,303277.0,2019,344.0,Hybrid,68.26,Third,2022.0,Active,Dealer,186000.9,Tier 2
Gujarat,26.94,Yamaha,Fascino 125,135012.0,2020,260.0,Hybrid,83.31,Second,2023.0,Expired,Dealer,63944.87,Tier 3
Delhi,33.47,Kawasaki,Vulcan S,297343.0,2021,600.0,Petrol,54.94,Second,2021.0,Expired,Individual,195201.55,Tier 3
Gujarat,76.55,Bajaj,Dominar 400,114740.0,2023,423.0,Hybrid,64.35,Second,2023.0,Expired,Dealer,69142.47,Metro
Punjab,18.83,Kawasaki,Ninja 400,221949.0,2021,845.0,Hybrid,69.55,Second,2021.0,Not Available,Dealer,111384.18,Metro
Madhya Pradesh,19.8,Tvs,Sport,96498.0,2015,424.0,Electric,96.12,Second,2023.0,Not Available,Dealer,55750.43,Metro
Madhya Pradesh,32.27,Honda,Shine,224083.0,2019,1000.0,Petrol,34.19,Second,2021.0,Active,Dealer,172777.77,Tier 3
Gujarat,28.75,Bajaj,Pulsar 150,90986.0,2021,421.0,Petrol,30.65,Second,2021.0,Not Available,Individual,44021.34,Tier 3
Gujarat,70.83,Bajaj,Platina 110,366567.0,2019,807.0,Electric,97.48,Second,2023.0,Active,Individual,253162.95,Tier 3
Maharashtra,14.21,Hero,Glamour,349976.0,2023,607.0,Electric,83.36,Second,2023.0,Expired,Dealer,162049.17,Metro
Uttar Pradesh,41.52,Ktm,125 Duke,298060.0,2016,419.0,Electric,93.37,Third,2021.0,Not Available,Individual,229329.7,Tier 1
Maharashtra,16.87,Kawasaki,Z650,218792.0,2020,926.0,Petrol,44.63,Second,2021.0,Expired,Dealer,171319.78,Tier 3
West Bengal,6.65,Yamaha,Mt-15,164432.0,2022,421.0,Electric,83.55,Second,2023.0,Expired,Dealer,121011.49,Tier 3
Tamil Nadu,42.66,Honda,Activa,89052.0,2016,183.0,Hybrid,95.17,Second,2022.0,Expired,Individual,64904.73,Tier 3
Gujarat,51.5,Royal Enfield,Interceptor 650,134386.0,2021,270.0,Hybrid,99.25,Second,2021.0,Active,Individual,89015.11,Tier 3
Madhya Pradesh,51.83,Yamaha,R15 V4,114138.0,2022,334.0,Electric,81.67,Second,2024.0,Expired,Individual,71700.15,Tier 2
West Bengal,72.4,Yamaha,Fascino 125,77073.0,2019,656.0,Hybrid,84.97,Third,2024.0,Active,Dealer,33284.29,Tier 3
Karnataka,60.74,Ktm,390 Adventure,61526.0,2016,598.0,Electric,81.38,Second,2022.0,Not Available,Individual,27992.34,Metro
Maharashtra,42.17,Yamaha,Fz V3,281941.0,2017,977.0,Petrol,38.29,Second,2023.0,Expired,Dealer,151060.59,Metro
Tamil Nadu,6.1,Honda,Shine,270756.0,2023,600.0,Petrol,29.98,First,2023.0,Not Available,Individual,179771.87,Tier 1
Karnataka,20.35,Bajaj,Ct 100,196884.0,2022,126.0,Hybrid,89.17,Second,2022.0,Active,Dealer,112148.05,Tier 3
Punjab,9.95,Hero,Passion Pro,221715.0,2020,603.0,Electric,72.75,Second,2023.0,Expired,Individual,109856.05,Tier 3
Tamil Nadu,13.37,Kawasaki,Ninja 300,248112.0,2021,970.0,Petrol,37.42,Third,2024.0,Expired,Individual,134000.33,Tier 1
Gujarat,37.05,Kawasaki,Ninja 400,79732.0,2024,624.0,Electric,73.05,Second,2024.0,Expired,Dealer,60305.07,Tier 3
Gujarat,56.88,Hero,Xtreme 160R,375931.0,2016,748.0,Hybrid,80.84,Second,2024.0,Active,Dealer,220215.59,Tier 1
Maharashtra,71.13,Kawasaki,Ninja 400,56620.0,2022,203.0,Electric,71.07,Third,2022.0,Not Available,Individual,38574.4,Tier 3
Punjab,65.92,Tvs,Ronin,257631.0,2022,945.0,Petrol,32.68,Second,2022.0,Not Available,Dealer,135359.93,Tier 1
Karnataka,78.3,Royal Enfield,Meteor 350,238208.0,2024,725.0,Electric,63.72,Second,2024.0,Not Available,Dealer,147401.27,Tier 1
Rajasthan,54.29,Honda,Shine,160125.0,2017,266.0,Electric,80.59,Second,2024.0,Not Available,Dealer,98857.75,Tier 2
Madhya Pradesh,77.84,Bajaj,Platina 110,95870.0,2021,360.0,Electric,62.88,Second,2023.0,Expired,Dealer,63766.75,Tier 3
Karnataka,70.96,Ktm,Rc 390,261738.0,2019,190.0,Electric,61.31,Third,2023.0,Expired,Dealer,133472.89,Metro
Uttar Pradesh,-5.0,Bajaj,Pulsar 150,202659.0,2021,939.0,Hybrid,88.66,Third,2021.0,Not Available,Dealer,114352.22,Tier 1
Madhya Pradesh,76.95,Honda,Activa,307480.0,2024,644.0,Electric,92.69,Second,2024.0,Expired,Individual,194065.91,Metro
Punjab,33.26,Ktm,125 Duke,367520.0,2018,858.0,Hybrid,78.44,Second,2021.0,Not Available,Individual,271911.16,Metro
West Bengal,75.88,Hero,Hf Deluxe,211565.0,2023,746.0,Petrol,32.27,First,2023.0,Active,Dealer,143430.19,Metro
West Bengal,53.84,Bajaj,Platina 110,336423.0,2017,431.0,Petrol,33.01,Third,2022.0,Expired,Dealer,262762.4818762728,Tier 2
Uttar Pradesh,19.46,Honda,Dio,143391.0,2017,758.0,Electric,60.7,Second,2021.0,Active,Individual,75735.08,Tier 3
Punjab,60.55,Yamaha,R15 V4,131290.0,2020,847.0,Hybrid,74.35,Second,2022.0,Not Available,Individual,80645.72,Tier 2
Tamil Nadu,58.82,Hero,Glamour,85570.0,2019,739.0,Electric,63.61,Second,2024.0,Active,Individual,66715.56,Tier 3
Tamil Nadu,45.3,Tvs,Ronin,384386.0,2019,430.0,Electric,87.44,Second,2024.0,Expired,Individual,220812.99,Tier 1
Tamil Nadu,26.17,Honda,Dio,356765.0,2024,276.0,Petrol,34.67,Second,2024.0,Not Available,Individual,218747.52,Metro
Karnataka,63.01,Bajaj,Dominar 400,203359.0,2019,144.0,Hybrid,92.53,Second,2023.0,Active,Individual,122570.15,Tier 3
Gujarat,71.69,Royal Enfield,Interceptor 650,381299.0,2017,914.0,Hybrid,94.16,Second,2022.0,Expired,Individual,247911.15,Tier 3
Rajasthan,50.37,Bajaj,Pulsar 150,256995.0,2022,700.0,Electric,74.55,Second,2023.0,Expired,Individual,194452.64,Tier 3
West Bengal,9.94,Royal Enfield,Interceptor 650,225007.0,2016,260.0,Petrol,31.8,Second,2022.0,Expired,Dealer,106826.92,Tier 2
Punjab,9.28,Bajaj,Ct 100,287728.0,2020,887.0,Petrol,57.05,Third,2023.0,Active,Dealer,230139.75,Tier 2
Delhi,55.05,Bajaj,Avenger 220,193745.0,2018,948.0,Hybrid,97.33,Second,2022.0,Active,Dealer,96319.54,Tier 1
Delhi,16.74,Yamaha,R15 V4,318860.0,2022,601.0,Hybrid,96.43,Second,2022.0,Expired,Dealer,226215.44,Tier 2
Rajasthan,54.59,Bajaj,Avenger 220,114390.0,2021,192.0,Hybrid,86.05,Second,2023.0,Not Available,Dealer,79747.16,Tier 1
Gujarat,13.36,Ktm,Duke 200,328348.0,2021,732.0,Hybrid,88.09,Second,2022.0,Not Available,Individual,250192.69,Tier 1
Maharashtra,11.48,Kawasaki,Vulcan S,284629.0,2023,448.0,Electric,62.32,Second,2024.0,Not Available,Dealer,186638.19,Tier 1
West Bengal,39.52,Honda,Unicorn,334528.0,2016,575.0,Petrol,30.64,Third,2023.0,Expired,Individual,244608.37,Tier 3
Rajasthan,57.07,Tvs,Sport,372092.0,2020,651.0,Petrol,70.2,Second,2021.0,Active,Dealer,168522.31,Metro
Rajasthan,54.96,Yamaha,Mt-15,158719.0,2023,844.0,Hybrid,91.08,First,2023.0,Not Available,Individual,112603.15,Tier 1
West Bengal,74.72,Tvs,Ntorq 125,319237.0,2024,512.0,Hybrid,84.97,Second,2024.0,Not Available,Individual,186415.12,Tier 1
Karnataka,61.49,Tvs,Ntorq 125,109222.0,2023,918.0,Petrol,27.12,Second,2023.0,Active,Individual,65677.06,Metro
Rajasthan,59.86,Ktm,250 Duke,221026.0,2024,482.0,Hybrid,75.11,First,2024.0,Expired,Dealer,133472.89,Metro
Punjab,34.5,Hero,Hf Deluxe,373225.0,2022,900.0,Electric,96.8,Second,2024.0,Not Available,Individual,156920.44,Metro
Gujarat,50.75,Tvs,Ronin,295314.0,2021,380.0,Petrol,27.19,Second,2021.0,Expired,Dealer,147998.64,Metro
Uttar Pradesh,73.63,Yamaha,Mt-15,291615.0,2018,668.0,Petrol,58.13,Second,2023.0,Active,Individual,220795.37,Tier 2
West Bengal,17.41,Honda,Activa,57344.0,2019,104.0,Petrol,42.88,Second,2024.0,Active,Dealer,35278.19,Tier 2
Rajasthan,24.58,Kawasaki,Z650,195174.0,2023,830.0,Hybrid,91.38,Second,2023.0,Not Available,Individual,143057.28,Tier 3
Uttar Pradesh,68.8,Hero,Passion Pro,255201.0,2019,949.0,Electric,99.4,Second,2024.0,Active,Individual,145166.27630301053,Tier 1
Uttar Pradesh,56.11,Hero,Passion Pro,204534.0,2015,410.0,Petrol,31.12,Second,2023.0,Not Available,Dealer,135763.85,Tier 3
Maharashtra,54.33,Royal Enfield,Himalayan,56240.0,2020,730.0,Electric,60.77,Second,2023.0,Not Available,Individual,24252.2,Tier 3
Punjab,30.24,Tvs,Jupiter,312634.0,2021,664.0,Petrol,27.58,Second,2021.0,Expired,Individual,240537.22,Tier 1
Gujarat,62.6,Yamaha,Mt-15,134480.0,2023,595.0,Hybrid,74.46,Second,2024.0,Not Available,Individual,54416.28,Tier 3
Maharashtra,5.53,Tvs,Sport,166363.0,2023,547.0,Petrol,32.84,Second,2023.0,Not Available,Dealer,87881.71,Tier 2
Gujarat,41.05,Ktm,Rc 390,114055.0,2024,914.0,Petrol,28.12,Second,2024.0,Active,Dealer,50724.17,Tier 2
Gujarat,48.65,Tvs,Ntorq 125,113703.0,2019,672.0,Hybrid,91.38,Second,2022.0,Active,Individual,46951.92,Tier 3
Madhya Pradesh,57.5,Yamaha,Ray Zr,59308.0,2023,620.0,Electric,97.66,Second,2023.0,Expired,Dealer,37722.745352131446,Tier 3
Madhya Pradesh,60.36,Royal Enfield,Interceptor 650,278869.0,2021,205.0,Electric,70.2,Second,2021.0,Not Available,Dealer,204981.35,Tier 3
Maharashtra,76.66,Honda,Unicorn,51296.0,2024,250.0,Petrol,40.44,Second,2024.0,Active,Individual,26818.54,Tier 2
Rajasthan,55.09,Honda,Cbr 650R,210116.0,2023,804.0,Hybrid,77.8,Second,2024.0,Expired,Individual,141350.59,Tier 2
Maharashtra,67.52,Ktm,390 Adventure,195392.0,2023,633.0,Petrol,39.13,Second,2023.0,Active,Individual,118879.57,Tier 1
Uttar Pradesh,50.24,Hero,Glamour,74462.0,2020,987.0,Petrol,27.56,Second,2024.0,Not Available,Individual,44253.53,Tier 2
Delhi,40.85,Kawasaki,Z650,75425.0,2021,328.0,Electric,88.14,Third,2024.0,Expired,Individual,50205.33,Tier 2
Rajasthan,50.04,Tvs,Ntorq 125,166875.0,2024,283.0,Electric,86.54,Second,2024.0,Expired,Dealer,129970.02,Metro
Rajasthan,64.85,Hero,Glamour,349107.0,2022,892.0,Electric,90.9,Second,2023.0,Active,Dealer,177687.62,Tier 2
Tamil Nadu,5.93,Yamaha,Mt-15,383747.0,2020,569.0,Hybrid,81.77,Third,2022.0,Not Available,Dealer,297382.68,Tier 3
Uttar Pradesh,65.15,Honda,Unicorn,213028.0,2017,149.0,Petrol,32.1,Second,2021.0,Active,Dealer,141111.15,Tier 3
Madhya Pradesh,32.7,Bajaj,Pulsar 150,72848.0,2023,829.0,Petrol,50.87,Second,2024.0,Expired,Dealer,35317.54,Tier 3
Tamil Nadu,30.94,Ktm,125 Duke,87494.0,2024,357.0,Petrol,34.35,First,2024.0,Expired,Dealer,60309.36,Tier 2
Karnataka,52.93,Honda,Activa,188838.0,2023,194.0,Hybrid,78.83,Second,2023.0,Active,Dealer,106336.33,Tier 1
Punjab,8.6,Ktm,250 Duke,130464.0,2021,717.0,Electric,68.52,Second,2021.0,Not Available,Dealer,79743.49,Tier 1
Rajasthan,43.82,Yamaha,R15 V4,244594.0,2023,291.0,Electric,81.73,Second,2024.0,Active,Dealer,157914.5,Tier 1
Rajasthan,52.16,Yamaha,R15 V4,83182.0,2024,999.0,Electric,95.56,First,2024.0,Active,Individual,61686.3,Tier 1
Delhi,33.73,Bajaj,Ct 100,58674.0,2019,430.0,Hybrid,66.16,Third,2021.0,Not Available,Dealer,42827.65,Tier 1
Uttar Pradesh,32.0,Royal Enfield,Hunter 350,97010.0,2017,986.0,Electric,70.2,Second,2023.0,Not Available,Dealer,133472.89,Tier 3
Punjab,75.34,Hero,Xtreme 160R,396426.0,2024,375.0,Hybrid,78.87,Second,2024.0,Active,Individual,133472.89,Tier 2
Maharashtra,25.6,Honda,Cbr 650R,251747.0,2024,225.0,Electric,83.22,First,2024.0,Expired,Individual,139296.59,Metro
Uttar Pradesh,43.64,Tvs,Apache Rtr 160,57232.0,2016,725.0,Hybrid,98.42,Second,2021.0,Not Available,Dealer,31919.96,Tier 3
Tamil Nadu,47.4,Bajaj,Dominar 400,314848.0,2022,272.0,Electric,82.86,Second,2024.0,Expired,Dealer,203245.68,Metro
Rajasthan,46.32,Hero,Passion Pro,345024.0,2023,540.0,Electric,64.3,Second,2024.0,Active,Dealer,186819.61,Tier 1
Gujarat,65.95,Royal Enfield,Interceptor 650,241259.0,2018,386.0,Petrol,41.85,Second,2021.0,Expired,Dealer,162197.07,Tier 1
Maharashtra,45.12,Hero,Passion Pro,310675.0,2020,628.0,Petrol,0.0,Second,2024.0,Expired,Individual,167624.4,Tier 3
Madhya Pradesh,74.16,Tvs,Apache Rtr 160,144394.0,2022,653.0,Electric,62.43,Third,2022.0,Expired,Dealer,109811.81,Tier 1
Maharashtra,61.9,Ktm,390 Adventure,197919.0,2021,580.0,Petrol,36.53,First,2021.0,Active,Dealer,157730.62,Tier 3
Maharashtra,66.96,Bajaj,Platina 110,101764.0,2022,754.0,Petrol,41.52,First,2022.0,Active,Dealer,133472.89,Tier 2
Maharashtra,37.16,Ktm,Duke 200,293741.0,2024,574.0,Hybrid,79.96,Second,2024.0,Active,Dealer,149178.28,Tier 3
West Bengal,78.47,Royal Enfield,Classic 350,378265.0,2022,967.0,Petrol,51.45,Second,2022.0,Expired,Dealer,191895.98,Metro
Punjab,38.0,Bajaj,Platina 110,348867.0,2022,953.0,Electric,80.92,Second,2022.0,Not Available,Dealer,232935.81,Tier 2
Maharashtra,74.47,Hero,Hf Deluxe,361909.0,2015,621.0,Hybrid,82.54,Second,2022.0,Active,Individual,188887.7837486305,Tier 1
West Bengal,47.21,Tvs,Apache Rtr 160,273626.0,2021,174.0,Hybrid,86.24,Second,2022.0,Not Available,Dealer,159189.26,Tier 2
West Bengal,13.03,Kawasaki,Ninja 300,51350.0,2023,961.0,Electric,65.87,Second,2023.0,Active,Individual,37058.28,Metro
Punjab,47.1,Kawasaki,Vulcan S,397871.0,2021,459.0,Petrol,43.21,First,2021.0,Active,Individual,210620.44,Tier 1
Rajasthan,45.12,Yamaha,Fascino 125,206233.0,2023,105.0,Electric,62.88,First,2023.0,Not Available,Individual,94143.61,Tier 1
Gujarat,33.53,Kawasaki,Ninja 400,283961.0,2019,994.0,Electric,68.77,Third,2024.0,Not Available,Individual,126589.58,Metro
Gujarat,16.93,Royal Enfield,Meteor 350,384103.0,2019,183.0,Electric,85.6,Second,2021.0,Not Available,Dealer,266442.67,Tier 2
Punjab,66.75,Tvs,Jupiter,389683.0,2021,321.0,Hybrid,66.22,First,2021.0,Expired,Individual,190856.18,Tier 2
Delhi,15.81,Tvs,Sport,367934.0,2020,830.0,Electric,72.83,Third,2024.0,Expired,Dealer,241432.72,Tier 2
Rajasthan,39.4,Tvs,Ntorq 125,380792.0,2023,395.0,Electric,99.0,Second,2024.0,Expired,Individual,281522.45,Tier 1
Maharashtra,55.06,Kawasaki,Z650,157129.0,2021,714.0,Electric,74.92,Second,2022.0,Not Available,Dealer,117676.13,Tier 2
Madhya Pradesh,27.09,Hero,Splendor Plus,310995.0,2024,218.0,Electric,76.49,Second,2024.0,Not Available,Dealer,200935.39,Metro
Delhi,9.66,Tvs,Ronin,78190.0,2022,749.0,Hybrid,75.48,Second,2024.0,Not Available,Individual,61770.45,Metro
Karnataka,50.73,Ktm,250 Duke,330157.0,2023,686.0,Hybrid,87.08,Second,2023.0,Expired,Dealer,208574.66,Metro
West Bengal,76.3,Royal Enfield,Meteor 350,364133.0,2018,613.0,Hybrid,98.78,Second,2024.0,Active,Individual,222305.02,Tier 2
Uttar Pradesh,9.25,Ktm,125 Duke,96766.0,2023,912.0,Electric,88.69,Second,2024.0,Not Available,Dealer,133472.89,Tier 1
Madhya Pradesh,18.37,Royal Enfield,Hunter 350,196488.0,2016,259.0,Petrol,39.46,Second,2022.0,Not Available,Individual,100571.53,Tier 1
Uttar Pradesh,67.62,Yamaha,Fz V3,315893.0,2022,343.0,Petrol,37.99,Second,2023.0,Expired,Dealer,228287.03,Tier 3
West Bengal,66.74,Hero,Passion Pro,398052.0,2018,130.0,Petrol,30.55,Third,2023.0,Not Available,Individual,169231.66,Tier 3
Maharashtra,62.39,Hero,Glamour,114688.0,2021,528.0,Electric,87.97,First,2021.0,Active,Dealer,72426.47,Tier 1
Uttar Pradesh,6.65,Royal Enfield,Himalayan,71972.0,2021,745.0,Electric,86.07,Second,2021.0,Expired,Individual,54321.74,Tier 2
West Bengal,49.93,Ktm,125 Duke,209687.0,2022,578.0,Hybrid,79.41,Second,2022.0,Active,Individual,122725.37,Metro
Karnataka,5.02,Kawasaki,Ninja 400,234978.0,2018,952.0,Petrol,52.21,Second,2024.0,Expired,Dealer,157273.45,Metro
Maharashtra,9.34,Kawasaki,Z650,307851.0,2023,641.0,Electric,99.78,Third,2024.0,Not Available,Individual,136408.92,Tier 3
Madhya Pradesh,25.36,Tvs,Ronin,141136.0,2023,893.0,Hybrid,60.27,Second,2023.0,Active,Individual,62812.97,Tier 1
Uttar Pradesh,54.71,Ktm,390 Adventure,239741.0,2021,719.0,Electric,63.34,Second,2021.0,Expired,Dealer,170706.86,Metro
Madhya Pradesh,13.7,Ktm,250 Duke,122175.0,2022,257.0,Hybrid,81.83,Third,2022.0,Expired,Dealer,71240.21,Tier 2
Tamil Nadu,17.01,Royal Enfield,Classic 350,114134.0,2019,478.0,Electric,60.94,Third,2022.0,Not Available,Dealer,84330.99,Metro
Punjab,19.9,Yamaha,Mt-15,338018.0,2021,369.0,Electric,79.21,Second,2021.0,Expired,Dealer,270226.14,Tier 3
Karnataka,5.31,Tvs,Ronin,106083.0,2016,946.0,Hybrid,72.74,Second,2021.0,Active,Dealer,62930.34,Tier 1
Madhya Pradesh,59.34,Tvs,Apache Rtr 160,356435.0,2024,662.0,Electric,65.06,Third,2024.0,Not Available,Dealer,250941.57,Tier 2
Uttar Pradesh,19.76,Hero,Xtreme 160R,102004.0,2021,702.0,Electric,64.35,Second,2023.0,Expired,Individual,51234.88,Tier 1
Madhya Pradesh,31.67,Honda,Activa,113254.0,2021,946.0,Petrol,33.23,Second,2021.0,Active,Dealer,61775.01,Tier 3
Tamil Nadu,18.45,Honda,Unicorn,318130.0,2023,958.0,Petrol,31.74,First,2023.0,Expired,Dealer,137402.17,Tier 1
Rajasthan,69.56,Honda,Shine,119476.0,2022,544.0,Electric,66.51,Second,2022.0,Expired,Dealer,55522.98,Tier 1
Punjab,43.55,Royal Enfield,Hunter 350,237877.0,2023,793.0,Hybrid,95.87,First,2023.0,Expired,Dealer,110365.32,Metro
Uttar Pradesh,24.3,Ktm,390 Adventure,311753.0,2023,525.0,Petrol,27.65,Second,2024.0,Not Available,Dealer,198185.74,Tier 3
Rajasthan,12.12,Ktm,390 Adventure,364520.0,2023,649.0,Electric,74.39,Second,2024.0,Expired,Individual,228305.3,Tier 3
Punjab,15.43,Royal Enfield,Meteor 350,203767.0,2022,383.0,Hybrid,62.33,Second,2022.0,Not Available,Individual,135831.75,Tier 2
Tamil Nadu,23.44,Hero,Hf Deluxe,66642.0,2018,948.0,Petrol,36.76,Third,2024.0,Active,Dealer,41994.89,Tier 3
Rajasthan,60.0,Kawasaki,Ninja 400,70599.0,2024,161.0,Hybrid,67.24,Second,2024.0,Not Available,Individual,43201.37,Tier 1
West Bengal,65.24,Hero,Splendor Plus,50727.0,2017,867.0,Hybrid,69.38,Second,2022.0,Active,Individual,30780.4,Metro
West Bengal,43.4,Tvs,Jupiter,230457.0,2020,971.0,Electric,65.25,Second,2022.0,Not Available,Dealer,183975.79,Tier 2
Rajasthan,21.89,Ktm,Rc 390,296803.0,2021,836.0,Hybrid,77.91,Second,2023.0,Not Available,Dealer,124226.83,Tier 2
Gujarat,32.5,Honda,Cbr 650R,165112.0,2018,559.0,Petrol,56.4,Second,2023.0,Active,Individual,124608.87,Tier 1
West Bengal,18.68,Hero,Hf Deluxe,52194.0,2022,889.0,Hybrid,88.98,Second,2022.0,Expired,Dealer,22586.01,Tier 1
Uttar Pradesh,50.71,Honda,Unicorn,327789.0,2017,514.0,Electric,94.49,Third,2023.0,Expired,Individual,206413.16,Tier 2
Tamil Nadu,30.12,Yamaha,Fz V3,320480.0,2016,981.0,Electric,93.93,Second,2022.0,Not Available,Individual,133472.89,Tier 2
Karnataka,56.18,Kawasaki,Z650,138891.0,2024,895.0,Electric,62.78,Third,2024.0,Active,Individual,77396.55,Tier 2
Punjab,73.39,Royal Enfield,Interceptor 650,350384.0,2015,459.0,Petrol,30.67,Second,2024.0,Not Available,Dealer,133472.89,Tier 3
West Bengal,8.92,Ktm,Duke 200,118404.0,2017,626.0,Petrol,50.8,Second,2023.0,Active,Dealer,82187.98,Metro
Tamil Nadu,78.58,Yamaha,Mt-15,325048.0,2022,223.0,Electric,74.76,Second,2023.0,Not Available,Dealer,151142.51,Tier 1
Gujarat,24.82,Honda,Activa,354989.0,2021,178.0,Hybrid,72.94,Second,2021.0,Active,Individual,236034.15,Tier 3
Maharashtra,44.92,Honda,Cbr 650R,107497.0,2023,111.0,Hybrid,70.2,Second,2024.0,Expired,Dealer,67474.42,Tier 3
Madhya Pradesh,33.33,Honda,Cbr 650R,308938.0,2020,331.0,Petrol,36.95,Second,2023.0,Active,Individual,146890.36,Metro
Uttar Pradesh,74.23,Kawasaki,Ninja 300,159622.0,2022,690.0,Hybrid,78.21,Second,2022.0,Not Available,Dealer,120198.01,Metro
Punjab,37.1,Tvs,Sport,360954.0,2020,872.0,Petrol,33.31,Second,2021.0,Not Available,Individual,164586.62,Tier 1
Karnataka,26.92,Hero,Glamour,145281.0,2015,735.0,Hybrid,82.87,Second,2023.0,Active,Dealer,99271.4,Tier 3
Maharashtra,71.27,Honda,Cbr 650R,94018.0,2023,590.0,Hybrid,68.97,Second,2023.0,Expired,Dealer,50205.73,Tier 1
Rajasthan,16.18,Ktm,125 Duke,170535.0,2022,153.0,Electric,63.35,Second,2022.0,Active,Individual,114801.07,Tier 1
Uttar Pradesh,74.76,Hero,Passion Pro,131731.0,2023,892.0,Petrol,41.15,Second,2023.0,Active,Individual,90970.9,Tier 3
Karnataka,33.69,Honda,Cbr 650R,150900.0,2021,936.0,Electric,75.74,Second,2021.0,Expired,Individual,84773.49,Tier 1
West Bengal,71.93,Bajaj,Pulsar 150,353841.0,2023,507.0,Hybrid,99.04,Second,2023.0,Active,Dealer,144505.96,Metro
Uttar Pradesh,41.22,Bajaj,Avenger 220,153275.0,2023,675.0,Petrol,47.44,Second,2023.0,Not Available,Dealer,73657.72,Tier 3
Tamil Nadu,25.06,Tvs,Sport,215529.0,2022,365.0,Hybrid,97.28,Second,2022.0,Expired,Individual,145174.72,Tier 2
Rajasthan,34.84,Kawasaki,Ninja 300,159451.0,2024,342.0,Petrol,47.81,Second,2024.0,Expired,Individual,122663.81,Tier 2
Gujarat,22.89,Bajaj,Avenger 220,61067.0,2020,879.0,Electric,91.23,Second,2023.0,Expired,Dealer,40261.46,Metro
Delhi,13.94,Tvs,Ntorq 125,285453.0,2023,100.0,Electric,97.84,Second,2023.0,Active,Dealer,189359.75,Tier 3
Punjab,67.22,Ktm,125 Duke,114907.0,2023,527.0,Hybrid,90.98,Second,2023.0,Active,Dealer,49679.23,Metro
Maharashtra,30.21,Kawasaki,Z650,345666.0,2024,608.0,Electric,70.2,Second,2024.0,Active,Dealer,133472.89,Tier 3
Maharashtra,55.53,Royal Enfield,Meteor 350,81223.0,2020,950.0,Petrol,27.43,Second,2023.0,Expired,Dealer,59929.19,Tier 3
Delhi,20.63,Ktm,125 Duke,210577.0,2019,803.0,Petrol,43.77,Third,2022.0,Expired,Individual,148405.56,Tier 1
Delhi,68.1,Yamaha,Fz V3,353261.0,2024,961.0,Hybrid,84.84,Second,2024.0,Not Available,Individual,270497.77,Tier 2
Rajasthan,57.39,Tvs,Ntorq 125,214668.0,2022,526.0,Petrol,50.91,First,2022.0,Not Available,Individual,93401.88,Tier 1
Maharashtra,58.23,Royal Enfield,Hunter 350,376863.0,2016,304.0,Petrol,55.41,Second,2022.0,Active,Individual,251667.0,Tier 3
Punjab,36.63,Tvs,Sport,111613.0,2023,503.0,Hybrid,73.1,Second,2024.0,Active,Dealer,64848.08,Tier 2
Gujarat,37.41,Bajaj,Ct 100,60482.0,2024,870.0,Electric,94.41,First,2024.0,Not Available,Dealer,26923.11,Metro
Maharashtra,9.23,Ktm,390 Adventure,322699.0,2021,478.0,Electric,90.53,Third,2024.0,Active,Individual,255970.46,Tier 3
Madhya Pradesh,57.96,Honda,Cbr 650R,253143.0,2016,954.0,Petrol,36.96,Third,2024.0,Expired,Dealer,133472.89,Metro
Madhya Pradesh,51.72,Ktm,250 Duke,179562.0,2022,276.0,Electric,65.47,Second,2024.0,Expired,Dealer,121592.18,Tier 1
Punjab,20.62,Kawasaki,Z650,53111.0,2021,330.0,Hybrid,70.99,First,2021.0,Active,Dealer,36172.87,Tier 3
Tamil Nadu,67.05,Tvs,Ntorq 125,283718.0,2022,555.0,Electric,76.97,Second,2022.0,Not Available,Dealer,130361.4,Metro
Rajasthan,74.87,Hero,Xtreme 160R,127337.0,2020,575.0,Petrol,41.08,Third,2024.0,Not Available,Dealer,85987.59,Tier 1
Delhi,35.59,Yamaha,Fascino 125,201114.0,2018,956.0,Hybrid,76.14,Second,2021.0,Active,Individual,135290.25,Tier 3
Punjab,27.68,Kawasaki,Z650,210266.0,2018,135.0,Electric,75.65,Third,2022.0,Not Available,Individual,98108.94,Tier 1
Tamil Nadu,43.21,Hero,Splendor Plus,376481.0,2015,485.0,Hybrid,85.67,Second,2024.0,Active,Dealer,237190.11,Metro
Tamil Nadu,11.48,Hero,Hf Deluxe,389218.0,2023,965.0,Petrol,70.2,Second,2023.0,Not Available,Dealer,294870.04,Metro
Karnataka,58.43,Yamaha,Fz V3,166408.0,2017,561.0,Hybrid,88.46,Third,2023.0,Not Available,Individual,71846.12,Metro
Tamil Nadu,42.45,Royal Enfield,Meteor 350,287704.0,2022,645.0,Electric,95.66,Second,2023.0,Not Available,Dealer,197118.88,Tier 1
Tamil Nadu,32.92,Bajaj,Dominar 400,393217.0,2024,759.0,Petrol,37.1,Second,2024.0,Not Available,Dealer,199874.17,Metro
Uttar Pradesh,51.92,Bajaj,Dominar 400,97434.0,2018,355.0,Petrol,28.31,Second,2021.0,Active,Individual,66477.6,Metro
Rajasthan,44.78,Honda,Activa,134209.0,2021,457.0,Electric,63.44,Second,2021.0,Active,Dealer,103428.35,Tier 3
West Bengal,51.45,Honda,Activa,215582.0,2022,751.0,Petrol,54.69,Second,2022.0,Not Available,Dealer,172121.26,Tier 3
Madhya Pradesh,62.86,Honda,Shine,194497.0,2023,170.0,Petrol,51.16,Second,2024.0,Expired,Individual,94758.7,Tier 1
Karnataka,46.7,Royal Enfield,Classic 350,308391.0,2019,872.0,Petrol,41.7,Second,2021.0,Expired,Individual,140645.0,Tier 2
Delhi,25.25,Yamaha,Fascino 125,312621.0,2021,532.0,Hybrid,93.18,Second,2021.0,Expired,Individual,155687.03,Tier 2
Delhi,76.34,Royal Enfield,Interceptor 650,371996.0,2023,230.0,Hybrid,61.87,Second,2024.0,Active,Dealer,214388.22,Tier 2
Uttar Pradesh,38.65,Tvs,Jupiter,70763.0,2022,595.0,Hybrid,89.36,Second,2022.0,Expired,Dealer,41701.52,Tier 3
Delhi,55.54,Kawasaki,Ninja 300,325123.0,2017,566.0,Petrol,39.7,Second,2022.0,Not Available,Individual,198820.91,Tier 2
Uttar Pradesh,24.32,Kawasaki,Vulcan S,154381.0,2023,646.0,Hybrid,83.1,Second,2023.0,Active,Dealer,98209.32,Metro
Madhya Pradesh,37.43,Yamaha,Fz V3,315919.0,2023,471.0,Electric,80.68,Second,2024.0,Expired,Dealer,153144.88,Tier 3
Punjab,39.98,Ktm,Rc 390,395971.0,2018,413.0,Electric,62.64,Second,2024.0,Not Available,Dealer,218500.46,Metro
Gujarat,66.99,Kawasaki,Vulcan S,278416.0,2018,163.0,Electric,75.81,Second,2023.0,Active,Individual,181857.82,Tier 1
Madhya Pradesh,43.46,Honda,Activa,304573.0,2017,352.0,Petrol,40.77,Second,2024.0,Not Available,Dealer,133472.89,Tier 1
Karnataka,40.7,Honda,Shine,190116.0,2015,313.0,Hybrid,89.57,Second,2022.0,Not Available,Dealer,133640.99,Tier 2
Gujarat,57.93,Hero,Hf Deluxe,324282.0,2021,162.0,Hybrid,99.37,Second,2024.0,Active,Individual,152194.9,Metro
Madhya Pradesh,24.9,Bajaj,Pulsar 150,263883.0,2022,691.0,Petrol,37.96,Second,2024.0,Not Available,Dealer,178253.65,Metro
West Bengal,73.3,Royal Enfield,Classic 350,261569.0,2023,480.0,Petrol,53.48,Second,2023.0,Active,Dealer,110931.54,Metro
Gujarat,75.92,Tvs,Jupiter,174691.0,2019,266.0,Petrol,30.95,Second,2023.0,Expired,Dealer,136988.8,Tier 1
Gujarat,38.66,Kawasaki,Versys 650,296431.0,2023,903.0,Electric,66.11,First,2023.0,Active,Dealer,142558.78,Metro
Delhi,72.16,Yamaha,R15 V4,168707.0,2023,470.0,Electric,80.79,Second,2023.0,Expired,Individual,72222.05,Tier 2
Madhya Pradesh,65.0,Kawasaki,Versys 650,360036.0,2024,728.0,Hybrid,74.91,Second,2024.0,Not Available,Individual,247404.18,Tier 3
Maharashtra,73.08,Honda,Activa,309667.0,2023,101.0,Electric,89.0,Second,2023.0,Expired,Dealer,214995.64,Tier 3
Delhi,27.9,Bajaj,Avenger 220,301065.0,2024,374.0,Electric,75.32,Second,2024.0,Active,Individual,177318.59,Metro
Karnataka,33.11,Hero,Xtreme 160R,64222.0,2015,311.0,Electric,71.84,Second,2021.0,Active,Individual,37478.65,Tier 1
Madhya Pradesh,11.83,Bajaj,Pulsar 150,111427.0,2018,580.0,Hybrid,73.42,Second,2022.0,Not Available,Dealer,66090.34,Metro
Rajasthan,37.59,Royal Enfield,Hunter 350,326565.0,2024,758.0,Hybrid,70.85,First,2024.0,Not Available,Individual,158207.22,Metro
Maharashtra,50.55,Honda,Unicorn,308676.0,2020,989.0,Electric,80.59,Second,2024.0,Expired,Dealer,177782.78,Tier 3
Delhi,18.07,Tvs,Ronin,361035.0,2024,930.0,Petrol,59.77,Second,2024.0,Expired,Dealer,159577.79,Tier 2
Rajasthan,77.3,Kawasaki,Ninja 300,52995.0,2021,718.0,Petrol,45.43,Second,2021.0,Active,Individual,25302.59,Tier 2
Maharashtra,66.93,Kawasaki,Ninja 400,316698.0,2023,338.0,Electric,85.81,Second,2023.0,Active,Dealer,148921.28,Tier 1
Karnataka,35.32,Tvs,Sport,252259.0,2020,599.0,Electric,61.0,Second,2022.0,Not Available,Dealer,175822.46,Tier 2
Maharashtra,34.86,Yamaha,Mt-15,102267.0,2023,466.0,Petrol,32.14,Third,2024.0,Active,Individual,49510.03,Tier 3
West Bengal,60.29,Ktm,250 Duke,355392.0,2020,447.0,Petrol,32.7,Second,2022.0,Not Available,Dealer,195219.55,Tier 2
Karnataka,6.64,Bajaj,Ct 100,284896.0,2015,302.0,Electric,96.29,Second,2022.0,Not Available,Dealer,185003.89,Metro
Rajasthan,49.12,Hero,Passion Pro,318959.0,2023,195.0,Hybrid,65.02,Second,2023.0,Not Available,Individual,181718.63,Tier 3
Madhya Pradesh,79.51,Royal Enfield,Meteor 350,306184.0,2023,203.0,Hybrid,77.79,Third,2023.0,Active,Individual,189096.19,Tier 1
Madhya Pradesh,51.45,Royal Enfield,Interceptor 650,312839.0,2024,710.0,Petrol,44.06,First,2024.0,Not Available,Individual,150567.55,Tier 2
Maharashtra,59.36,Royal Enfield,Hunter 350,284598.0,2015,661.0,Petrol,55.09,Second,2024.0,Not Available,Individual,224097.87,Metro
Madhya Pradesh,69.13,Bajaj,Platina 110,136004.0,2022,232.0,Hybrid,64.05,Second,2023.0,Active,Dealer,133472.89,Metro
Tamil Nadu,26.61,Yamaha,Fz V3,283844.0,2022,967.0,Petrol,44.15,Second,2022.0,Active,Dealer,216039.28,Tier 2
West Bengal,55.92,Honda,Unicorn,249764.0,2023,358.0,Hybrid,78.34,First,2023.0,Active,Dealer,132214.14,Tier 1
Karnataka,29.17,Yamaha,Fz V3,269787.0,2022,646.0,Electric,95.65,Second,2023.0,Not Available,Individual,133472.89,Metro
Maharashtra,26.04,Tvs,Ntorq 125,76742.0,2022,893.0,Petrol,34.9,Second,2024.0,Active,Individual,41348.36,Tier 3
Madhya Pradesh,17.78,Bajaj,Dominar 400,352340.0,2023,468.0,Petrol,51.58,Third,2024.0,Expired,Dealer,281552.62,Tier 3
Uttar Pradesh,30.57,Hero,Glamour,305162.0,2017,196.0,Hybrid,81.77,Second,2022.0,Active,Individual,201622.88,Metro
Gujarat,16.1,Royal Enfield,Hunter 350,353397.0,2020,876.0,Petrol,70.2,Third,2024.0,Expired,Individual,170240.94,Metro
Delhi,45.88,Yamaha,Fz V3,256201.0,2022,263.0,Hybrid,70.2,Second,2022.0,Active,Individual,111077.71,Metro
Rajasthan,28.94,Royal Enfield,Meteor 350,376144.0,2024,947.0,Petrol,32.91,Second,2024.0,Active,Dealer,274298.37,Tier 3
Karnataka,43.65,Ktm,125 Duke,321926.0,2024,332.0,Hybrid,79.01,Second,2024.0,Expired,Dealer,208635.66,Tier 2
Madhya Pradesh,51.56,Royal Enfield,Classic 350,179417.0,2023,136.0,Hybrid,61.54,Third,2023.0,Active,Individual,106022.76,Tier 1
West Bengal,57.95,Royal Enfield,Hunter 350,276694.0,2022,924.0,Petrol,41.82,Second,2022.0,Not Available,Dealer,131949.78,Tier 3
Karnataka,36.85,Kawasaki,Z650,71035.0,2021,698.0,Hybrid,89.8,Second,2024.0,Not Available,Individual,41300.95,Tier 1
Punjab,38.56,Tvs,Apache Rtr 160,152301.0,2017,974.0,Petrol,59.82,Second,2023.0,Not Available,Individual,83409.07,Tier 3
Gujarat,52.83,Kawasaki,Ninja 300,133046.0,2023,935.0,Hybrid,70.99,Second,2023.0,Expired,Dealer,59994.5,Tier 3
Tamil Nadu,27.27,Yamaha,Ray Zr,151290.0,2017,351.0,Hybrid,98.5,Second,2024.0,Not Available,Individual,113088.67,Tier 3
Uttar Pradesh,22.98,Hero,Glamour,92797.0,2020,217.0,Petrol,31.95,Second,2024.0,Active,Dealer,39939.14,Metro
Karnataka,40.37,Hero,Glamour,291412.0,2022,333.0,Hybrid,71.69,Second,2022.0,Active,Individual,145480.95,Tier 2
Gujarat,63.03,Tvs,Ntorq 125,211610.0,2018,976.0,Electric,83.89,Second,2022.0,Not Available,Dealer,97110.65,Metro
Gujarat,10.68,Tvs,Jupiter,129154.0,2018,844.0,Electric,71.51,Third,2024.0,Expired,Individual,59567.31,Tier 2
Karnataka,23.43,Hero,Xtreme 160R,316069.0,2019,365.0,Electric,91.15,Third,2021.0,Not Available,Individual,246234.79,Tier 1
Uttar Pradesh,67.61,Hero,Hf Deluxe,54907.0,2023,210.0,Hybrid,74.69,Second,2023.0,Expired,Individual,34277.97,Tier 3
Gujarat,35.24,Royal Enfield,Himalayan,336217.0,2024,863.0,Petrol,26.77,First,2024.0,Active,Dealer,255952.14,Metro
Tamil Nadu,53.55,Bajaj,Avenger 220,137455.0,2018,576.0,Hybrid,60.59,Second,2021.0,Expired,Individual,133472.89,Tier 1
Maharashtra,61.09,Ktm,125 Duke,107133.0,2020,352.0,Electric,69.48,Third,2022.0,Active,Individual,133472.89,Tier 2
Karnataka,57.49,Yamaha,Ray Zr,83201.0,2023,499.0,Petrol,59.46,First,2023.0,Active,Dealer,64544.63,Tier 3
Gujarat,19.51,Honda,Unicorn,51690.0,2018,691.0,Petrol,51.86,Third,2023.0,Not Available,Dealer,36883.21,Tier 1
Punjab,22.31,Honda,Shine,84699.0,2023,104.0,Electric,87.16,Third,2024.0,Active,Dealer,61042.96,Tier 1
Maharashtra,74.1,Ktm,Rc 390,317928.0,2022,638.0,Electric,98.32,First,2022.0,Active,Dealer,141976.94,Tier 3
Maharashtra,33.9,Bajaj,Ct 100,76240.0,2024,299.0,Electric,80.76,Second,2024.0,Not Available,Individual,51550.09,Tier 3
West Bengal,47.46,Kawasaki,Vulcan S,233499.0,2021,959.0,Hybrid,90.59,Second,2023.0,Active,Individual,124715.75,Tier 1
Punjab,23.21,Bajaj,Dominar 400,119762.0,2023,130.0,Hybrid,68.03,Second,2024.0,Not Available,Dealer,75663.16,Metro
Punjab,29.64,Bajaj,Ct 100,236118.0,2020,144.0,Petrol,45.3,Second,2021.0,Not Available,Dealer,187329.02,Metro
Tamil Nadu,69.47,Tvs,Ronin,213510.0,2021,550.0,Hybrid,64.33,Second,2024.0,Expired,Dealer,151252.37,Tier 1
Uttar Pradesh,47.06,Ktm,390 Adventure,222608.0,2022,432.0,Petrol,54.83,Second,2023.0,Expired,Individual,171541.04,Tier 3
Delhi,23.15,Yamaha,Fz V3,220664.0,2023,984.0,Electric,69.16,First,2023.0,Expired,Individual,89850.34,Tier 1
Gujarat,9.69,Yamaha,Fz V3,215484.0,2015,879.0,Petrol,54.62,Third,2021.0,Expired,Individual,87859.0,Tier 1
Maharashtra,35.4,Tvs,Ntorq 125,253732.0,2024,583.0,Petrol,27.99,Third,2024.0,Not Available,Dealer,148502.56,Tier 1
Uttar Pradesh,54.39,Yamaha,Fascino 125,247230.0,2023,441.0,Petrol,26.07,Second,2024.0,Expired,Individual,104847.63,Tier 2
Uttar Pradesh,9.43,Hero,Xtreme 160R,201232.0,2024,270.0,Hybrid,77.95,Third,2024.0,Not Available,Dealer,83602.9,Metro
West Bengal,31.06,Bajaj,Platina 110,283873.0,2019,703.0,Petrol,54.57,Third,2022.0,Expired,Dealer,154072.52,Metro
Rajasthan,16.67,Royal Enfield,Classic 350,260833.0,2024,583.0,Hybrid,80.24,Second,2024.0,Expired,Individual,179696.7,Tier 3
Delhi,77.67,Bajaj,Platina 110,56937.0,2024,194.0,Electric,82.7,Second,2024.0,Not Available,Dealer,33936.05,Tier 1
Maharashtra,57.0,Kawasaki,Ninja 400,275434.0,2019,615.0,Petrol,56.24,Second,2024.0,Active,Individual,172761.43,Metro
West Bengal,33.46,Hero,Passion Pro,276587.0,2021,150.0,Petrol,36.48,Second,2021.0,Expired,Individual,143465.98,Tier 3
Gujarat,33.8,Hero,Splendor Plus,171459.0,2015,210.0,Hybrid,97.2,Second,2024.0,Active,Dealer,123294.77,Tier 2
Tamil Nadu,29.51,Ktm,250 Duke,205919.0,2023,798.0,Electric,92.69,First,2023.0,Active,Dealer,128255.74,Tier 2
Uttar Pradesh,24.77,Yamaha,Fascino 125,210635.0,2017,283.0,Electric,91.98,Third,2023.0,Expired,Dealer,125680.31,Tier 3
Gujarat,57.82,Ktm,Duke 200,281144.0,2019,753.0,Hybrid,75.65,Third,2021.0,Active,Dealer,223241.81,Tier 3
Tamil Nadu,62.55,Yamaha,Mt-15,70255.0,2024,715.0,Electric,98.93,Second,2024.0,Active,Individual,34630.62,Metro
Gujarat,40.64,Honda,Cbr 650R,81705.0,2017,276.0,Hybrid,65.84,Second,2024.0,Active,Individual,56200.54,Tier 1
West Bengal,24.09,Ktm,250 Duke,143809.0,2020,826.0,Petrol,40.33,Second,2023.0,Not Available,Individual,85768.87,Tier 1
Uttar Pradesh,19.87,Hero,Passion Pro,347462.0,2023,729.0,Electric,99.07,Second,2023.0,Not Available,Individual,251694.52,Tier 2
Punjab,26.9,Yamaha,Fz V3,55321.0,2015,351.0,Petrol,53.62,Third,2024.0,Expired,Individual,23759.29,Tier 2
Delhi,10.57,Kawasaki,Vulcan S,267063.0,2023,103.0,Electric,70.2,Second,2023.0,Active,Individual,175230.24,Tier 1
Karnataka,5.51,Honda,Unicorn,266407.0,2019,394.0,Hybrid,70.2,Third,2021.0,Expired,Individual,189230.05,Tier 1
Gujarat,40.19,Ktm,125 Duke,341492.0,2024,428.0,Electric,84.84,Second,2024.0,Expired,Dealer,191932.03,Tier 3
Rajasthan,54.32,Hero,Glamour,324515.0,2022,644.0,Electric,90.68,Third,2022.0,Active,Dealer,174378.64,Metro
Rajasthan,33.89,Tvs,Ronin,118604.0,2024,218.0,Electric,97.41,Second,2024.0,Not Available,Dealer,87647.33,Tier 1
Delhi,45.92,Yamaha,Mt-15,184987.0,2024,918.0,Electric,99.01,Second,2024.0,Active,Dealer,132384.44,Tier 3
Tamil Nadu,58.24,Bajaj,Dominar 400,87726.0,2024,943.0,Hybrid,65.83,Third,2024.0,Expired,Dealer,44181.5,Tier 1
West Bengal,47.55,Honda,Shine,391585.0,2023,634.0,Petrol,30.3,Second,2023.0,Not Available,Dealer,218327.65,Tier 2
West Bengal,72.37,Hero,Glamour,278492.0,2022,842.0,Hybrid,95.94,Third,2023.0,Active,Dealer,199033.91,Tier 2
Delhi,36.71,Tvs,Apache Rtr 160,56938.0,2023,945.0,Hybrid,94.62,Second,2023.0,Not Available,Dealer,39769.58,Metro
Rajasthan,71.85,Tvs,Ronin,212917.0,2020,734.0,Electric,70.2,Second,2022.0,Active,Individual,109683.58,Metro
Gujarat,31.62,Honda,Dio,134332.0,2023,686.0,Petrol,48.69,Second,2023.0,Not Available,Individual,71925.07,Tier 2
Tamil Nadu,33.25,Yamaha,R15 V4,253328.0,2016,772.0,Electric,67.33,Third,2021.0,Active,Dealer,173272.85,Tier 1
Delhi,26.16,Royal Enfield,Meteor 350,60158.0,2015,405.0,Petrol,70.2,Second,2024.0,Not Available,Individual,40651.32,Tier 3
Punjab,25.33,Tvs,Ronin,258648.0,2015,570.0,Electric,97.46,Second,2023.0,Active,Dealer,162935.86,Tier 2
Madhya Pradesh,30.5,Kawasaki,Vulcan S,236714.0,2023,977.0,Electric,65.17,Third,2023.0,Active,Dealer,133472.89,Tier 1
Madhya Pradesh,29.36,Hero,Glamour,227568.0,2022,105.0,Electric,87.57,Third,2022.0,Not Available,Dealer,133472.89,Metro
Karnataka,70.31,Yamaha,Ray Zr,247472.0,2015,892.0,Hybrid,82.43,Second,2021.0,Active,Individual,160041.09,Metro
Karnataka,23.5,Yamaha,Mt-15,357116.0,2022,215.0,Electric,79.33,Third,2023.0,Not Available,Individual,213456.66,Tier 3
Gujarat,20.29,Ktm,390 Adventure,74168.0,2022,170.0,Petrol,33.92,Second,2024.0,Not Available,Individual,33957.0,Tier 2
Tamil Nadu,8.81,Tvs,Sport,229729.0,2018,714.0,Electric,63.03,Second,2022.0,Not Available,Individual,139643.62,Tier 1
Gujarat,66.78,Bajaj,Platina 110,75961.0,2019,878.0,Hybrid,70.2,Third,2023.0,Not Available,Dealer,51280.09,Tier 1
Tamil Nadu,62.06,Honda,Shine,104252.0,2023,115.0,Hybrid,73.57,First,2023.0,Active,Individual,62856.72,Tier 2
Delhi,72.37,Tvs,Jupiter,308688.0,2018,195.0,Hybrid,65.41,Second,2024.0,Active,Individual,191387.04,Metro
West Bengal,52.16,Bajaj,Ct 100,335650.0,2016,598.0,Petrol,50.97,Third,2022.0,Active,Dealer,225571.8,Tier 2
Karnataka,67.81,Hero,Splendor Plus,353209.0,2016,444.0,Petrol,34.87,Second,2021.0,Active,Dealer,260678.02,Tier 3
Madhya Pradesh,46.04,Royal Enfield,Meteor 350,316068.0,2023,280.0,Electric,85.62,Third,2024.0,Not Available,Dealer,214802.6,Tier 3
Gujarat,40.55,Hero,Xtreme 160R,200755.0,2019,831.0,Hybrid,85.58,Second,2024.0,Active,Dealer,145172.41,Metro
Uttar Pradesh,72.73,Kawasaki,Ninja 400,331503.0,2019,179.0,Electric,90.57,Third,2021.0,Expired,Individual,156866.85,Metro
Rajasthan,43.28,Ktm,390 Adventure,256163.0,2023,235.0,Electric,66.17,First,2023.0,Active,Dealer,202146.64,Tier 3
Delhi,16.8,Tvs,Apache Rtr 160,223889.0,2024,197.0,Hybrid,73.8,Third,2024.0,Expired,Dealer,133472.89,Tier 3
Karnataka,63.42,Kawasaki,Ninja 400,346940.0,2021,567.0,Electric,89.74,Second,2024.0,Not Available,Dealer,133472.89,Tier 3
Rajasthan,44.78,Royal Enfield,Hunter 350,164410.0,2019,880.0,Hybrid,61.72,Third,2021.0,Active,Individual,103136.4,Tier 3
Tamil Nadu,11.47,Tvs,Ronin,364131.0,2022,1000.0,Petrol,53.21,Second,2022.0,Expired,Dealer,249730.69,Tier 1
Gujarat,64.06,Kawasaki,Ninja 300,134696.0,2020,713.0,Hybrid,71.05,Third,2023.0,Expired,Dealer,76309.45,Metro
Gujarat,60.25,Hero,Hf Deluxe,255680.0,2017,338.0,Hybrid,81.64,Second,2022.0,Expired,Individual,176278.95,Tier 1
Punjab,31.62,Hero,Passion Pro,285446.0,2023,886.0,Electric,70.66,Second,2023.0,Not Available,Dealer,150205.35,Metro
Rajasthan,44.8,Tvs,Apache Rtr 160,54265.0,2019,680.0,Petrol,52.19,Second,2021.0,Active,Individual,29300.52,Tier 2
Gujarat,68.52,Honda,Cbr 650R,332253.0,2021,439.0,Electric,99.25,First,2021.0,Active,Dealer,154768.66,Tier 2
Karnataka,47.68,Bajaj,Platina 110,150919.0,2018,785.0,Electric,65.45,Third,2023.0,Active,Individual,65188.48,Tier 1
Rajasthan,35.4,Yamaha,Fz V3,243386.0,2024,577.0,Petrol,41.99,Second,2024.0,Expired,Individual,143787.46,Tier 3
Madhya Pradesh,55.98,Bajaj,Ct 100,216288.0,2022,531.0,Hybrid,60.17,Second,2024.0,Active,Individual,103902.97,Tier 1
Punjab,11.36,Kawasaki,Versys 650,117411.0,2024,877.0,Hybrid,76.1,Second,2024.0,Expired,Dealer,77809.96,Metro
Karnataka,11.9,Hero,Glamour,209093.0,2020,717.0,Hybrid,75.73,Second,2023.0,Not Available,Individual,159516.14,Metro
West Bengal,13.01,Yamaha,Fascino 125,258995.0,2022,489.0,Electric,97.13,First,2022.0,Not Available,Individual,124352.71,Metro
Delhi,8.35,Bajaj,Ct 100,284871.0,2024,579.0,Petrol,56.57,Second,2024.0,Not Available,Dealer,195522.13,Tier 3
Madhya Pradesh,49.18,Yamaha,Mt-15,165430.0,2023,918.0,Petrol,41.69,Third,2024.0,Active,Dealer,125664.5,Tier 1
Tamil Nadu,64.58,Tvs,Ntorq 125,301325.0,2015,855.0,Hybrid,66.15,Second,2024.0,Active,Individual,190544.92,Metro
Delhi,35.5,Ktm,125 Duke,399701.0,2016,249.0,Electric,62.56,Second,2021.0,Active,Individual,228219.77,Tier 2
Uttar Pradesh,29.91,Royal Enfield,Himalayan,168474.0,2016,480.0,Hybrid,84.55,Second,2022.0,Expired,Dealer,121299.28,Tier 3
Madhya Pradesh,9.05,Ktm,Rc 390,221020.0,2017,258.0,Petrol,59.31,Second,2024.0,Expired,Dealer,111340.16,Tier 3
Punjab,5.11,Yamaha,Fz V3,85322.0,2021,741.0,Hybrid,87.23,First,2021.0,Expired,Dealer,50483.55,Metro
Punjab,32.66,Bajaj,Platina 110,134296.0,2020,544.0,Hybrid,77.52,Second,2023.0,Active,Individual,97560.55,Tier 2
Delhi,49.5,Hero,Glamour,62415.0,2022,963.0,Electric,83.38,Second,2022.0,Expired,Individual,39647.74,Tier 3
West Bengal,6.73,Hero,Glamour,390598.0,2021,746.0,Hybrid,93.29,Second,2024.0,Not Available,Dealer,251907.11,Metro
Maharashtra,7.01,Hero,Glamour,117366.0,2022,671.0,Petrol,33.61,Second,2023.0,Expired,Individual,54023.76,Tier 1
Karnataka,26.02,Yamaha,Ray Zr,67919.0,2024,933.0,Petrol,70.2,Second,2024.0,Expired,Individual,53169.69,Metro
Maharashtra,57.08,Hero,Passion Pro,142460.0,2022,565.0,Electric,75.27,Second,2022.0,Active,Individual,93731.05,Tier 1
West Bengal,28.6,Kawasaki,Ninja 300,148025.0,2015,258.0,Petrol,70.2,Second,2021.0,Active,Individual,133472.89,Metro
Maharashtra,42.78,Bajaj,Ct 100,209342.0,2023,941.0,Electric,67.18,Second,2024.0,Not Available,Individual,105320.28,Tier 2
Tamil Nadu,45.76,Tvs,Ntorq 125,289899.0,2018,995.0,Petrol,50.42,Second,2024.0,Not Available,Individual,141323.82,Tier 2
Rajasthan,61.35,Ktm,125 Duke,139792.0,2022,419.0,Electric,64.46,Third,2024.0,Not Available,Dealer,89722.57,Tier 2
Maharashtra,24.9,Honda,Cbr 650R,306378.0,2023,895.0,Hybrid,70.2,Second,2023.0,Expired,Dealer,158665.9,Metro
West Bengal,62.01,Bajaj,Ct 100,108715.0,2020,239.0,Hybrid,78.56,Third,2024.0,Active,Individual,50873.59,Metro
Rajasthan,7.12,Bajaj,Avenger 220,160282.0,2019,981.0,Hybrid,71.83,Third,2022.0,Active,Dealer,113673.11,Tier 1
Delhi,67.62,Yamaha,Fascino 125,180496.0,2019,876.0,Electric,64.37,Second,2024.0,Not Available,Dealer,110765.63,Tier 2
Delhi,10.54,Royal Enfield,Hunter 350,251458.0,2022,648.0,Petrol,42.31,Third,2022.0,Expired,Individual,189929.49,Tier 2
Uttar Pradesh,24.17,Bajaj,Ct 100,147533.0,2024,821.0,Petrol,47.84,Second,2024.0,Active,Dealer,112579.0,Tier 2
Punjab,20.77,Hero,Splendor Plus,234756.0,2018,708.0,Hybrid,66.0,Second,2024.0,Expired,Individual,178216.21,Metro
Rajasthan,73.74,Royal Enfield,Hunter 350,397894.0,2017,756.0,Hybrid,63.21,Second,2023.0,Not Available,Individual,133472.89,Tier 2
Uttar Pradesh,29.55,Tvs,Apache Rtr 160,172431.0,2021,229.0,Electric,66.4,Second,2021.0,Not Available,Dealer,115332.52,Tier 3
Punjab,19.87,Tvs,Ronin,105558.0,2018,694.0,Petrol,55.67,Second,2024.0,Expired,Individual,57593.48,Tier 1
Rajasthan,41.76,Hero,Hf Deluxe,138911.0,2024,510.0,Hybrid,93.46,Second,2024.0,Expired,Individual,97022.27,Tier 1
Punjab,55.77,Honda,Unicorn,136982.0,2021,402.0,Petrol,52.23,Second,2023.0,Not Available,Dealer,73863.28,Tier 2
Delhi,61.62,Bajaj,Avenger 220,281356.0,2021,371.0,Electric,63.3,Second,2024.0,Expired,Individual,152274.54,Tier 2
Karnataka,5.77,Tvs,Ronin,394917.0,2022,683.0,Hybrid,67.93,First,2022.0,Not Available,Dealer,133472.89,Tier 1
Rajasthan,49.84,Honda,Shine,315789.0,2022,806.0,Electric,78.24,Second,2022.0,Not Available,Dealer,247361.59,Metro
Uttar Pradesh,6.78,Kawasaki,Vulcan S,104328.0,2023,252.0,Electric,83.69,Second,2023.0,Active,Individual,68226.0,Metro
Punjab,79.38,Royal Enfield,Hunter 350,126128.0,2015,199.0,Hybrid,93.51,Second,2022.0,Expired,Dealer,58444.01,Metro
Maharashtra,7.66,Royal Enfield,Himalayan,107787.0,2023,722.0,Hybrid,95.15,Second,2023.0,Active,Dealer,60520.99,Tier 3
Maharashtra,14.63,Honda,Unicorn,336886.0,2016,411.0,Petrol,49.18,Second,2021.0,Active,Individual,133472.89,Tier 1
Karnataka,37.78,Ktm,125 Duke,360137.0,2023,265.0,Electric,67.26,Second,2023.0,Not Available,Dealer,158679.08,Tier 1
West Bengal,68.11,Tvs,Jupiter,293003.0,2023,709.0,Electric,79.4,Second,2024.0,Not Available,Dealer,230292.28,Metro
Uttar Pradesh,78.29,Ktm,Rc 390,183707.0,2024,949.0,Petrol,57.24,First,2024.0,Expired,Dealer,133472.89,Metro
Karnataka,30.38,Royal Enfield,Interceptor 650,378216.0,2023,143.0,Petrol,50.91,First,2023.0,Active,Individual,198806.03,Tier 3
West Bengal,77.93,Hero,Xtreme 160R,209927.0,2021,467.0,Petrol,59.7,Second,2021.0,Expired,Individual,133472.89,Tier 2
Madhya Pradesh,76.24,Bajaj,Platina 110,275461.0,2024,455.0,Electric,70.88,Second,2024.0,Expired,Dealer,147274.83,Metro
Karnataka,28.65,Tvs,Sport,268908.0,2022,863.0,Hybrid,96.71,Second,2022.0,Not Available,Individual,118526.7,Tier 2
Rajasthan,45.71,Royal Enfield,Himalayan,103013.0,2016,593.0,Electric,81.96,Second,2021.0,Expired,Individual,76719.57,Metro
Gujarat,33.89,Tvs,Sport,291570.0,2022,672.0,Petrol,32.87,Second,2022.0,Active,Individual,150638.25,Tier 3
Madhya Pradesh,13.95,Honda,Dio,103076.0,2019,364.0,Petrol,49.85,Third,2024.0,Expired,Dealer,77827.42,Tier 1
Uttar Pradesh,69.35,Yamaha,Ray Zr,338022.0,2024,770.0,Hybrid,91.11,First,2024.0,Not Available,Dealer,183477.34,Metro
West Bengal,62.45,Hero,Glamour,390172.0,2022,474.0,Electric,97.44,Third,2022.0,Expired,Dealer,205183.38,Tier 2
Delhi,10.81,Kawasaki,Z650,292338.0,2020,429.0,Petrol,35.72,Third,2024.0,Active,Individual,172342.75,Metro
Punjab,74.58,Ktm,125 Duke,262059.0,2022,729.0,Hybrid,70.2,Second,2022.0,Active,Dealer,208425.88,Metro
Tamil Nadu,56.1,Ktm,390 Adventure,253364.0,2024,852.0,Hybrid,70.2,Second,2024.0,Expired,Dealer,193601.39,Tier 3
Rajasthan,64.54,Kawasaki,Ninja 300,250420.0,2021,382.0,Hybrid,81.6,Second,2022.0,Active,Dealer,184181.15,Metro
Karnataka,53.61,Tvs,Jupiter,129697.0,2023,563.0,Petrol,55.56,Third,2023.0,Expired,Dealer,57360.99,Tier 2
Punjab,25.81,Ktm,125 Duke,195606.0,2023,858.0,Petrol,26.43,Second,2024.0,Expired,Individual,109460.56,Tier 3
Maharashtra,46.7,Ktm,250 Duke,105167.0,2020,514.0,Petrol,30.62,Second,2021.0,Not Available,Dealer,62744.79,Tier 3
Karnataka,14.66,Ktm,Rc 390,370986.0,2023,288.0,Petrol,44.65,Second,2024.0,Expired,Individual,188082.12,Tier 2
Gujarat,13.41,Royal Enfield,Hunter 350,79549.0,2020,434.0,Petrol,43.55,Second,2022.0,Expired,Individual,46793.97,Metro
Tamil Nadu,65.27,Hero,Splendor Plus,101736.0,2022,626.0,Hybrid,91.48,Second,2022.0,Active,Individual,63460.08,Tier 3
Delhi,28.49,Hero,Glamour,381550.0,2017,308.0,Electric,61.32,Second,2024.0,Not Available,Dealer,169618.32,Tier 3
West Bengal,55.36,Bajaj,Pulsar 150,380579.0,2018,788.0,Hybrid,72.16,Second,2024.0,Active,Dealer,207990.55,Tier 1
Gujarat,13.96,Yamaha,Mt-15,216444.0,2021,375.0,Electric,92.48,Second,2023.0,Expired,Individual,168022.25,Metro
Punjab,49.47,Kawasaki,Ninja 300,58114.0,2020,227.0,Petrol,43.79,Second,2023.0,Expired,Dealer,25567.09,Metro
Tamil Nadu,75.37,Royal Enfield,Hunter 350,390044.0,2020,810.0,Petrol,38.22,Second,2021.0,Expired,Dealer,205021.91,Metro
Maharashtra,53.91,Kawasaki,Versys 650,108617.0,2022,905.0,Electric,70.99,Second,2024.0,Not Available,Dealer,57089.23,Tier 2
Madhya Pradesh,22.36,Royal Enfield,Meteor 350,259540.0,2016,927.0,Petrol,57.03,Third,2023.0,Active,Dealer,110887.67,Tier 1
Madhya Pradesh,10.51,Bajaj,Avenger 220,150844.0,2023,277.0,Electric,76.67,Second,2023.0,Expired,Dealer,100826.7,Tier 1
Tamil Nadu,65.59,Tvs,Apache Rtr 160,258152.0,2023,973.0,Hybrid,62.61,Second,2023.0,Expired,Individual,182265.18,Tier 2
Maharashtra,59.41,Yamaha,Ray Zr,137593.0,2024,196.0,Hybrid,68.96,Second,2024.0,Active,Dealer,64717.0,Tier 2
Karnataka,31.6,Honda,Shine,270700.0,2024,653.0,Electric,85.54,Second,2024.0,Not Available,Dealer,216438.31,Metro
Uttar Pradesh,21.34,Royal Enfield,Hunter 350,278020.0,2023,786.0,Hybrid,67.92,Third,2024.0,Active,Dealer,207463.27,Tier 1
Maharashtra,11.77,Hero,Splendor Plus,338540.0,2022,734.0,Electric,75.34,Second,2022.0,Expired,Individual,162441.51,Tier 3
Delhi,57.44,Kawasaki,Ninja 300,167783.0,2024,224.0,Electric,95.43,Second,2024.0,Active,Dealer,97869.43,Tier 3
Punjab,47.34,Hero,Hf Deluxe,391809.0,2022,178.0,Hybrid,99.26,First,2022.0,Active,Dealer,213356.32,Tier 2
Punjab,57.97,Bajaj,Avenger 220,122556.0,2022,486.0,Electric,79.57,First,2022.0,Expired,Individual,65906.85,Tier 1
Tamil Nadu,37.62,Ktm,390 Adventure,225284.0,2021,628.0,Hybrid,61.61,Second,2022.0,Active,Dealer,143546.33,Tier 3
Tamil Nadu,75.2,Yamaha,Fascino 125,92597.0,2020,775.0,Hybrid,74.33,Second,2022.0,Active,Dealer,133472.89,Tier 1
Delhi,57.79,Royal Enfield,Hunter 350,133542.0,2024,965.0,Hybrid,60.26,Second,2024.0,Expired,Dealer,74939.98,Tier 2
Tamil Nadu,7.62,Yamaha,Ray Zr,332245.0,2024,348.0,Petrol,30.23,Second,2024.0,Expired,Individual,203998.43,Metro
Maharashtra,71.07,Ktm,390 Adventure,220972.0,2021,191.0,Electric,67.16,Second,2024.0,Expired,Dealer,134036.71,Metro
Punjab,25.48,Royal Enfield,Himalayan,298362.0,2017,139.0,Hybrid,90.78,Second,2022.0,Expired,Individual,199869.85,Metro
Madhya Pradesh,12.21,Royal Enfield,Meteor 350,198753.0,2022,616.0,Electric,70.2,Second,2022.0,Expired,Individual,83923.92,Metro
Uttar Pradesh,29.2,Royal Enfield,Interceptor 650,369689.0,2022,800.0,Hybrid,97.46,Second,2023.0,Active,Individual,207338.93,Metro
Rajasthan,13.83,Tvs,Sport,105989.0,2024,397.0,Electric,69.45,Third,2024.0,Expired,Individual,74519.44013424247,Tier 1
Maharashtra,63.5,Yamaha,Ray Zr,216634.0,2024,980.0,Hybrid,85.16,Second,2024.0,Expired,Individual,166486.97,Tier 1
Tamil Nadu,30.52,Honda,Unicorn,391184.0,2021,438.0,Hybrid,72.5,First,2021.0,Active,Dealer,239917.49,Metro
Punjab,62.85,Hero,Xtreme 160R,335052.0,2020,805.0,Petrol,57.52,Second,2022.0,Expired,Dealer,202144.34,Tier 3
Uttar Pradesh,47.63,Yamaha,Ray Zr,356884.0,2021,528.0,Petrol,56.99,Second,2023.0,Active,Individual,270695.03,Metro
Uttar Pradesh,37.2,Yamaha,Fascino 125,356895.0,2023,569.0,Petrol,47.95,Second,2023.0,Not Available,Individual,248952.88,Metro
Karnataka,59.83,Royal Enfield,Classic 350,297748.0,2023,975.0,Petrol,29.51,Second,2024.0,Not Available,Individual,227782.26,Tier 1
Rajasthan,67.27,Bajaj,Ct 100,120436.0,2023,772.0,Electric,78.12,Second,2023.0,Active,Individual,93693.59,Metro
Gujarat,45.4,Royal Enfield,Himalayan,187383.0,2019,620.0,Petrol,26.9,Second,2023.0,Not Available,Dealer,146291.97,Tier 3
Karnataka,52.66,Hero,Splendor Plus,269237.0,2021,855.0,Hybrid,79.22,Second,2022.0,Not Available,Individual,198645.22,Tier 1
Rajasthan,23.73,Hero,Hf Deluxe,156299.0,2023,743.0,Hybrid,86.52,First,2023.0,Expired,Individual,76825.47,Tier 2
Delhi,7.29,Kawasaki,Ninja 300,387742.0,2024,992.0,Hybrid,70.2,Second,2024.0,Not Available,Dealer,223368.1,Metro
Gujarat,69.75,Ktm,250 Duke,122375.0,2024,558.0,Petrol,55.13,Third,2024.0,Active,Individual,59128.88,Tier 2
Tamil Nadu,41.48,Tvs,Jupiter,253566.0,2018,748.0,Petrol,48.78,Second,2022.0,Expired,Individual,198082.31,Metro
Karnataka,14.09,Yamaha,Fz V3,283897.0,2024,171.0,Hybrid,70.2,First,2024.0,Active,Dealer,168113.87,Tier 3
Uttar Pradesh,56.33,Yamaha,Mt-15,285014.0,2022,459.0,Petrol,42.17,Second,2022.0,Active,Dealer,139969.8,Tier 2
Maharashtra,9.4,Tvs,Sport,232581.0,2016,793.0,Electric,70.94,Second,2023.0,Expired,Dealer,100298.09,Metro
Rajasthan,28.96,Tvs,Ntorq 125,252003.0,2021,567.0,Electric,61.3,Second,2021.0,Active,Individual,196764.19,Tier 3
West Bengal,25.41,Honda,Dio,92620.0,2023,587.0,Electric,95.6,Third,2024.0,Not Available,Individual,47775.09,Metro
West Bengal,16.15,Bajaj,Pulsar 150,366058.0,2021,960.0,Petrol,44.27,Second,2024.0,Expired,Dealer,244179.32,Tier 1
Delhi,35.58,Tvs,Ronin,349841.0,2024,834.0,Electric,62.22,First,2024.0,Expired,Individual,133472.89,Tier 2
Madhya Pradesh,5.96,Ktm,390 Adventure,240737.0,2019,662.0,Petrol,70.2,Second,2024.0,Active,Dealer,174264.6,Tier 1
Rajasthan,34.17,Ktm,125 Duke,58115.0,2017,718.0,Electric,83.19,Second,2022.0,Not Available,Dealer,35095.69,Tier 1
Uttar Pradesh,16.84,Royal Enfield,Hunter 350,316877.0,2016,650.0,Electric,62.91,Second,2021.0,Expired,Individual,171273.23,Tier 2
Gujarat,18.48,Royal Enfield,Interceptor 650,54449.0,2021,203.0,Hybrid,80.63,Second,2021.0,Active,Individual,23782.7,Metro
Uttar Pradesh,7.53,Honda,Shine,95453.0,2016,294.0,Hybrid,82.74,Third,2024.0,Expired,Individual,68691.42,Tier 1
Delhi,60.0,Ktm,Rc 390,283279.0,2015,959.0,Hybrid,85.87,Second,2022.0,Expired,Individual,162317.53,Tier 3
Punjab,9.0,Tvs,Ntorq 125,286467.0,2018,243.0,Petrol,39.9,Second,2023.0,Expired,Individual,123350.38,Metro
Madhya Pradesh,40.84,Kawasaki,Versys 650,267969.0,2024,144.0,Hybrid,61.89,Second,2024.0,Expired,Individual,208154.62,Tier 2
Punjab,57.02,Hero,Xtreme 160R,173214.0,2015,751.0,Hybrid,92.14,Second,2022.0,Not Available,Dealer,98212.45,Tier 1
Madhya Pradesh,61.66,Hero,Xtreme 160R,164670.0,2019,473.0,Electric,70.2,Second,2022.0,Expired,Individual,88835.78,Metro
Karnataka,38.46,Royal Enfield,Classic 350,158988.0,2016,324.0,Petrol,35.3,Second,2024.0,Expired,Individual,111755.8,Tier 3
West Bengal,47.15,Yamaha,R15 V4,387104.0,2023,226.0,Hybrid,70.2,First,2023.0,Active,Individual,264508.33,Tier 3
Karnataka,35.78,Honda,Cbr 650R,141601.0,2017,621.0,Petrol,51.82,Third,2022.0,Expired,Individual,105354.57,Tier 1
Uttar Pradesh,33.0,Kawasaki,Z650,353994.0,2021,103.0,Petrol,38.96,Second,2021.0,Not Available,Individual,258732.06,Tier 2
Delhi,12.04,Ktm,390 Adventure,164732.0,2017,658.0,Electric,62.29,Second,2022.0,Not Available,Individual,85752.01,Tier 3
Karnataka,42.36,Ktm,390 Adventure,288204.0,2016,641.0,Electric,66.27,Second,2022.0,Not Available,Dealer,197776.78,Tier 1
Uttar Pradesh,13.27,Kawasaki,Versys 650,102711.0,2016,217.0,Hybrid,91.76,Third,2022.0,Expired,Individual,66647.71,Tier 3
Madhya Pradesh,40.83,Royal Enfield,Interceptor 650,189089.0,2018,354.0,Petrol,54.92,Second,2021.0,Expired,Individual,95754.72,Tier 1
Gujarat,8.38,Royal Enfield,Meteor 350,138444.0,2022,790.0,Hybrid,67.21,Second,2024.0,Expired,Individual,56987.36,Tier 3
Madhya Pradesh,61.19,Tvs,Ronin,265036.0,2022,593.0,Hybrid,84.42,First,2022.0,Active,Individual,202596.16,Tier 3
West Bengal,27.02,Tvs,Sport,200584.0,2023,918.0,Electric,61.09,Second,2023.0,Active,Individual,95444.44,Tier 2
Madhya Pradesh,13.96,Ktm,390 Adventure,95844.0,2022,707.0,Hybrid,68.21,First,2022.0,Expired,Dealer,67532.39,Tier 2
Tamil Nadu,31.94,Yamaha,Mt-15,169546.0,2017,373.0,Electric,95.04,Third,2021.0,Not Available,Dealer,132075.24,Tier 3
Madhya Pradesh,11.2,Bajaj,Platina 110,321541.0,2015,683.0,Hybrid,96.74,Second,2023.0,Not Available,Dealer,207379.4,Tier 2
Delhi,35.37,Royal Enfield,Interceptor 650,156461.0,2023,347.0,Hybrid,82.15,Second,2024.0,Expired,Dealer,89515.85,Metro
Madhya Pradesh,24.69,Royal Enfield,Hunter 350,124902.0,2021,102.0,Hybrid,95.25,First,2021.0,Active,Dealer,88131.92,Tier 3
Punjab,51.6,Honda,Cbr 650R,116551.0,2020,361.0,Electric,82.43,Third,2023.0,Active,Individual,78203.1,Tier 3
Maharashtra,31.17,Bajaj,Ct 100,107556.0,2024,824.0,Petrol,49.9,First,2024.0,Not Available,Dealer,133472.89,Tier 3
Uttar Pradesh,18.78,Honda,Activa,311035.0,2015,849.0,Petrol,30.9,Third,2021.0,Active,Individual,144895.6,Tier 3
Rajasthan,57.46,Tvs,Sport,392885.0,2016,419.0,Electric,99.36,Second,2022.0,Active,Individual,199451.37,Tier 3
Gujarat,5.64,Kawasaki,Z650,91034.0,2019,550.0,Petrol,36.02,Second,2021.0,Not Available,Individual,36463.79,Tier 1
Rajasthan,12.62,Yamaha,R15 V4,268680.0,2020,217.0,Hybrid,81.77,Second,2022.0,Expired,Dealer,197363.88,Tier 1
Karnataka,57.68,Yamaha,R15 V4,62764.0,2022,808.0,Petrol,35.46,Second,2022.0,Expired,Dealer,46358.03,Tier 1
Tamil Nadu,19.31,Ktm,Duke 200,277203.0,2016,463.0,Electric,72.74,Second,2024.0,Not Available,Dealer,172038.54,Tier 3
Tamil Nadu,54.42,Tvs,Ntorq 125,336275.0,2023,162.0,Electric,85.64,First,2023.0,Expired,Dealer,159244.23,Tier 2
Punjab,47.58,Kawasaki,Z650,350436.0,2016,783.0,Hybrid,80.04,Second,2022.0,Active,Individual,209018.31,Metro
Rajasthan,35.84,Tvs,Ntorq 125,329447.0,2022,493.0,Hybrid,70.2,Third,2023.0,Active,Dealer,187838.37,Tier 2
Madhya Pradesh,51.07,Honda,Dio,293245.0,2019,304.0,Electric,92.66,Second,2024.0,Expired,Dealer,133472.89,Tier 2
Gujarat,45.27,Honda,Unicorn,380396.0,2023,330.0,Hybrid,83.73,Second,2023.0,Active,Dealer,255245.82,Metro
West Bengal,64.46,Bajaj,Avenger 220,244335.0,2021,397.0,Petrol,41.64,First,2021.0,Expired,Dealer,136775.45,Tier 1
Uttar Pradesh,5.87,Kawasaki,Ninja 300,166712.0,2024,233.0,Hybrid,93.16,First,2024.0,Not Available,Individual,101424.0,Tier 3
West Bengal,63.04,Kawasaki,Ninja 300,350461.0,2021,441.0,Petrol,57.71,Second,2021.0,Expired,Dealer,247010.68,Metro
Karnataka,65.0,Royal Enfield,Meteor 350,321582.0,2024,585.0,Hybrid,67.08,First,2024.0,Expired,Individual,133472.89,Tier 1
West Bengal,38.59,Hero,Splendor Plus,62084.0,2023,274.0,Petrol,36.9,Second,2024.0,Not Available,Individual,133472.89,Tier 3
Madhya Pradesh,31.95,Hero,Glamour,76270.0,2022,991.0,Electric,95.3,Third,2023.0,Not Available,Dealer,35973.48,Metro
Tamil Nadu,53.38,Ktm,Duke 200,341728.0,2021,516.0,Hybrid,99.2,First,2021.0,Expired,Dealer,143867.63,Tier 3
West Bengal,43.65,Tvs,Ronin,256609.0,2024,733.0,Electric,60.4,First,2024.0,Not Available,Dealer,120648.01,Metro
Maharashtra,71.97,Hero,Splendor Plus,158967.0,2020,603.0,Hybrid,70.44,Second,2022.0,Not Available,Dealer,90500.86,Tier 3
Maharashtra,10.3,Bajaj,Pulsar 150,192520.0,2019,801.0,Electric,70.24,Third,2023.0,Active,Individual,107734.93,Metro
Rajasthan,73.79,Kawasaki,Z650,134900.0,2023,209.0,Hybrid,69.89,Second,2024.0,Not Available,Individual,133472.89,Tier 1
Karnataka,12.84,Hero,Hf Deluxe,243257.0,2017,841.0,Petrol,30.99,Third,2023.0,Not Available,Dealer,106630.2526716028,Tier 2
Maharashtra,38.16,Tvs,Ntorq 125,219182.0,2024,731.0,Hybrid,72.47,Second,2024.0,Not Available,Dealer,167321.74210148002,Tier 3
Karnataka,15.47,Bajaj,Avenger 220,233236.0,2022,415.0,Hybrid,98.71,Second,2023.0,Not Available,Individual,95536.19,Tier 2
Delhi,72.86,Ktm,390 Adventure,310977.0,2021,459.0,Petrol,49.44,Third,2022.0,Expired,Dealer,131971.47,Tier 2
Karnataka,29.51,Hero,Glamour,120025.0,2023,658.0,Electric,69.31,Second,2023.0,Active,Individual,86848.85,Tier 1
Karnataka,10.35,Kawasaki,Z650,347711.0,2023,639.0,Hybrid,62.49,First,2023.0,Not Available,Dealer,201541.22,Tier 1
Tamil Nadu,43.05,Ktm,Duke 200,282125.0,2020,444.0,Electric,88.97,Second,2022.0,Active,Individual,176808.61,Tier 2
Maharashtra,59.35,Bajaj,Pulsar 150,310133.0,2021,820.0,Hybrid,69.06,First,2021.0,Not Available,Dealer,162247.46,Metro
Delhi,7.08,Ktm,Rc 390,96695.0,2021,727.0,Electric,74.5,Second,2021.0,Active,Dealer,55947.52,Tier 2
Maharashtra,6.42,Tvs,Apache Rtr 160,137398.0,2024,756.0,Petrol,50.24,Second,2024.0,Active,Individual,108161.47,Metro
Punjab,69.84,Bajaj,Dominar 400,185157.0,2016,791.0,Hybrid,68.49,Second,2022.0,Expired,Individual,99332.34,Tier 3
Delhi,38.63,Royal Enfield,Hunter 350,381241.0,2023,985.0,Petrol,29.01,First,2023.0,Active,Individual,190216.27,Metro
Punjab,57.5,Royal Enfield,Classic 350,50074.0,2022,378.0,Electric,69.7,Second,2023.0,Not Available,Dealer,133472.89,Tier 3
Delhi,76.02,Yamaha,Fascino 125,136327.0,2024,374.0,Electric,73.97,Second,2024.0,Expired,Dealer,63299.65,Tier 3
Punjab,8.37,Yamaha,Ray Zr,312575.0,2022,843.0,Petrol,39.29,Second,2022.0,Expired,Dealer,170844.69,Metro
West Bengal,51.91,Hero,Hf Deluxe,151719.0,2024,885.0,Hybrid,65.48,Second,2024.0,Expired,Individual,109110.57,Metro
Uttar Pradesh,65.21,Honda,Shine,376541.0,2023,998.0,Petrol,27.96,Second,2023.0,Expired,Dealer,210406.3616198621,Metro
Karnataka,22.9,Yamaha,Fascino 125,333768.0,2021,494.0,Petrol,34.45,First,2021.0,Active,Dealer,149788.37,Tier 1
Madhya Pradesh,19.36,Royal Enfield,Meteor 350,83154.0,2021,373.0,Electric,65.46,Third,2024.0,Expired,Individual,49974.24,Tier 3
Rajasthan,36.17,Royal Enfield,Interceptor 650,82960.0,2019,433.0,Petrol,47.21,Second,2023.0,Active,Dealer,46476.38,Tier 3
Maharashtra,14.61,Honda,Cbr 650R,165848.0,2021,349.0,Hybrid,77.46,Second,2023.0,Expired,Dealer,133472.89,Tier 3
Delhi,58.79,Bajaj,Dominar 400,71762.0,2019,662.0,Petrol,33.99,Second,2022.0,Active,Individual,37093.45,Metro
Madhya Pradesh,59.81,Kawasaki,Vulcan S,149904.0,2023,230.0,Hybrid,99.22,Second,2023.0,Expired,Dealer,96461.1,Metro
Punjab,27.25,Hero,Xtreme 160R,242062.0,2019,524.0,Electric,99.66,Second,2021.0,Not Available,Individual,114986.54,Metro
Tamil Nadu,74.97,Royal Enfield,Himalayan,346806.0,2021,829.0,Electric,83.27,Second,2021.0,Active,Individual,196124.43,Tier 1
Rajasthan,25.05,Royal Enfield,Himalayan,382108.0,2022,530.0,Electric,91.06,Second,2024.0,Expired,Individual,269654.72,Tier 2
Delhi,74.06,Ktm,Rc 390,265355.0,2023,553.0,Petrol,36.87,Third,2024.0,Expired,Individual,118151.61,Tier 1
Gujarat,13.62,Hero,Xtreme 160R,137787.0,2022,731.0,Petrol,44.1,Third,2023.0,Expired,Individual,109513.6,Tier 3
Rajasthan,51.97,Honda,Unicorn,382975.0,2024,560.0,Electric,94.28,Second,2024.0,Not Available,Dealer,219774.67,Tier 3
Maharashtra,13.03,Tvs,Ronin,358579.0,2023,492.0,Hybrid,60.5,Second,2024.0,Active,Dealer,133472.89,Tier 2
Madhya Pradesh,56.83,Honda,Dio,120481.0,2017,289.0,Hybrid,99.3,Second,2022.0,Active,Individual,56352.87,Tier 3
Delhi,52.56,Hero,Passion Pro,261854.0,2019,158.0,Petrol,57.88,Second,2024.0,Active,Individual,201549.33,Tier 2
Madhya Pradesh,75.82,Bajaj,Avenger 220,374559.0,2022,277.0,Electric,80.16,Second,2024.0,Expired,Dealer,133472.89,Tier 1
Karnataka,56.07,Royal Enfield,Hunter 350,165867.0,2024,802.0,Electric,65.24,Second,2024.0,Not Available,Dealer,88111.94,Tier 1
Gujarat,19.82,Kawasaki,Z650,377738.0,2022,198.0,Electric,86.2,Second,2022.0,Not Available,Dealer,133472.89,Metro
Punjab,23.39,Bajaj,Dominar 400,394978.0,2022,212.0,Hybrid,91.84,Second,2023.0,Expired,Individual,229811.21,Tier 3
Uttar Pradesh,6.09,Yamaha,Mt-15,168121.0,2022,796.0,Hybrid,62.47,Second,2022.0,Active,Dealer,77879.89,Tier 3
Punjab,13.32,Ktm,250 Duke,259175.0,2023,801.0,Electric,85.77,Second,2024.0,Expired,Individual,103944.11,Tier 3
Gujarat,12.2,Royal Enfield,Himalayan,278934.0,2020,757.0,Petrol,59.14,Third,2023.0,Active,Dealer,210935.95,Tier 2
Karnataka,64.58,Hero,Glamour,284146.0,2023,988.0,Hybrid,82.21,Second,2023.0,Not Available,Individual,160252.78,Tier 3
Maharashtra,49.47,Kawasaki,Versys 650,189778.0,2022,954.0,Electric,83.85,Second,2022.0,Not Available,Dealer,92441.27,Tier 3
Gujarat,63.73,Bajaj,Dominar 400,183830.0,2018,412.0,Electric,95.27,Second,2021.0,Active,Dealer,112050.37,Tier 1
Rajasthan,68.34,Tvs,Ronin,136951.0,2015,395.0,Petrol,51.93,Second,2021.0,Not Available,Individual,63880.42,Tier 2
West Bengal,20.0,Ktm,Rc 390,359578.0,2022,720.0,Electric,70.08,Second,2022.0,Expired,Individual,246538.17,Metro
Tamil Nadu,73.06,Yamaha,Ray Zr,323118.0,2023,961.0,Petrol,53.06,Second,2024.0,Not Available,Individual,165125.77,Metro
Karnataka,13.45,Royal Enfield,Himalayan,220868.0,2024,141.0,Electric,80.63,Second,2024.0,Not Available,Individual,97213.57,Tier 3
Maharashtra,30.01,Honda,Activa,88210.0,2021,425.0,Hybrid,83.12,Second,2023.0,Not Available,Dealer,59273.31,Tier 1
Uttar Pradesh,37.91,Hero,Hf Deluxe,238510.0,2022,421.0,Hybrid,80.16,Second,2022.0,Expired,Individual,138256.24,Tier 1
Gujarat,48.04,Royal Enfield,Interceptor 650,222350.0,2020,268.0,Electric,84.72,Second,2021.0,Active,Dealer,157645.27,Tier 2
Tamil Nadu,23.59,Hero,Glamour,392015.0,2017,590.0,Electric,81.3,Second,2021.0,Not Available,Individual,303709.03,Metro
Punjab,57.07,Hero,Passion Pro,248656.0,2023,394.0,Electric,94.86,Second,2023.0,Expired,Dealer,102385.7,Metro
West Bengal,42.91,Bajaj,Pulsar 150,86056.0,2022,326.0,Electric,84.11,Second,2022.0,Expired,Dealer,38071.7,Tier 1
Rajasthan,37.91,Ktm,250 Duke,192603.0,2015,494.0,Hybrid,70.2,Second,2024.0,Active,Individual,133472.89,Tier 2
Karnataka,7.2,Ktm,390 Adventure,239707.0,2022,725.0,Hybrid,82.69,Second,2024.0,Not Available,Individual,125815.9,Tier 2
Delhi,29.41,Honda,Activa,274468.0,2024,969.0,Hybrid,77.86,Second,2024.0,Not Available,Dealer,203024.94,Tier 2
Rajasthan,76.24,Bajaj,Avenger 220,217964.0,2023,599.0,Electric,73.32,Third,2023.0,Expired,Dealer,174078.64,Metro
Madhya Pradesh,7.21,Bajaj,Ct 100,390032.0,2015,521.0,Electric,70.91,Second,2022.0,Not Available,Dealer,156689.11,Tier 2
Madhya Pradesh,45.41,Honda,Cbr 650R,138648.0,2022,418.0,Petrol,44.18,First,2022.0,Active,Individual,91335.15,Metro
Karnataka,74.87,Royal Enfield,Hunter 350,177812.0,2024,749.0,Petrol,55.63,Second,2024.0,Active,Individual,109672.81,Tier 3
Tamil Nadu,49.16,Yamaha,Ray Zr,329956.0,2019,695.0,Hybrid,96.05,Second,2021.0,Not Available,Individual,234201.21,Metro
Uttar Pradesh,76.91,Yamaha,Ray Zr,157823.0,2021,650.0,Petrol,30.76,Second,2021.0,Active,Dealer,80807.15,Tier 1
Gujarat,68.86,Royal Enfield,Interceptor 650,328158.0,2022,650.0,Hybrid,91.58,First,2022.0,Expired,Dealer,137703.68,Tier 1
Tamil Nadu,71.08,Honda,Dio,109881.0,2015,869.0,Electric,96.16,Second,2024.0,Expired,Individual,73987.57,Tier 2
Gujarat,43.27,Hero,Passion Pro,60749.0,2022,123.0,Electric,80.3,Second,2022.0,Not Available,Dealer,44802.74,Tier 2
Rajasthan,45.02,Hero,Passion Pro,371654.0,2024,468.0,Electric,84.86,Third,2024.0,Not Available,Individual,189388.87,Tier 2
Madhya Pradesh,9.08,Ktm,250 Duke,199360.0,2022,919.0,Petrol,37.97,First,2022.0,Not Available,Dealer,108091.11,Tier 2
Karnataka,58.14,Tvs,Sport,215058.0,2019,367.0,Hybrid,71.17,Second,2024.0,Active,Dealer,133472.89,Tier 3
Karnataka,33.04,Honda,Dio,393834.0,2018,303.0,Hybrid,87.53,Second,2024.0,Expired,Individual,223534.31,Tier 3
Gujarat,33.86,Tvs,Sport,115462.0,2015,575.0,Petrol,58.02,Second,2021.0,Not Available,Individual,48087.41,Tier 1
Rajasthan,35.34,Ktm,250 Duke,151923.0,2022,365.0,Petrol,59.54,Second,2024.0,Active,Dealer,86086.79,Tier 3
Tamil Nadu,43.03,Honda,Cbr 650R,237672.0,2023,347.0,Electric,90.75,First,2023.0,Expired,Individual,103694.5,Metro
Karnataka,56.05,Ktm,390 Adventure,148715.0,2020,432.0,Hybrid,74.58,Third,2021.0,Not Available,Dealer,77760.88,Tier 3
West Bengal,63.87,Kawasaki,Z650,195824.0,2016,490.0,Electric,83.43,Third,2021.0,Expired,Dealer,140257.89,Tier 3
West Bengal,79.12,Tvs,Ronin,159331.0,2024,758.0,Electric,94.0,Second,2024.0,Not Available,Dealer,99352.77,Tier 2
Punjab,22.96,Ktm,Rc 390,178356.0,2022,523.0,Hybrid,79.53,Second,2022.0,Active,Individual,83589.17,Metro
West Bengal,77.63,Hero,Glamour,328376.0,2021,880.0,Electric,71.64,Second,2022.0,Not Available,Dealer,138617.05,Metro
Maharashtra,77.57,Honda,Cbr 650R,333414.0,2019,262.0,Petrol,28.53,Second,2021.0,Active,Dealer,229673.76,Tier 1
West Bengal,5.02,Yamaha,Mt-15,206069.0,2020,828.0,Electric,83.26,Third,2024.0,Expired,Individual,157366.63,Metro
Tamil Nadu,8.92,Kawasaki,Ninja 300,184955.0,2021,532.0,Hybrid,65.75,Second,2024.0,Not Available,Individual,144181.74,Tier 2
Madhya Pradesh,67.56,Royal Enfield,Meteor 350,90917.0,2024,770.0,Petrol,44.29,Third,2024.0,Expired,Dealer,50424.46,Metro
Punjab,45.75,Hero,Passion Pro,357488.0,2021,901.0,Petrol,38.97,Second,2021.0,Not Available,Individual,264165.37,Tier 1
Madhya Pradesh,72.33,Honda,Activa,169289.0,2023,597.0,Electric,70.2,Second,2023.0,Expired,Dealer,68410.47,Tier 1
Madhya Pradesh,77.45,Tvs,Sport,329259.0,2021,139.0,Hybrid,64.46,First,2021.0,Expired,Individual,182321.31,Tier 2
West Bengal,79.57,Tvs,Apache Rtr 160,172421.0,2022,268.0,Petrol,27.31,Second,2024.0,Active,Dealer,107347.08,Tier 1
Gujarat,30.12,Honda,Dio,224643.0,2023,582.0,Electric,65.33,First,2023.0,Expired,Dealer,117908.98,Tier 2
Uttar Pradesh,35.69,Tvs,Apache Rtr 160,218011.0,2015,402.0,Electric,85.82,Second,2021.0,Expired,Individual,90949.54,Metro
Punjab,73.67,Yamaha,Fascino 125,322601.0,2024,876.0,Petrol,55.27,Second,2024.0,Expired,Individual,179820.22,Tier 3
Maharashtra,78.71,Royal Enfield,Himalayan,77184.0,2023,673.0,Hybrid,82.25,Second,2023.0,Expired,Dealer,33532.42,Tier 3
West Bengal,28.89,Hero,Hf Deluxe,169645.0,2022,338.0,Electric,71.74,Second,2024.0,Not Available,Dealer,90992.18,Metro
Delhi,64.43,Honda,Dio,171834.0,2022,489.0,Electric,82.67,Third,2024.0,Not Available,Individual,94573.48,Metro
Uttar Pradesh,56.06,Kawasaki,Versys 650,123347.0,2020,214.0,Petrol,27.93,Second,2023.0,Expired,Dealer,65008.12,Metro
Karnataka,9.26,Kawasaki,Vulcan S,91580.0,2017,767.0,Hybrid,86.95,Second,2024.0,Active,Individual,65667.94,Tier 3
Rajasthan,52.54,Honda,Activa,210669.0,2024,552.0,Hybrid,60.04,Third,2024.0,Active,Individual,143302.45,Metro
Karnataka,25.28,Hero,Passion Pro,126484.0,2016,433.0,Petrol,39.99,Second,2021.0,Not Available,Dealer,62713.79,Tier 1
Tamil Nadu,56.95,Bajaj,Ct 100,387221.0,2020,636.0,Petrol,33.88,Second,2023.0,Expired,Dealer,179850.48,Metro
Punjab,36.13,Tvs,Ntorq 125,116059.0,2020,690.0,Electric,77.85,Second,2022.0,Active,Individual,82992.13,Metro
Gujarat,13.6,Hero,Xtreme 160R,144072.0,2022,568.0,Hybrid,80.76,Second,2022.0,Expired,Individual,77777.88,Metro
Delhi,60.47,Kawasaki,Z650,130229.0,2015,717.0,Hybrid,67.82,Second,2023.0,Active,Individual,60188.81,Tier 1
Madhya Pradesh,53.19,Ktm,Rc 390,159755.0,2021,554.0,Hybrid,86.64,Second,2021.0,Active,Dealer,116565.58,Tier 3
Gujarat,74.24,Hero,Glamour,212483.0,2021,665.0,Hybrid,70.63,Second,2023.0,Active,Individual,105147.43,Tier 3
Rajasthan,39.93,Kawasaki,Versys 650,294247.0,2018,609.0,Electric,86.02,Second,2021.0,Expired,Dealer,209850.55,Tier 1
Punjab,40.2,Bajaj,Platina 110,322058.0,2024,380.0,Electric,88.15,First,2024.0,Expired,Dealer,176084.01,Tier 2
Punjab,20.29,Kawasaki,Ninja 300,123498.0,2023,317.0,Hybrid,60.74,Third,2024.0,Expired,Dealer,66265.96,Tier 3
West Bengal,77.27,Tvs,Jupiter,194218.0,2024,778.0,Hybrid,62.12,Second,2024.0,Active,Individual,96194.5,Tier 2
Uttar Pradesh,47.26,Tvs,Ronin,82438.0,2017,687.0,Hybrid,98.7,Second,2024.0,Not Available,Dealer,41034.73,Tier 2
Tamil Nadu,39.42,Bajaj,Avenger 220,196286.0,2022,197.0,Petrol,39.03,Second,2024.0,Expired,Individual,81857.85,Metro
Maharashtra,34.61,Royal Enfield,Meteor 350,293887.0,2024,736.0,Electric,87.54,Second,2024.0,Active,Individual,158620.43,Tier 2
West Bengal,9.52,Yamaha,R15 V4,208784.0,2019,881.0,Petrol,70.2,Second,2022.0,Not Available,Individual,132004.2,Tier 2
Madhya Pradesh,67.67,Kawasaki,Z650,199188.0,2021,999.0,Hybrid,89.91,Third,2021.0,Active,Dealer,137927.73,Metro
Madhya Pradesh,53.55,Ktm,Rc 390,297216.0,2016,883.0,Hybrid,93.51,Second,2023.0,Active,Individual,174646.02,Tier 3
Madhya Pradesh,75.72,Tvs,Ntorq 125,208277.0,2024,431.0,Hybrid,67.33,Third,2024.0,Not Available,Individual,93682.76,Metro
Punjab,21.19,Ktm,250 Duke,250135.0,2022,726.0,Electric,75.92,Third,2022.0,Active,Individual,107407.33,Tier 1
Rajasthan,71.0,Honda,Cbr 650R,359141.0,2016,537.0,Petrol,37.31,Second,2021.0,Expired,Individual,227185.61,Tier 3
Uttar Pradesh,37.74,Kawasaki,Versys 650,228948.0,2023,165.0,Hybrid,93.2,Third,2023.0,Not Available,Dealer,155107.99,Metro
Delhi,60.36,Hero,Splendor Plus,383950.0,2024,964.0,Petrol,39.22,First,2024.0,Not Available,Individual,227872.17,Tier 3
Karnataka,26.51,Kawasaki,Vulcan S,151692.0,2022,975.0,Hybrid,85.89,Second,2022.0,Active,Individual,95425.93,Metro
Karnataka,79.12,Honda,Activa,123749.0,2022,586.0,Electric,94.76,Second,2022.0,Expired,Dealer,50327.81,Metro
Gujarat,24.81,Hero,Hf Deluxe,161105.0,2023,105.0,Hybrid,86.61,First,2023.0,Expired,Individual,91744.22,Tier 1
Rajasthan,29.51,Bajaj,Dominar 400,52516.0,2024,241.0,Electric,88.71,Second,2024.0,Active,Dealer,23126.65,Tier 1
Delhi,6.41,Ktm,Rc 390,204854.0,2022,268.0,Electric,66.95,Second,2022.0,Active,Dealer,93300.33,Tier 3
Maharashtra,19.86,Tvs,Ntorq 125,58443.0,2023,276.0,Hybrid,71.3,Third,2024.0,Not Available,Individual,42647.19,Metro
Maharashtra,48.54,Bajaj,Dominar 400,126150.0,2023,333.0,Electric,82.03,Second,2023.0,Not Available,Dealer,133472.89,Tier 3
Madhya Pradesh,61.79,Ktm,Duke 200,284467.0,2020,613.0,Petrol,59.33,Second,2024.0,Not Available,Dealer,132011.33,Metro
Uttar Pradesh,8.34,Ktm,390 Adventure,87754.0,2024,519.0,Electric,70.2,First,2024.0,Active,Individual,61093.34,Tier 2
Tamil Nadu,43.03,Hero,Xtreme 160R,273961.0,2021,898.0,Electric,86.08,Second,2024.0,Expired,Individual,119914.87,Tier 3
Gujarat,61.03,Hero,Passion Pro,235959.0,2020,338.0,Electric,62.53,Second,2024.0,Not Available,Individual,127995.16,Tier 1
Gujarat,47.76,Hero,Splendor Plus,380088.0,2018,379.0,Hybrid,70.2,Second,2022.0,Active,Individual,291860.15,Metro
Gujarat,52.81,Ktm,Duke 200,177760.0,2024,935.0,Electric,66.61,Third,2024.0,Not Available,Dealer,90458.36,Metro
Maharashtra,52.64,Bajaj,Dominar 400,120795.0,2023,104.0,Petrol,58.81,Second,2023.0,Expired,Dealer,133472.89,Tier 3
Madhya Pradesh,23.49,Tvs,Ronin,50830.0,2021,663.0,Hybrid,75.78,Second,2023.0,Not Available,Individual,23126.61,Tier 2
Karnataka,13.78,Hero,Hf Deluxe,332984.0,2021,241.0,Petrol,39.18,Second,2023.0,Active,Dealer,199006.45,Metro
Maharashtra,60.01,Bajaj,Avenger 220,369707.0,2024,999.0,Petrol,50.34,First,2024.0,Expired,Individual,262812.55,Tier 1
Gujarat,37.6,Honda,Shine,72497.0,2018,753.0,Hybrid,62.37,Third,2024.0,Active,Individual,50825.95,Tier 2
Rajasthan,23.16,Royal Enfield,Meteor 350,381626.0,2024,323.0,Hybrid,83.45,First,2024.0,Expired,Dealer,201745.72,Metro
Maharashtra,12.86,Kawasaki,Vulcan S,316117.0,2024,613.0,Petrol,53.97,Second,2024.0,Not Available,Dealer,192098.16,Tier 2
Karnataka,69.08,Honda,Activa,116266.0,2024,634.0,Electric,63.57,Second,2024.0,Expired,Dealer,71810.88,Metro
Uttar Pradesh,47.83,Hero,Glamour,241617.0,2023,239.0,Hybrid,75.05,Third,2023.0,Not Available,Individual,153542.86,Tier 2
Madhya Pradesh,36.88,Bajaj,Ct 100,260956.0,2017,634.0,Electric,84.02,Second,2024.0,Active,Dealer,139007.38,Metro
Tamil Nadu,9.38,Tvs,Apache Rtr 160,142576.0,2016,705.0,Petrol,31.41,Second,2021.0,Not Available,Individual,77826.08,Metro
Gujarat,60.0,Ktm,250 Duke,384055.0,2024,106.0,Electric,72.15,Third,2024.0,Expired,Dealer,273880.31,Tier 1
Maharashtra,36.53,Yamaha,Ray Zr,157338.0,2023,207.0,Electric,90.89,Second,2023.0,Active,Individual,86969.11,Tier 2
Rajasthan,11.43,Honda,Dio,243089.0,2022,727.0,Petrol,70.2,Second,2022.0,Expired,Individual,178805.48,Metro
Gujarat,21.31,Hero,Splendor Plus,209668.0,2022,405.0,Electric,78.07,First,2022.0,Active,Dealer,147445.03,Tier 2
West Bengal,5.47,Hero,Splendor Plus,294205.0,2022,614.0,Petrol,56.27,Second,2024.0,Not Available,Dealer,146404.14,Tier 1
Madhya Pradesh,39.42,Tvs,Ronin,344479.0,2024,842.0,Electric,66.62,Second,2024.0,Active,Individual,207574.4,Tier 2
Tamil Nadu,27.46,Honda,Unicorn,97038.0,2021,960.0,Hybrid,76.12,Second,2021.0,Active,Individual,65394.71,Metro
Karnataka,77.09,Yamaha,Fz V3,56271.0,2021,858.0,Hybrid,71.56,First,2021.0,Not Available,Dealer,41104.74,Metro
Delhi,11.23,Tvs,Ntorq 125,262051.0,2019,412.0,Electric,95.82,Second,2022.0,Expired,Dealer,184509.52,Tier 3
Madhya Pradesh,17.59,Yamaha,R15 V4,200843.0,2020,275.0,Petrol,25.1,Second,2024.0,Expired,Individual,107563.21,Tier 3
Gujarat,74.7,Ktm,Rc 390,273710.0,2015,982.0,Hybrid,70.2,Second,2024.0,Expired,Individual,109971.0,Tier 2
Uttar Pradesh,7.81,Yamaha,Mt-15,244170.0,2021,322.0,Hybrid,86.45,First,2021.0,Active,Dealer,98751.39,Tier 2
Gujarat,36.72,Kawasaki,Versys 650,313045.0,2017,732.0,Hybrid,78.87,Second,2021.0,Active,Individual,171588.51,Tier 2
Karnataka,49.4,Hero,Hf Deluxe,328068.0,2024,414.0,Petrol,45.45,Third,2024.0,Expired,Dealer,141165.59,Metro
Uttar Pradesh,64.24,Honda,Shine,164909.0,2022,749.0,Petrol,47.63,Third,2024.0,Active,Dealer,88675.39,Tier 3
Uttar Pradesh,74.7,Tvs,Apache Rtr 160,360333.0,2024,476.0,Hybrid,86.88,Second,2024.0,Not Available,Dealer,259281.55495795904,Tier 3
Tamil Nadu,68.29,Kawasaki,Vulcan S,174369.0,2018,769.0,Petrol,70.2,Second,2024.0,Active,Dealer,122974.47,Tier 3
Gujarat,52.31,Bajaj,Pulsar 150,64874.0,2021,174.0,Hybrid,78.49,Second,2022.0,Expired,Dealer,45304.5529909125,Tier 3
Uttar Pradesh,48.01,Tvs,Jupiter,351117.0,2022,158.0,Hybrid,60.56,Second,2022.0,Not Available,Dealer,207255.15,Tier 2
Madhya Pradesh,21.28,Tvs,Sport,113718.0,2018,815.0,Petrol,70.2,Third,2021.0,Active,Individual,50060.84,Tier 1
Punjab,13.86,Bajaj,Pulsar 150,359560.0,2017,605.0,Hybrid,64.91,Second,2024.0,Expired,Dealer,254851.67,Tier 1
Delhi,53.41,Bajaj,Avenger 220,361523.0,2021,680.0,Petrol,29.47,First,2021.0,Not Available,Individual,244473.6,Tier 2
Maharashtra,42.05,Kawasaki,Ninja 400,154598.0,2018,963.0,Hybrid,81.44,Second,2024.0,Expired,Individual,73708.23,Tier 2
Rajasthan,42.68,Bajaj,Pulsar 150,243240.0,2021,616.0,Hybrid,66.59,Second,2022.0,Expired,Individual,127874.75,Tier 1
Punjab,53.7,Hero,Passion Pro,156401.0,2021,808.0,Petrol,49.84,Second,2023.0,Expired,Individual,78201.61,Metro
Punjab,36.92,Tvs,Ntorq 125,90788.0,2021,195.0,Petrol,34.3,Second,2021.0,Expired,Individual,45510.15,Metro
Karnataka,6.68,Tvs,Apache Rtr 160,189730.0,2018,550.0,Hybrid,91.67,Second,2023.0,Not Available,Dealer,144867.38,Tier 3
West Bengal,77.51,Bajaj,Ct 100,142975.0,2022,467.0,Electric,74.99,Third,2022.0,Not Available,Individual,61329.89,Tier 2
Delhi,17.86,Tvs,Ronin,256058.0,2018,879.0,Electric,71.76,Third,2022.0,Not Available,Individual,168827.54,Tier 2
Madhya Pradesh,75.43,Ktm,Duke 200,380489.0,2023,304.0,Petrol,40.24,First,2023.0,Expired,Dealer,225095.67,Tier 2
Delhi,21.2,Bajaj,Avenger 220,183974.0,2024,625.0,Petrol,45.19,Second,2024.0,Active,Dealer,93869.16,Tier 1
Tamil Nadu,32.78,Hero,Passion Pro,246506.0,2016,963.0,Hybrid,69.98,Second,2023.0,Expired,Individual,191785.48,Tier 3
Delhi,65.71,Ktm,250 Duke,176671.0,2021,955.0,Hybrid,77.29,Second,2024.0,Active,Individual,131273.94894711298,Tier 3
Rajasthan,29.25,Kawasaki,Vulcan S,199403.0,2017,789.0,Petrol,70.2,Second,2024.0,Expired,Individual,101628.55,Metro
Rajasthan,33.37,Hero,Xtreme 160R,263758.0,2019,475.0,Hybrid,73.14,Third,2023.0,Not Available,Individual,196514.41,Metro
Uttar Pradesh,26.36,Bajaj,Avenger 220,196014.0,2023,808.0,Hybrid,75.43,Second,2023.0,Expired,Dealer,89659.12,Tier 1
West Bengal,72.24,Honda,Activa,133822.0,2022,606.0,Hybrid,70.2,First,2022.0,Not Available,Dealer,73737.56,Metro
Uttar Pradesh,8.02,Tvs,Sport,216704.0,2024,709.0,Hybrid,75.75,Third,2024.0,Expired,Dealer,141225.69,Tier 1
Gujarat,60.14,Bajaj,Pulsar 150,201075.0,2019,491.0,Petrol,32.17,Second,2022.0,Not Available,Dealer,149756.83,Tier 2
Delhi,59.56,Kawasaki,Z650,95414.0,2017,640.0,Electric,94.8,Third,2021.0,Expired,Dealer,133472.89,Tier 1
Madhya Pradesh,20.72,Tvs,Ronin,387078.0,2018,801.0,Hybrid,78.73,Second,2023.0,Active,Dealer,244185.8,Tier 3
Gujarat,21.92,Ktm,125 Duke,51199.0,2024,314.0,Petrol,43.54,Third,2024.0,Not Available,Dealer,38637.65,Tier 1
Rajasthan,39.35,Kawasaki,Vulcan S,358364.0,2024,286.0,Hybrid,64.69,Second,2024.0,Expired,Dealer,230541.4,Tier 3
Punjab,66.3,Honda,Unicorn,92867.0,2021,789.0,Hybrid,91.72,Second,2022.0,Expired,Individual,63816.54,Metro
Rajasthan,43.98,Kawasaki,Vulcan S,301186.0,2016,432.0,Petrol,39.01,Third,2022.0,Expired,Individual,173708.54,Metro
Karnataka,60.9,Royal Enfield,Himalayan,111745.0,2024,564.0,Petrol,70.2,Second,2024.0,Expired,Dealer,49803.86,Tier 3
Tamil Nadu,20.98,Kawasaki,Z650,234609.0,2023,787.0,Electric,87.76,First,2023.0,Active,Individual,100779.01,Tier 3
Gujarat,37.05,Honda,Cbr 650R,101002.0,2021,911.0,Electric,62.84,Second,2024.0,Not Available,Dealer,67049.54,Tier 3
West Bengal,19.45,Ktm,Duke 200,237128.0,2016,307.0,Electric,84.18,Second,2022.0,Expired,Individual,178085.54,Tier 2
Delhi,20.03,Kawasaki,Ninja 300,149610.0,2024,196.0,Hybrid,83.23,Second,2024.0,Active,Individual,71708.4,Tier 2
Tamil Nadu,72.04,Kawasaki,Ninja 400,373977.0,2023,291.0,Petrol,45.03,Second,2024.0,Not Available,Dealer,205353.91,Tier 3
Rajasthan,48.39,Bajaj,Pulsar 150,164159.0,2023,160.0,Electric,69.64,Second,2024.0,Active,Individual,133472.89,Tier 2
Gujarat,43.17,Honda,Dio,201454.0,2024,665.0,Hybrid,95.63,Second,2024.0,Expired,Dealer,133472.89,Tier 2
Maharashtra,35.12,Kawasaki,Vulcan S,207621.0,2023,604.0,Petrol,26.1,First,2023.0,Active,Individual,133472.89,Tier 2
Madhya Pradesh,50.87,Honda,Cbr 650R,226623.0,2022,185.0,Electric,90.76,Second,2022.0,Expired,Dealer,108248.4,Tier 1
Maharashtra,74.47,Hero,Hf Deluxe,361909.0,2015,621.0,Hybrid,82.54,Second,2022.0,Active,Individual,193102.14,Tier 1
Madhya Pradesh,31.35,Honda,Activa,212387.0,2019,535.0,Electric,86.87,Second,2022.0,Active,Dealer,118501.48,Tier 1
Uttar Pradesh,71.64,Kawasaki,Z650,271711.0,2024,254.0,Electric,74.09,Second,2024.0,Active,Individual,133472.89,Tier 1
Madhya Pradesh,77.77,Kawasaki,Z650,297119.0,2023,656.0,Electric,85.05,Third,2024.0,Expired,Dealer,186439.84,Tier 2
Madhya Pradesh,19.35,Hero,Xtreme 160R,59078.0,2018,736.0,Electric,98.35,Second,2024.0,Not Available,Individual,26023.67,Metro
Rajasthan,12.38,Hero,Xtreme 160R,215325.0,2021,991.0,Petrol,31.08,Second,2022.0,Not Available,Individual,131135.60402282406,Tier 2
Madhya Pradesh,45.41,Honda,Cbr 650R,138648.0,2022,418.0,Petrol,44.18,First,2022.0,Active,Individual,90981.2536452451,Metro
Delhi,23.83,Bajaj,Avenger 220,149086.0,2016,891.0,Hybrid,75.56,Second,2023.0,Expired,Individual,112238.28,Tier 1
Gujarat,7.34,Ktm,Rc 390,163231.0,2019,216.0,Hybrid,99.61,Third,2022.0,Expired,Individual,86359.27,Metro
Karnataka,69.62,Kawasaki,Versys 650,71333.0,2017,477.0,Hybrid,84.41,Second,2024.0,Not Available,Dealer,34076.56,Metro
Karnataka,45.75,Bajaj,Platina 110,98451.0,2020,358.0,Electric,87.31,Second,2022.0,Expired,Dealer,65353.81,Tier 3
Madhya Pradesh,69.4,Bajaj,Dominar 400,115483.0,2021,234.0,Electric,70.93,Second,2021.0,Not Available,Individual,65960.94,Tier 1
Punjab,35.32,Bajaj,Ct 100,178049.0,2021,520.0,Hybrid,87.18,Second,2021.0,Expired,Dealer,133472.89,Tier 3
Uttar Pradesh,34.58,Kawasaki,Z650,255769.0,2017,990.0,Electric,70.2,Second,2021.0,Active,Individual,143655.89,Tier 1
Gujarat,42.84,Honda,Activa,324628.0,2020,813.0,Petrol,55.49,Second,2024.0,Expired,Dealer,208355.97,Tier 2
Gujarat,27.45,Hero,Hf Deluxe,192029.0,2023,719.0,Petrol,29.69,First,2023.0,Expired,Individual,110533.97,Tier 3
Madhya Pradesh,77.53,Royal Enfield,Hunter 350,134194.0,2021,462.0,Electric,88.31,Second,2024.0,Not Available,Individual,93525.95,Metro
Gujarat,31.11,Ktm,125 Duke,207390.0,2021,650.0,Petrol,41.74,Second,2023.0,Active,Dealer,92509.12,Metro
Rajasthan,52.73,Ktm,Duke 200,318824.0,2021,550.0,Electric,82.66,Second,2021.0,Expired,Dealer,216437.54,Tier 3
Maharashtra,45.21,Honda,Unicorn,287780.0,2018,454.0,Petrol,48.85,Second,2024.0,Not Available,Dealer,182487.16,Tier 3
Punjab,19.14,Hero,Glamour,399637.0,2023,823.0,Hybrid,70.2,Second,2024.0,Not Available,Individual,209079.2,Metro
Gujarat,55.64,Honda,Activa,304314.0,2022,365.0,Electric,98.45,Second,2024.0,Expired,Individual,188569.57,Tier 2
Madhya Pradesh,69.43,Bajaj,Avenger 220,397543.0,2020,0.0,Petrol,54.52,Second,2024.0,Active,Dealer,286651.52,Tier 1
Uttar Pradesh,72.91,Hero,Xtreme 160R,350385.0,2021,151.0,Petrol,49.11,Second,2022.0,Expired,Dealer,174293.04,Tier 3
Gujarat,56.53,Ktm,Duke 200,64139.0,2020,706.0,Hybrid,88.78,Third,2021.0,Expired,Dealer,30687.38381461382,Tier 3
Gujarat,66.12,Hero,Splendor Plus,278587.0,2024,738.0,Hybrid,70.2,First,2024.0,Active,Dealer,113298.12,Metro
West Bengal,31.36,Hero,Splendor Plus,365951.0,2022,949.0,Hybrid,84.98,Second,2024.0,Not Available,Individual,241566.9,Tier 3
Uttar Pradesh,61.9,Honda,Dio,391240.0,2021,826.0,Petrol,33.57,First,2021.0,Expired,Individual,187548.05,Tier 1
West Bengal,16.81,Yamaha,Mt-15,197595.0,2023,942.0,Electric,79.7,Second,2023.0,Not Available,Individual,115930.86,Tier 3
Uttar Pradesh,23.47,Ktm,Rc 390,58125.0,2022,986.0,Electric,61.17,First,2022.0,Not Available,Dealer,44475.56,Tier 2
Tamil Nadu,49.11,Yamaha,Fascino 125,182320.0,2023,930.0,Electric,84.76,Third,2023.0,Not Available,Individual,73749.09,Tier 1
West Bengal,43.07,Kawasaki,Versys 650,166232.0,2019,740.0,Petrol,55.07,Second,2021.0,Not Available,Individual,133472.89,Tier 3
Rajasthan,50.51,Bajaj,Ct 100,177176.0,2023,826.0,Petrol,27.78,Second,2023.0,Not Available,Individual,86644.72,Metro
Karnataka,22.75,Yamaha,Mt-15,201085.0,2022,990.0,Petrol,47.02,Second,2024.0,Not Available,Dealer,133472.89,Tier 1
Delhi,21.82,Honda,Dio,359844.0,2022,306.0,Petrol,44.28,Second,2022.0,Not Available,Individual,158027.15,Tier 2
Tamil Nadu,36.13,Bajaj,Pulsar 150,242276.0,2019,183.0,Hybrid,89.49,Second,2021.0,Active,Individual,160085.84,Tier 2
Uttar Pradesh,43.3,Ktm,390 Adventure,103902.0,2024,787.0,Hybrid,65.72,Second,2024.0,Not Available,Individual,57200.65,Metro
Madhya Pradesh,46.63,Honda,Unicorn,85751.0,2018,909.0,Hybrid,64.69,Second,2021.0,Expired,Individual,36426.66,Metro
Madhya Pradesh,42.48,Yamaha,Mt-15,276936.0,2022,0.0,Electric,91.29,Second,2024.0,Not Available,Individual,213574.29,Tier 3
Gujarat,6.65,Tvs,Jupiter,161063.0,2023,391.0,Hybrid,86.58,Third,2023.0,Active,Dealer,97937.67,Metro
Rajasthan,17.55,Tvs,Sport,86785.0,2020,437.0,Hybrid,95.83,Third,2023.0,Expired,Dealer,53031.1,Metro
Maharashtra,48.78,Bajaj,Avenger 220,231855.0,2023,616.0,Electric,88.2,Third,2023.0,Expired,Individual,113904.88,Metro
Maharashtra,34.41,Honda,Unicorn,284698.0,2024,415.0,Petrol,33.58,Second,2024.0,Not Available,Individual,123960.19,Tier 2
Punjab,77.14,Honda,Activa,180600.0,2018,110.0,Electric,76.43,Second,2023.0,Not Available,Dealer,113690.58,Tier 2
West Bengal,9.93,Kawasaki,Z650,346936.0,2023,998.0,Petrol,52.71,Third,2024.0,Not Available,Individual,195009.01,Metro
Maharashtra,19.28,Hero,Glamour,253009.0,2018,931.0,Petrol,25.7,Second,2021.0,Not Available,Dealer,118144.37,Metro
Delhi,74.23,Ktm,250 Duke,372620.0,2024,336.0,Petrol,39.68,Second,2024.0,Active,Individual,259414.66,Tier 1
Maharashtra,43.06,Honda,Cbr 650R,285839.0,2015,267.0,Hybrid,87.08,Third,2023.0,Active,Dealer,136257.27,Tier 3
Delhi,23.83,Hero,Splendor Plus,254801.0,2022,463.0,Electric,98.22,First,2022.0,Expired,Individual,183682.5,Metro
Gujarat,74.37,Ktm,Rc 390,99013.0,2020,247.0,Electric,89.18,Second,2022.0,Expired,Dealer,67320.34,Tier 3
Uttar Pradesh,8.03,Kawasaki,Versys 650,263907.0,2020,797.0,Hybrid,75.21,Second,2022.0,Expired,Dealer,165190.41,Tier 3
Maharashtra,11.6,Bajaj,Dominar 400,193068.0,2015,116.0,Petrol,55.8,Second,2022.0,Expired,Dealer,139480.26,Tier 1
Madhya Pradesh,39.62,Bajaj,Dominar 400,329124.0,2020,368.0,Petrol,54.56,Second,2022.0,Expired,Dealer,188423.58,Tier 1
Madhya Pradesh,62.93,Yamaha,Mt-15,366511.0,2021,899.0,Petrol,41.69,Third,2023.0,Active,Dealer,176483.45,Tier 2
Punjab,43.98,Kawasaki,Vulcan S,256072.0,2024,998.0,Petrol,55.4,Second,2024.0,Expired,Dealer,120801.07,Metro
Maharashtra,65.6,Honda,Dio,193468.0,2023,599.0,Hybrid,79.48,Second,2023.0,Not Available,Dealer,121609.17,Metro
Karnataka,10.05,Royal Enfield,Himalayan,294171.0,2021,651.0,Petrol,43.91,Second,2022.0,Not Available,Dealer,172633.84,Tier 2
Madhya Pradesh,26.25,Tvs,Jupiter,364592.0,2018,170.0,Petrol,38.86,Second,2024.0,Not Available,Individual,160492.29,Tier 2
Punjab,17.35,Tvs,Apache Rtr 160,61250.0,2019,171.0,Electric,91.99,Second,2021.0,Expired,Individual,27476.59,Tier 2
Rajasthan,74.02,Yamaha,Mt-15,316817.0,2016,520.0,Petrol,34.95,Second,2024.0,Not Available,Individual,218452.41,Metro
Madhya Pradesh,30.88,Yamaha,Fascino 125,88262.0,2015,556.0,Hybrid,74.31,Second,2023.0,Expired,Individual,59187.39,Tier 2
Punjab,38.87,Ktm,Rc 390,97091.0,2017,176.0,Electric,73.5,Second,2021.0,Expired,Individual,68989.14,Metro
Madhya Pradesh,57.81,Royal Enfield,Meteor 350,281649.0,2019,467.0,Electric,80.23,Second,2023.0,Not Available,Individual,213864.19,Metro
Madhya Pradesh,60.79,Tvs,Ronin,122641.0,2024,729.0,Electric,85.79,Third,2024.0,Not Available,Dealer,133472.89,Tier 2
Karnataka,28.24,Kawasaki,Versys 650,120512.0,2018,562.0,Petrol,35.5,Second,2023.0,Active,Individual,133472.89,Tier 3
Delhi,68.95,Honda,Unicorn,334626.0,2019,151.0,Petrol,70.2,Second,2021.0,Active,Dealer,138477.2179933449,Metro
Tamil Nadu,13.04,Kawasaki,Z650,353699.0,2020,469.0,Hybrid,70.2,Second,2021.0,Expired,Dealer,237148.77,Tier 1
Uttar Pradesh,38.6,Honda,Shine,231888.0,2022,536.0,Hybrid,93.3,Second,2022.0,Expired,Individual,157396.7,Metro
Uttar Pradesh,27.3,Ktm,Rc 390,83617.0,2023,998.0,Electric,98.9,First,2023.0,Expired,Individual,48259.08,Tier 3
Maharashtra,15.69,Yamaha,R15 V4,196554.0,2024,810.0,Hybrid,63.42,Second,2024.0,Not Available,Individual,143835.71,Tier 1
Madhya Pradesh,44.65,Kawasaki,Vulcan S,369662.0,2021,310.0,Electric,60.72,Second,2022.0,Active,Dealer,294445.55,Metro
Punjab,73.06,Honda,Cbr 650R,296340.0,2016,934.0,Electric,78.14,Third,2023.0,Not Available,Individual,147275.83,Tier 3
Karnataka,51.45,Royal Enfield,Interceptor 650,192400.0,2021,322.0,Hybrid,82.5,Third,2021.0,Expired,Individual,133472.89,Tier 3
Maharashtra,38.26,Royal Enfield,Himalayan,235982.0,2020,794.0,Petrol,27.78,Second,2024.0,Active,Individual,165768.46,Tier 1
Delhi,66.31,Kawasaki,Z650,260095.0,2021,171.0,Hybrid,77.08,Second,2023.0,Not Available,Individual,200074.23,Tier 3
Karnataka,8.37,Kawasaki,Vulcan S,305401.0,2022,354.0,Electric,68.26,Second,2022.0,Active,Dealer,174055.32,Tier 3
Maharashtra,44.11,Ktm,250 Duke,143740.0,2021,737.0,Petrol,44.82,Third,2024.0,Active,Individual,60855.66,Tier 2
Tamil Nadu,12.15,Royal Enfield,Himalayan,87795.0,2024,261.0,Petrol,53.46,Second,2024.0,Not Available,Dealer,50360.7,Tier 3
Uttar Pradesh,56.77,Tvs,Apache Rtr 160,283111.0,2019,157.0,Electric,82.91,Third,2022.0,Not Available,Dealer,126686.01,Tier 2
Rajasthan,11.69,Kawasaki,Z650,295309.0,2021,507.0,Electric,81.39,First,2021.0,Not Available,Individual,233428.43,Tier 2
Uttar Pradesh,22.09,Bajaj,Platina 110,356938.0,2024,525.0,Electric,83.41,Second,2024.0,Not Available,Individual,234916.56,Tier 3
Tamil Nadu,69.96,Yamaha,Fz V3,78480.0,2021,563.0,Petrol,55.88,Second,2022.0,Not Available,Dealer,133472.89,Tier 2
Madhya Pradesh,33.1,Hero,Passion Pro,64277.0,2020,821.0,Petrol,46.42,Third,2022.0,Active,Individual,26530.23,Tier 1
West Bengal,21.86,Honda,Activa,289424.0,2022,1000.0,Petrol,31.37,Second,2023.0,Expired,Dealer,121952.3960999084,Metro
Tamil Nadu,35.78,Royal Enfield,Classic 350,156632.0,2021,128.0,Electric,97.8,Second,2021.0,Expired,Dealer,93244.23,Tier 2
Punjab,48.2,Bajaj,Ct 100,353607.0,2016,551.0,Hybrid,67.75,Second,2022.0,Active,Individual,159318.03,Tier 3
West Bengal,47.47,Bajaj,Dominar 400,106027.0,2020,878.0,Electric,64.33,Third,2021.0,Not Available,Individual,48946.7,Tier 1
West Bengal,53.9,Honda,Unicorn,347678.0,2023,180.0,Hybrid,77.01,First,2023.0,Expired,Dealer,133472.89,Tier 2
Tamil Nadu,64.66,Bajaj,Dominar 400,198473.0,2020,192.0,Petrol,32.17,Second,2022.0,Not Available,Dealer,123536.0,Metro
Uttar Pradesh,56.8,Honda,Cbr 650R,305344.0,2024,120.0,Petrol,44.56,First,2024.0,Not Available,Dealer,234153.58,Tier 3
Tamil Nadu,27.86,Hero,Xtreme 160R,160545.0,2020,435.0,Hybrid,84.37,Second,2022.0,Active,Individual,96228.39,Tier 2
Punjab,71.93,Hero,Splendor Plus,395100.0,2022,376.0,Hybrid,77.51,Third,2024.0,Active,Dealer,246436.37,Metro
Madhya Pradesh,35.52,Ktm,Rc 390,298094.0,2024,258.0,Petrol,48.98,Second,2024.0,Expired,Individual,127841.23,Tier 2
Madhya Pradesh,9.08,Ktm,Rc 390,375078.0,2022,998.0,Electric,70.2,Third,2023.0,Not Available,Dealer,222243.52,Metro
Tamil Nadu,54.55,Hero,Xtreme 160R,89175.0,2022,977.0,Petrol,49.76,Second,2023.0,Expired,Individual,37380.12,Tier 2
West Bengal,18.18,Kawasaki,Ninja 400,182587.0,2020,587.0,Hybrid,84.62,Second,2021.0,Active,Individual,78069.9,Metro
Gujarat,41.78,Ktm,250 Duke,332877.0,2021,209.0,Petrol,55.8,First,2021.0,Expired,Individual,164708.21,Metro
Maharashtra,37.06,Kawasaki,Vulcan S,304448.0,2020,549.0,Petrol,48.22,Second,2024.0,Expired,Individual,219860.18,Tier 2
Karnataka,65.59,Honda,Unicorn,317011.0,2023,170.0,Petrol,52.86,First,2023.0,Expired,Dealer,194185.7,Metro
Tamil Nadu,56.39,Kawasaki,Versys 650,78623.0,2024,221.0,Electric,64.07,Second,2024.0,Active,Individual,46371.57,Tier 2
Punjab,65.55,Ktm,250 Duke,262332.0,2023,581.0,Petrol,41.98,Second,2023.0,Not Available,Individual,133472.89,Tier 3
Maharashtra,30.86,Kawasaki,Z650,332376.0,2023,468.0,Electric,68.63,Second,2023.0,Expired,Dealer,254907.45,Tier 2
West Bengal,72.76,Kawasaki,Ninja 400,290509.0,2017,182.0,Hybrid,70.2,Second,2021.0,Active,Individual,163183.92,Metro
West Bengal,38.7,Yamaha,Fz V3,218069.0,2019,561.0,Electric,61.97,Third,2024.0,Expired,Individual,139930.28,Tier 2
Uttar Pradesh,41.78,Royal Enfield,Classic 350,119813.0,2017,480.0,Hybrid,87.89,Second,2023.0,Active,Individual,66933.53,Tier 3
Punjab,46.89,Royal Enfield,Himalayan,139189.0,2019,838.0,Electric,62.77,Second,2024.0,Active,Individual,66937.35,Tier 2
Karnataka,14.75,Bajaj,Avenger 220,374316.0,2018,490.0,Electric,72.76,Second,2024.0,Not Available,Individual,188453.93,Tier 1
Punjab,33.32,Royal Enfield,Hunter 350,328034.0,2023,331.0,Hybrid,67.42,Second,2023.0,Expired,Individual,181210.31,Tier 1
Gujarat,24.11,Kawasaki,Versys 650,186034.0,2015,292.0,Hybrid,94.39,Second,2023.0,Expired,Individual,139070.28,Tier 1
Delhi,38.19,Hero,Hf Deluxe,192796.0,2024,630.0,Petrol,70.2,First,2024.0,Not Available,Dealer,117611.84,Tier 1
Uttar Pradesh,76.74,Tvs,Ronin,345192.0,2015,601.0,Hybrid,63.95,Third,2022.0,Active,Dealer,220193.11,Tier 3
Rajasthan,5.88,Honda,Cbr 650R,254288.0,2022,828.0,Hybrid,60.07,First,2022.0,Not Available,Dealer,164084.17,Metro
West Bengal,73.26,Ktm,125 Duke,325905.0,2021,138.0,Petrol,44.9,First,2021.0,Not Available,Individual,169274.38,Tier 3
Punjab,48.87,Royal Enfield,Himalayan,69376.0,2021,483.0,Hybrid,96.04,Second,2023.0,Not Available,Individual,35710.52,Tier 1
West Bengal,63.31,Royal Enfield,Hunter 350,323401.0,2023,455.0,Hybrid,89.71,Second,2023.0,Expired,Dealer,207370.71,Tier 3
Punjab,55.37,Ktm,Rc 390,316757.0,2019,894.0,Petrol,45.42,Second,2024.0,Not Available,Individual,236584.57,Tier 3
Tamil Nadu,6.27,Royal Enfield,Himalayan,84078.0,2015,285.0,Electric,96.47,Second,2024.0,Active,Dealer,63840.72,Metro
Rajasthan,23.25,Bajaj,Avenger 220,130318.0,2024,545.0,Electric,73.37,Second,2024.0,Active,Individual,102150.53,Metro
Madhya Pradesh,63.69,Hero,Hf Deluxe,144518.0,2023,800.0,Petrol,38.98,Second,2023.0,Not Available,Dealer,61969.73,Tier 1
Madhya Pradesh,41.57,Hero,Splendor Plus,91531.0,2020,805.0,Petrol,54.01,Second,2024.0,Not Available,Individual,54842.24,Tier 2
Gujarat,69.94,Tvs,Sport,158895.0,2017,153.0,Hybrid,60.85,Second,2023.0,Not Available,Individual,85377.36,Tier 2
Rajasthan,55.95,Hero,Glamour,283824.0,2020,993.0,Electric,65.77,Second,2024.0,Expired,Individual,123000.79,Tier 2
Uttar Pradesh,26.29,Honda,Dio,242654.0,2022,364.0,Petrol,50.96,Second,2023.0,Active,Dealer,157505.48,Tier 1
Punjab,14.47,Ktm,250 Duke,294491.0,2024,729.0,Petrol,27.17,Third,2024.0,Expired,Individual,147247.44,Tier 1
Maharashtra,38.37,Kawasaki,Z650,157420.0,2022,358.0,Electric,70.2,Second,2022.0,Expired,Dealer,86866.27,Tier 2
Punjab,21.31,Hero,Passion Pro,326966.0,2020,538.0,Hybrid,61.62,Second,2023.0,Expired,Dealer,252121.48,Metro
Punjab,48.05,Honda,Cbr 650R,368545.0,2016,934.0,Petrol,50.03,Second,2022.0,Expired,Dealer,204751.68,Tier 3
Maharashtra,10.77,Kawasaki,Versys 650,385022.0,2024,779.0,Petrol,28.81,Second,2024.0,Expired,Individual,286296.55,Tier 3
Tamil Nadu,56.64,Royal Enfield,Interceptor 650,192613.0,2024,612.0,Electric,85.1,Second,2024.0,Not Available,Individual,92340.95,Metro
Tamil Nadu,18.49,Yamaha,Fz V3,252345.0,2022,624.0,Petrol,45.22,Second,2023.0,Active,Dealer,169430.72,Tier 2
Gujarat,70.02,Honda,Cbr 650R,204193.0,2021,734.0,Hybrid,75.43,Second,2022.0,Active,Dealer,96739.74,Tier 2
Maharashtra,12.95,Hero,Splendor Plus,263463.0,2017,115.0,Electric,67.91,Second,2024.0,Not Available,Individual,202946.67,Tier 3
Maharashtra,53.6,Yamaha,Fascino 125,232920.0,2023,830.0,Electric,70.2,Second,2024.0,Active,Dealer,138782.04,Tier 2
Maharashtra,45.07,Tvs,Ntorq 125,176346.0,2019,410.0,Hybrid,68.02,Second,2023.0,Not Available,Individual,133472.89,Tier 2
Uttar Pradesh,38.37,Kawasaki,Ninja 300,134073.0,2024,513.0,Petrol,49.64,Third,2024.0,Active,Individual,59613.59,Tier 3
Delhi,60.33,Bajaj,Avenger 220,219871.0,2022,859.0,Hybrid,65.22,Second,2023.0,Expired,Individual,139733.07,Tier 1
Rajasthan,34.11,Bajaj,Platina 110,89400.0,2022,777.0,Petrol,36.44,Second,2023.0,Not Available,Dealer,38334.28,Metro
Uttar Pradesh,69.02,Kawasaki,Versys 650,285856.0,2021,997.0,Electric,87.48,Second,2021.0,Active,Dealer,169488.25,Metro
Punjab,26.18,Honda,Dio,95985.0,2024,923.0,Electric,61.83,Second,2024.0,Not Available,Dealer,75134.38,Tier 1
Punjab,46.89,Yamaha,Fascino 125,252428.0,2023,973.0,Hybrid,99.06,First,2023.0,Expired,Individual,187726.74,Tier 2
Karnataka,26.15,Ktm,Rc 390,177806.0,2022,319.0,Electric,71.16,Third,2024.0,Not Available,Individual,97863.42,Metro
Madhya Pradesh,50.18,Tvs,Jupiter,121024.0,2020,357.0,Electric,78.97,Third,2022.0,Active,Dealer,61035.4,Tier 1
Maharashtra,9.2,Tvs,Apache Rtr 160,389881.0,2021,540.0,Electric,88.42,Second,2021.0,Active,Individual,287531.03,Tier 3
Karnataka,74.18,Hero,Xtreme 160R,288733.0,2019,948.0,Electric,66.38,Third,2021.0,Not Available,Dealer,226083.0,Metro
Karnataka,32.66,Hero,Xtreme 160R,352433.0,2022,900.0,Electric,71.3,Second,2022.0,Not Available,Dealer,280134.39,Tier 3
Rajasthan,65.21,Kawasaki,Ninja 300,260354.0,2019,981.0,Electric,79.37,Second,2022.0,Active,Individual,133472.89,Tier 3
Gujarat,48.88,Tvs,Sport,190162.0,2018,570.0,Hybrid,86.54,Third,2021.0,Expired,Dealer,84586.16,Tier 2
West Bengal,9.23,Yamaha,Fascino 125,237042.0,2021,278.0,Electric,84.35,Second,2021.0,Expired,Individual,150242.92,Metro
Punjab,24.45,Kawasaki,Versys 650,155044.0,2022,285.0,Petrol,42.58,Second,2024.0,Expired,Dealer,122652.98,Tier 2
Tamil Nadu,21.5,Honda,Shine,397047.0,2018,430.0,Petrol,44.9,Second,2023.0,Active,Dealer,248980.0,Tier 2
Gujarat,16.04,Tvs,Sport,103425.0,2019,901.0,Electric,69.64,Second,2024.0,Expired,Dealer,71477.59,Tier 2
Tamil Nadu,35.38,Hero,Passion Pro,160113.0,2023,633.0,Hybrid,64.17,Third,2023.0,Active,Dealer,86715.72,Tier 3
Karnataka,43.4,Royal Enfield,Hunter 350,329784.0,2018,412.0,Electric,64.2,Second,2021.0,Not Available,Individual,186714.09,Tier 3
Delhi,44.78,Ktm,Duke 200,252687.0,2021,616.0,Petrol,44.24,Second,2023.0,Expired,Dealer,112635.98,Tier 3
Tamil Nadu,11.63,Hero,Glamour,114557.0,2021,346.0,Hybrid,75.46,Second,2022.0,Active,Individual,78722.93,Metro
Karnataka,7.09,Yamaha,Ray Zr,191895.0,2023,142.0,Hybrid,89.15,Third,2023.0,Not Available,Dealer,151227.63,Metro
Tamil Nadu,79.87,Yamaha,R15 V4,255087.0,2021,960.0,Electric,91.7,Second,2021.0,Expired,Individual,134704.57,Tier 2
Uttar Pradesh,20.96,Royal Enfield,Hunter 350,112737.0,2023,549.0,Petrol,27.66,Second,2024.0,Active,Dealer,75113.33,Tier 2
Maharashtra,60.33,Bajaj,Ct 100,73908.0,2023,370.0,Petrol,37.17,Third,2024.0,Not Available,Dealer,44940.75,Tier 3
Delhi,19.35,Ktm,390 Adventure,371922.0,2024,484.0,Hybrid,68.31,Second,2024.0,Active,Dealer,242246.8,Tier 3
West Bengal,45.03,Hero,Hf Deluxe,202593.0,2024,625.0,Hybrid,95.47,First,2024.0,Active,Individual,156648.85,Tier 2
Punjab,62.02,Honda,Dio,327874.0,2023,176.0,Hybrid,78.48,Second,2023.0,Active,Dealer,131663.19,Tier 2
West Bengal,22.29,Ktm,125 Duke,206595.0,2024,810.0,Electric,68.83,Second,2024.0,Not Available,Dealer,165241.25,Tier 2
Maharashtra,12.84,Honda,Dio,270426.0,2018,898.0,Petrol,56.19,Second,2023.0,Not Available,Dealer,203951.48,Tier 2
Gujarat,75.12,Hero,Hf Deluxe,88489.0,2023,463.0,Electric,76.07,Second,2023.0,Expired,Individual,55579.4,Metro
Karnataka,24.6,Honda,Unicorn,207380.0,2015,669.0,Electric,79.74,Second,2022.0,Not Available,Dealer,133472.89,Tier 2
Punjab,79.52,Ktm,Rc 390,154613.0,2015,825.0,Hybrid,95.56,Second,2021.0,Active,Individual,93652.63,Metro
West Bengal,65.46,Yamaha,R15 V4,179632.0,2016,762.0,Petrol,35.17,Second,2023.0,Active,Individual,108782.65,Tier 3
Punjab,75.53,Bajaj,Platina 110,113294.0,2022,243.0,Petrol,58.71,Second,2023.0,Expired,Individual,45490.26,Metro
Karnataka,44.8,Honda,Cbr 650R,50372.0,2023,820.0,Petrol,27.88,Second,2023.0,Not Available,Individual,30495.43,Metro
Rajasthan,7.95,Hero,Glamour,84506.0,2024,596.0,Hybrid,61.67,Second,2024.0,Not Available,Individual,47361.9,Tier 2
Punjab,51.37,Yamaha,Fz V3,384758.0,2018,828.0,Hybrid,70.2,Third,2021.0,Active,Individual,274325.23,Tier 1
West Bengal,16.16,Yamaha,Fascino 125,338666.0,2021,322.0,Hybrid,67.3,Third,2021.0,Not Available,Individual,133472.89,Tier 1
Tamil Nadu,77.12,Hero,Xtreme 160R,90459.0,2023,829.0,Petrol,52.25,Second,2023.0,Not Available,Dealer,48732.78,Tier 3
Gujarat,8.35,Kawasaki,Z650,207582.0,2024,738.0,Hybrid,70.2,First,2024.0,Not Available,Individual,121664.66,Tier 3
Tamil Nadu,72.77,Kawasaki,Z650,123678.0,2022,317.0,Hybrid,94.77,First,2022.0,Active,Dealer,96374.82,Metro
Madhya Pradesh,5.62,Yamaha,Mt-15,69581.0,2022,644.0,Petrol,25.25,First,2022.0,Active,Individual,54573.41,Tier 1
Karnataka,30.07,Kawasaki,Vulcan S,257920.0,2022,613.0,Hybrid,79.03,Second,2023.0,Not Available,Individual,156348.11,Tier 3
Rajasthan,56.93,Royal Enfield,Classic 350,395080.0,2016,552.0,Petrol,70.2,Third,2021.0,Not Available,Dealer,289983.6,Metro
Gujarat,76.95,Yamaha,Fz V3,365910.0,2022,656.0,Hybrid,94.18,Third,2024.0,Not Available,Individual,180553.32,Tier 1
Karnataka,75.48,Royal Enfield,Hunter 350,345237.0,2021,841.0,Petrol,37.55,Second,2024.0,Active,Individual,152965.87,Tier 2
West Bengal,65.63,Bajaj,Ct 100,134121.0,2024,401.0,Petrol,32.55,Second,2024.0,Expired,Dealer,78547.55,Metro
Punjab,16.5,Bajaj,Ct 100,393660.0,2023,872.0,Electric,72.27,Second,2023.0,Expired,Individual,133472.89,Tier 1
Gujarat,56.82,Yamaha,R15 V4,272986.0,2017,364.0,Petrol,54.09,Third,2024.0,Expired,Dealer,184834.52,Tier 1
West Bengal,25.84,Bajaj,Platina 110,84667.0,2020,273.0,Petrol,27.51,Third,2024.0,Active,Individual,48197.37,Tier 1
Uttar Pradesh,10.0,Honda,Shine,342869.0,2018,479.0,Electric,77.72,Second,2023.0,Not Available,Individual,240583.32,Tier 1
Gujarat,44.63,Bajaj,Ct 100,366348.0,2022,886.0,Electric,93.41,Second,2022.0,Not Available,Dealer,282583.23,Tier 1
Maharashtra,42.1,Royal Enfield,Interceptor 650,324000.0,2024,858.0,Electric,77.69,Third,2024.0,Expired,Dealer,194954.41,Metro
Madhya Pradesh,5.25,Yamaha,Fz V3,164919.0,2023,223.0,Petrol,55.17,Third,2024.0,Expired,Individual,75071.57,Tier 2
Rajasthan,63.46,Tvs,Ntorq 125,262469.0,2021,127.0,Electric,67.68,Second,2021.0,Not Available,Individual,115968.41,Tier 2
Madhya Pradesh,71.21,Royal Enfield,Classic 350,211394.0,2024,884.0,Hybrid,93.73,Second,2024.0,Not Available,Dealer,161882.72,Tier 1
Madhya Pradesh,63.88,Hero,Splendor Plus,191695.0,2019,716.0,Petrol,59.91,Second,2023.0,Not Available,Dealer,110814.32,Tier 1
Tamil Nadu,38.33,Royal Enfield,Hunter 350,73748.0,2021,313.0,Electric,88.57,First,2021.0,Expired,Dealer,53214.1,Tier 2
Rajasthan,6.46,Ktm,250 Duke,299212.0,2019,196.0,Hybrid,76.9,Third,2021.0,Not Available,Dealer,152855.25,Tier 3
Punjab,6.14,Ktm,Duke 200,339049.0,2018,887.0,Hybrid,99.63,Second,2022.0,Active,Individual,215525.62,Tier 2
Uttar Pradesh,65.0,Royal Enfield,Classic 350,320238.0,2021,369.0,Petrol,44.16,First,2021.0,Not Available,Dealer,207015.22,Tier 3
Tamil Nadu,59.62,Hero,Xtreme 160R,255070.0,2022,211.0,Hybrid,70.2,Second,2024.0,Expired,Dealer,171882.64,Tier 2
Madhya Pradesh,78.97,Kawasaki,Versys 650,121273.0,2021,791.0,Petrol,47.02,Second,2023.0,Expired,Dealer,73284.78,Tier 1
Gujarat,11.02,Honda,Dio,309480.0,2021,785.0,Petrol,31.85,Second,2022.0,Active,Dealer,142974.6,Tier 1
West Bengal,49.35,Kawasaki,Vulcan S,59188.0,2020,346.0,Petrol,27.38,Second,2021.0,Active,Individual,25108.09,Tier 3
Punjab,65.33,Kawasaki,Vulcan S,88446.0,2021,835.0,Petrol,49.17,First,2021.0,Expired,Dealer,42008.39,Tier 2
Rajasthan,33.89,Yamaha,Ray Zr,248908.0,2015,107.0,Hybrid,76.05,Second,2021.0,Active,Dealer,152896.0,Metro
Delhi,39.04,Ktm,250 Duke,214272.0,2023,671.0,Hybrid,75.84,Second,2023.0,Not Available,Dealer,161811.48,Tier 3
Punjab,12.08,Royal Enfield,Meteor 350,363345.0,2020,103.0,Electric,81.11,Second,2022.0,Not Available,Dealer,215422.79,Tier 2
Delhi,65.75,Royal Enfield,Hunter 350,353893.0,2023,165.0,Electric,61.93,Second,2024.0,Expired,Dealer,231506.87,Tier 2
Punjab,42.28,Bajaj,Avenger 220,77951.0,2024,351.0,Electric,78.87,Third,2024.0,Active,Individual,58220.21,Tier 3
West Bengal,35.87,Bajaj,Platina 110,56417.0,2017,517.0,Electric,90.94,Second,2021.0,Expired,Individual,25499.93,Tier 1
Madhya Pradesh,5.74,Bajaj,Avenger 220,383892.0,2019,541.0,Electric,92.75,Second,2022.0,Active,Individual,248501.3,Metro
Madhya Pradesh,22.96,Hero,Passion Pro,63265.0,2022,799.0,Hybrid,95.06,Second,2024.0,Expired,Individual,47944.2,Tier 3
Rajasthan,75.91,Royal Enfield,Himalayan,61672.0,2024,645.0,Petrol,25.86,Second,2024.0,Not Available,Dealer,48989.86,Metro
Tamil Nadu,73.67,Ktm,125 Duke,353603.0,2018,268.0,Petrol,70.2,Second,2021.0,Active,Individual,246800.18,Tier 1
Rajasthan,78.3,Royal Enfield,Himalayan,175782.0,2021,236.0,Electric,74.72,Second,2021.0,Expired,Dealer,139732.72,Tier 3
Karnataka,74.6,Ktm,250 Duke,222915.0,2015,550.0,Hybrid,82.16,Third,2022.0,Expired,Individual,107056.99,Metro
Madhya Pradesh,21.28,Tvs,Sport,113718.0,2018,815.0,Petrol,70.2,Second,2021.0,Active,Individual,50060.84,Tier 1
Madhya Pradesh,25.38,Kawasaki,Vulcan S,356045.0,2017,360.0,Petrol,31.76,Second,2023.0,Not Available,Individual,217375.2,Tier 1
Madhya Pradesh,30.64,Yamaha,R15 V4,146249.0,2022,128.0,Hybrid,81.15,Second,2022.0,Active,Individual,75181.97,Tier 3
Delhi,60.9,Bajaj,Dominar 400,284915.0,2016,223.0,Electric,85.82,Third,2023.0,Expired,Individual,223868.57,Tier 2
Tamil Nadu,75.93,Honda,Activa,354225.0,2023,437.0,Electric,77.1,Second,2023.0,Not Available,Individual,133472.89,Tier 1
Punjab,7.91,Tvs,Sport,224102.0,2024,488.0,Petrol,57.95,Second,2024.0,Active,Dealer,111554.27,Tier 2
West Bengal,26.68,Tvs,Jupiter,246399.0,2016,798.0,Hybrid,81.56,Second,2024.0,Expired,Dealer,171554.59,Tier 1
Gujarat,28.34,Ktm,Rc 390,215916.0,2016,423.0,Petrol,25.88,Second,2023.0,Expired,Dealer,133472.89,Metro
Tamil Nadu,14.63,Honda,Activa,237027.0,2024,129.0,Hybrid,66.76,Second,2024.0,Expired,Individual,132003.45,Tier 3
Delhi,22.07,Bajaj,Pulsar 150,393756.0,2024,425.0,Petrol,26.78,Second,2024.0,Not Available,Individual,173027.01,Tier 1
Rajasthan,62.75,Honda,Shine,201237.0,2023,993.0,Petrol,34.23,Second,2024.0,Expired,Dealer,140152.08,Tier 3
Delhi,22.82,Tvs,Jupiter,157913.0,2017,276.0,Hybrid,74.66,Second,2022.0,Expired,Individual,89861.77,Metro
West Bengal,26.76,Honda,Dio,246007.0,2024,939.0,Petrol,38.78,Second,2024.0,Active,Dealer,121562.65,Tier 1
Madhya Pradesh,9.17,Bajaj,Dominar 400,213545.0,2022,318.0,Petrol,41.03,First,2022.0,Active,Dealer,133748.29,Tier 1
West Bengal,48.35,Yamaha,Mt-15,58181.0,2023,692.0,Hybrid,66.41,Second,2023.0,Expired,Dealer,43343.01,Tier 3
Rajasthan,42.995,Royal Enfield,Classic 350,146299.0,2024,658.0,Hybrid,91.44,Second,2024.0,Active,Dealer,116309.72,Tier 2
Rajasthan,59.51,Kawasaki,Vulcan S,165699.0,2023,358.0,Hybrid,95.03,Second,2024.0,Active,Individual,113323.93,Tier 1
Maharashtra,58.95,Yamaha,R15 V4,67760.0,2019,522.0,Petrol,47.3,Second,2022.0,Not Available,Dealer,53063.69,Metro
Rajasthan,76.93,Hero,Glamour,232644.0,2020,820.0,Hybrid,86.1,Second,2024.0,Not Available,Individual,100729.95,Metro
Rajasthan,11.9,Honda,Unicorn,164495.0,2020,217.0,Hybrid,83.15,Second,2022.0,Expired,Dealer,76031.46,Metro
Maharashtra,63.62,Yamaha,R15 V4,307090.0,2024,786.0,Hybrid,89.65,Second,2024.0,Active,Individual,138858.01,Tier 2
West Bengal,77.88,Ktm,Duke 200,336993.0,2023,228.0,Petrol,70.2,Second,2024.0,Expired,Dealer,255309.82,Tier 3
Delhi,33.78,Bajaj,Ct 100,313047.0,2020,629.0,Hybrid,95.8,Second,2024.0,Expired,Individual,217543.21,Tier 3
Punjab,8.29,Yamaha,Fascino 125,150642.0,2022,948.0,Electric,60.1,Second,2022.0,Not Available,Individual,133472.89,Tier 3
Rajasthan,49.44,Honda,Unicorn,395126.0,2022,123.0,Hybrid,98.29,Second,2022.0,Expired,Individual,169603.62,Tier 3
Madhya Pradesh,72.2,Ktm,Rc 390,358127.0,2022,837.0,Electric,86.82,Second,2022.0,Expired,Individual,170032.47,Tier 2
Uttar Pradesh,11.93,Honda,Dio,75193.0,2022,916.0,Hybrid,91.26,Second,2024.0,Active,Individual,31496.42,Tier 3
West Bengal,23.2,Yamaha,R15 V4,188419.0,2023,584.0,Petrol,35.97,Second,2023.0,Expired,Individual,129182.78,Tier 3
Punjab,59.44,Honda,Cbr 650R,94390.0,2019,237.0,Petrol,25.67,Second,2022.0,Expired,Dealer,39280.38,Tier 3
Madhya Pradesh,57.47,Yamaha,Fz V3,86444.0,2024,839.0,Petrol,52.96,First,2024.0,Not Available,Dealer,43056.52,Tier 1
Karnataka,59.2,Ktm,Rc 390,219655.0,2021,569.0,Electric,93.23,Second,2021.0,Expired,Individual,88272.94,Tier 2
Gujarat,24.27,Yamaha,Mt-15,119176.0,2019,947.0,Electric,83.48,Third,2023.0,Expired,Individual,56289.11,Metro
Gujarat,29.13,Tvs,Apache Rtr 160,133984.0,2021,825.0,Electric,79.55,Third,2022.0,Active,Dealer,102547.84,Tier 1
Punjab,59.31,Bajaj,Dominar 400,369219.0,2016,169.0,Hybrid,63.16,Second,2021.0,Expired,Individual,244983.04,Metro
Punjab,32.23,Kawasaki,Ninja 300,366265.0,2020,178.0,Petrol,26.52,Third,2024.0,Not Available,Individual,219203.4,Tier 3
Delhi,20.41,Ktm,390 Adventure,278668.0,2022,199.0,Hybrid,85.71,Second,2022.0,Expired,Individual,204813.92,Tier 3
Rajasthan,64.48,Hero,Hf Deluxe,340992.0,2022,430.0,Hybrid,72.41,Third,2022.0,Expired,Individual,140158.55,Tier 3
Maharashtra,50.59,Yamaha,Fz V3,371840.0,2021,525.0,Hybrid,84.23,Second,2021.0,Not Available,Dealer,177145.87,Tier 1
Madhya Pradesh,72.46,Royal Enfield,Hunter 350,117849.0,2023,450.0,Petrol,37.19,Second,2023.0,Not Available,Dealer,82184.86,Metro
Tamil Nadu,48.76,Hero,Xtreme 160R,393707.0,2024,995.0,Petrol,37.45,Third,2024.0,Expired,Individual,177994.38,Tier 3
Delhi,18.68,Bajaj,Ct 100,390081.0,2022,480.0,Hybrid,70.2,Second,2022.0,Expired,Individual,273064.16,Tier 3
Punjab,60.82,Royal Enfield,Classic 350,361670.0,2023,278.0,Hybrid,78.62,Second,2023.0,Active,Dealer,243825.6,Tier 1
Tamil Nadu,41.04,Royal Enfield,Interceptor 650,84462.0,2019,188.0,Hybrid,97.35,Second,2022.0,Not Available,Individual,47002.11,Tier 3
Punjab,17.74,Tvs,Jupiter,320920.0,2021,515.0,Electric,90.83,Second,2021.0,Active,Individual,195809.75,Tier 1
Rajasthan,39.13,Honda,Shine,143666.0,2021,656.0,Petrol,43.2,Second,2023.0,Active,Individual,83534.78,Tier 2
Madhya Pradesh,40.13,Ktm,250 Duke,232736.0,2018,662.0,Petrol,39.8,Second,2022.0,Active,Dealer,127850.49,Tier 3
West Bengal,-5.0,Bajaj,Dominar 400,140690.0,2024,113.0,Electric,73.22,Second,2024.0,Not Available,Individual,84032.32,Tier 2
Uttar Pradesh,64.54,Yamaha,Mt-15,315741.0,2022,370.0,Electric,63.56,First,2022.0,Not Available,Individual,213090.6,Metro
Uttar Pradesh,30.55,Honda,Unicorn,176589.0,2021,263.0,Hybrid,61.33,Third,2024.0,Active,Dealer,113382.26,Tier 2
Rajasthan,73.56,Hero,Splendor Plus,200518.0,2022,892.0,Electric,96.81,Second,2022.0,Active,Individual,123431.61,Tier 2
Gujarat,71.0,Royal Enfield,Interceptor 650,283009.0,2023,161.0,Petrol,29.68,Third,2024.0,Not Available,Individual,207806.27,Tier 3
Punjab,34.13,Royal Enfield,Himalayan,233372.0,2020,206.0,Electric,62.93,Second,2022.0,Active,Individual,169932.76,Tier 3
Gujarat,24.84,Yamaha,Mt-15,78890.0,2022,418.0,Petrol,56.01,Second,2024.0,Expired,Dealer,52984.95,Tier 1
Delhi,16.02,Honda,Unicorn,181986.0,2020,901.0,Electric,72.95,Third,2023.0,Active,Dealer,73781.11,Metro
Punjab,26.68,Bajaj,Ct 100,349108.0,2023,954.0,Hybrid,74.74,Second,2023.0,Not Available,Dealer,254974.76,Tier 3
Punjab,27.2,Yamaha,Fz V3,226687.0,2016,569.0,Petrol,52.15,Second,2023.0,Expired,Dealer,112014.23,Tier 2
Maharashtra,62.32,Royal Enfield,Meteor 350,266792.0,2024,932.0,Hybrid,61.66,First,2024.0,Active,Individual,160772.5,Tier 3
Madhya Pradesh,64.29,Hero,Splendor Plus,106311.0,2021,952.0,Electric,62.44,Second,2022.0,Not Available,Individual,63121.06117369871,Tier 3
Karnataka,64.56,Kawasaki,Versys 650,237726.0,2024,988.0,Hybrid,74.14,Second,2024.0,Active,Individual,109541.99,Tier 2
Delhi,18.89,Royal Enfield,Hunter 350,367056.0,2017,812.0,Electric,66.93,Third,2023.0,Not Available,Dealer,203536.46,Metro
Punjab,32.94,Honda,Dio,256611.0,2024,173.0,Electric,64.03,Second,2024.0,Expired,Dealer,123042.52,Tier 3
Delhi,33.69,Hero,Passion Pro,79269.0,2024,978.0,Electric,74.15,Third,2024.0,Active,Individual,38546.94,Tier 1
West Bengal,13.01,Yamaha,Fascino 125,258995.0,2022,489.0,Electric,97.13,Second,2022.0,Not Available,Individual,124352.71,Metro
Uttar Pradesh,55.8,Tvs,Sport,69505.0,2021,649.0,Petrol,39.85,First,2021.0,Expired,Dealer,38718.53,Tier 2
Karnataka,49.95,Ktm,250 Duke,186392.0,2021,193.0,Petrol,30.65,Second,2022.0,Expired,Individual,145272.9,Tier 1
Madhya Pradesh,5.92,Kawasaki,Versys 650,61118.0,2019,111.0,Petrol,32.12,Third,2021.0,Active,Dealer,26896.52,Metro
Gujarat,57.51,Bajaj,Ct 100,224647.0,2024,727.0,Electric,71.38,Third,2024.0,Not Available,Dealer,133472.89,Tier 1
Uttar Pradesh,47.18,Honda,Unicorn,308076.0,2020,695.0,Petrol,41.24,Second,2021.0,Not Available,Dealer,199056.94,Tier 1
Maharashtra,34.33,Bajaj,Pulsar 150,308461.0,2019,504.0,Hybrid,70.2,Second,2024.0,Active,Individual,137073.93,Tier 3
Gujarat,40.46,Royal Enfield,Classic 350,276832.0,2024,251.0,Hybrid,82.38,Third,2024.0,Expired,Dealer,170988.49,Tier 2
West Bengal,69.81,Bajaj,Platina 110,183369.0,2019,449.0,Petrol,26.41,Second,2023.0,Expired,Dealer,92100.31,Tier 3
Gujarat,69.93,Royal Enfield,Hunter 350,300294.0,2015,361.0,Hybrid,90.63,Second,2024.0,Active,Individual,235945.73,Tier 3
Karnataka,75.6,Yamaha,Mt-15,262217.0,2022,996.0,Electric,91.59,Second,2023.0,Not Available,Individual,129443.68,Tier 2
West Bengal,64.65,Tvs,Sport,220343.0,2015,102.0,Electric,97.92,Third,2022.0,Active,Dealer,91269.34,Tier 3
Delhi,54.87,Hero,Hf Deluxe,149728.0,2023,644.0,Electric,80.9,First,2023.0,Not Available,Dealer,75330.47659947575,Metro
Maharashtra,41.72,Tvs,Ronin,144426.0,2023,462.0,Hybrid,70.2,Second,2023.0,Not Available,Dealer,109503.22,Tier 2
Madhya Pradesh,75.75,Hero,Hf Deluxe,135913.0,2021,597.0,Electric,82.06,Second,2023.0,Expired,Individual,72906.34,Tier 2
Rajasthan,36.7,Bajaj,Platina 110,291803.0,2019,735.0,Electric,95.58,Second,2022.0,Active,Individual,191964.75,Tier 3
West Bengal,57.2,Honda,Shine,344616.0,2024,722.0,Petrol,37.43,First,2024.0,Expired,Dealer,190078.94,Tier 3
Madhya Pradesh,18.43,Ktm,125 Duke,394446.0,2017,685.0,Hybrid,93.0,Second,2021.0,Expired,Dealer,212694.32,Tier 1
Madhya Pradesh,24.9,Bajaj,Pulsar 150,263883.0,2022,691.0,Petrol,37.96,Second,2024.0,Not Available,Dealer,173247.6093618669,Metro
Maharashtra,49.88,Royal Enfield,Hunter 350,78822.0,2018,696.0,Petrol,39.02,Second,2021.0,Expired,Individual,54578.92,Tier 2
Maharashtra,70.93,Honda,Dio,387540.0,2024,350.0,Petrol,34.28,First,2024.0,Not Available,Individual,214775.03,Tier 3
Karnataka,51.38,Royal Enfield,Hunter 350,110075.0,2023,813.0,Electric,89.96,Second,2024.0,Expired,Individual,80501.91,Tier 1
Gujarat,27.55,Honda,Dio,223686.0,2020,689.0,Petrol,31.21,Second,2023.0,Active,Individual,103902.08,Tier 1
Madhya Pradesh,42.63,Yamaha,R15 V4,390849.0,2022,465.0,Petrol,47.94,Second,2022.0,Active,Individual,229786.87,Metro
West Bengal,59.82,Royal Enfield,Meteor 350,90082.0,2022,155.0,Electric,70.2,Third,2024.0,Not Available,Individual,63373.05,Tier 1
Rajasthan,43.26,Ktm,390 Adventure,127439.0,2022,631.0,Hybrid,76.61,Second,2022.0,Active,Individual,61459.07,Tier 3
Maharashtra,14.46,Yamaha,Ray Zr,289716.0,2022,957.0,Petrol,47.45,Second,2023.0,Not Available,Dealer,174487.04,Tier 3
Tamil Nadu,13.59,Royal Enfield,Himalayan,363323.0,2020,277.0,Electric,71.24,Second,2022.0,Active,Individual,251396.38,Tier 2
Maharashtra,22.39,Royal Enfield,Meteor 350,156949.0,2018,786.0,Petrol,36.36,Second,2024.0,Expired,Dealer,114892.89,Tier 2
Rajasthan,62.26,Royal Enfield,Interceptor 650,139291.0,2015,546.0,Petrol,44.32,Second,2023.0,Active,Individual,94015.39,Tier 3
Punjab,20.9,Yamaha,R15 V4,147141.0,2024,505.0,Electric,62.34,Second,2024.0,Not Available,Individual,92024.55,Tier 2
Uttar Pradesh,43.03,Ktm,390 Adventure,82407.0,2020,407.0,Hybrid,87.98,Third,2021.0,Expired,Individual,42210.59,Tier 3
Delhi,48.64,Yamaha,Mt-15,287235.0,2024,533.0,Hybrid,73.54,Third,2024.0,Expired,Individual,206120.62,Tier 1
Tamil Nadu,12.46,Tvs,Apache Rtr 160,179570.0,2017,759.0,Petrol,26.13,Second,2024.0,Expired,Dealer,85801.53,Tier 3
Madhya Pradesh,17.84,Kawasaki,Ninja 300,96686.0,2020,180.0,Petrol,35.21,Third,2024.0,Not Available,Dealer,54499.23,Tier 1
Punjab,15.6,Kawasaki,Versys 650,55858.0,2020,832.0,Hybrid,72.48,Second,2024.0,Expired,Individual,29579.44,Tier 1
Maharashtra,69.27,Tvs,Ronin,372593.0,2020,414.0,Petrol,40.85,Second,2023.0,Not Available,Dealer,293582.8,Tier 1
Delhi,32.82,Royal Enfield,Hunter 350,271479.0,2023,463.0,Hybrid,89.43,Second,2023.0,Expired,Individual,143456.54,Tier 1
Karnataka,37.33,Yamaha,Fz V3,89731.0,2020,749.0,Hybrid,78.38,Second,2021.0,Active,Individual,58959.38,Tier 2
Punjab,69.25,Yamaha,Fascino 125,334840.0,2022,265.0,Hybrid,88.98,Second,2022.0,Expired,Dealer,204547.91,Tier 2
Rajasthan,29.35,Honda,Shine,86420.0,2024,592.0,Electric,97.29,Second,2024.0,Expired,Individual,56837.83,Tier 2
Madhya Pradesh,44.28,Hero,Xtreme 160R,364587.0,2023,304.0,Hybrid,0.0,First,2023.0,Not Available,Individual,188720.84,Tier 2
West Bengal,18.65,Kawasaki,Versys 650,184836.0,2023,524.0,Electric,91.0,Second,2024.0,Expired,Individual,140729.09,Metro
Tamil Nadu,46.43,Royal Enfield,Himalayan,61742.0,2018,915.0,Petrol,25.84,Third,2024.0,Expired,Individual,39628.51,Metro
Delhi,47.98,Hero,Xtreme 160R,297387.0,2016,793.0,Petrol,54.28,Second,2021.0,Expired,Dealer,169236.73,Metro
Madhya Pradesh,44.96,Honda,Cbr 650R,123142.0,2018,164.0,Petrol,29.41,Second,2023.0,Expired,Individual,66737.72,Tier 2
Uttar Pradesh,14.4,Yamaha,Fascino 125,177471.0,2023,949.0,Hybrid,69.92,Second,2024.0,Not Available,Dealer,120126.81,Tier 3
Tamil Nadu,78.15,Hero,Splendor Plus,321620.0,2024,435.0,Hybrid,85.93,Third,2024.0,Expired,Dealer,221041.13,Tier 1
Karnataka,27.42,Royal Enfield,Meteor 350,394444.0,2024,337.0,Petrol,32.89,First,2024.0,Expired,Dealer,208382.68,Metro
Karnataka,8.7,Honda,Shine,81464.0,2016,415.0,Petrol,27.04,Second,2021.0,Expired,Individual,44996.45,Tier 2
Uttar Pradesh,42.48,Yamaha,Mt-15,314543.0,2016,117.0,Petrol,0.0,Third,2022.0,Expired,Dealer,238888.95,Tier 3
West Bengal,59.09,Royal Enfield,Himalayan,91940.0,2021,885.0,Hybrid,86.57,Second,2022.0,Active,Individual,56541.1,Tier 1
Gujarat,34.27,Honda,Cbr 650R,227879.0,2017,969.0,Electric,97.38,Second,2022.0,Expired,Dealer,106930.19,Tier 3
Rajasthan,55.51,Honda,Unicorn,75631.0,2023,787.0,Electric,97.75,First,2023.0,Not Available,Dealer,133472.89,Metro
Tamil Nadu,61.4,Ktm,Rc 390,70426.0,2022,750.0,Electric,98.1,Second,2022.0,Active,Individual,48773.49,Tier 3
Uttar Pradesh,10.1,Royal Enfield,Interceptor 650,181296.0,2024,168.0,Electric,60.01,Second,2024.0,Active,Dealer,95010.24,Tier 2
Delhi,49.28,Hero,Splendor Plus,383976.0,2019,501.0,Hybrid,70.2,Second,2023.0,Active,Dealer,196513.76,Tier 3
Gujarat,60.33,Kawasaki,Versys 650,204682.0,2024,209.0,Hybrid,70.2,First,2024.0,Not Available,Dealer,133472.89,Tier 2
Tamil Nadu,71.63,Ktm,Duke 200,320626.0,2022,270.0,Petrol,46.57,Second,2023.0,Not Available,Dealer,156453.23,Tier 1
Karnataka,39.59,Hero,Hf Deluxe,353456.0,2022,911.0,Electric,77.9,Second,2023.0,Not Available,Dealer,210051.88,Tier 1
Delhi,38.31,Bajaj,Ct 100,361321.0,2021,838.0,Electric,61.66,Second,2022.0,Not Available,Individual,222257.52,Tier 2
Gujarat,53.49,Hero,Xtreme 160R,149482.0,2022,783.0,Petrol,58.45,Second,2023.0,Not Available,Dealer,85620.5,Tier 2
Karnataka,6.55,Tvs,Sport,391476.0,2021,746.0,Petrol,26.47,Second,2021.0,Not Available,Dealer,289400.21,Tier 1
Madhya Pradesh,44.41,Tvs,Apache Rtr 160,261298.0,2016,294.0,Electric,72.19,Second,2021.0,Expired,Dealer,162383.27,Tier 3
Rajasthan,38.61,Honda,Shine,323297.0,2022,885.0,Petrol,59.46,Second,2022.0,Active,Individual,192214.41,Tier 3
Rajasthan,34.2,Hero,Glamour,141918.0,2016,665.0,Hybrid,92.49,Third,2021.0,Not Available,Dealer,108790.73,Tier 1
Gujarat,30.04,Ktm,250 Duke,385191.0,2024,943.0,Petrol,70.2,Second,2024.0,Expired,Individual,264312.18,Tier 3
Karnataka,12.14,Hero,Passion Pro,229380.0,2016,717.0,Electric,75.05,Third,2022.0,Active,Dealer,180954.85,Tier 2
Uttar Pradesh,6.39,Honda,Activa,201758.0,2024,442.0,Electric,70.2,Third,2024.0,Expired,Dealer,144345.88,Tier 3
Maharashtra,51.05,Hero,Passion Pro,316005.0,2024,887.0,Electric,91.04,First,2024.0,Expired,Dealer,190040.18,Tier 1
Rajasthan,26.36,Royal Enfield,Interceptor 650,317324.0,2023,997.0,Petrol,30.05,Second,2023.0,Expired,Individual,156133.53,Tier 1
Uttar Pradesh,49.81,Ktm,250 Duke,282371.0,2024,905.0,Hybrid,70.23,Second,2024.0,Not Available,Individual,155145.08,Tier 2
Tamil Nadu,42.44,Hero,Splendor Plus,353786.0,2022,292.0,Electric,72.9,Second,2023.0,Not Available,Individual,250426.81,Tier 3
Gujarat,9.31,Hero,Xtreme 160R,162561.0,2022,379.0,Petrol,52.91,Third,2022.0,Not Available,Dealer,67500.29,Metro
Tamil Nadu,56.28,Kawasaki,Ninja 400,264440.0,2020,595.0,Electric,86.33,Second,2021.0,Active,Individual,196888.48,Tier 1
Punjab,41.71,Honda,Shine,113147.0,2020,403.0,Petrol,52.1,Second,2022.0,Expired,Individual,79703.38,Tier 2
West Bengal,8.4,Kawasaki,Vulcan S,360165.0,2024,768.0,Hybrid,87.5,First,2024.0,Not Available,Dealer,155060.13,Tier 3
Tamil Nadu,12.66,Kawasaki,Versys 650,394465.0,2023,595.0,Electric,70.2,Second,2023.0,Active,Dealer,251372.31,Tier 1
West Bengal,68.97,Tvs,Ntorq 125,117100.0,2018,106.0,Electric,80.11,Second,2021.0,Not Available,Individual,80656.36,Tier 2
Maharashtra,48.93,Bajaj,Dominar 400,234322.0,2022,304.0,Hybrid,70.34,Second,2022.0,Not Available,Individual,133472.89,Tier 1
Tamil Nadu,11.57,Kawasaki,Vulcan S,193781.0,2019,375.0,Electric,61.48,Second,2022.0,Expired,Dealer,96676.39,Tier 3
Delhi,29.52,Tvs,Jupiter,351102.0,2023,483.0,Electric,96.13,Second,2023.0,Expired,Individual,164636.03,Tier 2
Delhi,42.08,Tvs,Jupiter,159013.0,2020,873.0,Electric,81.91,Second,2022.0,Not Available,Individual,79585.27,Tier 2
Maharashtra,42.68,Ktm,250 Duke,122980.0,2017,968.0,Petrol,31.33,Second,2022.0,Expired,Individual,74263.69,Tier 3
Uttar Pradesh,33.98,Tvs,Ntorq 125,96480.0,2017,648.0,Hybrid,77.42,Second,2021.0,Not Available,Dealer,56022.88,Metro
Karnataka,26.97,Kawasaki,Z650,270495.0,2022,256.0,Hybrid,68.79,First,2022.0,Expired,Individual,208192.84,Metro
Maharashtra,69.85,Honda,Cbr 650R,259633.0,2023,766.0,Electric,79.13,Second,2023.0,Expired,Dealer,115422.29,Metro
Karnataka,71.01,Kawasaki,Ninja 300,232559.0,2018,888.0,Electric,88.05,Third,2021.0,Expired,Dealer,150014.88,Tier 3
Delhi,10.27,Bajaj,Avenger 220,65902.0,2019,548.0,Electric,74.38,Second,2023.0,Expired,Individual,51620.66,Metro
Karnataka,26.23,Honda,Cbr 650R,195868.0,2021,119.0,Petrol,31.35,Second,2024.0,Expired,Individual,137398.96,Tier 1
Uttar Pradesh,78.85,Ktm,390 Adventure,229033.0,2015,952.0,Petrol,45.91,Second,2021.0,Expired,Individual,93810.95,Tier 3
Madhya Pradesh,74.74,Honda,Cbr 650R,214826.0,2021,298.0,Electric,83.06,First,2021.0,Expired,Individual,106228.23859514644,Tier 2
Tamil Nadu,36.56,Tvs,Apache Rtr 160,294124.0,2024,656.0,Electric,66.74,Second,2024.0,Not Available,Dealer,214936.68,Tier 3
Maharashtra,60.96,Ktm,125 Duke,188535.0,2022,457.0,Electric,68.53,Third,2022.0,Not Available,Dealer,97096.64,Tier 2
West Bengal,65.43,Tvs,Ntorq 125,103037.0,2021,201.0,Electric,88.18,Second,2021.0,Not Available,Dealer,47348.14,Tier 2
Madhya Pradesh,18.25,Honda,Shine,162369.0,2022,500.0,Electric,64.18,Second,2023.0,Not Available,Individual,133472.89,Tier 1
Gujarat,61.11,Royal Enfield,Classic 350,337722.0,2021,119.0,Petrol,41.54,Second,2021.0,Not Available,Individual,214857.4,Metro
Uttar Pradesh,39.94,Honda,Cbr 650R,155664.0,2023,203.0,Electric,96.64,First,2023.0,Active,Dealer,108228.35,Tier 1
Gujarat,22.97,Bajaj,Platina 110,164423.0,2023,222.0,Hybrid,86.0,Third,2023.0,Active,Dealer,73463.71,Metro
Punjab,24.56,Honda,Activa,375947.0,2019,200.0,Electric,67.21,Second,2024.0,Active,Individual,270932.56,Tier 3
Rajasthan,67.94,Ktm,125 Duke,325993.0,2024,437.0,Petrol,40.46,First,2024.0,Not Available,Individual,213724.65,Tier 2
Delhi,34.05,Hero,Hf Deluxe,209798.0,2021,343.0,Petrol,40.28,Third,2022.0,Not Available,Dealer,108434.39,Tier 1
Rajasthan,58.33,Yamaha,Fz V3,84943.0,2015,203.0,Electric,62.43,Second,2023.0,Active,Dealer,65993.79,Tier 3
Uttar Pradesh,48.67,Honda,Shine,79791.0,2022,515.0,Hybrid,77.18,First,2022.0,Expired,Dealer,57004.23,Tier 3
Delhi,70.66,Hero,Xtreme 160R,343649.0,2024,583.0,Hybrid,75.27,First,2024.0,Not Available,Individual,244834.32,Tier 3
Karnataka,18.51,Hero,Glamour,172730.0,2024,885.0,Hybrid,70.83,Second,2024.0,Expired,Dealer,113706.96,Tier 1
Punjab,79.79,Yamaha,Mt-15,298221.0,2023,337.0,Hybrid,92.75,Second,2023.0,Active,Individual,211778.99,Tier 1
Rajasthan,42.38,Yamaha,R15 V4,167384.0,2023,873.0,Petrol,45.71,First,2023.0,Not Available,Dealer,120780.43,Tier 3
Rajasthan,32.66,Yamaha,R15 V4,105484.0,2024,268.0,Hybrid,70.93,Third,2024.0,Active,Individual,63332.74,Metro
Karnataka,30.46,Hero,Hf Deluxe,356765.0,2022,537.0,Electric,93.46,First,2022.0,Not Available,Individual,226092.38,Tier 3
Tamil Nadu,45.12,Royal Enfield,Himalayan,235447.0,2022,593.0,Electric,72.2,Second,2022.0,Expired,Individual,99157.74,Tier 3
Punjab,59.87,Honda,Unicorn,319364.0,2024,909.0,Electric,76.38,First,2024.0,Active,Individual,144546.16,Metro
Karnataka,7.3,Royal Enfield,Meteor 350,242059.0,2016,589.0,Petrol,32.47,Second,2023.0,Active,Dealer,102339.55,Tier 2
Karnataka,68.3,Ktm,Rc 390,196019.0,2023,119.0,Petrol,55.45,Third,2023.0,Expired,Dealer,128131.41,Tier 2
Madhya Pradesh,27.29,Kawasaki,Versys 650,372215.0,2023,963.0,Hybrid,98.44,Second,2024.0,Not Available,Dealer,247489.11,Tier 1
Rajasthan,31.1,Royal Enfield,Himalayan,300522.0,2022,100.0,Petrol,33.09,Second,2022.0,Active,Dealer,183173.61,Metro
Delhi,61.18,Kawasaki,Ninja 300,291086.0,2022,190.0,Electric,98.88,Second,2022.0,Active,Dealer,142992.05,Tier 1
Karnataka,50.28,Ktm,Rc 390,241450.0,2023,850.0,Hybrid,70.2,Second,2023.0,Not Available,Dealer,178168.54,Metro
Tamil Nadu,72.42,Tvs,Sport,257058.0,2023,431.0,Electric,95.89,Second,2024.0,Active,Individual,160517.18,Tier 3
Punjab,47.3,Royal Enfield,Classic 350,319566.0,2021,728.0,Petrol,53.13,First,2021.0,Not Available,Dealer,239551.05,Tier 3
Rajasthan,9.29,Honda,Unicorn,51310.0,2023,530.0,Petrol,44.29,Second,2023.0,Active,Dealer,34254.25,Tier 3
West Bengal,69.61,Kawasaki,Z650,185418.0,2024,400.0,Hybrid,74.0,First,2024.0,Expired,Dealer,82363.44,Metro
West Bengal,41.19,Tvs,Sport,113157.0,2020,330.0,Petrol,53.44,Third,2023.0,Expired,Individual,84084.55,Tier 1
West Bengal,41.58,Honda,Cbr 650R,299029.0,2023,757.0,Petrol,56.31,Second,2023.0,Not Available,Dealer,237407.08,Metro
Madhya Pradesh,49.92,Royal Enfield,Classic 350,276458.0,2022,853.0,Petrol,59.42,Second,2022.0,Expired,Individual,190346.56,Tier 2
Karnataka,27.3,Bajaj,Dominar 400,344227.0,2023,543.0,Hybrid,87.25,Second,2023.0,Expired,Individual,274536.52,Tier 1
Maharashtra,68.15,Honda,Unicorn,227573.0,2020,159.0,Petrol,40.44,Second,2022.0,Expired,Dealer,148665.33590356132,Tier 1
West Bengal,50.55,Ktm,Rc 390,198212.0,2023,692.0,Electric,70.2,First,2023.0,Active,Individual,118170.25,Tier 1
Tamil Nadu,46.72,Hero,Splendor Plus,377094.0,2022,800.0,Electric,62.39,Second,2022.0,Expired,Individual,227283.87,Tier 3
Madhya Pradesh,10.1,Royal Enfield,Classic 350,373254.0,2018,878.0,Electric,70.2,Second,2024.0,Expired,Individual,224665.99,Tier 1
Rajasthan,55.77,Royal Enfield,Interceptor 650,233042.0,2021,292.0,Electric,65.22,Third,2023.0,Not Available,Individual,163665.44,Metro
Karnataka,65.13,Ktm,250 Duke,373198.0,2018,231.0,Hybrid,98.6,Second,2024.0,Not Available,Dealer,204054.71,Tier 3
Tamil Nadu,22.62,Kawasaki,Vulcan S,101198.0,2018,801.0,Electric,71.9,Second,2021.0,Expired,Dealer,41557.39,Tier 3
Delhi,14.37,Yamaha,Fz V3,323576.0,2024,996.0,Petrol,51.37,Third,2024.0,Expired,Individual,240108.95,Metro
Punjab,20.3,Bajaj,Pulsar 150,319161.0,2024,341.0,Electric,73.56,Second,2024.0,Active,Dealer,133429.07,Metro
Uttar Pradesh,43.66,Honda,Dio,388527.0,2019,498.0,Hybrid,67.08,Third,2021.0,Not Available,Individual,282122.01,Tier 3
West Bengal,40.54,Tvs,Ronin,362011.0,2023,889.0,Electric,89.41,Second,2023.0,Active,Individual,281966.68,Tier 3
Punjab,55.57,Hero,Hf Deluxe,305977.0,2017,261.0,Hybrid,94.67,Second,2023.0,Active,Dealer,133472.89,Metro
Madhya Pradesh,44.47,Honda,Dio,147277.0,2021,149.0,Petrol,46.37,Second,2021.0,Active,Individual,80731.31,Tier 1
Delhi,24.21,Hero,Hf Deluxe,111695.0,2022,330.0,Electric,74.51,First,2022.0,Not Available,Dealer,72437.77,Metro
Karnataka,32.0,Hero,Splendor Plus,295032.0,2020,757.0,Petrol,56.53,Second,2023.0,Expired,Individual,233364.93,Metro
Karnataka,11.76,Yamaha,R15 V4,79000.0,2021,546.0,Electric,72.16,First,2021.0,Expired,Individual,34751.45,Tier 2
Punjab,68.62,Hero,Xtreme 160R,349426.0,2019,595.0,Petrol,30.5,Third,2023.0,Expired,Dealer,152697.83,Tier 3
Tamil Nadu,7.91,Ktm,Rc 390,328095.0,2016,922.0,Electric,80.71,Second,2021.0,Active,Individual,140498.16,Tier 1
Punjab,20.03,Royal Enfield,Interceptor 650,378483.0,2023,102.0,Hybrid,70.2,Second,2023.0,Expired,Dealer,284595.32,Tier 3
Madhya Pradesh,13.66,Hero,Hf Deluxe,179272.0,2021,895.0,Petrol,49.98,Second,2022.0,Active,Individual,116951.32,Tier 2
Delhi,56.73,Hero,Hf Deluxe,312299.0,2019,171.0,Electric,99.45,Third,2021.0,Not Available,Dealer,143967.21,Tier 3
Rajasthan,19.0,Royal Enfield,Meteor 350,344022.0,2016,982.0,Electric,74.86,Second,2022.0,Expired,Dealer,235619.73,Metro
Punjab,70.89,Yamaha,Ray Zr,207569.0,2024,127.0,Electric,72.95,Second,2024.0,Expired,Dealer,111078.46,Metro
Punjab,9.38,Hero,Passion Pro,308359.0,2022,464.0,Electric,84.58,First,2022.0,Active,Dealer,223688.04,Metro
Gujarat,52.22,Royal Enfield,Classic 350,88806.0,2018,787.0,Petrol,40.86,Second,2021.0,Active,Dealer,67592.66,Tier 1
Tamil Nadu,52.0,Ktm,Duke 200,170847.0,2021,705.0,Hybrid,60.82,Third,2023.0,Expired,Dealer,124590.77,Metro
Punjab,20.29,Kawasaki,Ninja 300,123498.0,2023,317.0,Hybrid,60.74,Third,2024.0,Expired,Dealer,66140.7266009475,Tier 3
Maharashtra,37.85,Kawasaki,Vulcan S,100987.0,2024,0.0,Petrol,51.71,Second,2024.0,Not Available,Individual,53064.12,Tier 1
Uttar Pradesh,14.45,Kawasaki,Ninja 400,298415.0,2019,160.0,Petrol,58.03,Third,2022.0,Not Available,Dealer,220463.11,Tier 2
Uttar Pradesh,12.29,Hero,Xtreme 160R,128862.0,2017,615.0,Hybrid,78.41,Second,2024.0,Active,Dealer,57485.4,Tier 1
Tamil Nadu,60.52,Yamaha,Ray Zr,62784.0,2021,375.0,Electric,64.92,Second,2021.0,Active,Individual,37339.37,Tier 2
Tamil Nadu,78.56,Kawasaki,Z650,327003.0,2019,148.0,Hybrid,63.05,Second,2023.0,Not Available,Individual,184054.11,Metro
Gujarat,35.67,Ktm,Rc 390,103198.0,2021,280.0,Hybrid,66.66,Second,2022.0,Active,Dealer,56460.79,Tier 1
Madhya Pradesh,57.46,Royal Enfield,Himalayan,388196.0,2023,593.0,Petrol,37.39,Second,2023.0,Expired,Dealer,190894.02,Tier 1
Delhi,21.04,Bajaj,Dominar 400,235711.0,2020,458.0,Hybrid,97.54,Second,2021.0,Not Available,Dealer,113440.76,Tier 3
West Bengal,12.9,Yamaha,Ray Zr,227000.0,2022,527.0,Petrol,54.54,Third,2023.0,Expired,Dealer,140772.2,Tier 1
Tamil Nadu,17.48,Honda,Shine,304510.0,2022,565.0,Petrol,34.9,Second,2024.0,Not Available,Individual,149256.95,Tier 3
Maharashtra,17.95,Royal Enfield,Classic 350,214749.0,2023,954.0,Petrol,25.4,Second,2024.0,Active,Dealer,124479.18,Tier 3
Madhya Pradesh,19.37,Ktm,Duke 200,321161.0,2022,550.0,Petrol,56.08,Third,2023.0,Expired,Individual,152488.25,Tier 3
Karnataka,8.04,Royal Enfield,Classic 350,165705.0,2021,832.0,Hybrid,70.52,Second,2021.0,Not Available,Individual,73092.95,Tier 2
Madhya Pradesh,61.23,Bajaj,Platina 110,358833.0,2017,965.0,Hybrid,62.6,Second,2023.0,Expired,Individual,217525.31,Tier 1
West Bengal,11.73,Hero,Xtreme 160R,216337.0,2016,213.0,Petrol,36.38,Second,2024.0,Not Available,Dealer,159408.22,Tier 1
Punjab,64.5,Yamaha,Ray Zr,163093.0,2020,714.0,Hybrid,68.03,Second,2024.0,Not Available,Dealer,69612.93,Tier 3
Gujarat,25.69,Yamaha,Fz V3,53797.0,2018,135.0,Electric,92.07,Second,2021.0,Not Available,Individual,37618.82,Tier 2
Madhya Pradesh,54.97,Hero,Splendor Plus,360890.0,2019,440.0,Hybrid,74.83,Second,2024.0,Active,Individual,266171.86,Tier 3
Madhya Pradesh,49.75,Honda,Cbr 650R,112864.0,2023,363.0,Electric,91.88,Second,2024.0,Not Available,Dealer,62463.12,Metro
Maharashtra,22.36,Honda,Dio,102770.0,2021,482.0,Electric,61.24,Second,2023.0,Not Available,Individual,75030.44,Tier 3
Delhi,34.69,Royal Enfield,Classic 350,393592.0,2023,248.0,Electric,63.1,Second,2023.0,Not Available,Individual,259779.98,Tier 1
West Bengal,68.38,Ktm,Rc 390,159810.0,2023,725.0,Hybrid,67.66,Second,2024.0,Not Available,Dealer,127825.24,Metro
West Bengal,34.5,Kawasaki,Ninja 400,337526.0,2024,424.0,Hybrid,89.22,Third,2024.0,Active,Dealer,198523.18,Metro
West Bengal,66.07,Royal Enfield,Himalayan,129356.0,2022,311.0,Electric,99.72,First,2022.0,Expired,Dealer,57917.86,Tier 3
Maharashtra,29.36,Bajaj,Pulsar 150,114516.0,2022,563.0,Hybrid,88.82,Third,2023.0,Active,Dealer,84756.93,Tier 2
West Bengal,14.57,Tvs,Ronin,375012.0,2024,600.0,Petrol,70.2,Second,2024.0,Active,Individual,238863.05,Tier 2
Rajasthan,68.85,Tvs,Sport,369956.0,2019,485.0,Hybrid,76.7,Second,2024.0,Expired,Dealer,262901.44,Tier 2
Maharashtra,78.74,Kawasaki,Z650,90796.0,2024,361.0,Petrol,31.12,First,2024.0,Expired,Dealer,63664.25,Tier 2
Uttar Pradesh,60.81,Honda,Cbr 650R,264644.0,2024,356.0,Hybrid,67.46,Second,2024.0,Active,Individual,157124.41,Metro
Maharashtra,17.04,Honda,Cbr 650R,65175.0,2017,399.0,Petrol,53.02,Second,2022.0,Not Available,Dealer,50414.49,Tier 1
Rajasthan,69.82,Kawasaki,Ninja 400,68408.0,2021,146.0,Electric,73.9,Second,2021.0,Expired,Individual,42833.08,Tier 2
Maharashtra,23.38,Honda,Activa,95634.0,2024,666.0,Hybrid,83.67,Third,2024.0,Expired,Dealer,61654.58,Tier 3
Tamil Nadu,31.64,Ktm,Duke 200,121811.0,2015,466.0,Hybrid,70.2,Second,2024.0,Expired,Dealer,72150.21,Tier 2
Punjab,32.99,Honda,Unicorn,102423.0,2016,139.0,Electric,64.71,Second,2022.0,Expired,Individual,69058.05,Tier 1
Uttar Pradesh,61.42,Royal Enfield,Meteor 350,156557.0,2024,220.0,Hybrid,86.11,Second,2024.0,Active,Dealer,68596.08,Tier 1
Tamil Nadu,26.8,Kawasaki,Ninja 400,78886.0,2018,991.0,Petrol,29.12,Third,2024.0,Expired,Individual,34379.58,Tier 2
Tamil Nadu,71.11,Ktm,125 Duke,397190.0,2024,381.0,Hybrid,96.14,Second,2024.0,Active,Individual,183401.57,Tier 3
Madhya Pradesh,70.81,Tvs,Sport,106054.0,2021,326.0,Electric,87.01,Second,2023.0,Active,Individual,52184.78,Metro
Rajasthan,18.71,Hero,Passion Pro,237809.0,2024,718.0,Hybrid,70.2,Second,2024.0,Not Available,Individual,152956.92,Tier 3
Karnataka,62.85,Kawasaki,Ninja 300,132482.0,2021,556.0,Petrol,51.73,Second,2021.0,Active,Dealer,56240.86612638737,Tier 1
Maharashtra,36.62,Royal Enfield,Interceptor 650,170660.0,2021,268.0,Hybrid,83.61,Second,2021.0,Expired,Individual,110284.81,Tier 1
Gujarat,71.13,Yamaha,Fascino 125,63155.0,2021,982.0,Petrol,26.15,Third,2022.0,Not Available,Dealer,36007.92,Metro
Maharashtra,62.47,Ktm,125 Duke,367025.0,2024,843.0,Hybrid,76.94,Third,2024.0,Active,Individual,133472.89,Tier 1
Maharashtra,53.42,Kawasaki,Vulcan S,112633.0,2023,766.0,Hybrid,63.81,Second,2023.0,Active,Dealer,57409.05,Tier 3
Maharashtra,40.35,Bajaj,Dominar 400,333368.0,2020,510.0,Electric,81.61,Third,2023.0,Expired,Individual,252302.7,Tier 3
Madhya Pradesh,27.76,Hero,Glamour,82570.0,2023,692.0,Petrol,29.91,Second,2024.0,Not Available,Individual,48657.11,Tier 1
Madhya Pradesh,59.67,Hero,Glamour,142737.0,2023,753.0,Hybrid,66.66,Second,2023.0,Not Available,Dealer,103959.78,Tier 2
Uttar Pradesh,15.27,Ktm,125 Duke,85875.0,2022,435.0,Hybrid,63.87,Second,2024.0,Active,Individual,55509.14,Tier 1
Karnataka,23.46,Yamaha,R15 V4,284895.0,2015,679.0,Petrol,44.77,Third,2023.0,Expired,Individual,183167.13,Tier 1
Tamil Nadu,17.06,Honda,Shine,60418.0,2021,712.0,Hybrid,90.75,Second,2023.0,Not Available,Dealer,24190.33,Tier 3
Rajasthan,71.88,Yamaha,Fascino 125,172618.0,2022,884.0,Hybrid,87.9,Second,2024.0,Not Available,Dealer,97649.35,Tier 3
Gujarat,35.74,Yamaha,Fascino 125,255418.0,2023,623.0,Petrol,46.29,Second,2023.0,Active,Individual,154299.34,Tier 2
Uttar Pradesh,65.74,Honda,Dio,225595.0,2018,938.0,Electric,81.36,Second,2023.0,Not Available,Dealer,91338.19,Tier 1
Uttar Pradesh,72.38,Kawasaki,Ninja 400,376876.0,2024,441.0,Hybrid,63.26,Second,2024.0,Active,Individual,151221.39,Tier 1
Karnataka,65.49,Kawasaki,Ninja 400,196660.0,2023,855.0,Electric,63.97,Second,2024.0,Expired,Individual,81744.11,Tier 3
Uttar Pradesh,68.85,Royal Enfield,Classic 350,154485.0,2021,382.0,Electric,80.1,First,2021.0,Active,Individual,111024.94,Tier 1
Madhya Pradesh,31.34,Bajaj,Dominar 400,311253.0,2017,757.0,Electric,65.28,Second,2021.0,Active,Individual,208100.23,Metro
Rajasthan,79.42,Yamaha,Mt-15,328197.0,2023,286.0,Electric,92.52,Second,2023.0,Active,Dealer,236564.02,Tier 1
Uttar Pradesh,56.81,Hero,Xtreme 160R,134960.0,2019,316.0,Hybrid,70.2,Second,2024.0,Expired,Individual,70171.51,Tier 3
West Bengal,38.92,Kawasaki,Ninja 400,373058.0,2020,653.0,Hybrid,65.15,Second,2024.0,Not Available,Dealer,150411.75,Tier 3
Karnataka,58.35,Tvs,Sport,165087.0,2021,468.0,Hybrid,83.14,Second,2022.0,Not Available,Individual,110002.72,Tier 3
Maharashtra,52.94,Yamaha,R15 V4,292630.0,2018,194.0,Electric,76.8,Second,2023.0,Active,Dealer,158106.42,Tier 1
Madhya Pradesh,29.02,Kawasaki,Z650,250686.0,2019,273.0,Petrol,58.83,Second,2021.0,Active,Individual,113433.94,Tier 3
Karnataka,62.19,Yamaha,R15 V4,276894.0,2024,579.0,Petrol,27.84,Second,2024.0,Active,Dealer,196406.22,Tier 3
Rajasthan,56.14,Ktm,Rc 390,179837.0,2021,697.0,Petrol,36.91,Second,2021.0,Expired,Individual,87093.68,Tier 3
Uttar Pradesh,37.18,Tvs,Sport,122700.0,2023,283.0,Hybrid,76.66,Second,2023.0,Not Available,Individual,58206.7,Tier 1
Maharashtra,71.53,Tvs,Apache Rtr 160,356698.0,2018,178.0,Hybrid,90.13,Second,2021.0,Expired,Dealer,281486.07,Tier 3
Punjab,35.18,Yamaha,Fascino 125,69250.0,2023,246.0,Electric,98.17,Second,2023.0,Not Available,Dealer,51135.28,Tier 2
Rajasthan,74.62,Kawasaki,Z650,193414.0,2023,124.0,Petrol,50.14,Second,2023.0,Active,Dealer,87290.44,Metro
Delhi,69.49,Ktm,390 Adventure,275828.0,2021,105.0,Hybrid,83.43,Second,2022.0,Expired,Individual,212207.24,Tier 1
Rajasthan,10.23,Kawasaki,Versys 650,147252.0,2018,552.0,Hybrid,67.7,Second,2021.0,Active,Dealer,109056.56,Tier 1
Maharashtra,54.13,Ktm,Rc 390,387071.0,2022,260.0,Electric,82.0,Second,2023.0,Not Available,Individual,240638.28,Tier 1
Uttar Pradesh,79.68,Bajaj,Avenger 220,232040.0,2019,643.0,Hybrid,82.61,Second,2021.0,Expired,Dealer,106156.6,Tier 1
Rajasthan,68.27,Honda,Dio,64158.0,2021,673.0,Electric,78.55,Second,2024.0,Not Available,Dealer,44562.37,Metro
Punjab,36.81,Hero,Splendor Plus,79908.0,2023,971.0,Petrol,54.43,Third,2023.0,Not Available,Individual,54363.32,Tier 3
Punjab,20.9,Yamaha,R15 V4,147141.0,2024,505.0,Electric,62.34,Second,2024.0,Not Available,Individual,92311.29378285968,Tier 2
Karnataka,9.85,Kawasaki,Versys 650,167470.0,2018,141.0,Hybrid,76.24,Third,2022.0,Expired,Individual,74680.72,Tier 3
Karnataka,34.16,Bajaj,Platina 110,261098.0,2022,824.0,Electric,85.7,First,2022.0,Not Available,Dealer,116617.64,Metro
Rajasthan,11.02,Honda,Unicorn,375933.0,2019,0.0,Petrol,53.86,Second,2021.0,Not Available,Dealer,211792.04343294137,Tier 2
Uttar Pradesh,77.71,Royal Enfield,Meteor 350,60961.0,2019,588.0,Electric,85.58,Second,2022.0,Not Available,Dealer,37154.35,Tier 2
Punjab,63.97,Hero,Passion Pro,329516.0,2017,485.0,Petrol,43.94,Second,2022.0,Not Available,Dealer,155553.74,Tier 1
Tamil Nadu,57.98,Ktm,Duke 200,217220.0,2020,337.0,Hybrid,92.25,Second,2024.0,Expired,Individual,100520.99,Tier 3
Delhi,15.36,Honda,Dio,200284.0,2020,427.0,Petrol,32.05,Third,2023.0,Active,Individual,158734.48,Tier 1
Gujarat,7.07,Ktm,125 Duke,99236.0,2024,972.0,Hybrid,99.17,Second,2024.0,Expired,Individual,76596.46,Metro
Maharashtra,63.19,Bajaj,Dominar 400,135887.0,2024,484.0,Petrol,33.03,First,2024.0,Active,Dealer,71159.16,Tier 3
Gujarat,62.66,Yamaha,Ray Zr,252524.0,2019,990.0,Electric,69.97,Second,2023.0,Expired,Dealer,119073.41,Tier 2
Punjab,28.83,Yamaha,Fz V3,260258.0,2024,967.0,Petrol,29.92,Second,2024.0,Active,Individual,116192.62,Tier 2
Gujarat,68.29,Honda,Activa,244049.0,2016,207.0,Hybrid,70.2,Second,2024.0,Expired,Individual,142638.99,Tier 3
Punjab,37.16,Tvs,Ronin,377483.0,2021,115.0,Hybrid,97.36,First,2021.0,Active,Dealer,197901.93,Metro
Karnataka,42.8,Bajaj,Avenger 220,296808.0,2023,502.0,Electric,81.23,Second,2023.0,Expired,Dealer,200094.11,Tier 3
Rajasthan,53.04,Yamaha,Mt-15,88587.0,2022,857.0,Electric,89.33,Second,2024.0,Active,Individual,64589.13,Tier 2
Madhya Pradesh,34.93,Royal Enfield,Hunter 350,143748.0,2022,223.0,Electric,74.19,Second,2024.0,Not Available,Dealer,72943.15,Tier 3
Madhya Pradesh,40.24,Royal Enfield,Classic 350,291794.0,2017,794.0,Hybrid,96.06,Third,2023.0,Not Available,Dealer,153329.29,Tier 1
Madhya Pradesh,16.21,Hero,Hf Deluxe,54587.0,2022,887.0,Hybrid,93.46,Second,2024.0,Not Available,Individual,133472.89,Tier 1
Delhi,59.45,Tvs,Ronin,381612.0,2021,703.0,Hybrid,70.85,Second,2023.0,Active,Dealer,242372.32,Tier 3
Rajasthan,32.44,Yamaha,R15 V4,160306.0,2020,671.0,Petrol,35.1,Third,2023.0,Expired,Dealer,128157.44,Tier 3
Gujarat,42.69,Yamaha,Fz V3,280187.0,2017,780.0,Petrol,27.26,Second,2022.0,Not Available,Individual,135536.36,Tier 2
Tamil Nadu,39.39,Yamaha,Fz V3,164128.0,2023,405.0,Hybrid,80.88,Second,2023.0,Active,Individual,79143.91,Tier 1
Madhya Pradesh,24.6,Honda,Cbr 650R,366463.0,2021,754.0,Petrol,70.2,Second,2021.0,Not Available,Dealer,167895.26,Tier 2
Punjab,29.3,Bajaj,Pulsar 150,304243.0,2021,167.0,Hybrid,84.61,Third,2022.0,Not Available,Dealer,188498.24,Tier 1
Karnataka,47.35,Ktm,250 Duke,234364.0,2022,683.0,Petrol,70.2,Second,2022.0,Active,Dealer,131703.71,Tier 1
Punjab,18.04,Bajaj,Platina 110,225435.0,2023,544.0,Petrol,41.1,Second,2023.0,Active,Individual,134969.87,Tier 1
Punjab,40.72,Hero,Splendor Plus,72038.0,2015,455.0,Hybrid,79.55,Second,2023.0,Expired,Dealer,52400.2,Metro
West Bengal,6.72,Honda,Activa,55931.0,2019,540.0,Petrol,55.7,Second,2021.0,Not Available,Dealer,24055.15,Tier 1
Rajasthan,22.89,Hero,Splendor Plus,225478.0,2022,978.0,Hybrid,90.39,Third,2022.0,Not Available,Dealer,136061.71,Tier 3
Karnataka,38.64,Hero,Hf Deluxe,379205.0,2018,236.0,Electric,94.8,Third,2023.0,Not Available,Dealer,195613.31,Tier 3
Tamil Nadu,46.82,Honda,Cbr 650R,388477.0,2024,946.0,Electric,75.4,Second,2024.0,Not Available,Dealer,281792.69,Tier 1
Punjab,35.66,Royal Enfield,Classic 350,59211.0,2019,113.0,Electric,80.8,Second,2024.0,Expired,Individual,38392.68,Tier 2
Punjab,5.97,Honda,Activa,332641.0,2023,209.0,Hybrid,67.2,Second,2024.0,Expired,Individual,214392.98,Tier 3
Punjab,27.43,Kawasaki,Ninja 400,240722.0,2024,614.0,Electric,75.64,Second,2024.0,Active,Individual,164364.58,Tier 2
Maharashtra,50.11,Honda,Dio,167291.0,2019,581.0,Petrol,53.46,Third,2021.0,Not Available,Dealer,126534.97,Tier 1
Maharashtra,43.76,Ktm,Rc 390,149263.0,2024,858.0,Hybrid,87.04,Second,2024.0,Expired,Individual,74014.56,Tier 3
West Bengal,28.12,Royal Enfield,Hunter 350,120622.0,2020,315.0,Electric,97.18,Third,2022.0,Expired,Individual,73290.11,Metro
Delhi,8.79,Royal Enfield,Interceptor 650,213193.0,2021,408.0,Electric,74.99,First,2021.0,Expired,Individual,92612.25,Metro
Punjab,37.48,Yamaha,Mt-15,229311.0,2021,139.0,Hybrid,70.82,Second,2021.0,Active,Dealer,99891.72,Tier 1
Punjab,9.17,Royal Enfield,Himalayan,244147.0,2021,244.0,Hybrid,83.19,Second,2024.0,Not Available,Individual,166872.6,Tier 1
Madhya Pradesh,27.96,Bajaj,Ct 100,384260.0,2020,239.0,Hybrid,98.57,Third,2023.0,Active,Individual,210907.63,Metro
Madhya Pradesh,30.39,Kawasaki,Vulcan S,60733.0,2023,701.0,Electric,65.36,Second,2023.0,Not Available,Dealer,40252.7,Tier 2
Maharashtra,22.2,Ktm,125 Duke,231358.0,2019,427.0,Hybrid,60.67,Third,2024.0,Active,Dealer,158054.2,Tier 1
Madhya Pradesh,48.36,Ktm,390 Adventure,263805.0,2023,598.0,Electric,90.59,Second,2023.0,Not Available,Individual,144117.81,Tier 1
Gujarat,21.15,Tvs,Ronin,77473.0,2019,916.0,Hybrid,95.19,Second,2021.0,Active,Dealer,55639.66,Metro
Delhi,77.1,Bajaj,Ct 100,149448.0,2021,298.0,Electric,86.84,Second,2023.0,Active,Dealer,64601.26,Tier 3
Karnataka,68.5,Tvs,Apache Rtr 160,148072.0,2015,177.0,Petrol,26.13,Second,2022.0,Not Available,Individual,105809.76,Tier 2
Rajasthan,41.84,Kawasaki,Versys 650,200982.0,2023,985.0,Hybrid,69.34,Second,2023.0,Not Available,Individual,86155.23,Tier 1
Uttar Pradesh,75.92,Bajaj,Avenger 220,393126.0,2022,270.0,Hybrid,63.35,Second,2023.0,Expired,Individual,257491.23,Metro
West Bengal,28.78,Bajaj,Avenger 220,231421.0,2024,924.0,Petrol,36.77,Second,2024.0,Not Available,Dealer,116891.19,Metro
Gujarat,46.36,Tvs,Sport,379107.0,2021,401.0,Petrol,34.65,Second,2021.0,Expired,Dealer,235043.63,Metro
Punjab,62.5,Bajaj,Pulsar 150,337399.0,2022,493.0,Petrol,50.22,First,2022.0,Active,Dealer,208468.8,Metro
Karnataka,76.35,Yamaha,R15 V4,146159.0,2018,474.0,Hybrid,70.2,Third,2023.0,Active,Dealer,88364.63,Metro
Karnataka,74.93,Ktm,Rc 390,353696.0,2021,187.0,Hybrid,67.72,Second,2024.0,Expired,Individual,174319.83,Tier 1
Tamil Nadu,5.01,Bajaj,Ct 100,369021.0,2017,301.0,Petrol,37.84,Third,2022.0,Not Available,Dealer,288376.75,Tier 2
West Bengal,25.93,Tvs,Jupiter,249960.0,2024,467.0,Petrol,34.54,Second,2024.0,Expired,Dealer,196512.57,Tier 2
Punjab,11.26,Ktm,Rc 390,277053.0,2022,315.0,Hybrid,81.16,Second,2022.0,Expired,Individual,133472.89,Tier 1
Karnataka,23.65,Yamaha,Ray Zr,316406.0,2024,539.0,Hybrid,70.2,Second,2024.0,Not Available,Individual,134535.03,Tier 2
Punjab,46.42,Hero,Glamour,367471.0,2017,828.0,Electric,91.8,Third,2021.0,Not Available,Individual,200822.79,Metro
Delhi,65.75,Royal Enfield,Interceptor 650,273997.0,2022,209.0,Petrol,58.73,Second,2023.0,Active,Individual,215428.56,Tier 2
Tamil Nadu,51.25,Royal Enfield,Hunter 350,137165.0,2020,581.0,Hybrid,98.6,Third,2023.0,Active,Dealer,72722.0,Tier 3
Tamil Nadu,61.91,Royal Enfield,Interceptor 650,79777.0,2023,629.0,Petrol,50.65,Second,2023.0,Active,Dealer,55183.77,Metro
Tamil Nadu,64.58,Bajaj,Platina 110,130683.0,2019,298.0,Hybrid,71.53,Second,2021.0,Not Available,Dealer,59844.97,Tier 3
Tamil Nadu,58.93,Kawasaki,Vulcan S,361924.0,2015,711.0,Electric,86.28,Second,2024.0,Expired,Dealer,275399.94,Metro
West Bengal,44.64,Hero,Xtreme 160R,245927.0,2024,632.0,Hybrid,99.58,Second,2024.0,Expired,Individual,142253.45,Tier 2
Madhya Pradesh,77.67,Kawasaki,Ninja 400,93124.0,2019,410.0,Hybrid,66.09,Second,2021.0,Expired,Dealer,64584.84,Tier 2
West Bengal,59.68,Kawasaki,Z650,96403.0,2015,970.0,Petrol,59.84,Third,2024.0,Expired,Dealer,38791.99,Tier 3
Delhi,8.29,Ktm,Duke 200,348481.0,2019,275.0,Petrol,30.52,Second,2022.0,Expired,Individual,235352.6,Tier 2
Tamil Nadu,11.92,Hero,Splendor Plus,91493.0,2024,826.0,Hybrid,94.46,Third,2024.0,Expired,Individual,47605.03,Tier 3
Punjab,13.65,Tvs,Ntorq 125,247189.0,2023,326.0,Electric,87.52,Third,2024.0,Expired,Individual,158681.71,Metro
Maharashtra,63.18,Yamaha,R15 V4,278282.0,2024,794.0,Petrol,40.77,First,2024.0,Expired,Dealer,115333.8587349414,Tier 3
Delhi,45.89,Yamaha,Fz V3,195269.0,2023,417.0,Petrol,50.3,Second,2023.0,Expired,Individual,101085.25,Metro
Karnataka,67.62,Bajaj,Dominar 400,63074.0,2019,740.0,Electric,70.2,Third,2024.0,Expired,Dealer,40853.72,Tier 2
Madhya Pradesh,12.5,Yamaha,R15 V4,178454.0,2019,542.0,Petrol,31.19,Second,2024.0,Not Available,Dealer,106022.89,Tier 2
Gujarat,27.32,Royal Enfield,Classic 350,250535.0,2023,553.0,Hybrid,69.43,Second,2023.0,Expired,Individual,176857.94,Tier 1
Madhya Pradesh,41.26,Bajaj,Ct 100,99620.0,2021,302.0,Electric,70.2,Third,2022.0,Active,Dealer,53183.41,Tier 1
Delhi,45.11,Honda,Dio,82114.0,2023,541.0,Petrol,36.83,Third,2023.0,Expired,Individual,33757.75,Tier 1
Uttar Pradesh,74.61,Hero,Xtreme 160R,106841.0,2015,323.0,Hybrid,97.07,Third,2023.0,Not Available,Individual,53314.24,Metro
West Bengal,9.07,Yamaha,Mt-15,337220.0,2020,124.0,Electric,80.13,Second,2024.0,Not Available,Individual,155888.85,Metro
Uttar Pradesh,68.8,Hero,Passion Pro,255201.0,2019,949.0,Electric,99.4,Second,2024.0,Active,Individual,143366.08,Tier 1
Maharashtra,42.63,Kawasaki,Vulcan S,321134.0,2021,607.0,Hybrid,81.04,Second,2021.0,Expired,Dealer,219901.41,Tier 3
Gujarat,47.02,Kawasaki,Ninja 400,174136.0,2020,570.0,Hybrid,86.57,Second,2024.0,Not Available,Dealer,133353.8,Tier 3
Punjab,27.66,Hero,Glamour,399261.0,2024,916.0,Petrol,29.96,First,2024.0,Not Available,Individual,262756.87,Tier 1
Rajasthan,71.12,Kawasaki,Versys 650,350879.0,2022,773.0,Electric,99.82,Second,2023.0,Expired,Individual,150970.33,Metro
Uttar Pradesh,68.67,Yamaha,Fascino 125,349961.0,2024,528.0,Petrol,50.89,Second,2024.0,Not Available,Individual,254859.74,Tier 3
Gujarat,46.59,Ktm,Duke 200,281377.0,2023,175.0,Hybrid,79.15,Third,2023.0,Expired,Dealer,198561.92,Tier 1
Rajasthan,37.11,Royal Enfield,Classic 350,106365.0,2018,760.0,Petrol,70.2,Second,2021.0,Active,Individual,68203.13,Tier 1
Rajasthan,47.89,Yamaha,R15 V4,52332.0,2019,453.0,Electric,97.15,Second,2024.0,Not Available,Dealer,34387.4,Tier 3
Rajasthan,32.51,Tvs,Ntorq 125,287321.0,2021,734.0,Electric,66.98,Second,2022.0,Expired,Individual,133472.89,Metro
Tamil Nadu,64.86,Honda,Unicorn,319235.0,2023,339.0,Hybrid,82.33,Second,2023.0,Expired,Individual,193088.86,Tier 2
Madhya Pradesh,21.21,Yamaha,Fascino 125,181969.0,2017,713.0,Petrol,29.14,Second,2021.0,Not Available,Dealer,113306.08,Tier 3
Madhya Pradesh,29.46,Hero,Splendor Plus,376097.0,2023,901.0,Electric,84.62,Third,2024.0,Active,Individual,263667.56,Tier 2
West Bengal,34.69,Kawasaki,Vulcan S,75881.0,2023,996.0,Petrol,37.1,Third,2024.0,Expired,Dealer,51631.78,Tier 1
Madhya Pradesh,75.7,Yamaha,Fz V3,177150.0,2024,953.0,Electric,70.2,Second,2024.0,Expired,Dealer,137990.34,Metro
Gujarat,17.98,Ktm,390 Adventure,86488.0,2022,371.0,Hybrid,63.62,Second,2022.0,Not Available,Dealer,48020.45465734438,Tier 3
Delhi,37.2,Ktm,390 Adventure,229841.0,2020,569.0,Petrol,70.2,Second,2021.0,Active,Dealer,100737.88,Metro
Madhya Pradesh,68.49,Tvs,Ntorq 125,233037.0,2023,821.0,Hybrid,74.71,Second,2023.0,Not Available,Dealer,168957.83,Tier 1
West Bengal,8.66,Yamaha,Ray Zr,310400.0,2017,152.0,Hybrid,78.12,Third,2023.0,Not Available,Dealer,192585.14,Tier 2
Karnataka,79.15,Honda,Dio,363784.0,2017,189.0,Electric,83.49,Second,2023.0,Expired,Dealer,181111.98,Tier 3
Punjab,46.9,Bajaj,Pulsar 150,148101.0,2022,633.0,Electric,66.91,Second,2023.0,Expired,Individual,73459.72,Tier 3
Uttar Pradesh,29.87,Hero,Hf Deluxe,285795.0,2015,586.0,Petrol,34.28,Second,2023.0,Not Available,Individual,119891.99,Metro
West Bengal,66.76,Hero,Passion Pro,107834.0,2023,286.0,Hybrid,65.32,Second,2024.0,Expired,Individual,74836.11,Tier 3
Karnataka,39.72,Kawasaki,Ninja 400,127508.0,2023,476.0,Hybrid,61.56,Second,2023.0,Active,Dealer,70436.41,Metro
Uttar Pradesh,68.11,Royal Enfield,Interceptor 650,246969.0,2021,565.0,Petrol,49.71,First,2021.0,Not Available,Individual,102237.5,Tier 1
Maharashtra,44.2,Honda,Dio,220706.0,2019,205.0,Petrol,70.2,Second,2023.0,Active,Individual,104336.4,Metro
Madhya Pradesh,31.71,Hero,Passion Pro,263247.0,2018,786.0,Hybrid,75.1,Second,2024.0,Expired,Individual,162565.16,Tier 3
Tamil Nadu,64.51,Honda,Cbr 650R,144396.0,2022,801.0,Electric,76.48,Third,2024.0,Expired,Individual,70145.62,Tier 3
Rajasthan,57.32,Honda,Cbr 650R,316195.0,2018,820.0,Hybrid,60.29,Second,2023.0,Expired,Individual,127720.57,Tier 3
Gujarat,19.84,Royal Enfield,Himalayan,378786.0,2018,347.0,Petrol,31.76,Second,2021.0,Expired,Dealer,288560.4,Tier 2
Karnataka,34.59,Ktm,250 Duke,296868.0,2024,422.0,Petrol,59.36,Third,2024.0,Active,Individual,137672.44,Tier 3
Rajasthan,18.89,Royal Enfield,Himalayan,163559.0,2022,672.0,Petrol,37.77,First,2022.0,Active,Dealer,85962.25,Tier 1
Madhya Pradesh,26.56,Honda,Cbr 650R,245971.0,2024,942.0,Petrol,26.77,Second,2024.0,Not Available,Dealer,152175.04,Tier 2
Maharashtra,15.62,Bajaj,Platina 110,385318.0,2016,234.0,Electric,88.87,Third,2021.0,Not Available,Dealer,170943.62,Tier 2
Uttar Pradesh,61.5,Tvs,Ronin,331979.0,2023,290.0,Electric,90.11,First,2023.0,Not Available,Dealer,139271.45,Tier 2
Gujarat,-5.0,Royal Enfield,Classic 350,203888.0,2018,707.0,Electric,76.82,Second,2022.0,Expired,Individual,98831.58,Tier 3
Uttar Pradesh,63.26,Ktm,250 Duke,132330.0,2022,667.0,Electric,76.85,Second,2022.0,Expired,Individual,92238.92,Tier 2
Gujarat,79.89,Yamaha,Fz V3,185693.0,2023,143.0,Petrol,45.99,Second,2023.0,Active,Individual,91892.78,Tier 1
Karnataka,29.74,Royal Enfield,Hunter 350,128372.0,2024,298.0,Petrol,51.76,Second,2024.0,Expired,Individual,66655.23,Tier 2
Uttar Pradesh,35.27,Royal Enfield,Himalayan,158927.0,2020,651.0,Electric,83.3,Second,2021.0,Not Available,Dealer,110431.32,Tier 3
West Bengal,23.03,Ktm,Rc 390,389799.0,2021,249.0,Electric,91.09,Third,2021.0,Expired,Individual,167429.96,Tier 2
Gujarat,27.18,Tvs,Jupiter,350776.0,2015,545.0,Electric,63.05,Second,2021.0,Active,Dealer,194635.11,Metro
Punjab,68.48,Ktm,125 Duke,354141.0,2021,463.0,Hybrid,82.56,Third,2022.0,Not Available,Dealer,222127.34,Tier 2
Gujarat,57.59,Honda,Unicorn,55245.0,2022,627.0,Electric,81.78,Second,2023.0,Not Available,Dealer,34563.65,Tier 2
Tamil Nadu,61.59,Tvs,Ntorq 125,347785.0,2024,808.0,Petrol,49.58,First,2024.0,Expired,Dealer,153887.43,Tier 2
Punjab,28.33,Kawasaki,Z650,211196.0,2023,769.0,Petrol,34.51,Second,2023.0,Expired,Dealer,108369.89,Metro
Rajasthan,50.64,Tvs,Jupiter,280337.0,2024,267.0,Hybrid,80.99,Second,2023.0,Not Available,Individual,121731.66,Metro
Maharashtra,14.03,Bajaj,Ct 100,186955.0,2019,160.0,Electric,89.45,Second,2021.0,Expired,Dealer,85892.97,Tier 3
Maharashtra,29.76,Hero,Hf Deluxe,346261.0,2015,611.0,Petrol,53.71,Second,2021.0,Expired,Individual,263786.53,Tier 3
Uttar Pradesh,28.6,Hero,Passion Pro,120770.0,2022,781.0,Petrol,30.9,Second,2023.0,Not Available,Individual,72816.64,Tier 2
Karnataka,39.18,Tvs,Ronin,257065.0,2024,748.0,Petrol,48.74,Third,2024.0,Expired,Dealer,136681.07,Tier 1
Maharashtra,15.63,Kawasaki,Z650,55263.0,2023,964.0,Electric,83.12,Third,2024.0,Not Available,Individual,39229.01,Tier 2
Gujarat,36.96,Bajaj,Dominar 400,85737.0,2021,397.0,Hybrid,62.27,Second,2021.0,Not Available,Dealer,43298.65,Tier 3
Tamil Nadu,42.88,Royal Enfield,Classic 350,146907.0,2021,185.0,Petrol,27.65,Second,2021.0,Expired,Dealer,68324.84,Tier 2
Maharashtra,20.81,Honda,Activa,145817.0,2021,121.0,Hybrid,81.8,Third,2023.0,Not Available,Dealer,133472.89,Tier 2
Uttar Pradesh,33.25,Bajaj,Ct 100,367167.0,2021,982.0,Hybrid,70.2,Second,2023.0,Expired,Dealer,264974.45,Tier 1
Madhya Pradesh,61.46,Yamaha,Fz V3,171346.0,2020,551.0,Electric,99.81,Second,2022.0,Expired,Dealer,135446.86,Tier 3
Rajasthan,79.84,Hero,Passion Pro,61838.0,2023,212.0,Petrol,36.87,Second,2024.0,Expired,Dealer,37965.5,Metro
Madhya Pradesh,67.68,Royal Enfield,Interceptor 650,166846.0,2024,115.0,Petrol,49.61,Second,2024.0,Not Available,Individual,79583.35,Tier 1
Maharashtra,26.5,Yamaha,Ray Zr,344728.0,2021,387.0,Electric,78.42,Second,2022.0,Expired,Individual,267493.12,Tier 2
Delhi,65.71,Ktm,250 Duke,176671.0,2021,955.0,Hybrid,77.29,Second,2024.0,Active,Individual,129459.95,Tier 3
Uttar Pradesh,57.73,Hero,Xtreme 160R,341139.0,2021,373.0,Electric,97.44,Second,2021.0,Active,Individual,268000.09,Tier 2
Tamil Nadu,44.03,Royal Enfield,Meteor 350,334352.0,2019,273.0,Hybrid,93.03,Second,2022.0,Active,Individual,183021.53,Tier 2
Gujarat,5.32,Tvs,Sport,207061.0,2019,611.0,Petrol,49.26,Second,2024.0,Active,Dealer,160834.79,Tier 2
Gujarat,45.46,Tvs,Ronin,296120.0,2022,412.0,Hybrid,60.99,First,2022.0,Expired,Individual,232485.66,Metro
Gujarat,36.9,Royal Enfield,Himalayan,195922.0,2024,144.0,Petrol,33.2,Second,2024.0,Not Available,Individual,149712.42,Tier 2
