State,Avg Daily Distance (km),Brand,Model,Price (INR),Year of Manufacture,Engine Capacity (cc),Fuel Type,Mileage (km/l),Owner Type,Registration Year,Insurance Status,Seller Type,Resale Price (INR),City Tier
Karnataka,29.66,KTM,250 Duke,162227,2020,690,Hybrid,76.29,SECOND,2024,  Active  ,Individual,,Metro
Gujarat,20.27,YAMAHA,R15 V4,280899,2021,308,ELECTRIC,88.68,SECOND,2022,Not Available,DEALER,118779.67,Tier 2
maharashtra,21.05,ktm,250 Duke,310277,2022,417,HYBRID,69.05,,2022,EXPIRED,Dealer,,metro
TAMIL NADU,77.06,Hero,HF Deluxe,324844,2023,497,Petrol,36.61,2nd,2024,Not Available,Dealer,163710.98,  Tier 3  
Delhi,54.87,hero,HF Deluxe,149728,2023,644,Electric,80.9,1st,2023,Not Available,DEALER,74701.67,METRO
Karnataka,24.38,Bajaj,Pulsar 150,"₹319,080",2020,111,hybrid,72.9,third owner,2022,Expired,  Dealer  ,199482.09,  Tier 3  
Punjab,76.19,Bajaj,CT 100,288359,2022,194,Petrol,59.42,THIRD,2022,Expired,Dealer,123412.86,  Tier 1  
Tamil Nadu,23.04,  Yamaha  ,MT-15,92829,2017,200,electric,99.77,2nd,2021,  Active  ,Individual,42934.94,Tier 3
West Bengal,70.83,tvs,Ronin,150991,2020,577,Electric,63.73,3rd,2024,,Individual,75730.39,  Tier 1  
Gujarat,52.04,Yamaha,MT-15,280917,2016,609,Hybrid,79.37,2nd,2021,ACTIVE,Individual,193576.22,Metro
Karnataka,24.32,Royal Enfield,Classic 350,327312,2024,123,Hybrid,92.78,first owner,2024,EXPIRED,  Individual  ,230889.91,Tier 3
delhi,75.35,  TVS  ,Ronin,169295,2024,495,Hybrid,86.52,second owner,2024,Active,Dealer,111197.11,  Metro  
  Madhya Pradesh  ,38.44,hero,Glamour,110183,2020,948,Petrol,29.14,3rd,2021,expired,Dealer,77592.06,Tier 2
  Gujarat  ,57.25,Tvs,NTorq 125,195569,2021,849,Petrol,,Third,2023,Active,Dealer,102735.95,Tier 2
Rajasthan,78.97,YAMAHA,R15 V4,"₹146,648",2015,824,  Hybrid  ,97.41,2nd,2021,NOT AVAILABLE,  Individual  ,94594.79,Tier 3
MADHYA PRADESH,50.39,Tvs,Jupiter,298601,2021,497,Electric,,,2021,Expired,Dealer,162021.7,Tier 1
Punjab,51.75,  KTM  ,Duke 200,338066,2024,859,HYBRID,87.06,1st,2024,Active,dealer,238810.17,Metro
  Uttar Pradesh  ,73.54,Honda,Dio,283241,2019,489,Petrol,,3rd,2023,Not Available,Individual,123017.53,Metro
Rajasthan,68.42,kawasaki,Ninja 400,203644,2022,639,Electric,81.17,SECOND,2022,Not Available,individual,109714.36,tier 1
DELHI,32.69,  Yamaha  ,Ray ZR,309798,2020,270,Hybrid,74.4,3rd,2019,Expired,dealer,234867.7,TIER 3
karnataka,41.17,Bajaj,Avenger 220,111375,2022,256,Petrol,54.78,third owner,2023,Not Available,Individual,57908.05,TIER 1
  West Bengal  ,48.46,Bajaj,Pulsar 150,377609,2023,607,hybrid,74.86,1st,2023,Not Available,Dealer,199073.49,Tier 3
  Karnataka  ,54.22,Bajaj,CT 100,340430,2022,631,hybrid,89.65,1st,2022,Not Available,Individual,162159.98,  Tier 1  
Rajasthan,19.64,Bajaj,Platina 110,238654,2021,194,Hybrid,71.65,First,2021,Active,DEALER,132667.57,Metro
PUNJAB,77.04,HERO,Passion Pro,265716,2021,438,Electric,96.32,2nd,2023,  Not Available  ,  Dealer  ,152776.0,tier 3
Rajasthan,61.81,  Hero  ,HF Deluxe,308713,2024,402,ELECTRIC,96.26,THIRD,2024,  Not Available  ,INDIVIDUAL,229702.91,Tier 2
  Madhya Pradesh  ,44.95,Royal Enfield,Classic 350,321321,2020,667,Electric,89.5,third owner,2023,EXPIRED,individual,227938.71,tier 1
Punjab,5.22,KTM,390 Adventure,286670,2020,717,Electric,74.57,Third,2021,EXPIRED,dealer,170160.5,Tier 3
Maharashtra,13.39,Bajaj,Pulsar 150,278790,2017,960,Electric,84.35,2nd,2015,NOT AVAILABLE,  Dealer  ,214469.05,Tier 3
Gujarat,12.14,yamaha,Fascino 125,390239,2021,592,Petrol,42.77,first owner,2021,  Active  ,Individual,311322.43,TIER 3
Uttar Pradesh,52.64,yamaha,FZ V3,327445,2022,786,Electric,61.54,third owner,2024,,Individual,196190.94,tier 1
Rajasthan,77.24,hero,Glamour,200210,2022,254,Electric,70.65,first owner,2022,  Not Available  ,Individual,133418.39,  Tier 3  
Tamil Nadu,12.15,Hero,Passion Pro,178709,2019,406,ELECTRIC,83.0,2nd,2021,ACTIVE,dealer,126289.57,tier 3
MAHARASHTRA,43.94,Royal Enfield,Hunter 350,334314,2017,440,petrol,47.24,second owner,2024,Not Available,Individual,192353.34,TIER 2
Uttar Pradesh,17.33,yamaha,MT-15,147881,2022,118,HYBRID,66.91,First,2022,  Expired  ,Individual,79418.16,  Tier 1  
Uttar Pradesh,31.91,Hero,Splendor Plus,281327,2020,313,Petrol,36.93,Third,2024,Active,Individual,188254.84,Metro
Maharashtra,56.35,  Royal Enfield  ,Himalayan,239013,2024,234,PETROL,36.12,Second,2024,NOT AVAILABLE,  Dealer  ,101833.67,Tier 1
  West Bengal  ,19.72,TVS,Jupiter,236825,2024,276,Petrol,43.46,second owner,2024,Active,Dealer,121040.77,Tier 1
tamil nadu,72.23,Kawasaki,Z650,155574,2024,840,Petrol,49.8,Second,2024,Expired,individual,121376.15,TIER 1
  Gujarat  ,22.57,Honda,Dio,70947,2022,498,HYBRID,62.68,THIRD,2022,Expired,Dealer,48073.78,Tier 3
Delhi,72.1,TVS,Jupiter,396472,2021,942,PETROL,32.86,Third,2024,  Active  ,Dealer,269387.72,Tier 3
GUJARAT,54.54,Yamaha,R15 V4,203588,2021,583,ELECTRIC,,,2024,  Expired  ,Individual,109603.43,Tier 1
gujarat,67.83,KAWASAKI,Vulcan S,206540,2024,469,Hybrid,80.07,Second,2024,not available,Dealer,130554.44,metro
Karnataka,43.95,TVS,Apache RTR 160,144565,2024.0,167,Petrol,29.44,first owner,2024,Expired,Dealer,86786.8,Metro
PUNJAB,45.1,KAWASAKI,Vulcan S,393154,2020,568,petrol,36.22,Third,2024,  Expired  ,Dealer,292425.77,Tier 2
DELHI,34.69,royal enfield,Classic 350,397044,2015,923,Hybrid,68.77,Second,2022,active,Dealer,259274.4,Tier 2
Gujarat,13.16,Royal Enfield,Interceptor 650,336431,2019,354,Hybrid,76.79,Third,2023,Active,Individual,147155.4,Tier 1
  Gujarat  ,74.42,  Honda  ,Activa,211818,2017,416,Hybrid,85.4,third owner,2022,NOT AVAILABLE,Individual,127083.99,Metro
Madhya Pradesh,5.41,Honda,Activa,352157,2016,826,Electric,77.86,second owner,2022,  Expired  ,  Individual  ,,Metro
Tamil Nadu,33.15,KTM,250 Duke,107263,2024,476,Electric,95.53,second owner,2024,  Expired  ,  Individual  ,54706.06,  Tier 3  
punjab,75.43,TVS,Sport,322747,2022,252,Petrol,57.12,Second,2023,active,Dealer,203970.76,  Tier 2  
Tamil Nadu,76.4,Kawasaki,Z650,103570,2021,862,hybrid,85.11,Third,2021,Active,Dealer,43966.51,TIER 3
UTTAR PRADESH,68.37,Yamaha,Fascino 125,151506,2021,497,Petrol,34.12,1st,2021,  Not Available  ,INDIVIDUAL,109657.87,metro
Karnataka,24.14,tvs,Jupiter,145061,2024,353,Petrol,28.08,FIRST,2024,Not Available,INDIVIDUAL,83042.09,Tier 2
West Bengal,9.49,  Hero  ,HF Deluxe,229778,2020,368,Electric,91.29,3rd,2021,Expired,individual,168530.22,tier 2
  Delhi  ,7.61,  Hero  ,HF Deluxe,171260,2021,170,HYBRID,66.03,first owner,2021,active,Individual,103862.2,TIER 3
  Tamil Nadu  ,74.85,YAMAHA,Fascino 125,288764,2023,470,Petrol,51.89,FIRST,2023,ACTIVE,Dealer,120996.42,Tier 2
Delhi,68.0,kawasaki,Ninja 400,64863,2024,909,Hybrid,80.89,Second,2024,Not Available,Dealer,50611.96,Tier 3
Karnataka,10.5,Honda,CBR 650R,254581,2022,834,Petrol,36.04,2nd,2022,Expired,Individual,181456.98,Tier 2
Madhya Pradesh,73.26,KAWASAKI,Versys 650,74684,2023,293,Petrol,54.62,3rd,2023,Not Available,dealer,48193.79,Tier 1
Maharashtra,59.61,Kawasaki,Ninja 300,251783,2016,779,PETROL,59.73,Third,2021,Not Available,individual,193643.8,TIER 3
Rajasthan,26.18,Bajaj,CT 100,68000,2021,109,Electric,63.74,SECOND,2023,Active,DEALER,30586.37,Tier 1
Tamil Nadu,11.83,royal enfield,Classic 350,263728,2021,984,Electric,81.06,Third,2023,Expired,Dealer,112885.83,Tier 1
Madhya Pradesh,44.9,Yamaha,MT-15,57844,2019,218,Electric,61.1,second owner,2022,  Not Available  ,Dealer,27256.09,Tier 3
  West Bengal  ,72.81,Bajaj,Avenger 220,328379,2023,287,Electric,68.35,third owner,2024,,Dealer,180932.26,  Metro  
karnataka,31.27,TVS,Apache RTR 160,224917,2016,454,Petrol,27.28,,2024,  Expired  ,Dealer,103546.72,Tier 3
punjab,20.31,Hero,Splendor Plus,284414,2024,688,petrol,,FIRST,2024,Expired,  Dealer  ,144228.41,Tier 1
maharashtra,38.23,  Hero  ,Glamour,365868,2018,321,Hybrid,67.94,Second,2022,Active,DEALER,189300.15,  Metro  
Rajasthan,39.13,KAWASAKI,Z650,53478,2023,219,PETROL,47.44,third owner,2024,Not Available,Individual,33120.17,Tier 2
GUJARAT,77.0,TVS,Ronin,133181,2023,633,  Electric  ,90.84,FIRST,2023,  Not Available  ,Dealer,73345.51,Metro
  Rajasthan  ,72.57,Royal Enfield,Himalayan,68340,2016,692,  Hybrid  ,,SECOND,2023,,INDIVIDUAL,40992.71,Tier 1
Punjab,64.45,Royal Enfield,Meteor 350,389673,2021,661,  Petrol  ,43.68,THIRD,2022,Active,Dealer,202998.35,Tier 2
  Delhi  ,57.97,Royal Enfield,Interceptor 650,326146,2023,516,Electric,65.97,FIRST,2023,Active,Dealer,,Tier 2
Maharashtra,37.9,Kawasaki,Ninja 300,91212,2020,765,Petrol,37.22,SECOND,2023,Not Available,DEALER,61811.9,Tier 2
  Uttar Pradesh  ,34.9,Bajaj,Pulsar 150,59432,2024,280,Hybrid,77.82,first owner,2024,active,Individual,24330.03,Tier 2
madhya pradesh,66.9,TVS,NTorq 125,190264,2022,950,HYBRID,81.43,First,2022,expired,Dealer,78046.59,Tier 1
MADHYA PRADESH,52.33,tvs,Apache RTR 160,71147,2024,118,Hybrid,61.3,Third,2024,Expired,Dealer,52113.17,Tier 2
Madhya Pradesh,45.8,kawasaki,Versys 650,176472,2019,136,ELECTRIC,72.41,Second,2021,Expired,Individual,120124.55962193829,Tier 2
RAJASTHAN,30.68,Tvs,NTorq 125,297364,2024,766,Electric,61.5,second owner,2024,active,Individual,157167.08,Tier 2
Delhi,63.52,Honda,Unicorn,"₹123,763",2017,846,Electric,,Second,2021,  Not Available  ,Dealer,97547.24,  Tier 2  
Tamil Nadu,52.38,royal enfield,Hunter 350,355717,2022,123,Electric,63.57,FIRST,2022,ACTIVE,dealer,,  Tier 3  
gujarat,28.08,Bajaj,Dominar 400,314916,2024,395,Hybrid,62.98,SECOND,2024,ACTIVE,Dealer,250720.88,tier 3
madhya pradesh,45.11,  Yamaha  ,FZ V3,170625,2019,771,Hybrid,77.16,THIRD,2023,Not Available,Dealer,,Tier 3
Gujarat,52.09,ktm,250 Duke,203395,2016,778,  Hybrid  ,87.31,SECOND,2021,ACTIVE,DEALER,93904.44,Tier 3
Rajasthan,18.39,Hero,Glamour,349074,2020,108,  Hybrid  ,74.61,2nd,2022,Active,dealer,215820.32,Tier 2
Delhi,29.77,KTM,125 Duke,189719,2021,506,Electric,100.0,Second,2023,Not Available,Dealer,103130.48,Tier 2
punjab,29.47,TVS,Sport,250186,2022,913,Hybrid,97.17,first owner,2022,Active,INDIVIDUAL,179327.71,Tier 1
PUNJAB,22.89,  KTM  ,RC 390,"₹121,511",2015,900,Petrol,29.32,SECOND,2021,Active,DEALER,59257.67,metro
Delhi,67.23,Royal Enfield,Hunter 350,370924,2015,982,HYBRID,96.88,,2022,Not Available,individual,227203.75,Tier 3
RAJASTHAN,34.37,Tvs,NTorq 125,198844,2018,985,Hybrid,88.25,SECOND,2023,  Expired  ,Dealer,,Tier 2
Gujarat,73.13,TVS,Sport,248990,2019,817,Petrol,27.34,3rd,2023,Active,DEALER,135623.95,Metro
Uttar Pradesh,50.32,Honda,Shine,163818,2023,927,  Petrol  ,56.24,first owner,2021,Not Available,INDIVIDUAL,82044.35308294119,Tier 2
MAHARASHTRA,24.17,HERO,Splendor Plus,256232,2024,925,Hybrid,91.15,Second,2024,Expired,Individual,115828.07,TIER 1
Karnataka,59.45,  Yamaha  ,R15 V4,"₹57,299",2021,150,  Electric  ,73.4,2nd,2022,Not Available,Dealer,33881.87,  Tier 2  
  West Bengal  ,31.26,Royal Enfield,Himalayan,305726,2015,354,Petrol,39.9,third owner,2024,Expired,dealer,227989.69,Metro
Punjab,56.77,Bajaj,Platina 110,366557,2020,744,Petrol,40.13,SECOND,2022,not available,dealer,148456.38,  Metro  
rajasthan,39.48,  Royal Enfield  ,Interceptor 650,147687,2015,206,Hybrid,97.94,THIRD,2023,Not Available,  Dealer  ,64326.22,Metro
Delhi,70.69,Kawasaki,Ninja 400,97886,2021,559,electric,64.67,first owner,2021,ACTIVE,Individual,75883.46,Tier 3
  Tamil Nadu  ,67.57,  Kawasaki  ,Ninja 300,256525,2015,345,Petrol,33.16,SECOND,2023,EXPIRED,Individual,112643.18,tier 1
Gujarat,9.28,  Royal Enfield  ,Interceptor 650,220153,2016,511,Hybrid,85.92,third owner,2023,Not Available,INDIVIDUAL,154301.47,Tier 3
PUNJAB,48.38,hero,Passion Pro,115457,2017,817,  Electric  ,89.77,Third,2022,NOT AVAILABLE,DEALER,71432.04,Tier 3
DELHI,45.86,Hero,Xtreme 160R,180257,2024,878,Hybrid,85.01,2nd,2024,active,individual,118702.07,TIER 3
Madhya Pradesh,77.54,KAWASAKI,Versys 650,267705,2022,279,Electric,80.72,1st,2022,EXPIRED,Dealer,122729.96,Tier 1
Tamil Nadu,52.06,  Royal Enfield  ,Classic 350,70807,2024,169,electric,79.0,2nd,2024,expired,Dealer,40452.4,tier 3
GUJARAT,47.34,  Hero  ,Passion Pro,323689,2023,882,Hybrid,96.12,first owner,2023,not available,Individual,190567.82,Tier 3
  Uttar Pradesh  ,69.69,KAWASAKI,Ninja 300,99188,2021,884,Petrol,38.37,THIRD,2022,expired,Dealer,48082.34,Tier 1
Delhi,58.85,Yamaha,MT-15,367495,2021,940,Petrol,33.31,first owner,2021,Not Available,DEALER,207348.58,METRO
Maharashtra,78.16,Royal Enfield,Classic 350,179532,2024,243,HYBRID,81.56,second owner,2024,  Expired  ,  Dealer  ,100192.4,TIER 2
  Delhi  ,37.54,  Royal Enfield  ,Interceptor 650,239448,2022,929,hybrid,87.6,third owner,2023,not available,Dealer,124898.55,TIER 3
Delhi,20.82,Kawasaki,Ninja 400,276946,2017,920,Electric,74.6,Second,2024,active,INDIVIDUAL,151057.87,  Tier 2  
West Bengal,24.08,  Kawasaki  ,Z650,63817,2020,806,Petrol,40.17,Third,2024,  Not Available  ,  Dealer  ,35450.41,Metro
MAHARASHTRA,45.76,Royal Enfield,Hunter 350,52553,2022,957,HYBRID,64.44,SECOND,2023,NOT AVAILABLE,Individual,37099.94,tier 1
Maharashtra,7.82,Bajaj,Dominar 400,246951,2019,310,HYBRID,87.26,,2022,expired,Individual,151360.44,Tier 2
Tamil Nadu,73.74,KAWASAKI,Versys 650,71712,2023,831,Electric,84.15,3rd,2023,Active,Individual,46908.64,Tier 2
  Maharashtra  ,26.84,Tvs,Ronin,391116,2024,786,hybrid,97.87,2nd,2024,Active,INDIVIDUAL,182577.01,  Tier 3  
Rajasthan,12.27,Tvs,NTorq 125,290595,2021,316,electric,95.77,third owner,2021,Not Available,Individual,173216.16,Metro
Maharashtra,25.85,YAMAHA,Ray ZR,397114,2021,748,petrol,29.49,SECOND,2023,Active,DEALER,168734.2,  Tier 3  
Gujarat,19.59,Royal Enfield,Himalayan,145174,2023,501,Hybrid,89.2,SECOND,2024,,dealer,62482.95,Tier 1
maharashtra,50.45,TVS,Apache RTR 160,213360,2023,943,  Electric  ,63.7,2nd,2023,  Expired  ,Individual,132374.64,Metro
Gujarat,16.49,Yamaha,Ray ZR,116927,2020,559,Electric,99.89,Second,2021,  Active  ,individual,85717.29,Tier 2
rajasthan,7.96,Hero,Passion Pro,101186,2021,188,Petrol,27.28,third owner,2022,Active,Dealer,57289.08,METRO
Karnataka,32.64,  Honda  ,Shine,336638,2017,575,  Hybrid  ,70.37,third owner,2021,  Not Available  ,Individual,238462.12,  Tier 3  
GUJARAT,12.57,Hero,Glamour,229863,2015,325,petrol,26.75,THIRD,2021,Active,  Individual  ,,Tier 1
Madhya Pradesh,12.41,Honda,Shine,194359,2022,206,Electric,69.49,1st,2022,Expired,individual,,TIER 2
Madhya Pradesh,75.84,HERO,Glamour,354292,2020,634,Petrol,41.63,,2023,Not Available,dealer,141918.22,Tier 1
Madhya Pradesh,45.64,  TVS  ,Apache RTR 160,383794,2022,485,Hybrid,,First,2022,NOT AVAILABLE,Dealer,165262.96,metro
Tamil Nadu,49.38,Bajaj,Avenger 220,65050,2016,795,Hybrid,87.54,SECOND,2021,Expired,Dealer,31898.3,METRO
Rajasthan,75.95,TVS,NTorq 125,178415,2024,413,petrol,47.96,Second,2024,active,Dealer,72804.55,METRO
rajasthan,46.06,honda,CBR 650R,347482,2021,463,Hybrid,60.52,third owner,2023,Expired,Dealer,247940.74,TIER 3
West Bengal,53.24,Bajaj,Avenger 220,113339,2024,275,electric,61.54,first owner,2024,ACTIVE,Dealer,46046.71,Tier 2
Madhya Pradesh,52.71,KTM,Duke 200,361550,2022,373,Hybrid,,third owner,2022,Active,Dealer,284628.24,metro
MADHYA PRADESH,61.06,Kawasaki,Ninja 300,356968,2024,915,ELECTRIC,79.65,First,2024,EXPIRED,INDIVIDUAL,246256.68,  Metro  
Rajasthan,54.51,Hero,HF Deluxe,134558,2018,844,  Hybrid  ,82.98,second owner,2021,,DEALER,76700.88,Metro
DELHI,71.4,  Yamaha  ,Ray ZR,56965,2018,579,  Petrol  ,34.47,,2022,active,Dealer,24281.9,  Tier 3  
MAHARASHTRA,39.08,Royal Enfield,Hunter 350,346064,2021,835,Petrol,47.67,1st,2021,  Not Available  ,Individual,138645.53,Tier 3
  Rajasthan  ,53.99,BAJAJ,Dominar 400,286374,2023,383,ELECTRIC,67.65,Second,2023,Not Available,Individual,197803.25,Metro
  Rajasthan  ,7.22,tvs,Sport,57393,2017,301,  Electric  ,76.78,second owner,2021,Active,Individual,23870.33,tier 2
Karnataka,36.17,ktm,250 Duke,257044,2017,863,Hybrid,91.3,Second,2024,  Expired  ,INDIVIDUAL,168619.55,TIER 2
Gujarat,40.72,TVS,Jupiter,264082,2023,887,Electric,88.93,SECOND,2023,NOT AVAILABLE,  Individual  ,151373.77,Tier 3
Madhya Pradesh,73.33,  Kawasaki  ,Vulcan S,76657,2020,486,hybrid,85.85,Third,2022,Active,Dealer,52337.66,  Tier 1  
Punjab,24.29,KTM,Duke 200,279073,2024,810,Electric,,first owner,2024,Active,Individual,,Tier 1
UTTAR PRADESH,30.28,Honda,CBR 650R,241438,2017,937,Electric,67.66,Second,2021,Not Available,Dealer,177605.95,  Tier 2  
TAMIL NADU,63.78,Honda,Shine,296688,2017,279,  Electric  ,96.04,3rd,2023,ACTIVE,INDIVIDUAL,157530.76,Tier 1
Madhya Pradesh,6.59,royal enfield,Hunter 350,208965,2023,798,Electric,69.17,1st,2023,Active,individual,133023.75,TIER 2
Madhya Pradesh,73.51,Honda,Dio,88122,2015,420,  Hybrid  ,81.24,second owner,2023,Expired,Dealer,60153.85,Metro
Madhya Pradesh,76.08,Bajaj,Pulsar 150,"₹167,294",2023,978,Electric,61.48,second owner,2023,Active,Individual,100722.68,TIER 3
  Karnataka  ,42.43,Yamaha,MT-15,306467,2021,384,electric,81.9,THIRD,2021,  Expired  ,Individual,202926.83,  Tier 3  
Rajasthan,21.66,Honda,Unicorn,324838,2019,704,Hybrid,71.16,SECOND,2023,active,Individual,174196.92,Tier 3
Gujarat,23.05,TVS,Jupiter,170015,2023,136,Petrol,28.36,THIRD,2023,EXPIRED,Dealer,119849.58,Metro
tamil nadu,47.49,Kawasaki,Versys 650,210081,2022,312,  Electric  ,86.59,FIRST,2022,Active,individual,92171.82,Tier 3
GUJARAT,17.72,Royal Enfield,Meteor 350,211957,2022,865,  Hybrid  ,87.77,2nd,2022,  Not Available  ,INDIVIDUAL,,Tier 3
UTTAR PRADESH,60.22,Royal Enfield,Himalayan,103943,2020,889,Hybrid,64.47,2nd,2021,  Active  ,INDIVIDUAL,76488.43,Tier 1
RAJASTHAN,39.03,  KTM  ,Duke 200,184770,2023,852,Petrol,32.58,,2024,Active,individual,132795.45,METRO
Uttar Pradesh,44.45,royal enfield,Himalayan,371817,2015,184,HYBRID,68.32,THIRD,2024,  Active  ,  Individual  ,176380.2,Metro
Gujarat,5.49,Bajaj,Dominar 400,332854,2022,540,  Hybrid  ,79.6,First,2022,Active,Dealer,210951.57,tier 1
RAJASTHAN,35.42,Hero,Splendor Plus,185512,2019,473,petrol,51.98,SECOND,2024,Active,  Individual  ,111048.37,Tier 1
DELHI,31.16,KTM,250 Duke,187346,2016,698,Petrol,56.09,Second,2022,Not Available,individual,99072.27,  Tier 3  
Tamil Nadu,74.74,Kawasaki,Ninja 300,159429,2016,245,Petrol,56.93,SECOND,2021,Active,  Dealer  ,,Metro
Punjab,18.93,Honda,Activa,187822,2017,739,Hybrid,78.88,,2022,ACTIVE,Dealer,101608.64,Tier 3
Tamil Nadu,22.06,Royal Enfield,Classic 350,"₹269,978",2018,739,Petrol,42.06,Second,2022,active,Dealer,142760.2,Tier 3
KARNATAKA,49.03,Royal Enfield,Hunter 350,103039,2021,280,Petrol,47.99,THIRD,2021,Expired,Dealer,78265.4,  Tier 1  
WEST BENGAL,48.65,Bajaj,Pulsar 150,260387,2024,113,electric,95.94,3rd,2024,Not Available,Individual,205280.82,  Tier 1  
Tamil Nadu,27.81,HONDA,Activa,154583,2020,296,hybrid,60.74,3rd,2021,Active,Individual,114765.92,Tier 1
DELHI,16.61,bajaj,Dominar 400,200847,2021,254,Electric,75.29,FIRST,2021,  Active  ,Dealer,132396.12,Tier 2
madhya pradesh,50.85,TVS,Sport,205159,2024,9999,  Hybrid  ,,3rd,2024,,Individual,95686.6,TIER 1
Gujarat,12.39,YAMAHA,MT-15,322550,2024,303,Hybrid,71.54,3rd,2024,,Dealer,158068.57,tier 2
tamil nadu,35.63,HERO,Xtreme 160R,325033,2024,716,hybrid,77.37,SECOND,2024,active,Dealer,217534.18,tier 2
KARNATAKA,22.69,Kawasaki,Versys 650,190670,2021,781,hybrid,92.56,first owner,2021,Expired,Individual,137764.92,Metro
West Bengal,55.64,ktm,390 Adventure,77455,2021,144,Petrol,35.7,third owner,2021,Expired,  Individual  ,56485.24,  Tier 3  
punjab,77.59,TVS,Sport,105774,2023,125,  Electric  ,86.52,THIRD,2023,Not Available,Individual,,  Tier 1  
  Madhya Pradesh  ,58.97,KTM,Duke 200,303841,2016,717,Petrol,39.79,Second,2023,Not Available,dealer,149668.88,Tier 2
  Karnataka  ,16.65,TVS,Jupiter,324453,2023,981,Petrol,34.66,,2024,Active,Dealer,147993.07,Metro
Tamil Nadu,53.54,bajaj,Pulsar 150,"₹81,515",2021,293,PETROL,33.28,third owner,2021,not available,Individual,46098.5,  Metro  
Delhi,66.55,  Yamaha  ,MT-15,295724,2021,409,Electric,86.44,1st,2021,NOT AVAILABLE,Dealer,219296.96,  Metro  
UTTAR PRADESH,23.48,tvs,Ronin,88359,2020,342,Hybrid,88.4,2nd,2021,  Expired  ,  Individual  ,42475.98,Tier 3
West Bengal,34.81,Yamaha,FZ V3,118565,2021,880,petrol,32.74,THIRD,2021,,INDIVIDUAL,79071.09,Tier 3
Gujarat,53.97,HERO,Splendor Plus,149706,2019,427,  Hybrid  ,88.56,SECOND,2023,,Dealer,74281.06,tier 2
Rajasthan,70.65,TVS,NTorq 125,185402,2022,270,Hybrid,92.47,3rd,2023,Active,Dealer,147529.71,METRO
Punjab,76.13,BAJAJ,Pulsar 150,138818,2016,871,  Petrol  ,38.87,2nd,2022,Active,Dealer,69901.91,Tier 3
Rajasthan,77.74,  Hero  ,Xtreme 160R,374188,2024,753,  Hybrid  ,99.4,1st,2024,Not Available,Dealer,232737.07,tier 3
Karnataka,49.48,HONDA,Shine,92527,2024,491,  Hybrid  ,72.14,first owner,2024,Active,Individual,52249.09,METRO
Gujarat,54.65,KTM,250 Duke,370998,2019,441,  Electric  ,98.79,,2021,Active,  Individual  ,235275.35,  Tier 2  
Punjab,7.34,Royal Enfield,Hunter 350,322592,2017,603,  Petrol  ,58.39,Third,2024,Active,Individual,251898.53,METRO
Tamil Nadu,79.61,hero,Passion Pro,199595,2022,361,Petrol,55.52,Third,2022,Expired,Dealer,134569.17,tier 1
Gujarat,29.22,KAWASAKI,Vulcan S,399401,2024,200,Electric,73.05,Second,2024,Expired,INDIVIDUAL,241488.02,Tier 3
  Rajasthan  ,34.75,Yamaha,Ray ZR,327484,2024,977,HYBRID,79.0,2nd,2024,not available,individual,241200.65,  Tier 3  
Delhi,29.93,  KTM  ,RC 390,176667,2024,661,HYBRID,90.33,first owner,2024,EXPIRED,Individual,89086.51,Tier 3
Maharashtra,38.91,Hero,Splendor Plus,353758,2023,468,PETROL,59.07,Third,2024,Not Available,Individual,241776.17,TIER 2
Rajasthan,49.33,  Royal Enfield  ,Interceptor 650,305662,2022,781,Hybrid,65.93,Third,2023,Active,Individual,,Tier 1
  West Bengal  ,53.15,ROYAL ENFIELD,Classic 350,376420,2021,695,  Electric  ,66.03,FIRST,2021,Active,individual,157324.62,tier 3
  Punjab  ,68.73,hero,Glamour,202579,2022,802,Petrol,58.03,THIRD,2022,Expired,individual,151397.27,TIER 3
  Uttar Pradesh  ,15.64,Tvs,NTorq 125,249088,2022,509,ELECTRIC,76.32,SECOND,2022,  Active  ,INDIVIDUAL,101387.95,Tier 3
  Maharashtra  ,63.55,Yamaha,R15 V4,375301,2019,356,petrol,45.34,second owner,2022,ACTIVE,Dealer,164882.1,TIER 1
KARNATAKA,40.25,Kawasaki,Versys 650,209439,2021,142,  Petrol  ,30.1,1st,2021,Expired,individual,110721.04,  Metro  
West Bengal,71.47,TVS,Ronin,280350,2022,817,petrol,34.37,SECOND,2024,expired,Individual,117145.83,Tier 3
Gujarat,56.96,Honda,Activa,169350,2024,128,  Electric  ,89.84,SECOND,2024,Not Available,DEALER,130929.77,Metro
Madhya Pradesh,23.4,  Royal Enfield  ,Classic 350,237857,2022,674,Electric,96.0,3rd,2022,NOT AVAILABLE,Dealer,126989.87,Tier 3
maharashtra,14.95,TVS,NTorq 125,296111,2018,771,electric,,second owner,2024,Not Available,DEALER,156094.29,Tier 2
Tamil Nadu,75.77,HERO,HF Deluxe,214670,2023,863,Hybrid,98.34,THIRD,2023,  Expired  ,Dealer,154540.91,tier 3
MAHARASHTRA,38.64,Honda,Activa,303877,2023,897,Petrol,29.23,FIRST,2023,expired,Dealer,198938.91,  Metro  
Tamil Nadu,40.2,TVS,NTorq 125,222303,2023,655,Electric,81.48,SECOND,2024,NOT AVAILABLE,individual,90418.7,  Tier 1  
Maharashtra,31.18,Honda,Activa,"₹211,991",2018,475,  Electric  ,74.19,Second,2022,Not Available,Dealer,,Tier 1
Gujarat,59.43,Royal Enfield,Classic 350,176793,2015,524,ELECTRIC,76.19,Third,2022,Not Available,Individual,113762.36,METRO
tamil nadu,16.74,KTM,RC 390,119648,2023,473,ELECTRIC,96.99,second owner,2024,Expired,DEALER,60695.73,Tier 3
Rajasthan,13.92,Honda,Unicorn,171628,2017,843,Electric,90.41,,2024,  Not Available  ,Dealer,109812.79,  Tier 2  
Gujarat,30.82,Hero,Xtreme 160R,234746,2021,161,  Hybrid  ,85.71,1st,2021,not available,INDIVIDUAL,100582.94,Tier 1
Punjab,66.79,ROYAL ENFIELD,Hunter 350,145211,2021,313,Electric,73.69,,2023,Expired,Individual,,Tier 1
  Gujarat  ,55.67,Kawasaki,Ninja 300,72439,2022,203,Electric,72.3,FIRST,2022,  Not Available  ,Individual,55334.24,tier 3
Maharashtra,75.63,  Kawasaki  ,Z650,219734,2016,480,Electric,83.91,Second,2023,not available,DEALER,113663.02,  Metro  
Karnataka,66.41,YAMAHA,Fascino 125,376685,2016,710,Petrol,27.13,SECOND,2023,  Expired  ,Individual,216642.21,  Metro  
Karnataka,33.51,honda,Shine,112210,2022,944,Petrol,25.17,3rd,2022,NOT AVAILABLE,dealer,89014.69,  Metro  
Delhi,56.53,Tvs,NTorq 125,181939,2023,393,electric,90.44,First,2023,  Expired  ,  Dealer  ,123655.03,  Tier 1  
Uttar Pradesh,42.53,Honda,CBR 650R,300304,2023,408,  Electric  ,73.42,1st,2023,Expired,Dealer,232946.61,  Metro  
maharashtra,31.0,Royal Enfield,Meteor 350,144741,2023,506,  Petrol  ,25.81,3rd,2024,ACTIVE,Dealer,67374.69,Tier 1
West Bengal,57.19,royal enfield,Meteor 350,279934,2021,795,Hybrid,63.49,3rd,2023,Expired,INDIVIDUAL,190699.96,tier 3
Gujarat,71.65,Royal Enfield,Interceptor 650,77234,2018.0,100,Petrol,50.24,second owner,2021,expired,INDIVIDUAL,42684.1,tier 2
Gujarat,31.91,Yamaha,FZ V3,351179,2020,152,hybrid,77.37,Second,2022,Active,individual,191284.33,Metro
  West Bengal  ,68.99,KAWASAKI,Versys 650,146437,2016,241,Electric,77.58,SECOND,2023,Not Available,  Dealer  ,,Tier 2
  Punjab  ,47.94,TVS,Ronin,83258,2020,824,Electric,65.49,third owner,2022,Expired,Individual,63804.33,TIER 2
Delhi,71.3,Hero,HF Deluxe,155030,2023,392,Electric,62.02,Third,2024,  Expired  ,  Dealer  ,78135.33,  Tier 2  
Gujarat,38.65,KAWASAKI,Versys 650,293596,2024,905,Petrol,35.53,SECOND,2024,ACTIVE,Individual,152934.29,Metro
Uttar Pradesh,14.34,ktm,250 Duke,332903,2018,193,  Hybrid  ,61.84,Second,2024,Active,Dealer,246090.49,TIER 3
Karnataka,27.75,KTM,390 Adventure,251707,2021,403,ELECTRIC,74.68,THIRD,2021,Active,DEALER,141137.73,tier 2
Madhya Pradesh,57.61,TVS,Ronin,179407,2024,168,Electric,90.65,1st,2024,Expired,Dealer,105619.7,tier 3
Karnataka,60.22,TVS,NTorq 125,158510,2022,334,electric,97.13,3rd,2024,Expired,Dealer,125015.68,TIER 1
GUJARAT,5.13,  KTM  ,Duke 200,246128,2021,714,Electric,,Third,2024,NOT AVAILABLE,  Individual  ,157736.21,Tier 3
Uttar Pradesh,71.26,Ktm,125 Duke,396271,2023,439,petrol,41.72,First,2023,  Expired  ,DEALER,188607.3,Tier 2
Uttar Pradesh,5.13,honda,Shine,173711,2021,647,Petrol,52.5,Third,2023,  Not Available  ,Dealer,126811.11,Tier 2
rajasthan,70.63,Kawasaki,Versys 650,198602,2022,232,electric,71.71,third owner,2022,  Expired  ,Individual,149081.41,tier 2
punjab,64.26,Honda,CBR 650R,184766,2021,985,Petrol,37.75,FIRST,2021,not available,Individual,116644.19,  Tier 1  
Uttar Pradesh,70.08,  Yamaha  ,MT-15,84507,2018,585,ELECTRIC,76.65,THIRD,2022,Expired,INDIVIDUAL,42031.96,Tier 2
West Bengal,74.06,Honda,Unicorn,342958,2020,885,hybrid,69.9,THIRD,2021,Expired,  Individual  ,168843.81,Tier 2
  Madhya Pradesh  ,15.44,  Honda  ,Activa,196341,2019,713,Petrol,34.76,second owner,2021,Not Available,dealer,93577.33,  Tier 1  
Rajasthan,17.73,Yamaha,R15 V4,113798,2021,833,electric,99.02,third owner,2021,Not Available,  Dealer  ,52373.12,Tier 2
Maharashtra,26.81,Hero,Glamour,114736,2018,533,Electric,96.91,2nd,2022,,Individual,67640.15,Tier 2
  Karnataka  ,68.84,  Royal Enfield  ,Hunter 350,252816,2021,672,electric,78.41,SECOND,2024,,  Individual  ,149934.18,Tier 3
PUNJAB,46.68,Hero,HF Deluxe,77849,2021,625,Electric,71.21,third owner,2023,expired,Dealer,41539.47,  Tier 3  
maharashtra,21.67,Yamaha,Ray ZR,245454,2023,528,Electric,,first owner,2023,ACTIVE,Individual,149633.12510143127,  Tier 3  
Karnataka,35.77,HONDA,Shine,193088,2022,159,Hybrid,61.78,Second,2024,ACTIVE,Individual,123641.82,Tier 1
Maharashtra,79.89,  Kawasaki  ,Vulcan S,70068,2024,345,Hybrid,91.01,SECOND,2024,Active,Dealer,,TIER 3
Gujarat,49.46,Kawasaki,Ninja 400,209473,2023,246,hybrid,63.09,first owner,2023,not available,Dealer,86434.47,Tier 2
Uttar Pradesh,50.78,  Royal Enfield  ,Classic 350,75068,2023,565,Hybrid,87.87,SECOND,2024,Expired,INDIVIDUAL,45342.56,  Tier 3  
West Bengal,32.49,tvs,Ronin,191137,2019,902,Electric,96.1,SECOND,2023,active,Individual,97146.27,  Tier 2  
MADHYA PRADESH,18.92,Honda,Unicorn,117991,2017,272,Petrol,40.61,THIRD,2021,expired,Individual,84964.89,Tier 1
GUJARAT,69.59,  Bajaj  ,Platina 110,288971,2015,758,Petrol,25.72,THIRD,2023,Not Available,Individual,137973.74,Tier 2
Gujarat,6.4,HONDA,Activa,238664,2024,457,Hybrid,71.61,SECOND,2024,Not Available,Dealer,146748.13,Tier 1
West Bengal,36.94,Royal Enfield,Himalayan,"₹170,910",2024,211,  Electric  ,61.91,third owner,2024,NOT AVAILABLE,INDIVIDUAL,103132.98,Tier 2
Delhi,31.8,  Royal Enfield  ,Hunter 350,62554,2015,850,  Electric  ,94.87,Second,2022,Expired,DEALER,37976.67,Tier 2
Maharashtra,6.61,tvs,Apache RTR 160,209659,2018,111,Hybrid,,2nd,2024,Expired,Dealer,164100.93,  Tier 2  
Delhi,30.68,HERO,Glamour,293513,2022,797,HYBRID,85.85,Second,2023,not available,dealer,,Metro
West Bengal,75.3,Royal Enfield,Himalayan,384107,2024,722,Hybrid,74.33,first owner,2024,Not Available,INDIVIDUAL,260013.88,Metro
Maharashtra,43.84,Royal Enfield,Himalayan,205310,2023,227,petrol,27.45,THIRD,2024,not available,DEALER,161235.58,Tier 3
  Delhi  ,15.04,KTM,Duke 200,146504,2021,529,electric,79.84,first owner,2021,expired,Individual,96749.47,metro
Gujarat,48.8,KTM,125 Duke,106414,2023,959,Electric,97.78,SECOND,2023,active,Dealer,50928.16,tier 3
tamil nadu,31.68,Yamaha,Ray ZR,260913,2015,401,Petrol,53.91,Second,2022,Not Available,  Dealer  ,119481.2,TIER 3
Delhi,49.65,  Bajaj  ,CT 100,390628,2023,808,ELECTRIC,73.89,Third,2023,EXPIRED,  Individual  ,261352.84,tier 3
Rajasthan,74.81,Kawasaki,Versys 650,280526,2018,552,Electric,66.59,3rd,2022,active,individual,,metro
Karnataka,77.58,Royal Enfield,Classic 350,160907,2023,562,Petrol,43.75,SECOND,2023,Expired,dealer,115384.01,Tier 3
Tamil Nadu,52.27,KTM,Duke 200,86821,2023,812,Hybrid,78.45,THIRD,2023,Not Available,Individual,,tier 2
Gujarat,40.93,  KTM  ,250 Duke,243950,2021,488,Hybrid,76.14,FIRST,2021,Expired,  Individual  ,174942.68,Tier 3
RAJASTHAN,69.13,Yamaha,FZ V3,81252,2022,715,Petrol,30.81,,2024,not available,Dealer,36115.9,TIER 3
West Bengal,49.07,Yamaha,MT-15,168018,2017,0,Hybrid,62.72,second owner,2022,,Individual,78205.3,Metro
  Karnataka  ,22.62,BAJAJ,Pulsar 150,382461,2023,996,Electric,76.47,1st,2023,Expired,Individual,298616.86,Tier 2
UTTAR PRADESH,12.36,KTM,Duke 200,316842,2024,473,Hybrid,79.14,third owner,2024,Not Available,Individual,152306.11,Tier 3
  Punjab  ,15.78,KTM,125 Duke,324613,2019,722,Petrol,59.07,THIRD,2022,not available,Dealer,148306.99,TIER 2
West Bengal,17.39,bajaj,Pulsar 150,314001,2022,197,  Electric  ,84.19,Third,2023,Active,DEALER,247775.7,Metro
UTTAR PRADESH,47.96,  KTM  ,RC 390,54699,2021,501,Petrol,35.71,second owner,2024,Not Available,INDIVIDUAL,38361.68,Tier 3
West Bengal,21.24,BAJAJ,Platina 110,219782,2021,735,Hybrid,82.81,FIRST,2021,Not Available,Individual,113307.5,Metro
MAHARASHTRA,8.26,Kawasaki,Z650,275694,2023,788,Electric,78.52,1st,2023,Not Available,individual,147449.5,tier 3
Madhya Pradesh,44.03,Bajaj,Pulsar 150,"₹372,936",2019,935,Hybrid,61.2,2nd,2021,Expired,Individual,191081.7,tier 1
tamil nadu,66.92,Ktm,390 Adventure,312311,2018,667,Electric,80.38,SECOND,2024,Active,Dealer,139165.74,Tier 2
Delhi,64.38,Honda,Unicorn,285279,2023,602,Hybrid,,third owner,2022,NOT AVAILABLE,dealer,190528.5,Tier 1
DELHI,34.19,KTM,250 Duke,81961,2021,487,petrol,47.27,THIRD,2021,Active,  Individual  ,64138.67,Metro
Tamil Nadu,78.43,Honda,Shine,148576,2024,672,Electric,91.97,1st,2024,ACTIVE,Individual,78200.86,Tier 1
Gujarat,8.23,Honda,CBR 650R,334693,2023,326,Petrol,52.58,THIRD,2023,expired,  Individual  ,224756.78,TIER 3
Punjab,29.45,  TVS  ,Ronin,389845,2015,759,Hybrid,61.19,Second,2013,not available,  Individual  ,306241.55,Tier 2
Gujarat,58.3,hero,Glamour,50031,2020,395,Electric,77.61,third owner,2021,Expired,Individual,34348.76,Tier 2
madhya pradesh,9.56,Tvs,NTorq 125,336222,2023,380,Electric,84.39,first owner,2023,Not Available,Dealer,,TIER 2
Delhi,31.06,Honda,Dio,148929,2021,124,  Petrol  ,39.61,1st,2021,expired,Individual,76790.65,Metro
  Punjab  ,73.52,Hero,Glamour,135694,2022,825,Electric,76.24,3rd,2023,expired,dealer,92609.89,metro
TAMIL NADU,68.94,Hero,Passion Pro,198991,2020,896,Petrol,40.72,2nd,2023,Not Available,  Individual  ,115717.79,TIER 3
West Bengal,38.2,Yamaha,Fascino 125,196186,2023,519,Petrol,35.81,First,2023,active,Dealer,83122.39,metro
  Tamil Nadu  ,58.44,bajaj,Avenger 220,70357,2023,886,Hybrid,64.25,THIRD,2023,Expired,INDIVIDUAL,30716.93,TIER 1
uttar pradesh,20.09,Bajaj,CT 100,64632,2022,610,petrol,26.78,3rd,2024,Not Available,DEALER,36203.53,Tier 2
Karnataka,71.61,Yamaha,Fascino 125,261063,2022,586,PETROL,48.17,Second,2023,Expired,Dealer,178748.23,Tier 3
GUJARAT,20.43,  KTM  ,125 Duke,79336,2023,529,PETROL,47.06,2nd,2024,Expired,Individual,40931.26,Metro
West Bengal,57.01,  TVS  ,NTorq 125,207539,2023,127,Electric,,2nd,2024,Active,  Individual  ,138053.75,Tier 3
  West Bengal  ,33.45,Hero,Passion Pro,348265,2019,970,Petrol,37.55,Third,2024,expired,INDIVIDUAL,205891.22,  Metro  
  Rajasthan  ,39.01,HERO,Xtreme 160R,383434,2021,856,  Hybrid  ,,first owner,2021,  Active  ,individual,279084.38,Tier 3
Gujarat,64.34,bajaj,CT 100,340533,2021,871,Hybrid,69.98,Second,2024,Expired,Individual,185111.28,TIER 2
west bengal,7.44,Hero,HF Deluxe,355292,2022,753,Petrol,48.04,First,2022,,Dealer,274093.47,Tier 3
Rajasthan,25.89,KAWASAKI,Vulcan S,326983,2016,748,Electric,91.05,Second,2022,Active,dealer,170717.76,Tier 1
Tamil Nadu,12.47,KTM,Duke 200,327776,2022,344,Petrol,37.91,3rd,2023,Active,Dealer,187088.84,Metro
Karnataka,63.16,Yamaha,R15 V4,251733,2023,218,Petrol,29.46,Third,2023,  Expired  ,Dealer,134705.19,Tier 2
  Tamil Nadu  ,46.6,Bajaj,CT 100,300694,2022,840,HYBRID,93.02,First,2022,Expired,dealer,154332.58,TIER 1
Delhi,7.33,Royal Enfield,Hunter 350,96009,2024,819,Hybrid,76.34,THIRD,2024,Not Available,Individual,46834.03,METRO
west bengal,79.5,Yamaha,FZ V3,55461,2024,753,Petrol,28.64,2nd,2024,  Not Available  ,Dealer,31957.86,TIER 3
Gujarat,45.61,bajaj,Avenger 220,260060,2018,274,PETROL,45.43,third owner,2023,Active,dealer,170047.28,Tier 1
Madhya Pradesh,18.43,kawasaki,Versys 650,271390,2017,566,ELECTRIC,91.75,3rd,2024,Expired,DEALER,210822.98,  Tier 1  
Delhi,55.67,  Yamaha  ,Fascino 125,253284,2021,461,Petrol,40.51,third owner,2022,Active,Individual,174166.72,Metro
Tamil Nadu,63.79,Yamaha,Ray ZR,106819,2021,600,Petrol,54.05,Second,2023,Active,Individual,53086.14,Tier 3
Punjab,42.04,ktm,250 Duke,"₹224,792",2024,173,ELECTRIC,62.78,third owner,2024,Not Available,dealer,150367.86,Metro
Tamil Nadu,13.17,Yamaha,Fascino 125,302947,2019,974,ELECTRIC,86.3,,2022,Active,DEALER,126932.24,METRO
GUJARAT,9.41,Hero,Glamour,187745,2020,258,Hybrid,65.75,SECOND,2021,active,Dealer,148635.18,TIER 3
Uttar Pradesh,74.32,KTM,250 Duke,129860,2021,0,Electric,85.83,Third,2022,NOT AVAILABLE,dealer,94229.64,TIER 2
Uttar Pradesh,59.25,KAWASAKI,Ninja 300,370967,2023,203,electric,74.74,first owner,2023,Expired,INDIVIDUAL,224810.45,Tier 2
Tamil Nadu,54.18,Royal Enfield,Himalayan,326969,2022,243,Petrol,28.74,third owner,2022,Not Available,Individual,237293.43,  Tier 3  
Uttar Pradesh,61.09,Royal Enfield,Hunter 350,79352,2020,781,Petrol,44.46,Second,2021,  Expired  ,Dealer,45177.13,Tier 3
Punjab,40.61,Honda,Unicorn,172577,2022,134,ELECTRIC,63.12,3rd,2023,Not Available,  Dealer  ,81905.84,Tier 3
  Gujarat  ,63.52,royal enfield,Hunter 350,96891,2023,710,Electric,99.61,first owner,2023,  Active  ,Dealer,72040.58,  Tier 1  
Karnataka,75.37,TVS,Jupiter,66435,2022,726,Hybrid,85.83,Third,2023,  Not Available  ,  Dealer  ,44789.56,Metro
Gujarat,27.53,ROYAL ENFIELD,Classic 350,210976,2019,526,electric,72.95,,2024,expired,dealer,119136.31,Tier 3
Maharashtra,67.55,hero,Xtreme 160R,259788,2023,957,HYBRID,94.34,FIRST,2023,EXPIRED,Individual,207642.91,Metro
Tamil Nadu,66.02,KAWASAKI,Versys 650,381968,2024,375,Hybrid,78.99,1st,2024,NOT AVAILABLE,Dealer,190784.52,Tier 3
West Bengal,15.59,Honda,Dio,219465,2019,769,Electric,73.01,THIRD,2021,Active,Dealer,101381.44,tier 1
Gujarat,27.01,yamaha,Ray ZR,184033,2021,700,petrol,26.55,Second,2023,active,Individual,79818.94,  Tier 3  
  Rajasthan  ,74.15,BAJAJ,Dominar 400,117639,2022,660,Electric,,third owner,2023,Active,individual,74126.42,  Metro  
Uttar Pradesh,58.91,yamaha,Fascino 125,50263,2017,106,HYBRID,,,2023,  Expired  ,Dealer,20532.07,Tier 2
maharashtra,15.95,Bajaj,Avenger 220,227757,2021,542,petrol,32.05,First,2021,,Dealer,118668.34,TIER 1
Madhya Pradesh,49.39,KAWASAKI,Versys 650,66077,2020,201,Petrol,45.63,2nd,2021,Active,Individual,50392.43,Metro
Tamil Nadu,30.98,TVS,Ronin,395765,2024,214,PETROL,41.3,Second,2024,Active,dealer,231713.25,tier 3
GUJARAT,25.09,ktm,RC 390,389950,2019,401,Hybrid,72.65,third owner,2023,  Active  ,Individual,235149.64,tier 3
  Uttar Pradesh  ,73.62,royal enfield,Classic 350,155323,2015,868,Petrol,49.17,SECOND,2023,ACTIVE,individual,73680.59,Tier 1
Gujarat,20.47,KTM,250 Duke,57196,2015,598,  Hybrid  ,78.42,2nd,2021,ACTIVE,Dealer,37459.68,Tier 1
Madhya Pradesh,24.32,HONDA,Unicorn,123333,2023,254,ELECTRIC,98.51,1st,2023,Expired,Individual,81062.15,Metro
tamil nadu,30.52,Honda,Unicorn,391184,2021,438,Hybrid,72.5,First,2021,ACTIVE,DEALER,239917.49,METRO
  Gujarat  ,69.61,Bajaj,Platina 110,289298,2024,663,  Hybrid  ,86.54,1st,2024,expired,dealer,223172.55,tier 2
west bengal,20.11,Kawasaki,Ninja 300,294209,2020,118,Petrol,31.89,second owner,2024,Active,  Individual  ,129355.18,tier 2
  Delhi  ,62.68,YAMAHA,Ray ZR,90797,2018,104,Petrol,58.9,3rd,2024,Active,Individual,49226.04,Tier 3
Rajasthan,61.89,KTM,390 Adventure,296866,2024,218,  Petrol  ,39.41,Third,2024,  Expired  ,individual,197341.1,Tier 3
KARNATAKA,24.0,Bajaj,Dominar 400,334905,2021,207,petrol,56.02,3rd,2024,Active,Dealer,219895.32,TIER 1
  Maharashtra  ,48.78,  Bajaj  ,Avenger 220,231855,2023,616,  Electric  ,88.2,THIRD,2023,expired,Individual,113904.88,Metro
gujarat,32.33,kawasaki,Ninja 400,369931,2022,731,Hybrid,76.91,2nd,2023,not available,Dealer,192240.2277911492,TIER 2
Gujarat,31.46,Royal Enfield,Interceptor 650,"₹285,176",2017,194,electric,71.64,,2024,,dealer,224058.3,tier 2
TAMIL NADU,35.89,Bajaj,Avenger 220,219530,2023,125,Petrol,35.92,Third,2024,Active,Dealer,143995.28,Tier 3
maharashtra,43.21,  Kawasaki  ,Ninja 400,107118,2022,284,Hybrid,80.1,first owner,2022,Expired,Dealer,54313.6,TIER 1
rajasthan,49.08,  Hero  ,Splendor Plus,152392,2023,553,Hybrid,78.84,second owner,2024,  Not Available  ,Individual,84385.53,  Tier 3  
Rajasthan,11.67,Bajaj,Platina 110,102626,2020,147,electric,88.84,second owner,2021,NOT AVAILABLE,Individual,42684.65,  Tier 1  
MADHYA PRADESH,35.13,  Yamaha  ,MT-15,326580,2023,460,Petrol,41.35,SECOND,2023,NOT AVAILABLE,Individual,141051.33,Tier 2
Maharashtra,16.95,Royal Enfield,Interceptor 650,215328,2022,857,Petrol,54.88,First,2022,Not Available,Dealer,91280.32,Tier 1
gujarat,30.73,KTM,RC 390,360700,2024,852,  Petrol  ,43.22,First,2024,Expired,Dealer,176058.92,  Tier 1  
Maharashtra,79.46,tvs,Apache RTR 160,"₹157,938",2021,352,Electric,87.92,,2021,  Active  ,dealer,90080.7,metro
  Gujarat  ,59.07,Kawasaki,Ninja 400,153398,2020,355,Hybrid,67.55,Second,2023,Expired,DEALER,107558.21,Tier 3
Maharashtra,47.34,Kawasaki,Ninja 300,107272,2022,203,Hybrid,72.67,first owner,2022,Not Available,  Individual  ,60192.26,  Tier 2  
Tamil Nadu,52.38,  Royal Enfield  ,Hunter 350,54167,2021,944,  Hybrid  ,86.71,second owner,2020,Expired,INDIVIDUAL,40484.17,Tier 2
maharashtra,21.19,Bajaj,Avenger 220,236963,2016,829,Electric,91.98,second owner,2024,Expired,  Individual  ,140141.04,Tier 3
Madhya Pradesh,56.85,Royal Enfield,Classic 350,350809,2024,419,Petrol,28.65,1st,2024,expired,Dealer,170329.36,Tier 2
Gujarat,75.18,KTM,125 Duke,378911,2018,909,Petrol,57.41,third owner,2023,NOT AVAILABLE,Dealer,228002.34,Tier 2
uttar pradesh,30.17,HONDA,Unicorn,118352,2024,111,HYBRID,95.02,SECOND,2024,Not Available,Dealer,91976.43,tier 1
  Delhi  ,30.02,YAMAHA,FZ V3,304093,2021,358,petrol,25.98,First,2021,,INDIVIDUAL,219796.68,Tier 1
  Uttar Pradesh  ,62.01,  Hero  ,Xtreme 160R,105559,2020,788,hybrid,92.89,second owner,2023,  Not Available  ,Individual,83287.49,Tier 2
  Delhi  ,72.99,  Kawasaki  ,Z650,214753,2016,904,Electric,70.81,second owner,2021,Active,dealer,129604.39,Metro
gujarat,64.38,hero,Xtreme 160R,"₹118,213",2022,784,Hybrid,,THIRD,2023,NOT AVAILABLE,  Dealer  ,54569.86,Metro
West Bengal,52.86,Kawasaki,Versys 650,284043,2022,278,  Hybrid  ,94.6,2nd,2024,Not Available,  Individual  ,,Tier 2
Gujarat,76.17,KTM,Duke 200,91888,2019,698,  Electric  ,96.02,Second,2024,expired,Individual,57268.66,Tier 3
Gujarat,62.03,Royal Enfield,Interceptor 650,255739,2021,993,PETROL,33.98,Third,2021,EXPIRED,Dealer,182215.34,Tier 3
Maharashtra,30.37,TVS,Ronin,54095,2024,328,HYBRID,89.09,Third,2024,EXPIRED,dealer,37110.26,  Metro  
maharashtra,27.44,Royal Enfield,Interceptor 650,119041,2019,448,Electric,97.59,Second,2021,,INDIVIDUAL,,Metro
West Bengal,47.37,Bajaj,Platina 110,259953,2023,797,Hybrid,68.78,THIRD,2023,NOT AVAILABLE,Dealer,122045.04,Tier 2
WEST BENGAL,33.93,Hero,Glamour,398569,2022,950,Hybrid,60.88,second owner,2022,active,Individual,310844.97,  Metro  
Rajasthan,32.79,Bajaj,Dominar 400,361805,2022,975,ELECTRIC,,3rd,2023,Active,Individual,264542.65,Tier 2
WEST BENGAL,40.4,Bajaj,Platina 110,"₹316,871",2019,293,Electric,99.52,Third,2021,EXPIRED,individual,230325.21,Tier 3
maharashtra,66.02,Hero,Glamour,257651,2018,0,Electric,75.0,SECOND,2022,EXPIRED,Individual,166848.04,  Tier 2  
GUJARAT,55.7,HONDA,Dio,326765,2022,272,Hybrid,60.05,THIRD,2024,Active,Individual,250727.57,Tier 2
Punjab,74.78,Kawasaki,Vulcan S,115171,2023,613,PETROL,26.3,second owner,2023,ACTIVE,Individual,73422.51,tier 2
Maharashtra,68.07,KAWASAKI,Ninja 300,232551,2017,786,electric,67.31,2nd,2023,Not Available,DEALER,95243.86,Tier 2
West Bengal,27.56,Yamaha,Ray ZR,260797,2022,779,PETROL,54.8,First,2022,Not Available,Dealer,113577.5,METRO
Rajasthan,25.66,tvs,Apache RTR 160,192247,2024,674,Hybrid,97.84,2nd,2024,Not Available,individual,119681.44,TIER 3
MAHARASHTRA,57.71,Yamaha,MT-15,283036,2024,755,  Hybrid  ,72.66,SECOND,2024,,Dealer,144850.35,Tier 3
Madhya Pradesh,75.34,Kawasaki,Versys 650,180998,2022,236,HYBRID,69.25,SECOND,2022,  Active  ,dealer,,Tier 1
  Delhi  ,68.06,Hero,Xtreme 160R,138162,2020,376,ELECTRIC,86.91,second owner,2022,Active,Dealer,65702.89,Metro
West Bengal,27.47,Hero,Splendor Plus,62204,2019,262,ELECTRIC,90.34,3rd,2023,NOT AVAILABLE,Individual,47934.06,Tier 2
  Uttar Pradesh  ,19.4,Royal Enfield,Classic 350,326637,2023,469,Electric,94.84,third owner,2023,Expired,Dealer,221510.63,metro
Uttar Pradesh,26.18,Hero,Passion Pro,61948,2023,252,Petrol,56.52,1st,2023,Active,Dealer,43970.91,Tier 3
WEST BENGAL,15.01,Honda,CBR 650R,191638,2022,469,PETROL,25.14,first owner,2022,active,Individual,126985.56,Tier 3
  Punjab  ,27.94,  TVS  ,NTorq 125,312965,2020,763,Electric,89.56,2nd,2022,Expired,Individual,187801.13,Metro
  Madhya Pradesh  ,22.82,  Kawasaki  ,Z650,262697,2015,932,Petrol,33.21,third owner,2022,Active,Dealer,139746.72,Tier 2
punjab,5.29,Ktm,250 Duke,257702,2017,712,Hybrid,91.19,2nd,2024,Expired,  Individual  ,141534.57,  Tier 3  
  Delhi  ,78.49,honda,Unicorn,319184,2019,438,Hybrid,70.83,SECOND,2022,Active,Individual,174688.31,Metro
Uttar Pradesh,69.84,KTM,RC 390,186622,2017,546,Electric,71.67,Second,2021,EXPIRED,Individual,145013.34,Tier 3
Tamil Nadu,9.08,Hero,Glamour,346608,2023,839,PETROL,33.19,Second,2024,Expired,Individual,201219.94,tier 2
Delhi,74.84,kawasaki,Vulcan S,252154,2022,229,PETROL,44.33,3rd,2024,Not Available,Dealer,155492.92,Tier 1
KARNATAKA,40.32,royal enfield,Hunter 350,79686,2020,454,Petrol,37.37,THIRD,2024,Active,Individual,54761.67,METRO
MADHYA PRADESH,72.92,TVS,Sport,323987,2024,321,Hybrid,75.03,SECOND,2024,ACTIVE,INDIVIDUAL,155323.81,  Metro  
Tamil Nadu,74.87,kawasaki,Z650,344866,2023,885,HYBRID,93.39,2nd,2023,Not Available,Dealer,230824.44,tier 1
Madhya Pradesh,66.12,Royal Enfield,Himalayan,232367,2017,475,Hybrid,67.65,,2022,EXPIRED,Dealer,155813.49,  Tier 1  
Delhi,75.8,hero,Passion Pro,321346,2023,719,Petrol,41.55,first owner,2023,not available,  Dealer  ,197691.81,Tier 2
MADHYA PRADESH,18.76,Royal Enfield,Classic 350,220049,2019,110,petrol,39.91,Third,2021,EXPIRED,  Dealer  ,174463.78,Tier 1
West Bengal,74.92,  Hero  ,Glamour,102025,2023,173,  Hybrid  ,93.23,Second,2024,Expired,Individual,53694.45,Tier 2
Punjab,21.61,Ktm,250 Duke,306286,2023,359,HYBRID,86.96,second owner,2024,active,Dealer,178757.53,Metro
Uttar Pradesh,31.51,Royal Enfield,Hunter 350,198732,2023,946,Petrol,33.45,SECOND,2023,active,INDIVIDUAL,87317.61,Tier 1
West Bengal,70.3,KAWASAKI,Z650,239591,2024,701,petrol,53.69,3rd,2024,  Active  ,Dealer,129575.79,Metro
West Bengal,48.16,Yamaha,Fascino 125,"₹140,993",2022,382,  Hybrid  ,77.81,3rd,2022,  Not Available  ,INDIVIDUAL,,Tier 3
maharashtra,19.74,Yamaha,Fascino 125,243434,2024,643,  Petrol  ,34.44,FIRST,2024,Not Available,Individual,173334.67,  Tier 3  
West Bengal,24.24,Kawasaki,Ninja 400,73179,2022,600,Electric,81.03,first owner,2022,Not Available,Individual,56576.95,Tier 1
Madhya Pradesh,35.04,Ktm,250 Duke,206888,2024,123,petrol,54.37,Second,2024,Not Available,Individual,111489.01,Metro
west bengal,25.73,Honda,Activa,393048,2021,628,Hybrid,83.38,Third,2023,,dealer,302601.37,TIER 3
West Bengal,22.93,  Honda  ,Unicorn,156889,2020,316,  Petrol  ,46.51,Third,2024,Expired,  Dealer  ,71631.46,Tier 3
West Bengal,16.41,  TVS  ,Sport,302948,2017,898,Hybrid,99.35,2nd,2022,ACTIVE,individual,226375.43,Tier 2
Uttar Pradesh,12.38,tvs,Jupiter,310557,2022,700,Electric,80.66,SECOND,2023,  Expired  ,Individual,210425.72,Tier 3
  Rajasthan  ,47.96,Bajaj,CT 100,109314,2016,773,Petrol,58.48,Second,2022,not available,Dealer,75146.3,  Tier 2  
  Rajasthan  ,59.92,KTM,RC 390,219760,2021,268,Petrol,36.29,Third,2021,EXPIRED,Dealer,156469.29,tier 2
gujarat,13.01,ROYAL ENFIELD,Classic 350,100933,2023,117,  Electric  ,,THIRD,2024,,  Dealer  ,59731.83,Tier 2
Karnataka,32.85,ktm,Duke 200,311663,2022,981,Hybrid,99.65,SECOND,2024,Not Available,individual,133606.1,  Tier 1  
Gujarat,40.4,bajaj,Dominar 400,362812,2016,606,HYBRID,78.2,THIRD,2024,Not Available,INDIVIDUAL,231215.03,Tier 2
Punjab,71.15,Honda,CBR 650R,137272,2020,322,Hybrid,73.82,2nd,2022,ACTIVE,DEALER,56662.45,tier 1
Gujarat,74.54,Honda,CBR 650R,201742,2021,852,electric,85.34,SECOND,2023,EXPIRED,INDIVIDUAL,97069.58,  Tier 3  
punjab,52.68,TVS,Sport,90275,2023,437,hybrid,68.3,FIRST,2023,Active,Dealer,37664.21,Tier 2
Maharashtra,32.34,Royal Enfield,Interceptor 650,140453,2016,310,Hybrid,90.16,Second,2024,Expired,Dealer,58327.47,Metro
Uttar Pradesh,78.15,Honda,CBR 650R,395200,2015,594,  Electric  ,86.75,Second,2023,Expired,  Individual  ,240234.51,Metro
TAMIL NADU,66.69,yamaha,Ray ZR,147827,2017,768,Hybrid,93.97,3rd,2022,  Not Available  ,Dealer,59473.47,  Tier 1  
TAMIL NADU,74.66,TVS,Jupiter,200233,2023,407,  Hybrid  ,72.09,2nd,2024,Active,Dealer,99222.46,Tier 1
karnataka,14.7,Tvs,Ronin,129699,2021,348,PETROL,25.95,THIRD,2024,  Active  ,Individual,100684.27,Metro
Madhya Pradesh,30.57,Kawasaki,Ninja 300,176904,2024,619,Petrol,39.73,THIRD,2024,not available,Dealer,133255.29,tier 1
Uttar Pradesh,50.32,Honda,Shine,163818,2023,9999,  Petrol  ,56.24,first owner,2023,Not Available,INDIVIDUAL,83249.94,Tier 2
Madhya Pradesh,40.42,Honda,Unicorn,334696,2023,9999,electric,94.55,1st,2023,Expired,Dealer,185571.8,Metro
  Punjab  ,56.72,KTM,390 Adventure,51911,2021,519,Petrol,47.68,second owner,2022,expired,  Individual  ,29643.72,  Tier 1  
uttar pradesh,62.39,  TVS  ,Sport,211424,2024,403,electric,93.25,first owner,2024,Active,DEALER,150487.66,  Metro  
DELHI,55.14,  Hero  ,Splendor Plus,79129,2024,723,Electric,74.36,first owner,2024,Active,dealer,33690.76,TIER 2
delhi,59.9,Yamaha,MT-15,360084,2021,595,  Petrol  ,57.86,SECOND,2023,Active,Dealer,227035.54,Tier 3
Maharashtra,75.65,YAMAHA,R15 V4,159958,2020,449,Petrol,26.41,third owner,2021,active,Dealer,74124.0,tier 1
Rajasthan,38.98,KTM,Duke 200,396276,2022,850,Hybrid,98.85,third owner,2024,Expired,  Individual  ,247679.06,TIER 3
PUNJAB,76.17,BAJAJ,Avenger 220,388227,2020,206,Petrol,43.88,third owner,2023,Active,  Dealer  ,281694.91,  Metro  
west bengal,26.6,HERO,Xtreme 160R,246989,2021,791,Petrol,43.26,second owner,2024,  Not Available  ,Dealer,102677.13,Tier 2
Punjab,79.98,Yamaha,FZ V3,291145,2018,695,Hybrid,69.8,3rd,2022,,Individual,128953.19,Metro
  Delhi  ,47.75,YAMAHA,R15 V4,211321,2019,291,electric,71.35,3rd,2022,Active,  Dealer  ,104116.74327195631,Tier 2
Maharashtra,43.24,Bajaj,Avenger 220,199055,2020,288,Hybrid,98.13,SECOND,2022,Active,Dealer,101061.55,  Tier 1  
Tamil Nadu,18.2,ROYAL ENFIELD,Himalayan,148795,2020,243,Petrol,30.05,Third,2023,  Active  ,DEALER,105115.56,tier 2
Maharashtra,20.28,Royal Enfield,Meteor 350,185607,2018,602,  Petrol  ,58.87,Second,2024,ACTIVE,DEALER,146022.85,Tier 2
UTTAR PRADESH,67.72,Tvs,Ronin,190467,2021,623,Electric,99.52,First,2021,Expired,  Dealer  ,92938.91,Tier 3
GUJARAT,29.86,Hero,Xtreme 160R,307074,2023,954,  Electric  ,65.08,1st,2023,Not Available,  Individual  ,238951.38,  Metro  
delhi,45.22,Honda,Dio,334618,2021,179,petrol,41.15,3rd,2021,ACTIVE,  Individual  ,180901.69,Tier 2
West Bengal,45.59,  Kawasaki  ,Vulcan S,191996,2024,560,Petrol,53.03,Second,2024,,Individual,102531.84,Tier 3
Rajasthan,54.66,YAMAHA,FZ V3,167055,2023,401,Hybrid,75.0,Third,2024,EXPIRED,Dealer,104205.64,Tier 1
RAJASTHAN,32.38,  Hero  ,Passion Pro,179748,2020,767,Hybrid,89.41,3rd,2022,Active,INDIVIDUAL,91491.82,Metro
  Madhya Pradesh  ,5.74,Bajaj,Avenger 220,383892,2019,541,ELECTRIC,92.75,2nd,2022,Active,Individual,255462.96348246787,metro
West Bengal,27.65,HONDA,Dio,299560,2022,563,  Electric  ,65.67,1st,2022,,Dealer,209483.2,METRO
UTTAR PRADESH,23.38,KTM,390 Adventure,226552,2024,544,Hybrid,76.53,Second,2024,Not Available,Individual,109303.66,Tier 2
Rajasthan,36.61,  Hero  ,Xtreme 160R,324457,2022,413,PETROL,58.72,,2023,Active,  Individual  ,154182.76,Tier 3
Delhi,77.46,TVS,NTorq 125,348910,2024,765,Electric,91.63,Second,2024,expired,  Individual  ,212711.83,tier 3
MAHARASHTRA,57.9,ROYAL ENFIELD,Interceptor 650,133932,2024,816,  Electric  ,64.35,First,2024,EXPIRED,individual,55506.03,Tier 1
Delhi,17.41,yamaha,MT-15,151506,2024,539,Electric,81.18,3rd,2024,Active,Individual,73294.16,TIER 1
Madhya Pradesh,15.96,hero,HF Deluxe,72987,2020,450,HYBRID,64.09,Third,2023,Expired,  Dealer  ,44533.45,  Metro  
Madhya Pradesh,25.51,  Royal Enfield  ,Hunter 350,197799,2021,222,Petrol,36.78,1st,2021,  Active  ,  Individual  ,81918.0,Tier 1
  Uttar Pradesh  ,17.67,TVS,NTorq 125,316179,2024,407,petrol,33.52,first owner,2024,Not Available,Individual,,tier 1
Uttar Pradesh,79.48,TVS,NTorq 125,353654,2022,945,HYBRID,77.25,First,2022,expired,INDIVIDUAL,275124.3,Metro
Madhya Pradesh,41.36,  Bajaj  ,Pulsar 150,"₹251,947",2022,806,electric,94.26,first owner,2022,Not Available,Individual,116588.48,TIER 3
TAMIL NADU,78.22,HERO,Glamour,140902,2023,378,Petrol,57.08,SECOND,2023,Not Available,Individual,70182.74,METRO
  Karnataka  ,22.42,BAJAJ,Dominar 400,171875,2024,242,hybrid,82.51,Third,2024,expired,Individual,86323.68,TIER 3
tamil nadu,60.99,Royal Enfield,Himalayan,239337,2019,299,Hybrid,98.78,THIRD,2022,  Expired  ,Individual,127794.71,tier 1
KARNATAKA,67.34,BAJAJ,Dominar 400,308729,2024,923,HYBRID,67.87,SECOND,2024,Not Available,dealer,128193.61,Tier 2
uttar pradesh,28.76,honda,CBR 650R,148280,2024,974,ELECTRIC,,SECOND,2024,  Expired  ,DEALER,95912.43,Tier 2
west bengal,22.75,BAJAJ,Platina 110,"₹285,400",2019,656,  Hybrid  ,69.86,3rd,2022,NOT AVAILABLE,Dealer,169255.26,Tier 3
MADHYA PRADESH,34.17,TVS,Ronin,143558,2023,979,Hybrid,89.8,2nd,2024,NOT AVAILABLE,individual,92784.39,Tier 3
  Punjab  ,34.95,HONDA,Dio,95109,2021,106,Hybrid,70.04,Second,2021,,Dealer,70912.53,  Tier 1  
PUNJAB,19.23,yamaha,R15 V4,319142,2024,251,hybrid,65.62,THIRD,2024,expired,Individual,227383.89,Metro
Madhya Pradesh,31.11,KTM,125 Duke,375046,2020,463,Electric,60.92,second owner,2021,Expired,Dealer,182507.63,METRO
  Tamil Nadu  ,23.64,Yamaha,R15 V4,243635,2024,317,petrol,46.19,second owner,2024,Expired,Individual,111771.35,TIER 3
Punjab,69.97,Royal Enfield,Himalayan,140322,2024,142,hybrid,69.83,Third,2024,Expired,individual,74497.63,TIER 2
Madhya Pradesh,67.15,bajaj,Pulsar 150,200395,2021,347,  Hybrid  ,72.37,THIRD,2024,Expired,Dealer,89396.13,Metro
Rajasthan,58.15,hero,Splendor Plus,70868,2024,863,Electric,62.96,1st,2024,  Active  ,Individual,53073.7,Tier 3
maharashtra,75.68,TVS,Sport,201782,2022,221,electric,78.46,THIRD,2023,active,DEALER,124270.77,tier 3
tamil nadu,38.89,YAMAHA,FZ V3,261436,2020,721,Hybrid,61.03,3rd,2022,Active,Individual,182440.06,Tier 3
WEST BENGAL,79.95,KTM,RC 390,110363,2024,886,HYBRID,71.43,first owner,2024,NOT AVAILABLE,Individual,52065.73,Metro
  Maharashtra  ,69.34,yamaha,FZ V3,232258,2019,130,  Electric  ,90.42,THIRD,2021,Expired,  Dealer  ,141412.33,tier 1
Delhi,76.22,KAWASAKI,Versys 650,373594,2022,670,  Petrol  ,49.03,Second,2024,Expired,Dealer,197366.85,  Metro  
Delhi,15.73,Honda,Unicorn,338400,2019,698,  Petrol  ,40.94,THIRD,2024,Active,individual,146636.13,  Tier 1  
karnataka,52.13,Royal Enfield,Classic 350,298833,2018,912,Hybrid,92.26,Second,2023,EXPIRED,Dealer,196637.39,tier 1
Gujarat,24.8,TVS,Jupiter,364784,2022,408,Hybrid,78.34,First,2022,expired,Dealer,273452.37,metro
Rajasthan,16.58,Honda,Activa,208553,2022,446,Petrol,35.76,first owner,2022,NOT AVAILABLE,Dealer,109105.63,Tier 3
Karnataka,66.29,Hero,Glamour,177433,2019,955,Petrol,46.91,Second,2024,NOT AVAILABLE,individual,93249.29,Tier 3
tamil nadu,19.99,Honda,Unicorn,188897,2017,766,petrol,43.51,2nd,2024,  Active  ,individual,104487.58,Tier 3
Uttar Pradesh,66.82,Honda,CBR 650R,384436,2022,870,Electric,84.45,THIRD,2024,EXPIRED,Individual,241264.25,Tier 3
Uttar Pradesh,73.03,  Royal Enfield  ,Himalayan,340316,2024,445,Petrol,36.26,2nd,2024,Active,  Individual  ,183166.86,TIER 2
madhya pradesh,63.06,TVS,Sport,218253,2023,570,Petrol,32.2,second owner,2023,active,Individual,133254.08,Metro
MADHYA PRADESH,78.79,  Kawasaki  ,Z650,173125,2024,341,Petrol,27.19,SECOND,2024,Expired,Individual,83041.81,TIER 3
West Bengal,56.86,Bajaj,Avenger 220,137593,2024,578,Hybrid,92.12,,2024,Not Available,  Individual  ,74494.93,Metro
Madhya Pradesh,41.25,Bajaj,Dominar 400,398718,2023,808,HYBRID,89.03,1st,2023,,Individual,236765.99,tier 1
Punjab,35.29,bajaj,Platina 110,223417,2023,379,ELECTRIC,89.01,Second,2023,Expired,DEALER,106707.46,Tier 3
Uttar Pradesh,35.08,Tvs,Apache RTR 160,344291,2024,585,Electric,95.45,Third,2024,Not Available,Dealer,166083.36,  Tier 3  
Karnataka,18.55,Kawasaki,Ninja 300,185823,2016,537,  Electric  ,61.87,Second,2022,Expired,Dealer,139508.02,  Tier 3  
RAJASTHAN,75.99,yamaha,Ray ZR,150148,2023,657,Petrol,32.09,third owner,2024,  Active  ,INDIVIDUAL,,Metro
  Uttar Pradesh  ,13.28,Bajaj,Avenger 220,60422,2022,855,hybrid,69.41,Third,2024,ACTIVE,INDIVIDUAL,37439.43,  Tier 1  
rajasthan,74.25,Yamaha,Ray ZR,142189,2021,281,Petrol,42.73,First,2021,Active,INDIVIDUAL,94812.92,Tier 3
Delhi,7.52,KAWASAKI,Vulcan S,252106,2024,189,Electric,70.52,2nd,2024,  Active  ,Dealer,165051.89,Tier 1
Karnataka,25.97,Yamaha,MT-15,244919,2022,247,  Electric  ,94.74,Third,2024,Expired,Dealer,117413.7,Tier 3
Karnataka,78.09,HONDA,Shine,"₹107,848",2024,180,Electric,93.93,THIRD,2024,  Active  ,DEALER,53987.28,tier 1
Delhi,8.5,Kawasaki,Z650,315378,2023,980,  Electric  ,61.83,SECOND,2024,  Not Available  ,  Dealer  ,206266.81,Tier 2
Rajasthan,32.24,Honda,Dio,134620,2018,660,ELECTRIC,71.68,3rd,2022,Not Available,individual,61334.18,  Metro  
Maharashtra,28.21,Kawasaki,Ninja 400,356349,2022,670,Electric,83.74,,2023,  Expired  ,Individual,171061.35,Tier 1
  Uttar Pradesh  ,35.75,Bajaj,CT 100,342355,2024,888,Hybrid,62.77,Second,2024,Not Available,Dealer,150976.97,Tier 3
  Maharashtra  ,61.5,Tvs,Sport,339469,2021,222,electric,66.45,Second,2022,Expired,dealer,239906.32,Tier 1
delhi,20.35,Yamaha,R15 V4,"₹303,977",2024,763,ELECTRIC,94.61,3rd,2024,not available,individual,216470.09,Tier 2
  Gujarat  ,28.96,Bajaj,CT 100,311371,2021,583,Electric,76.25,SECOND,2022,  Active  ,Dealer,242886.23,Tier 1
GUJARAT,13.86,Honda,Shine,172611,2016,418,petrol,33.97,third owner,2021,Active,  Individual  ,136999.36,Metro
uttar pradesh,68.12,TVS,Jupiter,196018,2023,621,Electric,97.43,2nd,2023,Expired,DEALER,134258.46,metro
KARNATAKA,9.48,  Kawasaki  ,Z650,198797,2021,695,Petrol,55.76,FIRST,2021,Expired,  Individual  ,129056.36,Tier 1
Madhya Pradesh,71.08,KTM,390 Adventure,325983,2024,417,Hybrid,75.64,First,2024,  Expired  ,individual,135568.44,Metro
RAJASTHAN,15.86,Royal Enfield,Himalayan,130774,2021,422,Petrol,31.99,second owner,2021,expired,Individual,75197.62,Tier 1
Uttar Pradesh,11.55,HERO,Splendor Plus,147378,2023,865,Electric,88.18,Second,2023,Active,DEALER,90799.18,Tier 2
  Gujarat  ,17.35,Hero,Xtreme 160R,"₹227,837",2020,420,Hybrid,86.34,2nd,2024,ACTIVE,Individual,131811.57,Tier 3
MADHYA PRADESH,71.28,Hero,HF Deluxe,106823,2023,848,Electric,79.17,3rd,2023,Not Available,Dealer,78657.28,TIER 1
maharashtra,45.05,KTM,RC 390,279438,2022,565,Petrol,28.82,third owner,2022,Active,individual,222848.33,Tier 2
  Karnataka  ,25.34,ROYAL ENFIELD,Hunter 350,263389,2023,976,PETROL,45.81,First,2021,Not Available,DEALER,181145.09,TIER 3
MADHYA PRADESH,31.32,Royal Enfield,Classic 350,138465,2023,642,Hybrid,81.95,2nd,2024,NOT AVAILABLE,DEALER,80175.83,tier 1
RAJASTHAN,8.07,KTM,250 Duke,333013,2024,714,electric,83.45,FIRST,2024,,individual,186714.48,Tier 1
Karnataka,66.29,Tvs,NTorq 125,242976,2016,291,Petrol,52.06,third owner,2022,Expired,Dealer,190481.41,Tier 3
delhi,38.35,tvs,Jupiter,306952,2019,885,  Hybrid  ,99.17,Third,2023,active,individual,216635.85,TIER 2
KARNATAKA,8.58,  Yamaha  ,R15 V4,384648,2023,150,Electric,74.07,third owner,2023,Expired,individual,222901.04,Tier 2
GUJARAT,58.99,KTM,390 Adventure,206828,2018,909,Petrol,48.09,2nd,2024,Not Available,Individual,130927.45,  Tier 1  
MADHYA PRADESH,49.7,Hero,HF Deluxe,346104,2023,378,electric,79.93,2nd,2023,Active,  Dealer  ,149455.05,  Tier 1  
Punjab,60.76,TVS,Ronin,56685,2018,221,Petrol,45.43,THIRD,2021,Not Available,  Dealer  ,,Tier 2
Punjab,7.98,  Honda  ,Dio,161242,2024,780,Electric,70.97,SECOND,2024,Active,Individual,107358.71,Tier 1
Rajasthan,58.78,HONDA,Unicorn,121348,2024,399,hybrid,79.69,3rd,2024,EXPIRED,Dealer,64388.05,  Tier 1  
Madhya Pradesh,77.83,  KTM  ,Duke 200,200077,2023,441,HYBRID,86.29,FIRST,2023,Expired,individual,133872.86,tier 3
uttar pradesh,23.38,Bajaj,CT 100,144782,2023,448,Electric,86.62,3rd,2023,Not Available,Individual,115244.64,tier 1
  West Bengal  ,17.98,ROYAL ENFIELD,Himalayan,354070,2019,346,  Petrol  ,46.29,SECOND,2022,Expired,  Individual  ,151568.39,Tier 2
Gujarat,35.65,Honda,CBR 650R,278366,2023,626,Hybrid,87.88,SECOND,2023,ACTIVE,Individual,208976.55,Tier 1
Madhya Pradesh,49.04,KTM,Duke 200,265186,2024,607,Petrol,52.18,third owner,2024,Not Available,individual,170127.43,METRO
Delhi,68.26,  Royal Enfield  ,Hunter 350,264839,2021,959,Petrol,38.76,Third,2022,Active,Dealer,131458.48,TIER 1
karnataka,61.98,Royal Enfield,Meteor 350,325539,2018,879,Electric,93.52,second owner,2021,Expired,DEALER,186178.28,Tier 1
Uttar Pradesh,65.07,Honda,Activa,267432,2024,559,Petrol,35.12,FIRST,2024,active,  Dealer  ,118096.74,  Tier 3  
RAJASTHAN,34.41,Bajaj,Pulsar 150,269952,2017,442,  Electric  ,,SECOND,2023,Active,INDIVIDUAL,154801.63,Tier 3
Maharashtra,72.83,Honda,Unicorn,106847,2022,966,Petrol,52.9,Second,2022,,Dealer,63176.52,Metro
gujarat,50.32,Bajaj,Avenger 220,380811,2024,785,Electric,60.57,THIRD,2024,Expired,DEALER,264035.75,Tier 2
RAJASTHAN,39.33,Hero,Glamour,"₹374,242",2023,133,Hybrid,61.56,,2023,Not Available,Individual,155270.57,Metro
maharashtra,8.0,Bajaj,Pulsar 150,177133,2021,159,  Petrol  ,35.74,3rd,2022,Expired,Individual,107142.72,TIER 3
delhi,68.53,HERO,Splendor Plus,285679,2024,318,petrol,31.07,2nd,2024,  Expired  ,Individual,117592.57,Metro
Karnataka,28.97,Kawasaki,Ninja 400,179094,2020,794,Electric,74.44,2nd,2021,Expired,Dealer,,Tier 1
tamil nadu,54.51,Kawasaki,Z650,279319,2022,0,  Hybrid  ,70.45,First,2022,EXPIRED,Individual,222969.83,tier 2
  Punjab  ,56.48,hero,Passion Pro,288187,2017,823,  Electric  ,91.31,third owner,2022,Active,Dealer,196649.42,Tier 1
  Tamil Nadu  ,71.6,  KTM  ,125 Duke,188001,2021,759,Hybrid,80.58,Second,2023,NOT AVAILABLE,INDIVIDUAL,,Tier 2
Madhya Pradesh,53.33,  Honda  ,Dio,115795,2018,375,Petrol,57.96,Third,2023,Expired,Dealer,,TIER 1
punjab,39.12,Yamaha,Fascino 125,123029,2024,310,  Electric  ,62.87,Third,2024,Active,individual,49873.12,Tier 2
Karnataka,48.11,TVS,NTorq 125,"₹314,624",2020,570,Electric,93.28,second owner,2023,  Expired  ,Dealer,155523.63,  Tier 1  
Punjab,65.32,KTM,125 Duke,267039,2024,480,ELECTRIC,60.06,,2024,EXPIRED,  Dealer  ,191387.0,TIER 1
Gujarat,48.46,royal enfield,Hunter 350,392339,2017,645,petrol,,Second,2023,  Active  ,INDIVIDUAL,310276.01,  Tier 3  
Maharashtra,41.96,bajaj,Pulsar 150,312529,2022,509,  Electric  ,68.16,3rd,2024,Not Available,Individual,204938.96,Tier 2
MAHARASHTRA,11.05,Kawasaki,Versys 650,318728,2017,890,Hybrid,96.66,second owner,2021,Active,INDIVIDUAL,174605.23,tier 3
UTTAR PRADESH,60.88,royal enfield,Interceptor 650,354525,2020,424,electric,97.9,3rd,2024,NOT AVAILABLE,Individual,263273.76,Metro
Tamil Nadu,57.96,KTM,250 Duke,332860,2018,948,Petrol,36.24,Second,2023,active,dealer,213065.8,Tier 2
Uttar Pradesh,62.59,yamaha,Fascino 125,268437,2024,197,Petrol,34.32,3rd,2024,Expired,Individual,132527.28,  Tier 2  
punjab,77.59,TVS,Sport,105774,2023,125,  Electric  ,86.52,THIRD,2023,Not Available,Individual,,  Tier 1  
Gujarat,62.41,KTM,Duke 200,349438,2023,477,Electric,73.44,Second,2024,Not Available,Individual,154776.35,Tier 1
Tamil Nadu,54.79,YAMAHA,Fascino 125,50141,2020,270,Petrol,36.01,third owner,2021,Expired,Individual,30222.17,metro
  Maharashtra  ,74.8,ROYAL ENFIELD,Himalayan,291633,2022,933,Petrol,31.69,Second,2024,,Dealer,145252.8,  Metro  
DELHI,11.33,Royal Enfield,Interceptor 650,333716,2024,735,PETROL,,second owner,2024,,  Dealer  ,200171.08,METRO
West Bengal,74.74,  KTM  ,390 Adventure,300409,2024,398,  Electric  ,64.04,3rd,2024,  Expired  ,  Dealer  ,160016.58,TIER 2
WEST BENGAL,33.5,Honda,Shine,339397,2023,405,ELECTRIC,91.98,First,2023,Active,DEALER,151836.6,Tier 3
KARNATAKA,73.07,Bajaj,Platina 110,74279,2023,814,Petrol,26.3,First,2023,Expired,  Dealer  ,34948.33,Tier 3
Uttar Pradesh,76.35,Yamaha,Ray ZR,305953,2021,530,  Electric  ,90.01,FIRST,2021,Active,Individual,208428.93,metro
MADHYA PRADESH,5.78,royal enfield,Himalayan,369790,2022,106,Petrol,33.51,,2024,Active,Individual,241857.12,TIER 1
Maharashtra,69.21,Yamaha,Ray ZR,84017,2018,302,Petrol,50.1,Second,2024,not available,DEALER,54916.95,Tier 1
West Bengal,55.57,HONDA,Activa,253660,2015,927,electric,84.65,second owner,2023,Active,Dealer,121655.3,Tier 3
madhya pradesh,60.32,Hero,Passion Pro,149196,2022,296,Petrol,58.49,2nd,2023,  Expired  ,Individual,63500.25,Tier 1
  Tamil Nadu  ,20.63,Honda,Shine,146308,2019,808,Hybrid,83.77,2nd,2022,NOT AVAILABLE,Dealer,80884.08,  Tier 2  
West Bengal,66.6,Kawasaki,Ninja 400,289200,2018,858,Petrol,48.22,,2024,  Active  ,dealer,192885.36,tier 2
Karnataka,44.85,Honda,Activa,179546,2023,596,Electric,83.44,third owner,2023,Active,INDIVIDUAL,110164.84,Metro
Tamil Nadu,57.44,KTM,250 Duke,88972,2023,759,Petrol,59.38,first owner,2023,Expired,  Dealer  ,65261.8,  Tier 3  
uttar pradesh,69.47,Hero,Splendor Plus,277903,2022,787,Petrol,26.73,First,2022,Not Available,Dealer,222272.18,Metro
Rajasthan,20.62,KAWASAKI,Versys 650,103050,2024,635,  Hybrid  ,94.31,THIRD,2024,expired,Dealer,79743.96,Tier 2
karnataka,27.09,  Bajaj  ,Pulsar 150,92858,2023,661,Petrol,50.2,Second,2024,Expired,Dealer,48181.67,  Metro  
Madhya Pradesh,44.41,Honda,Dio,369977,2024,665,Hybrid,64.82,THIRD,2024,Not Available,DEALER,230065.14,Tier 1
  Rajasthan  ,71.93,KTM,390 Adventure,269817,2024,967,electric,84.32,3rd,2024,expired,Individual,186809.41,  Tier 1  
  Punjab  ,75.54,Yamaha,MT-15,214334,2021,107,Petrol,30.48,third owner,2021,Not Available,Individual,,Tier 1
RAJASTHAN,67.42,Royal Enfield,Hunter 350,99308,2021,717,Petrol,47.43,Third,2023,ACTIVE,Individual,78139.49,tier 1
West Bengal,61.56,Yamaha,Fascino 125,61038,2024,601,electric,78.34,3rd,2024,Expired,Individual,38416.65,Tier 3
  Maharashtra  ,20.42,KTM,Duke 200,271347,2016,353,Electric,68.5,THIRD,2024,Active,Dealer,161362.42,Metro
TAMIL NADU,17.92,Hero,Xtreme 160R,124335,2023,999,HYBRID,76.59,SECOND,2023,Not Available,  Dealer  ,54446.58,TIER 1
MADHYA PRADESH,74.91,TVS,Jupiter,145954,2021,955,Petrol,,first owner,2021,  Expired  ,Dealer,76251.4,Tier 1
KARNATAKA,31.76,Bajaj,CT 100,240568,2024,976,ELECTRIC,93.4,SECOND,2024,Expired,dealer,116702.78,Tier 3
Tamil Nadu,14.44,  Yamaha  ,Ray ZR,111177,2023,332,HYBRID,87.71,THIRD,2023,Expired,Dealer,54693.24,Tier 1
maharashtra,44.34,Honda,Shine,158831,2015,774,Petrol,29.79,Third,2022,Not Available,Dealer,74456.06,  Tier 3  
delhi,6.85,bajaj,Platina 110,281949,2021,953,petrol,36.19,THIRD,2022,  Not Available  ,Individual,120436.92,Tier 3
Gujarat,50.33,Kawasaki,Versys 650,167483,2022,912,Petrol,32.81,SECOND,2022,Active,Dealer,96692.39,TIER 1
madhya pradesh,32.03,Royal Enfield,Interceptor 650,53430,2024,535,hybrid,75.28,First,2024,Expired,Dealer,36029.92,Tier 2
  Gujarat  ,67.46,Honda,Unicorn,392637,2022,313,Hybrid,89.59,first owner,2022,Not Available,Individual,204272.4,  Tier 3  
GUJARAT,17.59,Kawasaki,Z650,51159,2017,684,  Hybrid  ,78.07,Second,2022,Expired,Individual,,Tier 2
Karnataka,55.64,TVS,Ronin,52487,2023,222,  Petrol  ,55.57,second owner,2024,Not Available,Dealer,30353.34,Tier 1
Madhya Pradesh,15.3,yamaha,Ray ZR,269505,2016,154,  Hybrid  ,84.21,SECOND,2022,Active,dealer,152520.31,  Tier 2  
Karnataka,76.94,Royal Enfield,Meteor 350,102101,2021,210,Electric,96.82,,2022,expired,  Dealer  ,69842.89,Tier 3
  Tamil Nadu  ,30.61,Yamaha,MT-15,226268,2020,759,ELECTRIC,82.07,3rd,2022,  Expired  ,Individual,98416.52,  Metro  
  Maharashtra  ,44.19,Kawasaki,Versys 650,58061,2017,487,ELECTRIC,67.2,3rd,2023,Expired,individual,24640.71,Tier 2
West Bengal,45.28,bajaj,Dominar 400,220098,2024,616,Hybrid,75.08,2nd,2024,NOT AVAILABLE,  Individual  ,103890.66,Tier 1
Delhi,22.57,  Bajaj  ,Avenger 220,297558,2023,802,Electric,73.49,FIRST,2023,,  Individual  ,225882.53,  Metro  
RAJASTHAN,28.55,  Bajaj  ,Pulsar 150,84775,2024,183,electric,81.08,3rd,2024,expired,Dealer,35655.38,TIER 2
WEST BENGAL,24.58,Kawasaki,Z650,199100,2024,769,Hybrid,94.46,Third,2024,Not Available,DEALER,146514.89,TIER 1
Rajasthan,65.08,Royal Enfield,Meteor 350,94779,2015,985,Electric,93.55,3rd,2023,  Not Available  ,Individual,38045.1,METRO
  West Bengal  ,77.5,ROYAL ENFIELD,Meteor 350,199318,2016.0,649,Electric,90.28,Third,2024,,Dealer,129551.85,Tier 1
Madhya Pradesh,70.43,  Kawasaki  ,Vulcan S,"₹293,104",2019,837,Electric,84.95,Third,2024,Expired,Dealer,,Tier 3
Madhya Pradesh,27.48,  KTM  ,Duke 200,102836,2024,394,ELECTRIC,89.56,SECOND,2024,Expired,Individual,74732.84,Metro
Rajasthan,18.89,Royal Enfield,Himalayan,163559,2022,672,PETROL,37.77,first owner,2022,  Active  ,Dealer,84688.9476188345,Tier 1
Rajasthan,28.33,TVS,Ronin,344140,2024,649,Hybrid,64.19,3rd,2024,Expired,Dealer,191969.65,Tier 3
Tamil Nadu,22.2,Hero,Glamour,122872,2022,220,Electric,98.67,first owner,2022,,Dealer,70268.52,metro
Maharashtra,76.29,Ktm,125 Duke,73374,2019,728,Electric,93.3,third owner,2021,Expired,Dealer,35085.0,Tier 3
Punjab,70.62,  Yamaha  ,MT-15,345789,2022,760,hybrid,76.53,third owner,2023,Active,Individual,196118.04,TIER 2
West Bengal,39.0,Yamaha,Fascino 125,75372,2023.0,711,  Electric  ,78.31,Third,2024,Expired,Individual,,Tier 3
madhya pradesh,62.8,Kawasaki,Ninja 300,390768,2019,971,electric,64.71,second owner,2021,Active,individual,219140.44,  Tier 3  
  West Bengal  ,61.93,hero,Passion Pro,91044,2018,414,Electric,91.45,SECOND,2024,Expired,INDIVIDUAL,39279.59,Tier 2
Uttar Pradesh,40.27,ktm,RC 390,316815,2021.0,462,Petrol,35.31,Second,2021,Active,DEALER,247585.44,  Tier 1  
Uttar Pradesh,25.67,royal enfield,Classic 350,285468,2024,649,electric,86.75,SECOND,2024,Not Available,Individual,203528.07,Tier 3
Punjab,79.38,honda,Shine,107455,2020,939,Petrol,59.12,3rd,2023,Not Available,Individual,56630.73,tier 2
Madhya Pradesh,47.73,  KTM  ,RC 390,365544,2024,291,ELECTRIC,93.8,Third,2024,,Individual,275179.85,Metro
Punjab,6.54,KTM,RC 390,102188,2023.0,772,Petrol,55.87,First,2023,not available,Dealer,70547.54,  Tier 2  
Punjab,36.53,TVS,Jupiter,238313,2024,839,electric,99.8,2nd,2024,,DEALER,145352.13,Tier 1
Tamil Nadu,17.72,Yamaha,FZ V3,222167,2019,670,hybrid,80.82,Third,2024,,dealer,144576.81,tier 1
Karnataka,61.3,tvs,NTorq 125,290095,2021,797,Petrol,57.81,FIRST,2021,ACTIVE,DEALER,153024.32,TIER 3
Gujarat,15.96,Hero,Passion Pro,268913,2022,602,Hybrid,85.39,3rd,2022,NOT AVAILABLE,Individual,171870.04,Metro
punjab,14.64,Hero,Xtreme 160R,332911,2021,424,Hybrid,90.28,THIRD,2022,Expired,Individual,250640.0,tier 3
Karnataka,18.82,Bajaj,CT 100,376605,2017,498,Electric,74.32,3rd,2022,Expired,dealer,247209.78,tier 3
West Bengal,72.76,Kawasaki,Ninja 400,290509,2017,182,Hybrid,,third owner,2021,active,individual,163183.92,Metro
Delhi,66.59,Yamaha,MT-15,86315,2022,691,Hybrid,77.06,3rd,2022,Active,Dealer,60991.2,TIER 3
Karnataka,77.22,Hero,Splendor Plus,211399,2023,530,Petrol,56.83,SECOND,2023,Expired,Individual,95030.83,  Tier 2  
Karnataka,16.26,Yamaha,MT-15,313833,2023,579,ELECTRIC,95.23,SECOND,2024,Active,Individual,217398.15,TIER 2
Punjab,12.15,ktm,125 Duke,93578,2018.0,777,PETROL,45.96,2nd,2021,Active,Individual,51371.3,  Metro  
rajasthan,44.58,Honda,Shine,221869,2024,706,Petrol,31.13,1st,2024,active,  Individual  ,96427.24,Tier 2
  Madhya Pradesh  ,41.98,Royal Enfield,Interceptor 650,137473,2021,923,hybrid,83.69,1st,2021,  Expired  ,individual,67717.73,Metro
Tamil Nadu,40.36,Yamaha,MT-15,62265,2021,189,Hybrid,71.82,second owner,2022,Not Available,Individual,,TIER 2
Rajasthan,75.45,  Bajaj  ,Platina 110,146548,2015,285,Electric,60.29,THIRD,2022,EXPIRED,  Individual  ,77165.77,Tier 3
  West Bengal  ,22.62,Yamaha,Fascino 125,346728,2021,744,Hybrid,74.26,third owner,2023,Expired,Individual,169817.81,  Metro  
  Madhya Pradesh  ,51.59,KAWASAKI,Versys 650,164010,2024,400,  Electric  ,95.5,third owner,2024,Active,Dealer,,METRO
Delhi,48.83,HERO,Xtreme 160R,229546,2024,925,ELECTRIC,83.07,third owner,2024,  Active  ,  Dealer  ,167535.93,METRO
Karnataka,73.77,  TVS  ,Apache RTR 160,295076,2022,115,Electric,71.1,3rd,2023,Not Available,  Dealer  ,147987.59,metro
punjab,46.48,Honda,CBR 650R,242278,2023,682,Electric,76.53,Second,2023,Expired,  Individual  ,,TIER 1
MAHARASHTRA,27.17,honda,Dio,114917,2022,616,Electric,61.41,second owner,2023,Active,Individual,45984.53,Tier 1
GUJARAT,6.08,KTM,250 Duke,122309,2017,339,Hybrid,80.87,second owner,2021,ACTIVE,dealer,68963.31,Tier 2
Rajasthan,70.77,yamaha,FZ V3,229160,2019,403,hybrid,61.58,Second,2023,Not Available,DEALER,114436.64,Metro
Karnataka,9.28,KTM,Duke 200,284563,2024,747,PETROL,42.12,1st,2024,active,Dealer,142393.76,tier 1
Punjab,56.45,Bajaj,Pulsar 150,"₹50,141",2021,618,petrol,29.93,3rd,2022,Active,DEALER,36559.21,Tier 2
West Bengal,24.67,Honda,CBR 650R,65664,2021,238,Electric,,SECOND,2023,Active,Dealer,46416.23,Tier 2
Rajasthan,29.34,  Royal Enfield  ,Hunter 350,184948,2020,927,  Petrol  ,59.72,second owner,2021,  Not Available  ,Individual,106970.79,metro
  West Bengal  ,51.05,  KTM  ,390 Adventure,308235,2020,245,HYBRID,65.98,2nd,2022,Expired,Individual,190796.08,Tier 3
GUJARAT,67.26,Yamaha,Fascino 125,136233,2021,879,Petrol,29.58,First,2021,  Expired  ,DEALER,69953.64,TIER 1
  West Bengal  ,53.3,ROYAL ENFIELD,Interceptor 650,117118,2022,557,Hybrid,84.38,1st,2022,Not Available,Individual,73090.89,TIER 2
gujarat,59.94,Honda,Shine,180159,2021,162,  Electric  ,85.14,2nd,2024,EXPIRED,dealer,133340.64,  Tier 3  
Punjab,11.28,Tvs,Apache RTR 160,148711,2022,875,Petrol,31.46,third owner,2023,ACTIVE,Dealer,105710.86,Metro
Rajasthan,25.69,honda,Unicorn,162746,2024,346,  Hybrid  ,,,2024,Not Available,Individual,75954.74,METRO
punjab,36.67,hero,Splendor Plus,392747,2016,290,petrol,50.94,second owner,2021,Active,Dealer,158485.92,TIER 3
  Maharashtra  ,55.22,Bajaj,Pulsar 150,50711,2017,764,Electric,74.26,Third,2024,NOT AVAILABLE,Dealer,27275.13,tier 3
UTTAR PRADESH,48.76,hero,HF Deluxe,139690,2023,724,  Hybrid  ,90.77,First,2023,  Not Available  ,INDIVIDUAL,65532.52,Metro
WEST BENGAL,57.05,  KTM  ,RC 390,399829,2024,686,  Petrol  ,41.12,1st,2024,Expired,Dealer,233155.41,TIER 1
punjab,20.23,Royal Enfield,Hunter 350,373360,2023,660,  Electric  ,93.7,THIRD,2023,  Active  ,DEALER,268625.34,tier 3
  Karnataka  ,22.09,Kawasaki,Versys 650,138953,2024,256,Petrol,,SECOND,2024,Not Available,Dealer,,TIER 2
Delhi,76.24,royal enfield,Meteor 350,"₹289,021",2021,829,  Petrol  ,53.63,second owner,2023,not available,Dealer,230447.95,Tier 3
Delhi,5.78,  Honda  ,Activa,390787,2017,751,Petrol,59.23,SECOND,2021,  Expired  ,Individual,181480.25,Tier 2
KARNATAKA,24.65,TVS,Jupiter,138582,2017,593,Hybrid,68.11,SECOND,2021,not available,Individual,107535.69,  Metro  
Madhya Pradesh,46.45,honda,Unicorn,"₹229,648",2023,558,Petrol,48.32,third owner,2024,expired,Dealer,,Tier 2
Gujarat,15.99,Tvs,Apache RTR 160,147875,2020,834,PETROL,45.34,THIRD,2023,Expired,Dealer,71760.84,Metro
Delhi,14.34,hero,Glamour,299859,2020,598,hybrid,87.08,2nd,2022,EXPIRED,Individual,173448.35,TIER 1
Punjab,50.54,YAMAHA,Fascino 125,220993,2016,232,electric,79.5,,2023,ACTIVE,DEALER,106769.74,Metro
Uttar Pradesh,61.76,HERO,HF Deluxe,64886,2017,148,Petrol,41.55,,2022,Expired,Individual,,Tier 3
West Bengal,41.16,Honda,Activa,163146,2019,853,Electric,79.83,second owner,2023,not available,Dealer,,Tier 3
  Tamil Nadu  ,11.92,KTM,390 Adventure,263585,2017,189,Petrol,30.69,third owner,2021,Active,Dealer,150335.94,TIER 2
Delhi,29.37,Hero,Glamour,253624,2023,439,Electric,91.51,First,2023,NOT AVAILABLE,Dealer,142617.47,Tier 1
Rajasthan,74.06,BAJAJ,Dominar 400,138391,2023,817,Electric,87.62,1st,2023,Active,  Dealer  ,73618.97,tier 2
Karnataka,11.18,TVS,Ronin,222357,2018,287,petrol,43.54,Second,2021,NOT AVAILABLE,Individual,143902.0,tier 1
  Punjab  ,52.14,Honda,Unicorn,293860,2022,521,electric,79.55,FIRST,2022,EXPIRED,individual,171373.42,metro
Rajasthan,45.9,TVS,NTorq 125,331449,2018,799,Electric,75.63,,2021,Not Available,Individual,228166.43,  Tier 1  
Tamil Nadu,53.46,yamaha,FZ V3,84719,2019,112,Petrol,,third owner,2023,Active,individual,39100.44,TIER 1
Rajasthan,55.06,Kawasaki,Ninja 300,328442,2024,669,Petrol,57.91,SECOND,2024,  Not Available  ,INDIVIDUAL,191918.21,Tier 3
Karnataka,28.34,KTM,Duke 200,241646,2024,390,Hybrid,72.21,second owner,2024,NOT AVAILABLE,dealer,96157.9045339344,tier 2
  Maharashtra  ,35.21,TVS,Sport,119456,2024,837,Electric,91.4,First,2024,Expired,Individual,84926.28,Metro
  Karnataka  ,39.01,YAMAHA,Ray ZR,74997,2022,515,Petrol,49.14,THIRD,2024,NOT AVAILABLE,Individual,42436.54,Tier 2
  Delhi  ,33.86,TVS,Ronin,157641,2020,103,ELECTRIC,75.41,2nd,2022,,Dealer,101759.45,  Tier 3  
Rajasthan,69.52,Yamaha,Ray ZR,299617,2017,531,Hybrid,80.26,3rd,2024,  Active  ,DEALER,140381.99,  Tier 1  
tamil nadu,42.31,TVS,Sport,194808,2022,364,  Hybrid  ,71.36,THIRD,2023,Not Available,Dealer,,Tier 2
West Bengal,78.76,Royal Enfield,Meteor 350,72732,2024,585,hybrid,70.94,SECOND,2024,Active,Dealer,32615.64,Tier 3
PUNJAB,69.13,BAJAJ,Dominar 400,63003,2017,557,Hybrid,87.33,third owner,2022,Active,Dealer,35948.49,Tier 1
  Uttar Pradesh  ,42.27,  TVS  ,Sport,65442,2024,270,petrol,25.37,first owner,2024,Expired,Individual,31814.98,  Tier 2  
Tamil Nadu,25.35,  KTM  ,390 Adventure,77533,2018,356,Hybrid,88.98,Third,2021,expired,dealer,43852.09,Tier 1
Punjab,73.35,honda,Shine,280456,2019,896,Electric,93.49,SECOND,2022,  Expired  ,DEALER,144283.75,Tier 1
Uttar Pradesh,49.98,Hero,Glamour,359988,2021,769,Petrol,26.18,SECOND,2021,ACTIVE,Dealer,149448.7,Metro
KARNATAKA,29.07,TVS,NTorq 125,317304,2022,586,petrol,56.61,Third,2022,Active,  Dealer  ,140973.6,TIER 1
West Bengal,8.25,Kawasaki,Vulcan S,150082,2018,737,Electric,80.26,,2023,active,dealer,108916.12,Tier 3
Uttar Pradesh,20.78,Yamaha,Fascino 125,193613,2018,611,hybrid,65.51,third owner,2021,Expired,Individual,,Tier 2
  Madhya Pradesh  ,23.75,YAMAHA,Fascino 125,83679,2023,115,Electric,,THIRD,2024,,Dealer,43579.95,Tier 3
madhya pradesh,12.0,Kawasaki,Vulcan S,227615,2022,951,  Hybrid  ,73.85,third owner,2024,Active,Dealer,120338.32,  Tier 3  
delhi,37.32,HERO,HF Deluxe,98039,2020,582,Hybrid,70.73,SECOND,2023,Active,Dealer,43867.08,tier 1
PUNJAB,66.49,Yamaha,Fascino 125,123013,2024,785,  Electric  ,73.99,FIRST,2024,Expired,dealer,66031.47,Tier 3
uttar pradesh,28.5,Kawasaki,Ninja 400,381599,2021,214,Petrol,34.59,Second,2021,Active,Individual,208769.35,Tier 3
Rajasthan,55.53,KTM,Duke 200,228227,2018,858,  Petrol  ,46.11,,2021,expired,individual,113266.94,Tier 1
GUJARAT,33.04,Kawasaki,Vulcan S,182908,2021,413,Electric,,First,2021,NOT AVAILABLE,DEALER,,Tier 3
Gujarat,15.65,TVS,Ronin,377712,2022,842,Electric,76.49,second owner,2023,Expired,Dealer,276036.18,Tier 1
Madhya Pradesh,41.43,HERO,Glamour,82376,2021,924,electric,68.15,First,2021,not available,  Individual  ,48883.89,Metro
GUJARAT,24.98,KAWASAKI,Ninja 400,71883,2023,399,Petrol,28.95,third owner,2023,Expired,Dealer,,  Tier 1  
Maharashtra,18.98,Bajaj,CT 100,231909,2020,941,Petrol,30.0,Third,2023,Active,  Dealer  ,117063.6,Tier 3
West Bengal,47.16,Honda,Unicorn,109327,2015,208,Hybrid,90.92,SECOND,2022,ACTIVE,Individual,70156.24,Tier 2
uttar pradesh,65.73,Yamaha,MT-15,120408,2022,754,Petrol,38.72,second owner,2022,Not Available,Individual,84019.79,metro
KARNATAKA,53.12,kawasaki,Versys 650,376677,2024,525,Petrol,49.57,2nd,2024,NOT AVAILABLE,Dealer,181967.68,tier 2
Uttar Pradesh,35.0,Yamaha,Ray ZR,308241,2024,241,Electric,81.9,FIRST,2024,NOT AVAILABLE,Individual,216549.04,tier 1
Delhi,62.55,Royal Enfield,Hunter 350,244373,2024,728,  Electric  ,97.34,second owner,2024,Expired,Dealer,116018.52,  Tier 1  
Rajasthan,49.08,  Hero  ,Splendor Plus,"₹152,392",2023,553,Hybrid,78.84,second owner,2024,Not Available,Individual,84385.53,TIER 3
  Punjab  ,77.56,bajaj,Avenger 220,74384,2023,848,petrol,45.45,THIRD,2023,Active,INDIVIDUAL,45687.92,Metro
  Madhya Pradesh  ,22.28,TVS,Ronin,158682,2023,759,  Electric  ,85.17,First,2023,expired,individual,83726.13,tier 1
Maharashtra,61.35,  Honda  ,Activa,233992,2024,413,Hybrid,86.93,second owner,2024,Not Available,Dealer,95464.74,Tier 2
  Delhi  ,28.41,TVS,NTorq 125,122201,2022,293,Electric,73.84,SECOND,2024,Not Available,Dealer,89765.38548472883,Metro
WEST BENGAL,11.63,HONDA,CBR 650R,237494,2015,306,hybrid,83.46,3rd,2023,not available,  Individual  ,97618.61,  Tier 3  
Punjab,34.38,Hero,Xtreme 160R,305268,2022,972,electric,86.76,first owner,2022,expired,DEALER,128402.9,TIER 2
MAHARASHTRA,35.74,bajaj,Platina 110,76380,2024,123,Hybrid,61.96,third owner,2024,Active,DEALER,36908.29,  Tier 1  
Uttar Pradesh,21.93,Royal Enfield,Interceptor 650,317223,2017,717,  Petrol  ,45.12,Second,2021,expired,Individual,247318.41,Tier 3
  Delhi  ,41.49,Kawasaki,Vulcan S,190779,2023,446,Electric,61.56,2nd,2023,active,DEALER,132889.8,metro
  Maharashtra  ,19.45,Hero,Glamour,347347,2024,623,Electric,92.94,Third,2024,expired,Individual,240261.05,tier 1
west bengal,57.81,KTM,250 Duke,204806,2021,923,Petrol,26.42,SECOND,2023,NOT AVAILABLE,Individual,162715.27,  Tier 1  
Gujarat,27.5,Yamaha,FZ V3,322841,2020,726,PETROL,41.74,Third,2023,Not Available,  Individual  ,177942.84,Tier 3
maharashtra,5.45,  Yamaha  ,Fascino 125,285679,2023,180,Petrol,46.1,SECOND,2023,Active,Individual,192079.85,TIER 2
Madhya Pradesh,38.63,TVS,Sport,353549,2024,464,Electric,87.69,Third,2024,Not Available,INDIVIDUAL,189870.44,Tier 3
Rajasthan,66.06,Bajaj,Avenger 220,341264,2024,849,Hybrid,84.59,Third,2024,  Not Available  ,dealer,221170.43,Tier 1
  Tamil Nadu  ,9.08,TVS,Sport,228461,2023,627,ELECTRIC,74.23,third owner,2023,Expired,Individual,92398.8,  Tier 2  
Punjab,14.83,TVS,Jupiter,191672,2022,631,Electric,69.66,Second,2022,  Expired  ,dealer,88608.71,tier 1
KARNATAKA,69.67,Kawasaki,Z650,57886,2024,154,Electric,94.82,third owner,2024,  Not Available  ,Dealer,34144.81,Tier 2
  Uttar Pradesh  ,22.63,Kawasaki,Versys 650,221728,2022,701,HYBRID,85.89,FIRST,2022,Active,Dealer,133551.81,TIER 2
Karnataka,31.86,HERO,HF Deluxe,127629,2024,279,Hybrid,77.73,First,2024,active,INDIVIDUAL,80074.07,Tier 3
KARNATAKA,27.39,KAWASAKI,Versys 650,377274,2016,840,petrol,39.55,2nd,2021,Active,Individual,255079.79,  Tier 2  
RAJASTHAN,69.89,Kawasaki,Ninja 400,295018,2024,669,ELECTRIC,93.01,third owner,2024,  Active  ,  Dealer  ,150986.81,  Tier 3  
Tamil Nadu,8.13,  KTM  ,390 Adventure,230477,2020,174,hybrid,80.97,Second,2023,  Not Available  ,dealer,104795.74,  Tier 2  
  Karnataka  ,54.19,Kawasaki,Vulcan S,268395,2023,896,  Hybrid  ,73.07,Second,2023,EXPIRED,Dealer,,Tier 1
Maharashtra,39.82,  TVS  ,Ronin,116786,2020,558,electric,63.4,3rd,2024,  Active  ,Individual,63975.97,  Metro  
uttar pradesh,48.51,KAWASAKI,Ninja 400,142213,2023,349,Electric,92.52,FIRST,2023,Not Available,  Individual  ,100219.73,Tier 1
Rajasthan,50.44,  Bajaj  ,Pulsar 150,259124,2021,712,  Hybrid  ,81.08,first owner,2021,active,Dealer,,Tier 3
tamil nadu,850.0,BAJAJ,CT 100,232798,2021,714,Electric,98.2,3rd,2021,Not Available,  Individual  ,143283.91,METRO
Karnataka,5.6,HONDA,Dio,385966,2018,969,PETROL,59.7,Second,2021,Not Available,Individual,202627.73,Tier 3
Uttar Pradesh,37.45,honda,Shine,51577,2022,296,Petrol,25.36,THIRD,2024,Not Available,Dealer,28080.53,Metro
MAHARASHTRA,32.35,  KTM  ,125 Duke,"₹58,674",2022,966,Petrol,26.23,,2022,not available,Individual,38829.85,Tier 2
  West Bengal  ,45.59,tvs,Apache RTR 160,175011,2022,649,Petrol,56.81,first owner,2022,  Expired  ,Dealer,78900.55,Tier 1
  West Bengal  ,62.6,HERO,Splendor Plus,282018,2021,844,Hybrid,69.29,Second,2023,NOT AVAILABLE,INDIVIDUAL,199461.88,Tier 3
Delhi,16.2,Honda,Shine,156564,2024,811,Hybrid,67.42,third owner,2024,Not Available,Individual,66431.67,Tier 2
RAJASTHAN,32.37,yamaha,FZ V3,357741,2021,297,Petrol,38.05,SECOND,2021,Expired,Dealer,207378.89,TIER 1
  West Bengal  ,66.25,  Honda  ,Activa,194859,2023,595,  Petrol  ,47.7,third owner,2023,Active,DEALER,149127.63,Tier 1
west bengal,40.48,Bajaj,CT 100,363663,2015,902,electric,95.08,,2023,active,DEALER,181765.36,Metro
Tamil Nadu,46.14,Tvs,Jupiter,147730,2021,894,hybrid,69.95,,2021,,individual,70198.01,Tier 1
Punjab,-5.0,  KTM  ,250 Duke,147314,2018,782,Electric,87.97,Third,2021,Not Available,INDIVIDUAL,87671.54,Tier 3
GUJARAT,44.14,Kawasaki,Ninja 400,53535,2018,989,Petrol,36.58,THIRD,2021,Active,individual,25076.68,Tier 2
KARNATAKA,33.54,Royal Enfield,Meteor 350,131719,2021,243,Electric,94.52,First,2021,Not Available,INDIVIDUAL,66650.07,Metro
Gujarat,54.24,Royal Enfield,Hunter 350,383341,2021,899,Hybrid,83.79,FIRST,2021,active,Dealer,286230.17,TIER 1
Delhi,58.51,  TVS  ,Ronin,230856,2020,744,hybrid,65.76,THIRD,2023,not available,Individual,166105.17,TIER 2
Maharashtra,21.26,ktm,250 Duke,"₹185,572",2023,900,Hybrid,88.28,first owner,2023,Active,Dealer,77924.19,TIER 1
  Karnataka  ,55.98,  Royal Enfield  ,Interceptor 650,143805,2019,708,  Hybrid  ,80.92,Second,2022,ACTIVE,Dealer,95956.87,Metro
  Karnataka  ,26.87,Kawasaki,Ninja 400,225271,2024,560,hybrid,77.97,THIRD,2024,,Individual,116731.75,Metro
Rajasthan,49.38,HONDA,Shine,113330,2022,351,Hybrid,97.33,SECOND,2024,expired,Individual,55096.63,Tier 3
Uttar Pradesh,14.11,Hero,Glamour,55331,2021,776,  Petrol  ,45.56,SECOND,2023,ACTIVE,Dealer,33064.88,METRO
MAHARASHTRA,62.32,hero,HF Deluxe,260420,2023,770,electric,60.26,first owner,2023,Not Available,Individual,111257.22,Tier 3
  Delhi  ,67.87,Honda,Shine,190520,2017,794,  Petrol  ,,THIRD,2021,EXPIRED,INDIVIDUAL,103159.24,Tier 1
Karnataka,7.17,Kawasaki,Z650,342962,2015,458,Petrol,40.82,SECOND,2022,Expired,Individual,163948.43,Tier 1
Maharashtra,47.65,Yamaha,R15 V4,346338,2021,650,Electric,88.78,first owner,2021,Active,Dealer,210190.24,  Tier 3  
Delhi,42.74,KTM,RC 390,386866,2016,433,hybrid,96.9,second owner,2022,EXPIRED,Dealer,224483.94,metro
Uttar Pradesh,12.69,Hero,Splendor Plus,244864,2024,804,Hybrid,98.33,THIRD,2024,Expired,Dealer,150882.71,  Metro  
madhya pradesh,17.34,TVS,NTorq 125,254188,2017,624,hybrid,63.28,SECOND,2024,,Individual,122156.0,TIER 2
  Punjab  ,37.21,royal enfield,Interceptor 650,158732,2021,786,Hybrid,98.06,1st,2021,Expired,  Individual  ,103884.95,Tier 3
Maharashtra,38.68,Tvs,Jupiter,58579,2023,300,HYBRID,93.48,Second,2023,ACTIVE,Dealer,40258.29,  Tier 1  
Punjab,49.3,Bajaj,Platina 110,324763,2023,679,PETROL,46.37,third owner,2023,active,  Dealer  ,255084.07,Tier 1
Madhya Pradesh,6.32,  TVS  ,Apache RTR 160,162140,2023,437,Electric,,third owner,2024,EXPIRED,individual,86200.43,Tier 3
Madhya Pradesh,29.2,BAJAJ,Dominar 400,214695,2022,400,  Hybrid  ,65.63,FIRST,2022,Expired,Dealer,164539.91,TIER 2
West Bengal,71.96,  KTM  ,390 Adventure,217030,2022,608,Electric,80.57,1st,2022,  Not Available  ,Individual,89569.64,Tier 3
Tamil Nadu,66.29,Hero,Xtreme 160R,119748,2018,297,electric,99.43,third owner,2021,Expired,Individual,75200.4,Tier 3
Rajasthan,60.08,Royal Enfield,Hunter 350,62192,2018,632,Electric,97.54,Third,2021,Active,INDIVIDUAL,38429.1,TIER 1
Delhi,76.65,  Yamaha  ,R15 V4,67805,2019,105,ELECTRIC,69.57,2nd,2021,Not Available,  Dealer  ,35346.13,METRO
WEST BENGAL,49.34,TVS,Apache RTR 160,"₹276,059",2024,541,petrol,34.73,2nd,2024,Active,Individual,216214.44,  Tier 2  
west bengal,39.74,  TVS  ,NTorq 125,387348,2021,235,Hybrid,96.65,1st,2021,Not Available,Individual,194453.4,tier 3
WEST BENGAL,47.44,Royal Enfield,Hunter 350,225506,2024,210,  Electric  ,74.55,Second,2024,  Expired  ,INDIVIDUAL,122255.24,Metro
Karnataka,41.86,  Bajaj  ,Dominar 400,398939,2023,993,electric,63.81,THIRD,2024,  Expired  ,  Individual  ,181272.53,Tier 3
Tamil Nadu,13.62,TVS,Sport,"₹365,636",2015,214,HYBRID,96.96,,2021,Not Available,Dealer,249866.3,metro
madhya pradesh,11.0,TVS,Jupiter,357760,2023.0,628,Hybrid,62.47,first owner,2023,EXPIRED,Dealer,245376.29,Metro
Uttar Pradesh,11.64,Hero,Splendor Plus,"₹192,226",2023,184,PETROL,,Third,2024,Not Available,  Individual  ,143342.39,Tier 3
  Madhya Pradesh  ,42.74,honda,Dio,363996,2017,794,Electric,64.71,SECOND,2023,  Not Available  ,INDIVIDUAL,271272.55,metro
Punjab,66.75,tvs,Jupiter,389683,2021,321,HYBRID,66.22,first owner,2021,  Expired  ,Individual,190173.80018575344,Tier 2
  Punjab  ,11.66,hero,Passion Pro,236166,2023,164,Petrol,29.51,2nd,2024,ACTIVE,  Dealer  ,164926.07,tier 3
Rajasthan,5.48,Kawasaki,Ninja 300,197257,2024,826,  Electric  ,64.32,THIRD,2024,EXPIRED,Dealer,99119.68,Metro
PUNJAB,6.05,Yamaha,MT-15,301884,2023,457,HYBRID,88.2,second owner,2023,Expired,  Individual  ,149397.73,Tier 1
Madhya Pradesh,77.55,Kawasaki,Vulcan S,394293,2022,896,Hybrid,78.88,second owner,2022,Expired,  Individual  ,267875.6,Tier 2
Karnataka,850.0,KAWASAKI,Z650,355543,2022,856,electric,68.87,first owner,2022,Not Available,dealer,202032.69,Tier 1
Punjab,43.04,Bajaj,Dominar 400,369351,2021,533,petrol,35.97,second owner,2023,Not Available,Individual,245782.38,Tier 1
Karnataka,29.81,TVS,NTorq 125,289274,2021,210,Petrol,40.24,3rd,2024,ACTIVE,Dealer,155066.08,Metro
Rajasthan,9.82,TVS,Apache RTR 160,247937,2023,792,  Electric  ,72.36,Third,2024,  Active  ,DEALER,108737.6,Metro
Tamil Nadu,41.24,HONDA,Dio,270481,2022,896,petrol,43.82,,2022,Expired,individual,146011.02,TIER 3
Tamil Nadu,69.84,  Honda  ,Unicorn,347769,2024,820,Electric,87.92,second owner,2024,expired,Dealer,163620.12,METRO
Maharashtra,48.14,ktm,250 Duke,304941,2023,1000,HYBRID,75.31,Second,2023,  Expired  ,dealer,,  Tier 2  
DELHI,19.06,tvs,Jupiter,229448,2020,651,Hybrid,76.48,2nd,2022,Expired,Dealer,143903.49,Tier 2
uttar pradesh,24.69,royal enfield,Interceptor 650,227451,2024,842,Hybrid,77.95,First,2024,not available,individual,154914.72,Metro
DELHI,17.42,ROYAL ENFIELD,Meteor 350,272510,2021,988,electric,62.67,2nd,2023,Active,dealer,212257.74,Tier 3
Punjab,6.05,Royal Enfield,Classic 350,285199,2020,301,  Electric  ,97.57,2nd,2023,Active,Individual,115264.68,Tier 3
Gujarat,57.22,ROYAL ENFIELD,Hunter 350,"₹52,874",2024,658,Petrol,38.71,,2024,  Not Available  ,  Individual  ,39180.69,Tier 3
Maharashtra,69.94,Kawasaki,Versys 650,227378,2019,963,electric,65.74,3rd,2023,Active,  Individual  ,157371.56,Tier 2
Rajasthan,9.89,Hero,Passion Pro,379176,2015,498,Hybrid,67.56,Second,2022,Active,Dealer,165354.59,Tier 1
delhi,18.01,  Royal Enfield  ,Classic 350,"₹135,671",2020,526,Hybrid,79.21,second owner,2024,NOT AVAILABLE,  Dealer  ,88105.68,TIER 1
Tamil Nadu,35.52,Hero,Xtreme 160R,140114,2017,601,Petrol,26.19,second owner,2021,active,Dealer,65601.49,Tier 3
MAHARASHTRA,23.01,Bajaj,Platina 110,237466,2020,263,Hybrid,77.22,third owner,2021,Expired,Individual,177712.92,Metro
West Bengal,32.42,Kawasaki,Ninja 400,277976,2024,239,Petrol,30.46,second owner,2024,Not Available,individual,164139.01,  Metro  
Karnataka,9.81,Hero,Passion Pro,315009,2024,850,Hybrid,61.1,first owner,2024,NOT AVAILABLE,  Dealer  ,210652.97,Metro
Gujarat,42.83,Hero,Glamour,236089,2024,437,PETROL,49.3,1st,2024,Not Available,  Individual  ,182821.26,metro
MADHYA PRADESH,76.62,  Royal Enfield  ,Classic 350,218532,2022,397,  Hybrid  ,81.42,First,2022,Expired,dealer,161564.31,TIER 3
Gujarat,35.98,  Kawasaki  ,Vulcan S,65856,2024,530,ELECTRIC,64.71,First,2024,Expired,DEALER,50178.13,TIER 1
Tamil Nadu,62.16,tvs,Ronin,253811,2024,962,  Electric  ,64.56,,2024,Not Available,Dealer,132110.26,  Tier 3  
PUNJAB,56.48,ROYAL ENFIELD,Classic 350,378399,2018,516,hybrid,84.37,Third,2023,Active,Individual,295754.39,Tier 3
MAHARASHTRA,40.38,ktm,125 Duke,151843,2021,663,Electric,61.53,third owner,2022,Not Available,Individual,85688.31,Metro
  Maharashtra  ,62.48,  TVS  ,Ronin,147474,2023,755,electric,78.21,SECOND,2024,Active,Individual,105865.07,Tier 2
TAMIL NADU,28.17,Kawasaki,Vulcan S,214371,2023,500,  Electric  ,95.52,SECOND,2024,Active,Individual,87261.72,Tier 3
MAHARASHTRA,29.25,KTM,390 Adventure,300253,2021,391,Hybrid,82.04,1st,2021,active,  Individual  ,127477.35,Tier 2
West Bengal,29.28,YAMAHA,Fascino 125,186354,2018,576,Hybrid,86.41,2nd,2021,NOT AVAILABLE,Individual,100155.19,TIER 1
GUJARAT,16.57,Bajaj,Platina 110,346101,2021,103,Hybrid,84.5,SECOND,2023,active,dealer,220036.7,TIER 1
GUJARAT,57.9,Kawasaki,Z650,233763,2023,490,ELECTRIC,65.1,Second,2024,expired,  Dealer  ,183037.91,tier 3
Gujarat,40.57,  TVS  ,Ronin,336810,2022,771,hybrid,94.1,second owner,2022,Not Available,Individual,,  Tier 2  
WEST BENGAL,71.64,hero,Glamour,208478,2016,790,HYBRID,88.34,THIRD,2022,NOT AVAILABLE,Individual,125221.68,  Metro  
Uttar Pradesh,19.37,yamaha,FZ V3,328663,2020,905,Hybrid,79.83,2nd,2021,EXPIRED,  Individual  ,205358.14,Metro
Delhi,6.11,ROYAL ENFIELD,Classic 350,160300,2024,878,Electric,85.99,second owner,2024,Active,Dealer,96547.34,Tier 1
  Maharashtra  ,14.6,KTM,390 Adventure,349927,2021,288,HYBRID,90.97,THIRD,2022,Active,Individual,272141.95,  Tier 2  
madhya pradesh,60.79,KAWASAKI,Ninja 400,168465,2022,424,Petrol,51.06,SECOND,2023,Active,  Dealer  ,,tier 2
  Punjab  ,75.49,  Kawasaki  ,Vulcan S,257796,2021,102,  Electric  ,75.64,,2021,Expired,dealer,,  Tier 1  
uttar pradesh,61.72,TVS,NTorq 125,338595,2023.0,985,Hybrid,78.76,1st,2023,,  Dealer  ,256888.1,  Tier 2  
Karnataka,16.78,Yamaha,MT-15,278754,2023,684,  Electric  ,96.12,SECOND,2023,not available,Dealer,169646.47,Metro
  Gujarat  ,64.59,KTM,250 Duke,327767,2017,950,PETROL,41.51,second owner,2021,Expired,INDIVIDUAL,232487.38,Tier 3
  Delhi  ,31.38,HONDA,Shine,69958,2015,230,Petrol,36.9,third owner,2022,Not Available,Dealer,38953.47,Tier 1
Punjab,56.12,  Yamaha  ,FZ V3,129077,2020,653,HYBRID,74.99,second owner,2024,Active,Individual,74931.72,Tier 1
Madhya Pradesh,65.04,  Honda  ,Dio,143967,2021,348,PETROL,,3rd,2024,Not Available,  Dealer  ,108572.62,tier 2
rajasthan,36.36,TVS,Sport,79721,2022,479,Petrol,52.24,3rd,2024,Expired,Dealer,32843.99,metro
  Rajasthan  ,30.48,Yamaha,FZ V3,192503,2024,174,  Electric  ,84.12,1st,2024,Active,Individual,119614.15,Tier 3
  Rajasthan  ,8.96,  Yamaha  ,FZ V3,337542,2022,324,Electric,99.38,3rd,2022,Active,  Dealer  ,149426.1,tier 1
  Tamil Nadu  ,52.43,Hero,Splendor Plus,163967,2021,137,Hybrid,73.82,,2021,ACTIVE,dealer,100551.18,Tier 1
  West Bengal  ,17.74,Kawasaki,Vulcan S,241161,2021,382,Petrol,43.61,THIRD,2023,Expired,Dealer,152037.02,Tier 3
tamil nadu,10.47,KTM,125 Duke,210260,2021,796,Petrol,46.6,1st,2021,expired,Individual,164949.88,Tier 1
MAHARASHTRA,49.59,Bajaj,CT 100,359641,2015,953,Petrol,35.94,Third,2021,Not Available,dealer,176119.75,Tier 1
Tamil Nadu,23.05,Kawasaki,Ninja 300,313332,2022,630,HYBRID,87.78,THIRD,2022,not available,Dealer,213977.88,Tier 1
Delhi,31.49,Hero,Glamour,349664,2019,547,  Hybrid  ,66.38,SECOND,2022,Expired,Individual,174859.82,Metro
uttar pradesh,59.88,Ktm,Duke 200,82535,2021,187,Electric,93.88,Second,2021,Expired,Individual,34055.04,TIER 3
Rajasthan,24.1,TVS,Sport,187400,2021,768,Electric,63.03,first owner,2021,Not Available,INDIVIDUAL,137278.39,  Tier 1  
tamil nadu,5.72,Kawasaki,Ninja 400,387258,2023,498,Petrol,44.19,second owner,2024,  Active  ,Dealer,176066.02,TIER 3
Tamil Nadu,-5.0,Yamaha,MT-15,250636,2022,968,Petrol,32.2,Second,2022,,  Dealer  ,170007.72,Tier 2
Tamil Nadu,18.12,yamaha,R15 V4,"₹367,986",2020,248,  Electric  ,83.93,,2021,Active,DEALER,273519.68,Tier 2
delhi,17.42,Royal Enfield,Meteor 350,272510,2021,988,ELECTRIC,62.67,2nd,2023,active,Dealer,212257.74,Tier 3
Uttar Pradesh,79.37,Bajaj,Dominar 400,211877,2022,294,Petrol,57.62,2nd,2022,Not Available,  Individual  ,106418.75,tier 2
Rajasthan,22.17,Ktm,Duke 200,282460,2021,390,Hybrid,61.88,third owner,2022,Active,individual,132649.52,TIER 2
Tamil Nadu,67.2,KAWASAKI,Ninja 300,191886,2023,236,Petrol,25.19,First,2023,Not Available,Dealer,84463.87,Tier 1
Gujarat,48.7,kawasaki,Vulcan S,338828,2021,852,Electric,93.65,1st,2021,Active,individual,268727.16,METRO
Tamil Nadu,30.88,  TVS  ,NTorq 125,320084,2016,818,Petrol,30.83,Third,2023,Expired,  Individual  ,236901.87,Tier 2
Punjab,67.45,TVS,Sport,309842,2022,326,Petrol,30.09,Second,2021,Active,  Individual  ,181446.79,Tier 3
Tamil Nadu,78.61,TVS,Sport,378939,2022,761,  Petrol  ,42.21,Second,2023,NOT AVAILABLE,Individual,244964.09,Tier 3
tamil nadu,8.44,ROYAL ENFIELD,Hunter 350,207174,2018,995,electric,81.87,SECOND,2023,EXPIRED,DEALER,137986.06,Metro
WEST BENGAL,18.91,HONDA,Shine,368606,2021,946,  Hybrid  ,95.61,SECOND,2024,  Active  ,INDIVIDUAL,224873.75,Tier 2
Tamil Nadu,48.28,Yamaha,Fascino 125,247561,2018,625,Electric,75.06,Third,2022,Not Available,Dealer,,metro
maharashtra,73.9,  Honda  ,Dio,225031,2018,231,Hybrid,68.96,3rd,2023,Not Available,  Dealer  ,145761.48,Tier 2
PUNJAB,59.43,KAWASAKI,Ninja 400,227119,2020,314,  Electric  ,64.58,Third,2024,ACTIVE,INDIVIDUAL,127194.91,Metro
PUNJAB,36.46,TVS,Sport,"₹389,862",2024,441,hybrid,73.29,2nd,2024,NOT AVAILABLE,Individual,225884.76,Tier 2
PUNJAB,71.75,  Yamaha  ,R15 V4,137436,2024,526,HYBRID,89.3,2nd,2024,  Expired  ,Dealer,67194.51,Tier 2
Madhya Pradesh,36.98,Hero,Passion Pro,86110,2024,451,  Hybrid  ,87.38,second owner,2024,EXPIRED,individual,48614.72,Metro
UTTAR PRADESH,38.45,Hero,Splendor Plus,244937,2020,366,Hybrid,,SECOND,2022,EXPIRED,  Dealer  ,131183.11,Tier 3
DELHI,30.88,  Yamaha  ,R15 V4,150889,2019,505,PETROL,37.44,,2023,Expired,  Individual  ,102931.19,Metro
West Bengal,56.6,Honda,Unicorn,52697,2017,932,Hybrid,96.93,SECOND,2024,EXPIRED,Dealer,41040.35,Metro
delhi,11.06,YAMAHA,MT-15,323337,2017,150,Petrol,,Second,2021,Not Available,INDIVIDUAL,216565.17,Tier 1
Delhi,8.95,Hero,HF Deluxe,299609,2019,430,ELECTRIC,95.96,SECOND,2022,Expired,individual,218088.19,tier 3
Tamil Nadu,51.89,Honda,Activa,222032,2021,199,petrol,59.92,FIRST,2021,Active,Dealer,123082.66,tier 1
Maharashtra,66.36,kawasaki,Vulcan S,265748,2020,864,Electric,75.72,second owner,2021,  Active  ,  Individual  ,198752.51,TIER 1
Uttar Pradesh,13.15,  Kawasaki  ,Ninja 300,85992,2024,182,Electric,64.26,SECOND,2024,expired,Dealer,45874.55,Metro
Madhya Pradesh,13.99,Royal Enfield,Himalayan,242802,2019,962,Hybrid,87.62,2nd,2024,Active,Dealer,104779.0,Tier 1
Tamil Nadu,31.82,honda,Shine,101301,2015,846,Electric,82.88,THIRD,2021,Not Available,  Dealer  ,72183.44,  Tier 2  
west bengal,14.82,  Kawasaki  ,Versys 650,258690,2022,169,Electric,68.63,3rd,2024,Not Available,Individual,124786.75,Metro
Karnataka,63.19,Honda,Unicorn,211407,2022,793,Electric,99.94,1st,2022,Expired,  Individual  ,128795.98,Metro
Maharashtra,850.0,hero,Xtreme 160R,213536,2019,874,Electric,89.09,3rd,2022,not available,  Dealer  ,92146.55,  Tier 1  
Madhya Pradesh,24.47,  Honda  ,Shine,135066,2022,685,PETROL,29.93,Second,2022,not available,Dealer,79591.57,Tier 3
tamil nadu,39.89,Royal Enfield,Meteor 350,70075,2016,500,Petrol,52.99,3rd,2024,Expired,Dealer,46896.66,tier 3
Gujarat,16.85,YAMAHA,R15 V4,250869,2019,357,petrol,36.66,3rd,2021,EXPIRED,  Dealer  ,126018.36,  Metro  
Karnataka,49.38,  KTM  ,125 Duke,253100,2021,957,Hybrid,95.16,2nd,2022,Active,INDIVIDUAL,136390.28,Tier 2
Madhya Pradesh,46.75,honda,Shine,86697,2023,243,electric,62.54,SECOND,2024,Expired,Individual,51536.56,tier 1
Maharashtra,10.61,Honda,Unicorn,369640,2023,324,Electric,76.25,,2024,EXPIRED,  Dealer  ,288612.75,Tier 1
Tamil Nadu,64.93,  KTM  ,Duke 200,371783,2023,170,Electric,92.09,Third,2024,,Individual,210454.75,Tier 3
Karnataka,27.87,  Honda  ,Shine,72091,2024,917,petrol,59.69,First,2024,Not Available,individual,56329.93,TIER 1
Punjab,62.91,Royal Enfield,Interceptor 650,352207,2024,976,Petrol,47.36,First,2024,Expired,  Individual  ,191102.25,Tier 2
Tamil Nadu,48.12,TVS,Jupiter,388780,2023,634,  Petrol  ,36.24,SECOND,2023,Expired,Dealer,230793.46,Metro
Rajasthan,28.84,Kawasaki,Ninja 400,63026,2022,590,petrol,57.14,First,2022,NOT AVAILABLE,Dealer,44757.45,TIER 1
Punjab,9.17,Royal Enfield,Himalayan,244147,2021,244,  Hybrid  ,83.19,,2024,NOT AVAILABLE,INDIVIDUAL,166814.00035845826,Tier 1
Karnataka,41.68,  Kawasaki  ,Z650,392547,2023,708,Electric,76.63,third owner,2024,Expired,Dealer,186770.06,METRO
Maharashtra,11.14,Kawasaki,Vulcan S,164900,2021,419,  Electric  ,92.13,Second,2024,Not Available,  Individual  ,67512.06,Tier 2
TAMIL NADU,31.97,kawasaki,Ninja 300,129983,2022,477,Electric,67.52,First,2022,Not Available,DEALER,79108.84,  Tier 1  
west bengal,33.54,TVS,NTorq 125,188250,2024,519,electric,60.66,second owner,2024,not available,individual,77958.01,Tier 3
Karnataka,-5.0,Royal Enfield,Hunter 350,245341,2017,710,Petrol,35.57,3rd,2022,Not Available,individual,119357.08,  Tier 1  
Rajasthan,39.12,  Bajaj  ,CT 100,170883,2020,342,Hybrid,68.79,Third,2024,Not Available,Individual,,tier 1
Gujarat,68.82,honda,Shine,180339,2021,735,  Electric  ,82.38,first owner,2021,  Active  ,Individual,89567.14,Tier 1
MADHYA PRADESH,57.96,bajaj,Avenger 220,185667,2022,610,ELECTRIC,95.26,first owner,2022,not available,Dealer,93980.31,Metro
Delhi,73.84,Honda,CBR 650R,314921,2021,852,Petrol,53.08,1st,2021,  Not Available  ,dealer,211239.99,Tier 3
Tamil Nadu,52.34,Bajaj,Avenger 220,77645,2023,295,Petrol,31.59,third owner,2024,Active,  Individual  ,33017.24,Metro
maharashtra,54.46,BAJAJ,Pulsar 150,125458,2017,911,PETROL,53.75,THIRD,2023,Not Available,dealer,93722.09,  Tier 3  
GUJARAT,5.03,  Kawasaki  ,Z650,100896,2021,179,Electric,-15.0,Third,2023,EXPIRED,dealer,55471.59,metro
Rajasthan,8.77,Bajaj,Avenger 220,263855,2024,120,Petrol,37.13,SECOND,2024,NOT AVAILABLE,Individual,200891.8,Metro
Gujarat,39.54,  Yamaha  ,Fascino 125,321265,2020,280,Hybrid,61.13,Third,2022,Not Available,Dealer,219495.89,Tier 3
west bengal,25.73,Honda,Activa,393048,2021,628,Hybrid,83.38,Third,2023,,dealer,301778.04345001845,TIER 3
Punjab,37.0,KTM,Duke 200,376474,2023,618,  Petrol  ,49.4,first owner,2023,Expired,Individual,170716.24,tier 2
Gujarat,53.87,HERO,Xtreme 160R,201019,2024,949,hybrid,89.38,THIRD,2024,Not Available,Dealer,119320.18,Tier 3
Maharashtra,7.9,Ktm,390 Adventure,272350,2022,252,Electric,85.85,3rd,2024,  Expired  ,Dealer,181409.72,tier 2
Maharashtra,31.37,  Hero  ,HF Deluxe,93792,2022,121,Petrol,45.01,First,2022,Not Available,Dealer,59640.8,Metro
Punjab,76.81,Bajaj,Platina 110,100810,2020,430,electric,77.36,Second,2022,Not Available,  Individual  ,49865.07,metro
MADHYA PRADESH,17.44,Honda,Shine,221497,2017,817,  Hybrid  ,78.49,2nd,2023,EXPIRED,Individual,140511.95,METRO
Punjab,33.83,tvs,Apache RTR 160,62790,2019,173,  Hybrid  ,94.36,Second,2023,Not Available,  Individual  ,46532.78,Tier 2
Karnataka,65.73,Royal Enfield,Interceptor 650,318233,2021,609,  Hybrid  ,84.51,2nd,2023,Not Available,Individual,234583.16,Tier 3
  Uttar Pradesh  ,30.37,  Kawasaki  ,Vulcan S,221245,2021,522,Electric,68.27,third owner,2024,ACTIVE,dealer,172375.86,Tier 2
  Punjab  ,34.59,KTM,Duke 200,333057,2021,381,Electric,70.15,third owner,2024,  Active  ,DEALER,160131.3,Tier 1
Maharashtra,20.74,  Kawasaki  ,Versys 650,141325,2022,246,petrol,56.05,First,2022,,Dealer,,  Metro  
Gujarat,56.53,KTM,Duke 200,64139,2020,706,Hybrid,88.78,third owner,2021,,Dealer,30071.84,Tier 3
  Rajasthan  ,21.69,Yamaha,Ray ZR,359217,2021,448,Petrol,33.03,2nd,2022,expired,Dealer,282505.91,  Tier 2  
Maharashtra,19.58,  TVS  ,NTorq 125,249041,2021,540,  Electric  ,66.93,SECOND,2024,Expired,individual,180182.52,Tier 1
Tamil Nadu,59.42,ROYAL ENFIELD,Interceptor 650,302141,2021,216,Hybrid,64.06,Second,2021,active,Individual,220116.69,tier 3
Uttar Pradesh,74.46,Honda,CBR 650R,360430,2021,852,ELECTRIC,71.74,SECOND,2022,ACTIVE,Dealer,216419.04,tier 2
karnataka,28.64,Bajaj,Avenger 220,368428,2023,457,Hybrid,91.63,FIRST,2023,Not Available,Dealer,264823.37,  Tier 3  
  West Bengal  ,25.15,  Yamaha  ,R15 V4,90238,2020,905,PETROL,49.22,second owner,2021,Not Available,Dealer,36958.1,  Tier 1  
rajasthan,43.37,  Kawasaki  ,Ninja 300,85899,2024,337,Hybrid,77.37,1st,2024,  Active  ,Dealer,48756.71,Tier 1
Maharashtra,53.47,TVS,Jupiter,342285,2016,221,PETROL,42.98,,2024,Active,  Dealer  ,265643.71,Metro
Uttar Pradesh,79.99,Kawasaki,Ninja 400,390684,2020,529,  Hybrid  ,69.0,SECOND,2021,expired,Dealer,230644.65,Tier 2
Gujarat,32.67,  KTM  ,250 Duke,72006,2022,776,ELECTRIC,81.74,First,2022,Not Available,Individual,55000.87,METRO
Madhya Pradesh,55.64,  TVS  ,NTorq 125,132777,2016,335,Petrol,56.2,,2022,NOT AVAILABLE,DEALER,71767.9,  Tier 1  
TAMIL NADU,5.44,Honda,Activa,245736,2021,117,hybrid,67.65,SECOND,2022,  Active  ,individual,175411.26,  Metro  
Punjab,65.03,Hero,Xtreme 160R,237826,2015,123,hybrid,77.62,third owner,2023,not available,Dealer,183312.8,metro
Karnataka,24.48,Bajaj,Pulsar 150,"₹305,662",2021,190,hybrid,64.21,First,2021,not available,DEALER,228436.49,METRO
Karnataka,54.01,royal enfield,Classic 350,94658,2024,956,ELECTRIC,88.21,Second,2024,,Dealer,59439.74,tier 2
Madhya Pradesh,57.92,  Bajaj  ,CT 100,175588,2024,960,Electric,64.6,first owner,2024,NOT AVAILABLE,  Individual  ,133931.85,Metro
Karnataka,60.49,KTM,390 Adventure,357418,2018,567,  Hybrid  ,98.59,Third,2021,ACTIVE,Dealer,225022.35,Tier 1
West Bengal,62.77,Hero,HF Deluxe,337169,2023,776,  Hybrid  ,78.55,FIRST,2023,Not Available,individual,220600.91,tier 3
Tamil Nadu,69.03,KTM,390 Adventure,143564,2023,749,  Electric  ,72.77,second owner,2024,Active,  Individual  ,92210.2,TIER 3
  West Bengal  ,42.83,  Honda  ,Unicorn,237306,2023,247,Electric,99.58,2nd,2024,expired,Individual,97759.17,Metro
West Bengal,21.7,HERO,Splendor Plus,219933,2017,166,Hybrid,60.13,third owner,2022,EXPIRED,  Individual  ,100871.7,Tier 1
Tamil Nadu,61.12,Kawasaki,Versys 650,306105,2022,222,Hybrid,63.56,Third,2022,  Active  ,individual,136651.47,metro
  Madhya Pradesh  ,42.87,yamaha,MT-15,155016,2020,336,Petrol,33.13,second owner,2021,Expired,DEALER,71379.42,Tier 3
Tamil Nadu,60.37,yamaha,FZ V3,"₹111,987",2023,980,Hybrid,67.31,,2023,  Not Available  ,DEALER,84805.62,Metro
Gujarat,28.4,  Royal Enfield  ,Hunter 350,79840,2023.0,594,hybrid,98.56,1st,2023,Expired,INDIVIDUAL,,TIER 3
Uttar Pradesh,71.77,Kawasaki,Vulcan S,258339,2022,767,ELECTRIC,78.68,THIRD,2023,Active,Dealer,139198.28,METRO
GUJARAT,66.49,yamaha,Fascino 125,387487,2015,901,Hybrid,71.43,third owner,2023,  Not Available  ,individual,275274.81,Tier 3
Uttar Pradesh,25.06,kawasaki,Ninja 300,207479,2018,693,Petrol,28.18,SECOND,2023,Active,Individual,129077.01,TIER 2
punjab,29.91,TVS,Jupiter,168983,2017,856,Electric,86.76,THIRD,2021,Active,Individual,128016.71,Tier 3
punjab,37.85,  Royal Enfield  ,Himalayan,205725,2019,696,Electric,95.54,second owner,2023,  Expired  ,dealer,146454.61,Tier 3
  West Bengal  ,68.7,Kawasaki,Ninja 400,189079,2019,435,Electric,66.98,2nd,2023,  Active  ,  Individual  ,140194.71,TIER 2
DELHI,6.88,Yamaha,FZ V3,341294,2023,826,  Hybrid  ,74.33,Third,2024,Expired,Dealer,192021.62,Tier 2
Madhya Pradesh,66.74,KTM,Duke 200,61295,2019,244,Petrol,30.58,Second,2024,  Not Available  ,Dealer,40425.35,Tier 1
punjab,57.16,HONDA,Unicorn,171599,2023,560,Electric,89.07,first owner,2023,expired,Dealer,88765.6,  Tier 1  
Maharashtra,32.6,Yamaha,R15 V4,262953,2022,376,HYBRID,78.58,First,2022,EXPIRED,INDIVIDUAL,190638.07,TIER 2
Punjab,51.28,  KTM  ,390 Adventure,137213,2024,678,Hybrid,60.77,SECOND,2024,  Active  ,Dealer,84678.7,Tier 1
  West Bengal  ,10.37,Hero,Splendor Plus,199985,2024,640,ELECTRIC,87.68,SECOND,2024,active,Individual,148394.02,TIER 3
TAMIL NADU,12.29,KTM,125 Duke,51820,2021,448,Petrol,29.09,Second,2023,Not Available,Dealer,26495.43,Tier 1
DELHI,22.02,  TVS  ,Jupiter,97429,2022,761,Hybrid,63.74,1st,2022,EXPIRED,Individual,46850.88,Tier 3
karnataka,12.9,YAMAHA,MT-15,254980,2024,435,petrol,48.64,Third,2024,active,Dealer,,TIER 2
  Rajasthan  ,58.62,Honda,Unicorn,399730,2023,488,HYBRID,66.11,First,2023,Not Available,Dealer,231471.38,Tier 3
West Bengal,48.46,TVS,Jupiter,304984,2023,694,  Hybrid  ,,First,2023,Not Available,DEALER,136765.86,Tier 1
TAMIL NADU,55.64,royal enfield,Hunter 350,108361,2018,861,Petrol,41.56,THIRD,2024,Not Available,Individual,62239.94,TIER 1
DELHI,49.58,Hero,Passion Pro,171878,2024,981,Hybrid,90.6,THIRD,2024,Not Available,dealer,80360.8,Tier 1
Punjab,62.72,KTM,125 Duke,269208,2021,525,Hybrid,74.98,FIRST,2021,NOT AVAILABLE,INDIVIDUAL,129382.68,Tier 2
UTTAR PRADESH,79.03,royal enfield,Meteor 350,324155,2017,388,Hybrid,86.42,third owner,2024,active,Individual,211946.73,TIER 2
Punjab,10.34,KTM,RC 390,308542,2017,956,Hybrid,69.09,Third,2023,Expired,DEALER,194966.08,Metro
West Bengal,62.54,  Bajaj  ,Dominar 400,180575,2022,275,Petrol,56.64,SECOND,2023,  Expired  ,Individual,79788.94,Metro
MAHARASHTRA,14.0,Royal Enfield,Interceptor 650,377856,2024,9999,hybrid,87.92,Third,2024,  Expired  ,  Individual  ,215757.06,Tier 1
Gujarat,41.34,Bajaj,Dominar 400,334036,2021,519,PETROL,38.62,Third,2024,Not Available,dealer,229831.41,METRO
Rajasthan,63.91,Honda,Activa,101145,2022,451,Electric,84.27,FIRST,2022,Expired,Individual,80753.17,Tier 2
Karnataka,37.2,Tvs,Ronin,114764,2020,582,Electric,66.43,2nd,2021,active,Dealer,76427.63,METRO
Punjab,62.5,  KTM  ,Duke 200,360490,2015,295,Petrol,44.17,2nd,2024,EXPIRED,Individual,270405.78,Tier 1
West Bengal,29.15,Hero,Passion Pro,61873,2021,549,Petrol,31.97,Second,2024,Expired,  Dealer  ,33822.11,Metro
  Gujarat  ,64.38,  TVS  ,Jupiter,169146,2016,286,Hybrid,65.66,second owner,2021,Expired,Dealer,,Tier 3
PUNJAB,58.58,Bajaj,Platina 110,283985,2022,320,electric,62.48,2nd,2023,  Active  ,INDIVIDUAL,139198.14,Tier 3
KARNATAKA,60.16,Kawasaki,Ninja 400,136328,2022,858,Petrol,40.77,first owner,2022,  Not Available  ,Individual,75146.56,TIER 1
delhi,76.21,Royal Enfield,Meteor 350,69291,2017,134,ELECTRIC,65.73,SECOND,2023,,Dealer,53121.8,Tier 3
Maharashtra,36.37,  Honda  ,Dio,224405,2024,588,Electric,94.84,,2024,NOT AVAILABLE,Dealer,135895.37,Tier 3
  Delhi  ,57.83,Bajaj,Platina 110,73407,2023,202,Electric,66.64,Third,2023,Expired,  Individual  ,47519.72,Tier 2
Karnataka,28.34,KTM,Duke 200,241646,2024,390,Hybrid,72.21,second owner,2024,NOT AVAILABLE,dealer,97027.78,tier 2
Rajasthan,50.76,KAWASAKI,Ninja 300,322366,2021,927,Petrol,37.55,Third,2023,Expired,dealer,202770.59,  Tier 2  
Gujarat,50.26,  KTM  ,390 Adventure,132956,2024,506,petrol,59.8,FIRST,2024,active,individual,65438.73,  Tier 1  
Madhya Pradesh,47.76,TVS,NTorq 125,366633,2018,611,Electric,86.29,,2022,NOT AVAILABLE,INDIVIDUAL,213215.74,Metro
DELHI,74.23,BAJAJ,Pulsar 150,104007,2024,300,HYBRID,68.21,SECOND,2024,Active,  Dealer  ,55787.83,  Tier 3  
  Maharashtra  ,61.27,Honda,Dio,79578,2024,846,petrol,48.72,1st,2024,Expired,Individual,56690.73,Tier 1
MAHARASHTRA,25.23,  Yamaha  ,MT-15,345237,2016,908,Hybrid,77.98,Second,2021,Expired,Dealer,237637.35,TIER 1
West Bengal,11.01,TVS,Ronin,236303,2021,877,petrol,53.11,3rd,2023,Active,individual,103242.42,  Tier 3  
Karnataka,34.64,Bajaj,Pulsar 150,65228,2017,541,Electric,70.47,SECOND,2021,Expired,Individual,45355.55,Tier 2
madhya pradesh,75.26,  Royal Enfield  ,Himalayan,372773,2023,399,Electric,88.57,First,2023,NOT AVAILABLE,dealer,164262.01,tier 3
Punjab,10.08,hero,Glamour,220851,2022,809,Electric,68.72,FIRST,2022,Not Available,Dealer,152826.74,tier 3
Gujarat,8.48,Honda,Dio,370481,2023,872,Hybrid,90.43,third owner,2024,Not Available,dealer,173744.48,tier 3
delhi,16.62,KTM,390 Adventure,294657,2021,186,hybrid,,third owner,2023,  Expired  ,Individual,167643.18,  Tier 2  
WEST BENGAL,42.61,Bajaj,Dominar 400,229467,2022,892,  Petrol  ,40.74,Third,2023,Active,Individual,125900.52,Tier 3
Uttar Pradesh,47.71,TVS,NTorq 125,379041,2022,183,Petrol,57.85,second owner,2024,Expired,Dealer,,Tier 3
  Delhi  ,54.81,Kawasaki,Vulcan S,335738,2021,697,Hybrid,61.76,second owner,2021,  Expired  ,Dealer,,TIER 1
Rajasthan,6.15,  Royal Enfield  ,Hunter 350,277631,2021,252,Electric,84.03,second owner,2024,Active,individual,181286.22,  Tier 2  
  West Bengal  ,16.57,Hero,Passion Pro,175610,2022,658,ELECTRIC,63.9,,2024,Not Available,Dealer,99036.45,Tier 3
  Gujarat  ,22.22,  KTM  ,Duke 200,195199,2021,190,ELECTRIC,86.1,first owner,2021,Expired,  Dealer  ,112135.99,tier 1
uttar pradesh,42.53,Royal Enfield,Interceptor 650,387533,2024,348,  Hybrid  ,72.16,2nd,2024,Not Available,Dealer,205036.98,Tier 3
Maharashtra,78.28,KTM,Duke 200,311255,2024,360,PETROL,41.29,Third,2024,Expired,  Individual  ,228628.66,  Tier 3  
PUNJAB,61.7,  Royal Enfield  ,Hunter 350,358609,2021,621,Petrol,56.32,Second,2022,  Not Available  ,individual,202034.4,Tier 3
West Bengal,7.73,HERO,Xtreme 160R,156416,2019,387,HYBRID,87.78,THIRD,2023,Expired,dealer,106305.45,metro
TAMIL NADU,62.31,Honda,CBR 650R,265997,2021,568,Petrol,36.3,THIRD,2024,Active,  Dealer  ,140694.3,  Tier 2  
Delhi,18.07,royal enfield,Himalayan,381316,2023,756,ELECTRIC,83.21,Second,2024,Expired,  Dealer  ,187644.65,METRO
Delhi,37.36,  TVS  ,Apache RTR 160,78840,2019,671,HYBRID,67.59,Second,2023,Active,Individual,56438.07,Tier 1
Uttar Pradesh,40.41,Honda,Shine,332617,2015,352,  Hybrid  ,76.95,Second,2021,,dealer,167586.09,Tier 3
  Gujarat  ,43.89,HONDA,Activa,100031,2021,289,PETROL,38.07,THIRD,2024,Active,Individual,72816.08,TIER 3
KARNATAKA,56.03,ktm,Duke 200,162233,2024,799,Electric,,Second,2024,active,Dealer,97158.61,Tier 2
Rajasthan,10.7,Ktm,250 Duke,331220,2024,614,Hybrid,85.96,First,2024,Active,  Individual  ,159162.87,Tier 3
Rajasthan,52.06,Yamaha,Fascino 125,225964,2024,940,Hybrid,68.56,THIRD,2024,Expired,  Dealer  ,127575.13,Tier 1
Delhi,77.46,TVS,NTorq 125,348910,2024,765,Electric,91.63,Second,2024,expired,  Individual  ,209554.45456697664,tier 3
RAJASTHAN,61.35,Kawasaki,Ninja 400,56493,2022,973,Petrol,39.99,1st,2022,not available,Individual,43477.76010476904,Tier 1
Madhya Pradesh,12.53,Honda,Activa,"₹241,441",2015,457,  Hybrid  ,75.85,2nd,2023,Active,  Individual  ,106892.38,Metro
Punjab,58.63,  Royal Enfield  ,Himalayan,366935,2023,571,Petrol,26.51,2nd,2023,NOT AVAILABLE,  Dealer  ,188181.72,  Metro  
Uttar Pradesh,48.51,Kawasaki,Ninja 400,142213,2023,349,Electric,92.52,FIRST,2023,not available,Individual,100219.73,  Tier 1  
Madhya Pradesh,66.88,Honda,Dio,135776,2021,643,petrol,55.27,,2023,not available,Dealer,65762.37,  Metro  
Karnataka,59.22,YAMAHA,MT-15,348426,2023,238,petrol,34.39,1st,2023,Not Available,Individual,236846.06,  Metro  
Punjab,42.37,  Hero  ,Passion Pro,87663,2024,737,ELECTRIC,76.9,2nd,2024,Active,Dealer,49913.16,  Tier 2  
Tamil Nadu,31.79,Bajaj,Pulsar 150,307220,2019,479,Petrol,59.72,Second,2023,Not Available,Individual,205676.71,Tier 2
Karnataka,58.57,Kawasaki,Vulcan S,346646,2018,486,Petrol,38.25,Third,2022,  Active  ,INDIVIDUAL,224866.57,Tier 1
gujarat,65.73,Yamaha,Ray ZR,300685,2022,487,electric,94.67,THIRD,2022,active,Individual,230231.27,tier 2
  Maharashtra  ,7.01,yamaha,MT-15,214265,2023,958,  Petrol  ,30.29,3rd,2024,Expired,DEALER,91735.69,Tier 2
Tamil Nadu,18.8,bajaj,Avenger 220,69627,2021,846,Electric,75.27,first owner,2021,  Active  ,Dealer,39412.01,tier 1
Madhya Pradesh,45.79,  Honda  ,Activa,268594,2023,835,Petrol,39.58,2nd,2024,Expired,INDIVIDUAL,,Tier 3
Rajasthan,46.53,KTM,Duke 200,380020,2017,506,Electric,61.78,second owner,2023,Active,  Dealer  ,288191.51,  Metro  
Uttar Pradesh,18.15,KTM,Duke 200,261801,2019,279,Hybrid,95.43,3rd,2021,Not Available,Dealer,202190.83,tier 3
gujarat,77.43,Honda,Unicorn,212431,2018,775,Electric,96.21,Third,2022,  Expired  ,Dealer,122126.36,Tier 3
TAMIL NADU,22.23,Kawasaki,Ninja 400,377585,2022,303,electric,60.69,Second,2024,Active,Dealer,222498.98,Tier 3
  Delhi  ,76.4,  Yamaha  ,Ray ZR,371067,2015,806,ELECTRIC,79.92,3rd,2024,Active,Individual,281343.39,tier 1
Uttar Pradesh,6.22,KTM,390 Adventure,114386,2024,255,Electric,96.5,3rd,2024,Active,dealer,61908.43,Tier 3
  West Bengal  ,21.86,Honda,Activa,289424,2022,1000,petrol,31.37,,2023,expired,Dealer,119521.72,Metro
karnataka,57.06,Kawasaki,Ninja 300,297288,2019,592,  Electric  ,61.02,Third,2023,  Not Available  ,Individual,235411.98,Tier 3
Karnataka,16.82,Honda,Activa,161847,2020,875,  Electric  ,75.2,SECOND,2023,EXPIRED,Individual,64869.6,Tier 3
Gujarat,32.85,Yamaha,FZ V3,64436,2023,730,Hybrid,82.75,3rd,2023,Not Available,Dealer,48782.78,Tier 1
MADHYA PRADESH,13.87,Bajaj,Avenger 220,"₹103,137",2021,315,  Petrol  ,32.18,second owner,2023,  Not Available  ,individual,44598.47,Tier 1
  Punjab  ,60.49,KTM,Duke 200,209541,2021,662,Petrol,27.99,third owner,2023,  Active  ,Dealer,149611.55,Metro
Uttar Pradesh,22.09,Yamaha,Fascino 125,324679,2023,188,Petrol,41.43,second owner,2023,Not Available,Dealer,249265.9,Tier 2
DELHI,29.17,TVS,Apache RTR 160,62340,2022,482,Electric,62.75,THIRD,2024,  Not Available  ,Individual,28226.93,  Tier 3  
maharashtra,20.68,KTM,390 Adventure,287051,2024,384,Electric,80.75,2nd,2024,Expired,Dealer,,Tier 2
  West Bengal  ,62.01,yamaha,Fascino 125,366844,2024,414,  Electric  ,79.66,SECOND,2024,not available,Individual,208929.75,TIER 3
Tamil Nadu,65.94,Kawasaki,Versys 650,"₹267,420",2018,551,Electric,70.7,Second,2023,Not Available,individual,169538.3,Tier 3
Delhi,13.59,TVS,Ronin,91772,2016,504,electric,65.03,THIRD,2024,  Active  ,Dealer,55227.17,METRO
  Tamil Nadu  ,49.51,honda,CBR 650R,120620,2023,973,  Electric  ,82.31,THIRD,2024,  Active  ,dealer,73968.83,METRO
Tamil Nadu,54.9,Kawasaki,Z650,68139,2021,939,  Petrol  ,31.89,Third,2021,EXPIRED,INDIVIDUAL,53007.55,Tier 1
DELHI,70.08,Tvs,Ronin,171951,2023,670,Hybrid,96.64,first owner,2023,Active,Dealer,88378.05,Tier 3
Rajasthan,55.46,Royal Enfield,Meteor 350,141611,2024,305,  Hybrid  ,72.03,third owner,2024,,Individual,99837.78,Tier 2
Uttar Pradesh,47.71,TVS,NTorq 125,379041,2022,183,petrol,57.85,2nd,2024,Expired,Dealer,,TIER 3
gujarat,68.26,Yamaha,Ray ZR,187742,2016,342,  Hybrid  ,86.44,Third,2022,Expired,Dealer,134166.86,TIER 3
Tamil Nadu,16.36,Bajaj,Avenger 220,100244,2024,0,PETROL,35.24,FIRST,2024,Expired,Dealer,75298.43,tier 3
Gujarat,8.08,Yamaha,MT-15,"₹270,039",2017,552,hybrid,97.15,SECOND,2023,EXPIRED,  Individual  ,122438.56,Tier 2
  Maharashtra  ,15.12,KTM,250 Duke,255981,2022,460,electric,77.37,1st,2022,active,Individual,138437.64,Tier 2
Delhi,59.05,TVS,NTorq 125,185865,2023,420,Electric,73.46,3rd,2024,ACTIVE,Dealer,115247.0,Tier 1
delhi,49.74,  Honda  ,CBR 650R,112323,2015,492,ELECTRIC,76.18,Second,2021,,  Dealer  ,76592.53,Tier 1
Uttar Pradesh,45.91,TVS,Ronin,267565,2024,247,  Petrol  ,56.22,THIRD,2024,  Not Available  ,Individual,125582.96,Tier 1
  Uttar Pradesh  ,49.07,Hero,HF Deluxe,176759,2024,803,  Petrol  ,47.7,second owner,2024,Active,Individual,95373.15,Metro
West Bengal,79.12,Tvs,Ronin,159331,2024,758,Electric,94.0,third owner,2024,Not Available,Dealer,99352.77,TIER 2
Gujarat,5.7,BAJAJ,Pulsar 150,207357,2023,632,electric,77.37,FIRST,2023,Active,  Dealer  ,145275.17,tier 1
  Gujarat  ,61.21,Royal Enfield,Classic 350,207409,2024,606,  Hybrid  ,64.94,third owner,2024,Not Available,dealer,146822.51,Tier 1
Gujarat,47.87,KAWASAKI,Ninja 400,241815,2022,425,HYBRID,84.79,,2022,expired,  Dealer  ,105496.17,Tier 2
KARNATAKA,55.49,BAJAJ,CT 100,163623,2022.0,480,Electric,75.08,first owner,2022,Active,Dealer,103328.3,Tier 3
West Bengal,72.02,  Bajaj  ,Platina 110,85481,2024,337,Hybrid,74.58,first owner,2024,,  Individual  ,42520.39,Tier 1
West Bengal,6.49,Royal Enfield,Interceptor 650,185248,2024,211,Electric,92.15,3rd,2024,Not Available,Individual,,Metro
Madhya Pradesh,56.33,  Yamaha  ,MT-15,376238,2017,827,  Hybrid  ,74.64,Second,2021,Not Available,Dealer,292050.9,Tier 2
rajasthan,50.49,Honda,Dio,376278,2024,822,Petrol,54.38,First,2024,expired,dealer,296802.47,Metro
Uttar Pradesh,6.39,  Honda  ,Activa,201758,2024,442,Electric,,third owner,2024,Expired,DEALER,148297.18093772477,tier 3
Gujarat,70.26,Honda,Unicorn,176560,2023,872,Electric,96.93,1st,2023,Active,individual,74858.3,tier 2
Tamil Nadu,39.51,Hero,HF Deluxe,360129,2021,124,HYBRID,66.27,first owner,2021,EXPIRED,dealer,,TIER 2
MADHYA PRADESH,75.47,kawasaki,Versys 650,173144,2019,720,Electric,88.91,2nd,2022,Expired,Dealer,137518.04,  Metro  
Uttar Pradesh,68.47,Royal Enfield,Himalayan,"₹352,968",2023,880,  Petrol  ,37.66,THIRD,2024,not available,  Individual  ,164427.29,Tier 3
delhi,23.19,Hero,Glamour,273974,2017,110,HYBRID,93.37,3rd,2022,Active,individual,120490.57,Tier 1
Uttar Pradesh,25.96,ktm,Duke 200,367461,2021,965,ELECTRIC,83.62,,2022,Not Available,  Dealer  ,,TIER 1
  Maharashtra  ,41.65,kawasaki,Versys 650,331047,2023,657,Hybrid,73.4,FIRST,2023,expired,  Dealer  ,198382.67,TIER 1
  Gujarat  ,41.92,Honda,Shine,57192,2024,299,Hybrid,62.0,Third,2024,Active,individual,28850.7,Tier 1
West Bengal,26.61,Ktm,390 Adventure,116152,2019,647,ELECTRIC,90.44,2nd,2021,Not Available,Dealer,65384.57,Tier 2
RAJASTHAN,47.46,TVS,Jupiter,114189,2022,565,  Electric  ,71.7,2nd,2022,,individual,67301.55,tier 2
  Gujarat  ,73.68,honda,Unicorn,129971,2024,994,Hybrid,91.38,First,2024,expired,Individual,93259.49,Metro
tamil nadu,70.84,BAJAJ,Dominar 400,202839,2021,654,ELECTRIC,62.62,FIRST,2021,Not Available,individual,118606.24,Metro
karnataka,46.75,  Honda  ,CBR 650R,219862,2020,268,  Petrol  ,55.44,2nd,2022,  Active  ,dealer,117906.48,  Tier 3  
Rajasthan,27.68,Bajaj,Platina 110,371490,2018,961,ELECTRIC,69.92,second owner,2024,active,Dealer,217995.0,Metro
Karnataka,23.46,  Yamaha  ,R15 V4,284895,2015,679,petrol,44.77,THIRD,2023,Expired,Individual,183167.13,tier 1
Madhya Pradesh,65.74,yamaha,Fascino 125,377303,2023,476,  Petrol  ,45.28,second owner,2023,expired,dealer,194755.58,METRO
  Uttar Pradesh  ,29.87,Hero,HF Deluxe,285795,2015,586,Petrol,34.28,second owner,2023,NOT AVAILABLE,individual,123120.00108225436,Metro
RAJASTHAN,19.19,Royal Enfield,Interceptor 650,83095,2017,9999,Petrol,45.62,2nd,2024,  Active  ,dealer,53768.47,Tier 2
West Bengal,73.75,Yamaha,FZ V3,81532,2023,225,Hybrid,86.23,First,2023,Expired,Individual,33602.95,Metro
Rajasthan,55.21,Honda,Activa,246265,2021,690,Petrol,28.13,1st,2019,Active,Individual,153884.56,METRO
Madhya Pradesh,75.04,Yamaha,FZ V3,312574,2020,383,HYBRID,82.9,third owner,2024,active,Individual,230994.46,  Tier 2  
RAJASTHAN,12.8,Ktm,125 Duke,129841,2024,881,  Electric  ,98.14,Third,2024,Not Available,  Dealer  ,67178.06,Tier 2
DELHI,50.43,YAMAHA,Fascino 125,155535,2021,296,Electric,68.68,Second,2024,Active,Individual,90407.47,  Tier 2  
Tamil Nadu,67.34,Bajaj,CT 100,52195,2020,223,Electric,94.08,second owner,2022,expired,individual,35860.98,Tier 2
  Uttar Pradesh  ,23.9,bajaj,Platina 110,125531,2023,666,ELECTRIC,91.83,1st,2023,not available,individual,64185.36,Tier 3
  Delhi  ,40.3,Tvs,Ronin,244831,2022,766,petrol,,second owner,2022,Active,INDIVIDUAL,105728.78,  Metro  
delhi,9.54,Bajaj,Platina 110,60240,2019,759,  Hybrid  ,72.7,SECOND,2024,not available,individual,43850.07,TIER 3
Punjab,36.78,Royal Enfield,Interceptor 650,357408,2020,755,Electric,,Third,2022,Active,Dealer,168370.6,Tier 3
rajasthan,32.83,TVS,Apache RTR 160,"₹367,866",2023,129,Petrol,51.81,3rd,2023,Expired,Individual,178237.36,Tier 3
Rajasthan,6.4,HERO,HF Deluxe,218331,2024,410,  Hybrid  ,60.44,third owner,2024,NOT AVAILABLE,  Individual  ,149851.85,Tier 2
Madhya Pradesh,36.74,TVS,Apache RTR 160,220358,2024,768,PETROL,32.96,First,2024,Not Available,Individual,164081.94,Tier 3
uttar pradesh,66.65,Bajaj,Platina 110,359392,2024,389,Electric,60.97,,2024,ACTIVE,Dealer,264863.5,METRO
Tamil Nadu,37.83,Kawasaki,Ninja 400,238144,2018,905,Hybrid,61.27,second owner,2023,Expired,Dealer,178796.82,Tier 3
WEST BENGAL,7.21,Kawasaki,Ninja 300,160670,2022,975,petrol,33.17,Third,2023,ACTIVE,Individual,127226.71,Tier 2
Delhi,60.52,HONDA,Activa,154391,2018,313,Petrol,42.67,SECOND,2024,Active,Individual,121559.96,metro
GUJARAT,68.09,Kawasaki,Vulcan S,394266,2022,437,hybrid,90.31,2nd,2024,Not Available,dealer,287961.61,Tier 2
West Bengal,47.3,Hero,Glamour,277959,2024,177,ELECTRIC,62.76,1st,2024,Expired,Dealer,196402.76,tier 3
Delhi,6.58,Bajaj,Pulsar 150,293898,2016,212,Petrol,30.02,Third,2022,Expired,Dealer,203366.95,Tier 3
  Punjab  ,68.68,  Yamaha  ,Ray ZR,199523,2022,357,  Electric  ,81.98,first owner,2022,NOT AVAILABLE,Individual,108115.08,Tier 1
Tamil Nadu,57.55,Hero,Glamour,170844,2022,684,Hybrid,96.65,FIRST,2022,  Not Available  ,DEALER,135762.55,Tier 3
Karnataka,8.77,  Hero  ,Xtreme 160R,329254,2023,921,Hybrid,97.74,third owner,2024,,  Individual  ,221860.24,Tier 2
  Punjab  ,64.71,Kawasaki,Z650,376270,2022,337,Electric,86.37,second owner,2023,,Individual,202971.02,Tier 1
  Delhi  ,76.79,Honda,CBR 650R,324556,2024,333,Hybrid,79.42,1st,2024,  Not Available  ,Individual,190833.22,Tier 2
Gujarat,58.33,  Honda  ,Shine,103202,2017,185,petrol,32.68,third owner,2021,Active,  Individual  ,65116.25,  Tier 3  
GUJARAT,51.45,Honda,Dio,59924,2021,878,Electric,61.15,First,2021,Expired,Dealer,41782.9,TIER 1
tamil nadu,67.58,YAMAHA,Ray ZR,300594,2021,467,Electric,84.8,SECOND,2024,Not Available,Dealer,,TIER 1
  Delhi  ,31.38,  Yamaha  ,MT-15,300725,2024,413,PETROL,48.81,first owner,2024,Expired,Dealer,196290.58,  Tier 1  
West Bengal,21.54,BAJAJ,Platina 110,165678,2024,367,PETROL,46.62,3rd,2024,Active,individual,87201.88,tier 1
  West Bengal  ,65.47,Hero,Splendor Plus,79985,2015,336,hybrid,90.4,second owner,2023,,Dealer,48985.29,  Tier 3  
  West Bengal  ,22.87,Bajaj,Dominar 400,333612,2021,770,electric,,SECOND,2022,Active,DEALER,246078.28,METRO
Karnataka,25.18,  Yamaha  ,R15 V4,387520,2015,281,Hybrid,64.45,2nd,2022,Active,Individual,304077.24,Tier 2
MADHYA PRADESH,38.7,honda,Activa,291313,2024,233,  Hybrid  ,79.88,third owner,2024,Not Available,  Dealer  ,202949.67,TIER 2
Madhya Pradesh,34.96,Hero,Splendor Plus,"₹155,432",2023,589,  Hybrid  ,85.99,2nd,2024,  Expired  ,Individual,75924.87,Tier 3
MADHYA PRADESH,53.19,KTM,RC 390,159755,2021,554,  Hybrid  ,86.64,,2021,active,  Dealer  ,116784.36563563145,Tier 3
  West Bengal  ,68.3,Honda,Unicorn,258166,2023,407,HYBRID,78.36,First,2023,active,  Dealer  ,139776.96,Tier 3
Madhya Pradesh,62.4,Yamaha,MT-15,315890,2018,637,PETROL,56.03,,2022,Not Available,Individual,174829.32,Tier 1
Maharashtra,56.89,  Yamaha  ,FZ V3,213563,2022,203,Electric,65.22,first owner,2022,Not Available,Individual,124666.45,  Metro  
Maharashtra,69.91,  Honda  ,Shine,96238,2017,380,Petrol,53.17,3rd,2022,,Dealer,70637.43,tier 1
WEST BENGAL,52.63,TVS,Sport,274591,2019,436,Electric,66.33,second owner,2023,,Dealer,173806.14,Tier 1
Uttar Pradesh,14.5,Kawasaki,Z650,226473,2020,368,Electric,93.99,THIRD,2022,,INDIVIDUAL,116019.09,Tier 3
  Tamil Nadu  ,74.93,Royal Enfield,Meteor 350,230026,2019,220,ELECTRIC,81.37,2nd,2022,NOT AVAILABLE,Individual,126586.28,Tier 1
Karnataka,63.01,Hero,HF Deluxe,292024,2024,729,petrol,35.91,,2024,Expired,individual,191462.68,Metro
Tamil Nadu,9.36,Yamaha,Ray ZR,247224,2023,452,Electric,98.77,SECOND,2023,Expired,dealer,136751.79,Tier 1
maharashtra,34.03,Tvs,NTorq 125,119795,2024,880,Petrol,47.47,2nd,2024,expired,Dealer,52407.06,  Tier 2  
  Madhya Pradesh  ,31.2,tvs,NTorq 125,240567,2021,887,Petrol,28.28,THIRD,2024,ACTIVE,DEALER,183914.13,Tier 1
RAJASTHAN,71.7,bajaj,Dominar 400,310824,2024,339,petrol,39.22,SECOND,2024,NOT AVAILABLE,INDIVIDUAL,189195.48,Tier 1
Tamil Nadu,54.94,tvs,Ronin,262458,2023,754,  Hybrid  ,68.7,First,2023,Active,Individual,188571.53,Tier 3
Karnataka,12.84,Hero,HF Deluxe,243257,2017,841,PETROL,30.99,third owner,2023,Not Available,Dealer,106830.33,TIER 2
Gujarat,49.09,Royal Enfield,Interceptor 650,305889,2019,247,Hybrid,61.75,THIRD,2023,  Not Available  ,Individual,192276.39,Metro
Rajasthan,37.37,hero,Splendor Plus,181229,2018,891,Electric,87.96,Third,2024,NOT AVAILABLE,DEALER,111193.15,Metro
Maharashtra,53.78,Kawasaki,Ninja 300,228829,2018,851,Petrol,,2nd,2024,Active,Dealer,107706.69,  Metro  
Gujarat,49.39,  Kawasaki  ,Ninja 300,68215,2016,448,hybrid,93.67,THIRD,2024,Not Available,Dealer,27455.69,TIER 3
Rajasthan,37.77,Royal Enfield,Interceptor 650,91958,2023,696,ELECTRIC,76.67,Second,2024,Active,individual,47201.67,Tier 1
West Bengal,35.88,honda,Dio,350341,2023,920,Electric,65.16,Second,2024,Expired,Dealer,256441.28,TIER 3
Karnataka,46.81,KTM,RC 390,286905,2019,152,electric,64.96,second owner,2024,Expired,Individual,218666.45,  Tier 1  
UTTAR PRADESH,75.68,Hero,HF Deluxe,386075,2024,510,Electric,89.73,First,2024,Expired,Dealer,276704.36,Metro
Gujarat,67.54,Tvs,Sport,296029,2017,137,PETROL,30.57,Third,2024,Not Available,INDIVIDUAL,129012.86,Metro
Delhi,30.11,BAJAJ,Avenger 220,124936,2021,336,Petrol,40.65,2nd,2023,  Active  ,Dealer,61815.75,tier 2
MAHARASHTRA,72.86,  Royal Enfield  ,Meteor 350,184416,2022,963,hybrid,71.48,first owner,2022,Expired,dealer,106499.44,metro
  Rajasthan  ,62.87,Honda,Shine,350018,2016,639,petrol,47.27,Second,2024,Not Available,INDIVIDUAL,,Metro
Rajasthan,44.47,  TVS  ,Ronin,206799,2022,111,Hybrid,71.31,,2022,  Not Available  ,dealer,147995.37,Tier 3
DELHI,35.99,Kawasaki,Ninja 400,100081,2023,665,Electric,69.94,Third,2023,not available,Individual,51624.66,tier 2
  Gujarat  ,61.61,ktm,Duke 200,51260,2021,608,ELECTRIC,95.91,Second,2022,Expired,Dealer,29094.35,Metro
Tamil Nadu,36.14,hero,Xtreme 160R,62022,2023,166,Petrol,55.2,second owner,2023,  Active  ,individual,29649.59,  Tier 2  
  Delhi  ,20.29,HERO,Passion Pro,344886,2024,332,HYBRID,76.59,Third,2024,Active,individual,245568.09,  Metro  
karnataka,29.41,  Bajaj  ,Avenger 220,356103,2021,682,HYBRID,65.51,,2023,Active,Dealer,200667.57,tier 1
KARNATAKA,62.26,Yamaha,R15 V4,59888,2024,874,Electric,64.87,third owner,2024,  Active  ,Dealer,34506.33,Tier 3
Uttar Pradesh,75.01,Hero,Passion Pro,114629,2022,580,Electric,85.1,Second,2024,Not Available,  Individual  ,82135.65,Tier 2
tamil nadu,14.57,  KTM  ,RC 390,185309,2024,721,hybrid,95.6,,2024,Not Available,  Individual  ,143824.9,tier 1
  Madhya Pradesh  ,42.42,HONDA,Unicorn,206136,2023,892,Electric,90.53,FIRST,2023,Expired,  Dealer  ,99716.02,metro
gujarat,78.02,honda,CBR 650R,74246,2020,473,Petrol,34.49,3rd,2022,Not Available,Dealer,29726.98,Metro
DELHI,18.52,tvs,NTorq 125,314719,2019,631,Electric,,Third,2022,,INDIVIDUAL,188629.11,Metro
  West Bengal  ,34.91,  KTM  ,Duke 200,68452,2023,512,Electric,64.09,third owner,2024,Not Available,Dealer,28734.28,Metro
maharashtra,10.03,Bajaj,Avenger 220,101116,2022,186,Petrol,49.96,second owner,2023,  Active  ,Individual,53109.65,Tier 3
UTTAR PRADESH,60.63,  KTM  ,125 Duke,166294,2016,604,HYBRID,68.55,THIRD,2024,ACTIVE,Individual,67760.17,Tier 2
Delhi,73.98,Honda,CBR 650R,136524,2024.0,628,Petrol,58.84,3rd,2024,  Not Available  ,Dealer,60589.33,Tier 3
West Bengal,54.81,  TVS  ,Jupiter,196907,2023,900,Petrol,39.27,third owner,2023,EXPIRED,Individual,142760.49,TIER 2
UTTAR PRADESH,74.01,Kawasaki,Ninja 300,111421,2024,624,  Hybrid  ,67.16,,2024,Active,  Dealer  ,72560.46,Tier 2
KARNATAKA,68.48,Bajaj,Pulsar 150,250122,2021,136,petrol,42.45,3rd,2021,Active,individual,149701.84,Tier 1
West Bengal,66.76,Hero,Passion Pro,134861,2023,932,Hybrid,88.83,second owner,2023,Active,Dealer,91325.53,tier 3
  Maharashtra  ,45.87,Bajaj,Avenger 220,107356,2023,329,hybrid,67.75,1st,2023,  Active  ,  Dealer  ,50211.84,Metro
West Bengal,66.31,tvs,Jupiter,274490,2018,722,  Petrol  ,59.26,2nd,2017,Not Available,Individual,195670.47,tier 2
  Uttar Pradesh  ,74.6,Hero,Xtreme 160R,59283,2021,846,electric,95.79,Second,2023,EXPIRED,INDIVIDUAL,28184.8,Tier 1
punjab,23.37,TVS,Apache RTR 160,143493,2024,705,  Hybrid  ,92.26,second owner,2024,Active,Dealer,95136.25,tier 2
  Gujarat  ,37.76,Yamaha,R15 V4,91581,2018,597,Petrol,-15.0,third owner,2022,Active,Dealer,64964.83,metro
PUNJAB,40.46,Royal Enfield,Hunter 350,389840,2018,385,hybrid,68.2,Third,2024,  Expired  ,Dealer,210251.93,Tier 2
Maharashtra,66.98,  Bajaj  ,Platina 110,83652,2017,508,  Electric  ,68.15,,2021,Expired,dealer,53851.05,Tier 1
Madhya Pradesh,34.27,ROYAL ENFIELD,Meteor 350,293401,2023,116,hybrid,90.24,2nd,2023,expired,Individual,125164.7,  Tier 2  
MAHARASHTRA,8.08,Royal Enfield,Hunter 350,"₹279,288",2021,799,HYBRID,75.74,THIRD,2022,  Expired  ,Individual,188777.7,  Tier 1  
karnataka,51.49,Yamaha,R15 V4,124643,2021,435,Electric,92.52,3rd,2021,Active,Individual,74781.44,  Tier 3  
Gujarat,60.25,hero,HF Deluxe,"₹255,680",2017,338,hybrid,81.64,3rd,2022,expired,individual,176278.95,Tier 1
  Madhya Pradesh  ,9.11,ktm,RC 390,281652,2018,453,Electric,91.69,Third,2023,Active,Dealer,169735.82,TIER 1
Karnataka,48.59,Tvs,NTorq 125,236260,2022,650,electric,75.99,Second,2023,Expired,  Individual  ,140255.94,TIER 2
Delhi,17.93,Royal Enfield,Interceptor 650,178547,2019,276,  Hybrid  ,89.5,third owner,2021,Active,dealer,71583.61,Tier 1
Tamil Nadu,42.78,TVS,NTorq 125,258291,2021,550,  Electric  ,84.48,SECOND,2023,,  Individual  ,141527.92,Metro
tamil nadu,19.59,Hero,Splendor Plus,363748,2023,250,Hybrid,95.65,Third,2024,  Expired  ,Individual,240296.52,TIER 1
Rajasthan,39.7,Bajaj,Pulsar 150,390963,2016,308,  Petrol  ,43.66,third owner,2023,expired,Dealer,195015.93,Tier 3
  Maharashtra  ,35.9,ktm,125 Duke,163569,2023,349,Petrol,43.07,first owner,2023,Expired,  Dealer  ,100364.08,Tier 3
Maharashtra,57.87,Yamaha,FZ V3,241508,2019,601,hybrid,72.59,SECOND,2024,  Not Available  ,Individual,104088.62,Tier 3
punjab,39.76,honda,Activa,102921,2017,114,petrol,26.24,SECOND,2024,Active,Individual,66597.97356213703,Tier 3
Tamil Nadu,73.66,kawasaki,Ninja 400,160368,2021,384,PETROL,35.17,first owner,2021,Expired,Individual,,  Tier 2  
TAMIL NADU,16.42,Royal Enfield,Himalayan,52208,2018,440,Petrol,43.31,3rd,2024,Active,Dealer,35865.19,Metro
Gujarat,35.96,Yamaha,R15 V4,270085,2021,476,Petrol,50.59,SECOND,2023,Expired,Individual,211466.58,Tier 3
  Rajasthan  ,35.83,Kawasaki,Ninja 400,203537,2024,395,  Petrol  ,46.35,First,2024,,dealer,87374.49,Tier 3
  Rajasthan  ,46.36,  Royal Enfield  ,Classic 350,83246,2019,975,Petrol,39.31,Third,2021,not available,  Dealer  ,64810.36,Tier 1
Delhi,38.35,kawasaki,Versys 650,198031,2021,289,hybrid,-15.0,2nd,2023,EXPIRED,  Individual  ,87336.81,Tier 1
Uttar Pradesh,36.48,Honda,Shine,73350,2022,867,petrol,56.1,First,2022,Active,  Individual  ,,Tier 3
  Punjab  ,17.96,  Royal Enfield  ,Hunter 350,170800,2020,816,Hybrid,85.75,SECOND,2023,Not Available,Individual,99296.22,  Metro  
Punjab,54.94,Hero,HF Deluxe,65736,2018,740,Electric,73.61,2nd,2023,Not Available,Dealer,36421.66,Metro
Gujarat,21.76,  Bajaj  ,Platina 110,"₹374,981",2023,448,Petrol,44.07,first owner,2023,active,  Individual  ,176924.12,Tier 2
MADHYA PRADESH,54.89,Royal Enfield,Meteor 350,216930,2021,465,Electric,80.74,third owner,2021,Expired,INDIVIDUAL,146395.84,tier 1
gujarat,32.97,Kawasaki,Z650,237624,2024,0,Electric,84.65,SECOND,2024,Not Available,Individual,147198.41,metro
Tamil Nadu,6.89,KTM,RC 390,66556,2023,365,petrol,27.23,second owner,2023,Expired,Dealer,27601.37,  Tier 2  
  Punjab  ,29.77,Bajaj,CT 100,100644,2021,502,Hybrid,82.34,FIRST,2021,  Not Available  ,DEALER,42042.1,Metro
Madhya Pradesh,28.25,Royal Enfield,Classic 350,59213,2021,584,Electric,94.41,Third,2022,expired,Dealer,41637.42,Tier 3
delhi,8.95,hero,HF Deluxe,299609,2019,430,Electric,95.96,Second,2022,Expired,Individual,218088.19,Tier 3
West Bengal,69.39,Royal Enfield,Interceptor 650,66371,2015,524,Hybrid,73.95,2nd,2021,NOT AVAILABLE,Individual,34671.1,Tier 2
Punjab,44.03,Honda,Shine,134473,2019,634,Petrol,47.84,Second,2023,  Not Available  ,Individual,104149.43,Tier 3
Tamil Nadu,33.97,Bajaj,Dominar 400,337699,2019,801,HYBRID,76.56,SECOND,2018,Expired,Dealer,172051.51,Tier 3
Madhya Pradesh,31.23,Kawasaki,Ninja 400,148766,2021,945,hybrid,72.19,THIRD,2022,Expired,Dealer,95250.78,Tier 2
Tamil Nadu,44.6,Kawasaki,Z650,126827,2021,183,  Hybrid  ,,Third,2021,NOT AVAILABLE,Individual,70658.97,Metro
Rajasthan,65.59,KAWASAKI,Vulcan S,270939,2019,989,HYBRID,70.04,second owner,2022,Active,Dealer,169500.51,Tier 3
Tamil Nadu,31.75,  Hero  ,Xtreme 160R,353910,2024,363,Hybrid,89.51,SECOND,2024,expired,Individual,228303.2,Tier 1
Delhi,9.54,KTM,RC 390,"₹217,872",2023,999,ELECTRIC,79.84,2nd,2023,Active,INDIVIDUAL,152248.27,Tier 1
Uttar Pradesh,74.7,Tvs,Apache RTR 160,360333,2024,476,Hybrid,86.88,FIRST,2024,not available,Dealer,266763.89,tier 3
  Delhi  ,16.54,Tvs,Jupiter,392052,2023,144,  Electric  ,92.14,first owner,2023,Active,Dealer,239108.04,Tier 1
maharashtra,22.07,TVS,Apache RTR 160,209473,2023,502,hybrid,97.4,Second,2024,  Expired  ,dealer,148933.22,TIER 3
rajasthan,47.34,KTM,Duke 200,151443,2020,227,Electric,74.45,Second,2022,Expired,DEALER,119580.4,tier 3
uttar pradesh,56.01,honda,Activa,"₹364,901",2021,105,Hybrid,70.45,THIRD,2021,Expired,Dealer,205957.55,Metro
karnataka,10.01,HONDA,CBR 650R,186588,2022,185,Hybrid,69.73,2nd,2023,,dealer,121945.16,tier 3
KARNATAKA,32.68,Hero,Glamour,364166,2021,556,Petrol,57.7,Third,2024,Active,INDIVIDUAL,259229.47,Tier 3
gujarat,57.76,Kawasaki,Z650,178475,2024,847,Electric,83.54,2nd,2024,active,Dealer,86175.85,tier 2
  Delhi  ,60.81,YAMAHA,MT-15,236350,2023,992,Petrol,26.51,2nd,2024,NOT AVAILABLE,  Individual  ,155147.94,  Tier 1  
RAJASTHAN,42.55,HERO,Glamour,364100,2024,151,Electric,74.29,second owner,2024,  Expired  ,Individual,175311.35,Metro
Madhya Pradesh,11.62,  Bajaj  ,Platina 110,196140,2022,705,  Electric  ,84.7,3rd,2022,Not Available,  Dealer  ,150293.83,  Tier 1  
Uttar Pradesh,58.08,kawasaki,Vulcan S,226972,2020,640,hybrid,71.75,Third,2021,  Not Available  ,Dealer,129343.32,Tier 3
gujarat,35.58,Yamaha,Fascino 125,234432,2015,535,electric,88.39,THIRD,2022,active,Dealer,141505.74,Tier 3
  Punjab  ,18.94,hero,HF Deluxe,136542,2015,721,Hybrid,97.09,SECOND,2023,Not Available,Dealer,60879.45,Tier 3
Maharashtra,56.84,HERO,Glamour,277960,2018,351,Hybrid,93.52,third owner,2024,  Not Available  ,dealer,171262.17,  Tier 2  
Punjab,47.55,TVS,Apache RTR 160,399364,2018,720,petrol,51.52,third owner,2021,expired,Dealer,200066.04,Tier 1
Rajasthan,55.7,TVS,Sport,150366,2024,787,Hybrid,,Third,2024,EXPIRED,Individual,108832.4,Tier 3
karnataka,51.66,kawasaki,Ninja 400,158021,2022,609,ELECTRIC,95.27,3rd,2022,not available,Dealer,102397.48,Tier 1
Uttar Pradesh,78.1,Tvs,Ronin,234912,2021,873,electric,83.43,Second,2021,  Expired  ,Individual,148067.88,Tier 3
Punjab,73.34,Honda,Unicorn,334998,2023,449,Electric,71.37,FIRST,2023,Active,Individual,247845.79,Metro
Gujarat,5.32,Tvs,Sport,"₹207,061",2019,611,Petrol,49.26,Third,2024,ACTIVE,Dealer,160759.94949138805,Tier 2
  Uttar Pradesh  ,10.85,Yamaha,MT-15,"₹248,237",2019,575,Electric,85.82,second owner,2022,Not Available,Individual,157756.37,tier 1
West Bengal,59.55,Kawasaki,Versys 650,322476,2021,567,HYBRID,99.45,First,2021,Expired,Individual,174911.0,Metro
Karnataka,79.64,KTM,125 Duke,385644,2022,242,Petrol,29.87,2nd,2022,  Not Available  ,Dealer,271344.03,Tier 1
West Bengal,49.9,  Hero  ,Passion Pro,293401,2016,997,Electric,87.76,third owner,2023,Active,DEALER,141169.1,Metro
Uttar Pradesh,34.92,TVS,Jupiter,58677,2023,569,Hybrid,91.32,SECOND,2023,,INDIVIDUAL,44489.62,Tier 2
tamil nadu,78.02,Kawasaki,Z650,316996,2024,631,Electric,83.46,2nd,2024,Active,Individual,159856.41,Tier 3
Maharashtra,47.62,Tvs,Ronin,309971,2019,423,ELECTRIC,73.11,Second,2022,Expired,Dealer,227016.99,Tier 1
  Uttar Pradesh  ,16.1,Royal Enfield,Interceptor 650,167254,2020,109,Electric,84.15,2nd,2021,  Not Available  ,Dealer,129455.7,Metro
GUJARAT,35.87,Yamaha,Ray ZR,304479,2023,533,Hybrid,82.44,1st,2023,Active,individual,215546.53,Tier 3
tamil nadu,6.87,tvs,Ronin,125872,2020,505,Electric,72.31,2nd,2024,Active,Individual,68009.8,metro
Madhya Pradesh,78.55,Kawasaki,Vulcan S,297387,2024,228,Hybrid,77.16,Second,2024,Active,  Dealer  ,146978.52,  Metro  
Madhya Pradesh,55.2,HERO,HF Deluxe,272777,2021,576,Hybrid,94.38,SECOND,2022,Not Available,dealer,132313.09,Tier 3
RAJASTHAN,20.37,KAWASAKI,Ninja 400,150499,2022,128,Petrol,46.32,THIRD,2024,Not Available,Dealer,70797.34,Tier 1
MAHARASHTRA,18.0,Honda,Unicorn,387704,2024,553,Electric,80.86,SECOND,2024,Not Available,  Individual  ,234260.61,Tier 3
Tamil Nadu,16.62,Hero,Passion Pro,132573,2023,759,Hybrid,95.19,3rd,2024,  Expired  ,  Individual  ,66984.15,Tier 1
gujarat,41.03,Kawasaki,Z650,363081,2022,569,Hybrid,96.36,First,2022,  Active  ,Dealer,164649.92,Tier 3
GUJARAT,10.79,HONDA,Activa,133180,2021,386,Petrol,0.0,Third,2024,not available,Dealer,60639.83,TIER 3
Maharashtra,22.43,  Kawasaki  ,Ninja 400,183706,2022,934,  Hybrid  ,75.27,First,2022,  Not Available  ,Individual,111507.98,  Tier 2  
rajasthan,21.55,Tvs,Sport,234040,2024,877,Petrol,33.32,Second,2024,Expired,  Dealer  ,172915.02,Tier 2
gujarat,40.13,HONDA,CBR 650R,86010,2024,246,Petrol,44.17,2nd,2024,active,Individual,60952.06,Tier 1
RAJASTHAN,42.32,Bajaj,Pulsar 150,185000,2021,495,Electric,83.94,,2022,Not Available,Individual,80810.09,Tier 3
  Delhi  ,24.11,Yamaha,Fascino 125,145242,2022,626,Hybrid,78.15,second owner,2024,,Individual,115455.2,  Tier 3  
west bengal,65.7,hero,HF Deluxe,281586,2024,854,Electric,67.54,First,2024,Expired,Dealer,127791.63,tier 3
  Madhya Pradesh  ,76.43,Hero,Splendor Plus,310875,2024,192,  Petrol  ,47.03,Third,2024,active,Dealer,169566.14,Tier 2
Punjab,45.39,Yamaha,Ray ZR,136228,2021,495,Petrol,41.25,THIRD,2023,Active,DEALER,93033.2,Tier 1
Delhi,15.01,  KTM  ,Duke 200,358293,2016,953,ELECTRIC,96.87,,2024,Not Available,Dealer,226495.96,  Tier 3  
Maharashtra,24.28,Kawasaki,Ninja 300,132798,2024,264,Hybrid,86.9,Second,2024,Expired,Dealer,57829.48,Tier 2
Karnataka,74.69,HERO,HF Deluxe,346048,2015,678,Petrol,46.23,2nd,2023,  Not Available  ,Dealer,175212.08,TIER 3
PUNJAB,48.78,Hero,Xtreme 160R,195206,2021,155,Hybrid,83.63,1st,2021,Not Available,DEALER,134905.52,Tier 3
MAHARASHTRA,58.28,KTM,Duke 200,325903,2023,674,HYBRID,84.64,SECOND,2023,Not Available,Dealer,204598.43,  Tier 1  
WEST BENGAL,33.7,Ktm,125 Duke,302070,2020,910,  Petrol  ,34.49,second owner,2024,Active,Individual,193088.15,Metro
uttar pradesh,13.71,ktm,250 Duke,211384,2021,678,HYBRID,90.08,THIRD,2023,ACTIVE,Dealer,,  Metro  
Karnataka,36.68,Bajaj,Avenger 220,204589,2024,374,Hybrid,80.02,Second,2024,  Active  ,Individual,110639.44,Tier 3
Rajasthan,35.2,Honda,Shine,161153,2021,799,Hybrid,75.24,1st,2021,Active,dealer,118695.06,Tier 2
Delhi,10.24,ROYAL ENFIELD,Hunter 350,179331,2019,476,Electric,95.71,second owner,2021,Not Available,  Individual  ,116634.88,tier 3
delhi,59.41,Kawasaki,Z650,387476,2021,974,Electric,93.72,THIRD,2021,Not Available,dealer,271180.96,Tier 3
UTTAR PRADESH,75.35,KTM,RC 390,209963,2019,681,  Hybrid  ,88.91,SECOND,2021,Expired,Individual,145597.36,METRO
Uttar Pradesh,51.32,hero,Splendor Plus,78507,2020,675,Electric,,2nd,2024,  Expired  ,Individual,41183.54,Tier 3
Karnataka,58.81,Kawasaki,Vulcan S,334411,2023,316,HYBRID,97.51,2nd,2024,Not Available,DEALER,267136.46,Metro
rajasthan,55.4,Kawasaki,Ninja 400,144808,2018,136,Petrol,30.14,second owner,2021,ACTIVE,individual,86547.93,Metro
Rajasthan,78.04,Yamaha,Fascino 125,276609,2023,846,Petrol,36.62,1st,2023,,  Dealer  ,,METRO
Maharashtra,48.87,HERO,Xtreme 160R,318360,2017,441,Petrol,53.46,THIRD,2024,Expired,Individual,,tier 1
rajasthan,32.04,ktm,125 Duke,312759,2017,553,Hybrid,90.64,SECOND,2023,,INDIVIDUAL,172423.69,Tier 1
DELHI,46.93,KTM,RC 390,333566,2020,118,PETROL,52.74,Third,2024,Not Available,INDIVIDUAL,175024.85,Metro
west bengal,-5.0,  Royal Enfield  ,Classic 350,296923,2016,987,  Petrol  ,37.82,Third,2021,  Expired  ,  Dealer  ,140026.64,Tier 2
  Punjab  ,16.92,Yamaha,MT-15,206222,2024,669,Hybrid,62.71,Second,2024,Expired,  Dealer  ,113283.58,Metro
Uttar Pradesh,42.36,Hero,HF Deluxe,147480,2019,685,Petrol,25.08,3rd,2022,Expired,  Individual  ,65401.07,Tier 2
tamil nadu,50.34,  Honda  ,Shine,151363,2015,377,PETROL,41.33,Third,2021,active,Individual,76774.82,TIER 1
West Bengal,78.18,Kawasaki,Versys 650,212667,2022,719,HYBRID,94.7,FIRST,2022,  Expired  ,dealer,,metro
Delhi,59.71,TVS,Sport,366078,2023,483,Petrol,,1st,2023,Expired,Dealer,245647.2,Metro
  Madhya Pradesh  ,35.46,Hero,Passion Pro,192793,2024,623,Hybrid,86.96,THIRD,2024,Not Available,Individual,130159.26,Tier 2
Madhya Pradesh,850.0,Tvs,Ronin,237208,2019,123,Petrol,49.7,THIRD,2024,expired,DEALER,127569.72,Tier 3
Maharashtra,62.48,  TVS  ,Ronin,147474,2023,755,ELECTRIC,78.21,SECOND,2024,Active,INDIVIDUAL,105865.07,Tier 2
Gujarat,51.07,Royal Enfield,Classic 350,195294,2015,336,  Electric  ,67.16,SECOND,2022,  Active  ,  Individual  ,107470.45,Tier 3
  West Bengal  ,40.24,BAJAJ,CT 100,162424,2021,813,Hybrid,70.07,SECOND,2024,  Expired  ,individual,107159.87,tier 1
Gujarat,9.15,Royal Enfield,Interceptor 650,221594,2024,586,Petrol,52.85,SECOND,2024,  Not Available  ,DEALER,175622.7,Tier 3
  Karnataka  ,41.68,HONDA,Activa,100898,2019,388,  Petrol  ,41.94,SECOND,2023,Not Available,Individual,68042.12,  Tier 3  
Karnataka,9.69,Yamaha,MT-15,248174,2021,519,electric,93.73,,2024,Expired,dealer,189255.23,Tier 3
GUJARAT,49.81,Kawasaki,Versys 650,188452,2022,950,electric,97.43,third owner,2022,Active,  Individual  ,116702.44,TIER 2
Punjab,22.23,  TVS  ,Apache RTR 160,55550,2021,432,Electric,97.32,First,2021,Active,Dealer,22507.4,TIER 3
WEST BENGAL,30.28,Yamaha,R15 V4,118242,2019,744,HYBRID,90.32,2nd,2023,  Not Available  ,Dealer,57603.72,tier 3
Tamil Nadu,40.37,yamaha,MT-15,78801,2022,506,Electric,78.9,second owner,2022,Expired,INDIVIDUAL,60750.26,tier 1
TAMIL NADU,11.13,kawasaki,Ninja 300,389042,2022,349,  Hybrid  ,64.67,THIRD,2022,Expired,Dealer,219309.1,  Metro  
  Punjab  ,21.56,KAWASAKI,Ninja 400,342544,2023,629,Petrol,54.64,third owner,2023,Active,INDIVIDUAL,184670.86,TIER 1
West Bengal,78.74,Kawasaki,Ninja 300,69473,2021,167,Hybrid,76.05,FIRST,2021,active,dealer,52102.85,Metro
tamil nadu,61.03,tvs,Ronin,324472,2019,393,  Electric  ,64.57,THIRD,2022,NOT AVAILABLE,DEALER,145692.19,Tier 2
uttar pradesh,50.0,Yamaha,MT-15,177720,2018,809,  Petrol  ,55.44,third owner,2024,Active,Individual,82125.23,  Tier 3  
punjab,45.05,  Honda  ,CBR 650R,62668,2023,859,Hybrid,64.36,3rd,2023,Active,dealer,43267.86,Tier 2
maharashtra,79.64,  Kawasaki  ,Vulcan S,231467,2020,677,Hybrid,88.97,Second,2021,ACTIVE,individual,,Metro
Madhya Pradesh,20.7,Yamaha,Fascino 125,376662,2023,381,PETROL,27.32,FIRST,2023,Expired,Dealer,164924.85,Metro
Delhi,38.9,ktm,Duke 200,276254,2021,384,ELECTRIC,62.43,FIRST,2021,Active,individual,188126.33,METRO
gujarat,43.46,Royal Enfield,Meteor 350,129947,2022,889,  Hybrid  ,62.6,Third,2022,Active,Dealer,73045.88,Metro
Maharashtra,67.43,Kawasaki,Ninja 300,66390,2022,762,Hybrid,62.3,First,2022,Expired,Dealer,29160.32,Tier 2
  Uttar Pradesh  ,71.39,ktm,390 Adventure,381012,2023,917,Petrol,50.98,first owner,2023,EXPIRED,individual,217751.12,metro
Madhya Pradesh,77.37,KTM,Duke 200,210685,2024,379,hybrid,62.91,second owner,2024,Expired,Dealer,89932.53,  Tier 3  
PUNJAB,5.11,Honda,CBR 650R,174730,2019,129,Petrol,,THIRD,2024,  Not Available  ,Individual,127732.46,metro
tamil nadu,36.28,Yamaha,Ray ZR,300186,2020,508,  Electric  ,62.55,Second,2024,Active,Dealer,163861.02,Tier 3
Uttar Pradesh,54.46,TVS,Sport,363836,2021,270,Electric,64.27,3rd,2024,  Expired  ,Individual,195900.41,metro
Uttar Pradesh,47.48,hero,Xtreme 160R,194359,2021,743,Electric,77.25,THIRD,2023,Active,  Dealer  ,111114.85,Tier 1
Uttar Pradesh,58.26,KAWASAKI,Vulcan S,75369,2017,647,Electric,64.62,3rd,2024,  Expired  ,dealer,48692.26,Tier 3
West Bengal,29.49,HERO,Splendor Plus,255154,2023,355,  Electric  ,99.8,third owner,2023,Expired,Dealer,,tier 2
MAHARASHTRA,10.67,Bajaj,Pulsar 150,293184,2023,479,Petrol,59.6,second owner,2023,Expired,Dealer,152509.83,tier 2
karnataka,64.73,Honda,Unicorn,93378,2024,652,Hybrid,93.18,first owner,2024,,Individual,47741.69,Tier 3
Rajasthan,26.53,Bajaj,CT 100,161789,2015,856,Petrol,36.94,Second,2021,ACTIVE,Dealer,76659.71,Tier 1
karnataka,73.96,ktm,Duke 200,393091,2022,745,Electric,70.18,3rd,2023,  Not Available  ,INDIVIDUAL,197439.13,METRO
Karnataka,13.38,KTM,250 Duke,178752,2020,716,Electric,76.26,Second,2023,ACTIVE,Individual,76439.84,Tier 3
karnataka,30.16,  Honda  ,Shine,166128,2021,870,Petrol,49.61,Third,2022,expired,INDIVIDUAL,117522.71,  Metro  
  Madhya Pradesh  ,37.1,Royal Enfield,Interceptor 650,"₹284,107",2015,699,hybrid,85.82,3rd,2022,Not Available,Dealer,169774.67,Metro
Punjab,25.7,honda,Unicorn,137832,2022,377,Petrol,43.05,Second,2024,Not Available,Dealer,102047.34,TIER 2
Madhya Pradesh,16.12,Hero,HF Deluxe,299808,2022,389,ELECTRIC,77.25,,2022,Not Available,DEALER,148741.25,tier 2
Delhi,22.42,  Honda  ,CBR 650R,"₹279,511",2022,858,hybrid,60.55,SECOND,2022,Active,Dealer,175520.69,Tier 1
Madhya Pradesh,21.04,Honda,Unicorn,152458,2018,552,electric,,Second,2022,Active,Dealer,121390.6,  Metro  
Delhi,28.3,YAMAHA,Ray ZR,176957,2024,878,Electric,,First,2024,Active,Dealer,140616.72,METRO
tamil nadu,46.28,  KTM  ,390 Adventure,208245,2019,550,Petrol,58.72,Second,2022,Not Available,Individual,,Tier 2
  Gujarat  ,78.56,Royal Enfield,Classic 350,217892,2018,881,Petrol,54.36,,2024,expired,DEALER,164909.8,TIER 1
Punjab,53.11,ktm,390 Adventure,76172,2021,119,Hybrid,,THIRD,2023,  Active  ,INDIVIDUAL,,Metro
Rajasthan,71.56,TVS,NTorq 125,247338,2024,715,Electric,91.15,third owner,2024,  Active  ,Individual,173656.85,  Metro  
Madhya Pradesh,49.91,Kawasaki,Ninja 400,365561,2022,440,  Electric  ,62.4,1st,2022,Not Available,Individual,250504.43009691578,Tier 3
KARNATAKA,43.78,Honda,Unicorn,275580,2019,234,Hybrid,84.33,SECOND,2024,Active,  Dealer  ,188649.39,Metro
MAHARASHTRA,62.11,Bajaj,Pulsar 150,102023,2022,519,electric,70.04,Second,2022,EXPIRED,Dealer,80329.13746143061,tier 2
  Delhi  ,36.11,Tvs,Sport,322354,2024,125,  Petrol  ,58.2,THIRD,2024,expired,Individual,149357.6,Tier 2
Punjab,37.58,  TVS  ,Ronin,288846,2021,434,hybrid,72.28,Second,2023,NOT AVAILABLE,Dealer,209295.91,Tier 1
TAMIL NADU,15.52,HONDA,CBR 650R,260719,2024,733,Petrol,50.76,SECOND,2024,EXPIRED,INDIVIDUAL,152099.53,tier 2
PUNJAB,38.33,yamaha,MT-15,186582,2022,926,electric,98.22,3rd,2023,,Dealer,85014.93,TIER 3
Gujarat,46.11,Kawasaki,Ninja 400,308320,2016,741,ELECTRIC,94.38,second owner,2022,  Expired  ,dealer,196236.13,Metro
punjab,11.99,  Bajaj  ,Avenger 220,275741,2021,279,Petrol,59.25,Third,2021,  Expired  ,Dealer,111102.47,TIER 2
Delhi,73.98,Honda,CBR 650R,136524,2024,628,petrol,58.84,third owner,2024,Not Available,dealer,60589.33,Tier 3
Uttar Pradesh,30.55,BAJAJ,Platina 110,346617,2020,512,hybrid,,SECOND,2024,Active,Dealer,182974.76,Tier 1
uttar pradesh,22.75,Hero,Xtreme 160R,101368,2021,947,petrol,51.82,2nd,2021,Active,  Dealer  ,65963.07,Tier 3
  Uttar Pradesh  ,46.66,  TVS  ,Jupiter,273604,2024,959,Petrol,37.87,second owner,2024,ACTIVE,  Individual  ,208958.09,  Tier 2  
  Delhi  ,73.3,ROYAL ENFIELD,Interceptor 650,96183,2022,515,Electric,96.59,second owner,2023,Active,Individual,45927.48,Metro
Uttar Pradesh,28.06,KAWASAKI,Vulcan S,140565,2017,742,Hybrid,83.81,Second,2023,  Not Available  ,  Individual  ,83461.63,Metro
Punjab,32.57,Bajaj,Avenger 220,304077,2018,758,Electric,73.34,Third,2023,,dealer,133168.16,Tier 1
tamil nadu,65.96,Yamaha,MT-15,380570,2024,106,petrol,31.37,second owner,2024,  Not Available  ,INDIVIDUAL,252724.69,Metro
Maharashtra,50.6,yamaha,FZ V3,292413,2017,405,Electric,80.66,Third,2022,active,  Dealer  ,209750.68,Metro
DELHI,77.36,Yamaha,Ray ZR,258965,2023,909,Petrol,54.95,First,2023,Not Available,INDIVIDUAL,165475.13,TIER 3
rajasthan,73.52,honda,Activa,183254,2020,392,Petrol,55.6,THIRD,2021,Expired,Dealer,113045.93,Metro
KARNATAKA,61.31,royal enfield,Himalayan,87278,2024,638,ELECTRIC,81.37,,2024,  Active  ,INDIVIDUAL,,METRO
Rajasthan,12.84,Honda,Shine,326902,2024,425,Petrol,29.73,THIRD,2024,  Not Available  ,Dealer,160470.56,tier 3
Madhya Pradesh,72.42,Kawasaki,Versys 650,170194,2024,766,petrol,33.48,2nd,2024,  Active  ,Individual,96207.4,Tier 2
delhi,66.24,KAWASAKI,Ninja 300,193138,2024,552,hybrid,85.67,3rd,2024,Expired,Dealer,81639.63,Tier 2
Tamil Nadu,9.67,Honda,Activa,263070,2021,489,hybrid,77.63,SECOND,2021,EXPIRED,Individual,115377.03,Tier 2
Uttar Pradesh,62.63,HONDA,CBR 650R,70261,2023,846,  Petrol  ,34.43,Third,2024,EXPIRED,Dealer,44759.96,metro
PUNJAB,15.22,Royal Enfield,Classic 350,242366,2022,246,Petrol,43.49,third owner,2022,ACTIVE,Individual,113410.25,  Tier 3  
madhya pradesh,38.28,tvs,Jupiter,396323,2018,417,Electric,97.58,THIRD,2024,Active,individual,174281.33,Tier 3
Rajasthan,71.9,  Honda  ,Unicorn,205428,2021,976,  Electric  ,97.85,Second,2022,Not Available,Individual,115254.01,Tier 3
Maharashtra,13.42,  Honda  ,Unicorn,155436,2024,133,PETROL,51.53,third owner,2024,Active,DEALER,109227.11,TIER 2
Gujarat,72.65,Hero,Splendor Plus,362500,2023,214,Petrol,39.26,first owner,2023,EXPIRED,  Dealer  ,178143.96,TIER 1
  West Bengal  ,34.92,TVS,Sport,277277,2023,935,petrol,34.63,,2023,Active,Dealer,220877.28,METRO
Gujarat,9.19,Honda,Unicorn,87199,2015,845,PETROL,48.38,3rd,2024,Active,Individual,68531.69,Tier 3
  Rajasthan  ,26.85,kawasaki,Vulcan S,320245,2021,250,Petrol,,2nd,2024,  Active  ,Dealer,233236.37,Metro
Rajasthan,38.99,Ktm,390 Adventure,"₹142,540",2022,452,Petrol,46.91,2nd,2024,  Active  ,Dealer,95330.67,Tier 1
Karnataka,31.15,hero,HF Deluxe,186900,2015,775,Electric,75.7,3rd,2024,not available,dealer,91710.39,Tier 1
UTTAR PRADESH,71.67,Yamaha,Fascino 125,221237,2015,550,  Electric  ,84.74,3rd,2022,Expired,INDIVIDUAL,175700.95,  Metro  
PUNJAB,34.06,Royal Enfield,Interceptor 650,204562,2018,242,Petrol,44.28,SECOND,2021,,Individual,101581.18,Tier 1
Punjab,64.24,Hero,Passion Pro,235100,2023,735,HYBRID,65.36,First,2023,Expired,dealer,122481.24,Tier 1
Maharashtra,71.16,Honda,Shine,"₹272,071",2021,711,electric,72.65,First,2021,Expired,Individual,212499.44,Tier 1
Maharashtra,33.33,kawasaki,Vulcan S,133384,2021,868,  Hybrid  ,92.2,2nd,2022,Expired,individual,67342.32,Tier 3
Punjab,15.58,  Honda  ,CBR 650R,"₹271,375",2022,336,Hybrid,82.92,second owner,2022,  Not Available  ,DEALER,137974.23,  Tier 1  
GUJARAT,10.72,HONDA,CBR 650R,183009,2016,769,Electric,76.32,,2024,Not Available,individual,93188.21,Tier 1
  Gujarat  ,43.57,honda,Dio,111335,2019,927,Hybrid,75.23,2nd,2023,Not Available,Individual,54383.72,Tier 1
  Gujarat  ,23.71,Bajaj,Avenger 220,365551,2020,682,Petrol,55.74,2nd,2024,  Active  ,individual,227396.53,Tier 2
DELHI,8.7,Royal Enfield,Hunter 350,214853,2019,437,Hybrid,64.06,THIRD,2022,Active,INDIVIDUAL,169702.17,Tier 1
WEST BENGAL,27.96,Bajaj,Avenger 220,377357,2018,933,Petrol,43.59,third owner,2022,  Expired  ,Dealer,186111.75,tier 2
Tamil Nadu,59.93,Hero,Passion Pro,89854,2024,197,Petrol,26.79,2nd,2024,  Not Available  ,Dealer,68962.03,Metro
GUJARAT,69.63,  Hero  ,Splendor Plus,105026,2021,125,electric,88.2,SECOND,2024,Active,Individual,45787.17,METRO
Uttar Pradesh,22.0,TVS,NTorq 125,"₹114,827",2017,932,Petrol,,Third,2022,  Not Available  ,individual,90507.58,TIER 2
Maharashtra,41.66,KTM,RC 390,345460,2023,738,Hybrid,82.61,Second,2023,Active,Individual,152745.79,Tier 1
  Maharashtra  ,63.18,Hero,Splendor Plus,190675,2024,311,electric,70.18,,2024,Active,  Individual  ,101944.04,metro
Karnataka,59.02,royal enfield,Meteor 350,187208,2021,364,petrol,31.11,First,2021,Not Available,Dealer,111025.21,Tier 1
KARNATAKA,60.4,Bajaj,Platina 110,232362,2022,242,Hybrid,,,2022,NOT AVAILABLE,dealer,125186.77,  Metro  
punjab,8.43,Bajaj,Pulsar 150,212943,2023,277,electric,87.42,second owner,2023,Expired,  Individual  ,146895.14,  Tier 2  
KARNATAKA,37.26,HONDA,Dio,134085,2017,288,Petrol,25.2,Third,2024,EXPIRED,Individual,102709.46,Metro
WEST BENGAL,73.53,Royal Enfield,Classic 350,236911,2017,376,HYBRID,68.78,Third,2021,ACTIVE,Dealer,160238.53,Metro
Maharashtra,73.56,  Hero  ,HF Deluxe,218886,2019,118,Hybrid,73.68,second owner,2024,ACTIVE,Individual,129562.57,Tier 1
  Uttar Pradesh  ,50.31,  Yamaha  ,R15 V4,"₹178,865",2020,706,ELECTRIC,92.98,second owner,2023,active,Dealer,74276.6,Tier 1
  Uttar Pradesh  ,62.88,KTM,Duke 200,370358,2023,241,ELECTRIC,69.16,FIRST,2023,Expired,Dealer,161209.37,Tier 3
West Bengal,53.9,  Honda  ,Unicorn,347678,2023,180,Hybrid,77.01,FIRST,2023,Expired,DEALER,,Tier 2
MAHARASHTRA,51.02,  Bajaj  ,Avenger 220,362434,2015,899,  Petrol  ,53.82,2nd,2021,  Active  ,Individual,213475.05,Tier 2
  Gujarat  ,49.75,honda,Dio,315606,2016,123,Hybrid,,second owner,2024,  Expired  ,Dealer,201993.23,Tier 3
  Karnataka  ,74.83,Yamaha,Ray ZR,284611,2022,217,Petrol,55.17,3rd,2023,NOT AVAILABLE,DEALER,148186.89,  Tier 1  
West Bengal,42.56,Honda,Unicorn,335346,2023,869,Hybrid,71.46,SECOND,2024,Active,Dealer,248193.98,TIER 2
delhi,45.68,YAMAHA,Fascino 125,267920,2022,129,electric,99.07,First,2022,Not Available,Dealer,179594.22,Tier 2
Rajasthan,29.9,Kawasaki,Versys 650,140693,2019,996,Hybrid,,3rd,2024,active,Individual,,Metro
Madhya Pradesh,59.23,Yamaha,FZ V3,286649,2020,322,HYBRID,97.2,2nd,2024,,Individual,210494.37,Tier 1
Rajasthan,69.02,Honda,Shine,"₹342,326",2015,364,hybrid,,,2021,Expired,Dealer,201354.39,  Tier 1  
west bengal,73.39,Kawasaki,Vulcan S,98549,2024,296,  Hybrid  ,89.25,SECOND,2024,Expired,Individual,75458.54,Tier 1
  Karnataka  ,15.1,  Bajaj  ,Avenger 220,251402,2021,516,petrol,40.19,FIRST,2021,,Dealer,118341.84,Tier 2
West Bengal,33.85,TVS,Apache RTR 160,188996,2021,253,  Hybrid  ,61.55,3rd,2023,  Active  ,  Dealer  ,75883.11,tier 2
Uttar Pradesh,46.61,bajaj,Pulsar 150,384459,2022,863,Electric,73.05,second owner,2022,Active,Individual,267641.19,tier 3
Madhya Pradesh,74.82,Honda,CBR 650R,301933,2016,454,HYBRID,78.26,Third,2014,Active,individual,186148.85,Tier 2
Madhya Pradesh,30.16,KAWASAKI,Z650,270838,2023,845,  Hybrid  ,99.43,Third,2024,Active,Individual,129139.63,Tier 1
Tamil Nadu,31.91,Hero,HF Deluxe,94336,2024,613,electric,93.33,FIRST,2024,Expired,Dealer,37805.8,tier 2
  Delhi  ,9.24,kawasaki,Ninja 300,378903,2021,939,Electric,79.6,second owner,2024,active,INDIVIDUAL,300075.43,  Tier 1  
madhya pradesh,23.37,ROYAL ENFIELD,Meteor 350,397677,2023,831,petrol,57.58,1st,2023,NOT AVAILABLE,dealer,316048.39,Tier 3
West Bengal,35.48,hero,Splendor Plus,151233,2022,741,Petrol,55.71,3rd,2022,Not Available,  Dealer  ,68747.6,Tier 2
Madhya Pradesh,26.42,Tvs,Sport,91257,2024,345,Petrol,46.43,,2024,Expired,  Dealer  ,66362.51,tier 1
  Uttar Pradesh  ,45.96,  Honda  ,Dio,140918,2022,0,petrol,,THIRD,2024,Expired,  Individual  ,64171.8,  Tier 2  
  Tamil Nadu  ,78.11,  Kawasaki  ,Ninja 400,287193,2021,135,HYBRID,77.1,SECOND,2021,  Not Available  ,  Individual  ,143958.15,tier 1
WEST BENGAL,53.08,Bajaj,Dominar 400,155780,2021,704,electric,83.29,,2021,Not Available,Individual,93105.54,TIER 2
Madhya Pradesh,17.28,yamaha,MT-15,121927,2021,595,hybrid,80.7,3rd,2024,Active,  Individual  ,81282.87,  Tier 1  
maharashtra,53.0,Hero,Splendor Plus,245543,2024,114,  Hybrid  ,79.21,FIRST,2024,EXPIRED,INDIVIDUAL,147461.2,Tier 3
  Gujarat  ,75.52,Kawasaki,Ninja 300,80208,2020,451,Petrol,56.89,Third,2024,Active,Dealer,45191.43,Tier 2
RAJASTHAN,71.35,Hero,Passion Pro,199943,2017,592,HYBRID,75.14,second owner,2023,Expired,DEALER,,  Metro  
Uttar Pradesh,46.13,HONDA,Activa,138267,2024,689,Electric,60.22,2nd,2024,,INDIVIDUAL,69113.09,Metro
TAMIL NADU,58.25,  Yamaha  ,Fascino 125,131320,2021,439,  Electric  ,85.22,second owner,2024,active,  Individual  ,67956.54,Tier 2
Punjab,15.13,  KTM  ,125 Duke,379812,2018,674,Electric,66.44,3rd,2023,Not Available,Dealer,188811.99,Tier 3
Tamil Nadu,9.58,Honda,CBR 650R,203510,2024,417,Electric,70.88,second owner,2024,Not Available,Individual,116561.57,tier 1
Uttar Pradesh,46.66,TVS,Jupiter,273604,2024,959,Petrol,37.87,SECOND,2024,ACTIVE,Individual,208958.09,Tier 2
Madhya Pradesh,42.96,Royal Enfield,Himalayan,120900,2022,900,Electric,80.59,second owner,2023,Not Available,individual,94362.63,TIER 2
West Bengal,28.05,TVS,Jupiter,208497,2019,929,Electric,75.41,Second,2021,Expired,dealer,110550.17,TIER 1
  Karnataka  ,19.41,TVS,Sport,"₹316,073",2021,102,Electric,68.12,2nd,2023,Active,Dealer,129796.06,  Tier 3  
DELHI,39.76,Royal Enfield,Interceptor 650,142627,2023,319,Petrol,55.16,SECOND,2024,NOT AVAILABLE,Individual,104305.69,Tier 2
delhi,63.07,BAJAJ,CT 100,162602,2021,706,Petrol,34.07,Third,2023,Active,Dealer,104529.14,TIER 2
Punjab,29.16,  Bajaj  ,Avenger 220,91505,2019,244,  Electric  ,99.15,third owner,2021,active,  Dealer  ,70018.7,  Metro  
UTTAR PRADESH,35.02,  Royal Enfield  ,Interceptor 650,372895,2021,237,hybrid,,third owner,2023,EXPIRED,INDIVIDUAL,247655.39,Metro
maharashtra,60.63,YAMAHA,FZ V3,386607,2018,917,Electric,95.13,THIRD,2024,expired,Individual,,  Tier 1  
Delhi,55.9,Kawasaki,Versys 650,383761,2019,979,Hybrid,73.69,Third,2023,Active,Dealer,226149.27,Metro
west bengal,71.01,BAJAJ,Platina 110,387523,2022,357,ELECTRIC,81.63,First,2022,active,  Individual  ,192080.41,Tier 3
  Gujarat  ,53.86,Yamaha,Ray ZR,373772,2024,283,electric,90.23,3rd,2024,not available,DEALER,218692.79,Tier 3
  West Bengal  ,13.0,Hero,Splendor Plus,115145,2015,476,Hybrid,,3rd,2022,Expired,Dealer,51420.05,Tier 3
Uttar Pradesh,53.86,Kawasaki,Ninja 300,210410,2021,641,petrol,27.29,first owner,2021,Not Available,  Dealer  ,122046.88,tier 2
Rajasthan,70.05,Honda,Shine,247374,2023,510,Electric,82.76,,2024,active,Individual,99910.22,Tier 1
RAJASTHAN,44.39,royal enfield,Classic 350,163173,2015,957,petrol,53.98,THIRD,2024,Active,DEALER,85664.01,Metro
Uttar Pradesh,20.01,Royal Enfield,Classic 350,153022,2019,381,Electric,81.96,Second,2023,Expired,Individual,63913.54,Tier 1
Delhi,68.1,Yamaha,FZ V3,353261,2024,961,Hybrid,84.84,3rd,2024,  Not Available  ,  Individual  ,270497.77,TIER 2
Delhi,36.86,TVS,Ronin,263409,2019,321,ELECTRIC,63.61,3rd,2022,Active,Individual,143849.51,tier 3
Madhya Pradesh,62.14,yamaha,R15 V4,"₹367,784",2015,651,  Petrol  ,34.65,,2022,Expired,Individual,284203.46,Metro
West Bengal,66.98,  Yamaha  ,Ray ZR,255872,2021,293,electric,71.68,1st,2021,expired,Dealer,118956.08,metro
Delhi,34.17,ROYAL ENFIELD,Interceptor 650,136743,2015,336,Electric,62.07,3rd,2021,active,Dealer,76307.29,Tier 1
Tamil Nadu,79.92,TVS,Sport,288833,2020,931,Electric,61.32,Third,2024,Active,  Dealer  ,143283.54,Metro
GUJARAT,78.53,Hero,Passion Pro,244334,2018,808,  Petrol  ,50.55,Third,2022,EXPIRED,  Dealer  ,129317.5,  Tier 3  
  Punjab  ,35.81,royal enfield,Meteor 350,155285,2024,460,Hybrid,,second owner,2024,  Expired  ,INDIVIDUAL,77003.53,tier 3
maharashtra,75.43,Yamaha,Fascino 125,137307,2019,744,Electric,81.66,Third,2021,  Active  ,Dealer,83586.62,Tier 1
Gujarat,31.91,Yamaha,FZ V3,351179,2020,152,hybrid,77.37,Second,2022,Active,individual,189602.44906425115,Metro
madhya pradesh,67.05,Bajaj,Avenger 220,202896,2022,726,hybrid,68.93,SECOND,2023,Not Available,individual,150401.84,Tier 2
Punjab,20.0,ROYAL ENFIELD,Interceptor 650,75634,2022,630,Petrol,55.68,3rd,2023,  Active  ,Individual,60080.69,Tier 2
Delhi,11.93,kawasaki,Ninja 300,341300,2021,287,ELECTRIC,76.31,2nd,2022,Active,dealer,239500.19,Tier 1
Delhi,74.42,HERO,Xtreme 160R,"₹66,295",2022,255,Electric,90.63,First,2022,  Expired  ,DEALER,43692.37,Metro
Rajasthan,11.22,  Royal Enfield  ,Classic 350,256449,2019,939,Electric,85.04,third owner,2021,Active,Individual,113427.35,TIER 2
Karnataka,20.26,bajaj,Dominar 400,238976,2017,315,hybrid,72.2,THIRD,2024,active,  Individual  ,98635.38,Tier 3
Karnataka,25.56,ROYAL ENFIELD,Interceptor 650,319028,2021,959,Petrol,30.26,second owner,2023,Expired,Individual,146352.43,Tier 3
  Karnataka  ,61.84,Kawasaki,Versys 650,54359,2020,758,Electric,82.18,second owner,2023,active,Dealer,41635.0,  Metro  
Madhya Pradesh,73.91,  Royal Enfield  ,Interceptor 650,365719,2020,347,Petrol,50.4,3rd,2021,Expired,Dealer,252029.65,Tier 2
Tamil Nadu,20.92,Royal Enfield,Hunter 350,322772,2023,388,Petrol,42.74,Third,2023,EXPIRED,dealer,230892.23,tier 1
UTTAR PRADESH,26.29,  Honda  ,Dio,129775,2023,633,  Petrol  ,41.78,second owner,2024,  Active  ,Dealer,101527.28,Metro
Uttar Pradesh,12.72,KTM,125 Duke,78385,2015,516,ELECTRIC,,Second,2022,Expired,  Dealer  ,40278.1,  Tier 1  
  Punjab  ,56.34,Yamaha,FZ V3,386302,2023,841,Petrol,44.61,,2024,Active,DEALER,263613.91,TIER 3
Uttar Pradesh,15.98,Hero,HF Deluxe,269366,2024,400,  Petrol  ,27.79,First,2024,  Active  ,Individual,145505.07,Metro
Maharashtra,7.8,YAMAHA,Fascino 125,207745,2020,442,Hybrid,95.02,Second,2021,EXPIRED,Dealer,121312.08,Metro
Karnataka,57.07,kawasaki,Z650,63055,2022,708,Petrol,,second owner,2022,Expired,Individual,34776.44,Tier 1
Gujarat,5.26,TVS,Jupiter,313427,2018,553,Hybrid,63.41,Second,2024,ACTIVE,Individual,166374.74,tier 3
Punjab,19.2,Honda,Unicorn,64663,2022,624,Petrol,50.0,2nd,2022,Active,Dealer,34158.99,Tier 1
gujarat,68.57,Yamaha,Ray ZR,93907,2021,527,Electric,78.21,second owner,2022,Not Available,dealer,72972.36,  Tier 1  
Rajasthan,44.89,Royal Enfield,Hunter 350,193459,2022,989,ELECTRIC,67.45,,2023,Active,dealer,104693.58,Tier 2
MADHYA PRADESH,37.03,Kawasaki,Vulcan S,"₹250,617",2024,221,Electric,85.1,2nd,2024,Expired,dealer,159376.95,Tier 2
  Punjab  ,45.6,YAMAHA,Ray ZR,76061,2021,920,electric,86.43,3rd,2023,Not Available,Individual,39229.55,tier 3
  Maharashtra  ,42.82,HERO,Glamour,108551,2021,169,  Petrol  ,26.58,Second,2023,  Active  ,  Individual  ,77724.37,Tier 3
DELHI,64.07,ROYAL ENFIELD,Interceptor 650,273027,2017,859,Petrol,41.47,3rd,2023,expired,Dealer,214903.97,Tier 1
  Rajasthan  ,48.72,HERO,Xtreme 160R,304949,2024,581,  Petrol  ,57.4,SECOND,2024,Not Available,  Individual  ,195146.67,Tier 2
TAMIL NADU,11.52,Bajaj,Pulsar 150,74401,2024,190,  Petrol  ,48.74,first owner,2024,Active,dealer,36117.15,Tier 2
Karnataka,57.35,Bajaj,CT 100,133566,2022,363,Hybrid,98.75,Second,2023,Not Available,dealer,67226.41,Tier 3
DELHI,55.04,Tvs,Ronin,318397,2020.0,979,Hybrid,64.15,second owner,2022,NOT AVAILABLE,Individual,239949.11,METRO
Karnataka,26.59,ROYAL ENFIELD,Himalayan,349028,2019,459,Electric,75.7,third owner,2021,  Not Available  ,dealer,234521.51,Metro
Rajasthan,65.48,TVS,Ronin,137017,2023,359,electric,96.33,3rd,2024,Active,dealer,79347.72,Tier 1
  Uttar Pradesh  ,63.18,Hero,HF Deluxe,334809,2024,440,  Petrol  ,25.73,3rd,2024,expired,dealer,197507.33,Tier 1
Delhi,17.6,yamaha,Ray ZR,141370,2023,399,Petrol,28.02,second owner,2023,Expired,  Individual  ,103110.93,TIER 1
maharashtra,26.01,TVS,Apache RTR 160,"₹135,679",2019.0,140,Hybrid,90.87,Third,2023,  Not Available  ,  Dealer  ,61657.7,  Metro  
west bengal,14.08,Royal Enfield,Hunter 350,196947,2016,599,Hybrid,85.35,,2023,Active,INDIVIDUAL,142001.18,Tier 1
Rajasthan,13.83,TVS,Sport,105989,2024,397,ELECTRIC,69.45,3rd,2024,EXPIRED,Individual,73023.48,Tier 1
Rajasthan,57.95,  Honda  ,CBR 650R,384682,2016,585,PETROL,50.66,THIRD,2022,Expired,Dealer,249192.6,  Tier 2  
uttar pradesh,69.68,ROYAL ENFIELD,Hunter 350,347739,2020,780,Hybrid,98.41,SECOND,2023,Active,  Individual  ,234376.16,Tier 2
WEST BENGAL,18.59,Yamaha,Fascino 125,206005,2022,944,Petrol,49.54,FIRST,2022,Active,Individual,156970.81,Tier 1
  Delhi  ,23.91,TVS,Jupiter,292300,2018,416,Electric,82.77,3rd,2021,  Expired  ,  Individual  ,208370.19,Tier 1
Gujarat,46.11,Kawasaki,Ninja 400,308320,2016,741,  Electric  ,94.38,2nd,2022,Expired,  Dealer  ,196236.13,METRO
west bengal,76.15,TVS,Ronin,238269,2023,968,Hybrid,74.53,,2024,Expired,Dealer,126335.59,Tier 3
Maharashtra,70.93,Honda,Unicorn,146068,2022,459,  Hybrid  ,94.61,1st,2022,Not Available,Individual,59944.89,TIER 2
DELHI,50.7,Honda,Dio,91808,2022,853,Petrol,,Third,2022,ACTIVE,DEALER,71752.53,  Metro  
  Rajasthan  ,44.03,Bajaj,Dominar 400,344769,2018,601,HYBRID,83.91,third owner,2016,  Expired  ,Dealer,166755.85,Metro
Rajasthan,18.78,Honda,Dio,50808,2018,315,PETROL,32.49,3rd,2024,Active,DEALER,37979.43,Tier 2
  Uttar Pradesh  ,10.14,Hero,Glamour,320815,2016,977,hybrid,79.88,THIRD,2021,,Dealer,163615.61,Tier 2
uttar pradesh,70.56,yamaha,FZ V3,383357,2021,414,  Petrol  ,36.11,third owner,2021,EXPIRED,INDIVIDUAL,189807.29,Metro
karnataka,79.63,  Kawasaki  ,Ninja 400,265717,2021,534,Petrol,59.8,,2021,Not Available,Dealer,182319.64,TIER 3
MADHYA PRADESH,73.35,Honda,Activa,103432,2024,962,ELECTRIC,83.68,first owner,2024,Expired,individual,43335.95,tier 3
DELHI,61.79,ktm,RC 390,158811,2017,460,electric,63.06,Third,2022,NOT AVAILABLE,INDIVIDUAL,,Tier 2
Karnataka,19.37,Kawasaki,Ninja 400,216865,2022,166,Petrol,40.2,2nd,2022,ACTIVE,Individual,112099.57,Tier 3
  Uttar Pradesh  ,74.38,hero,HF Deluxe,279836,2024,354,Petrol,59.27,SECOND,2024,EXPIRED,Individual,176113.51,TIER 3
  Punjab  ,56.34,yamaha,FZ V3,386302,2023,841,petrol,44.61,,2024,  Active  ,Dealer,263613.91,tier 3
West Bengal,52.4,KAWASAKI,Ninja 400,317128,2017,938,PETROL,56.77,Second,2022,not available,INDIVIDUAL,230842.21,Metro
TAMIL NADU,36.6,  Royal Enfield  ,Interceptor 650,282112,2022,116,Petrol,50.93,First,2022,Expired,Individual,170839.08,TIER 3
  Karnataka  ,43.8,Royal Enfield,Classic 350,"₹273,410",2022,506,Hybrid,71.93,third owner,2022,Active,individual,133184.92,Tier 2
madhya pradesh,79.02,Yamaha,MT-15,247439,2015,916,Hybrid,87.79,third owner,2023,not available,Dealer,113409.06,Tier 3
Gujarat,30.29,honda,Activa,203623,2018,640,Petrol,47.6,2nd,2022,Expired,Individual,104437.95,Tier 3
  Uttar Pradesh  ,71.74,Bajaj,Platina 110,152204,2023,958,PETROL,28.07,1st,2023,expired,Individual,112684.36,  Tier 2  
Delhi,16.28,KAWASAKI,Ninja 300,"₹101,476",2015,958,Petrol,28.67,SECOND,2024,Expired,Dealer,49156.91,Tier 1
Tamil Nadu,18.0,Tvs,NTorq 125,280876,2018,176,  Electric  ,77.94,,2022,  Expired  ,dealer,,Tier 2
West Bengal,15.23,Bajaj,Avenger 220,349699,2017,152,  Petrol  ,58.28,3rd,2023,Active,Individual,272764.25,Tier 3
Punjab,26.64,Royal Enfield,Himalayan,94032,2024,801,Electric,85.04,Second,2024,Not Available,Individual,64054.15,Tier 3
Tamil Nadu,56.77,yamaha,MT-15,122080,2024,388,Electric,85.68,Third,2024,Expired,Dealer,75731.54,TIER 1
West Bengal,61.23,  Royal Enfield  ,Himalayan,337024,2019,684,Electric,88.38,2nd,2024,Expired,  Dealer  ,267389.33,tier 2
Gujarat,68.17,  Hero  ,Passion Pro,264280,2022,383,Electric,83.44,3rd,2022,Active,Individual,127755.56,METRO
Uttar Pradesh,63.98,TVS,Apache RTR 160,382368,2021,149,  Hybrid  ,93.83,,2022,  Active  ,Dealer,176107.43,Metro
Uttar Pradesh,17.75,Kawasaki,Ninja 400,194396,2021,268,PETROL,49.4,first owner,2021,Not Available,Individual,111751.02,Tier 2
karnataka,17.2,  Kawasaki  ,Z650,213790,2020,169,Hybrid,80.56,2nd,2023,Expired,Dealer,111725.27,METRO
UTTAR PRADESH,59.09,tvs,NTorq 125,365069,2022,839,Hybrid,72.01,SECOND,2022,  Active  ,Dealer,217858.58,Tier 1
  Madhya Pradesh  ,64.73,KAWASAKI,Ninja 300,248268,2021,374,hybrid,64.3,3rd,2024,Active,Individual,146890.08895342943,tier 2
  Tamil Nadu  ,43.6,hero,HF Deluxe,136748,2021,474,  Petrol  ,32.38,first owner,2021,Not Available,Dealer,,Metro
GUJARAT,5.21,Kawasaki,Versys 650,343224,2023,270,  Hybrid  ,91.25,first owner,2023,Active,Dealer,168137.88,Metro
tamil nadu,21.29,  Kawasaki  ,Versys 650,231953,2021,546,  Petrol  ,,1st,2021,NOT AVAILABLE,Individual,93890.06,Tier 1
MADHYA PRADESH,22.57,Bajaj,Platina 110,238650,2018,746,Hybrid,95.44,THIRD,2023,  Active  ,Dealer,133208.62,  Tier 1  
punjab,56.69,Kawasaki,Z650,106862,2022,270,Hybrid,60.88,FIRST,2022,,Individual,85367.32,Metro
Maharashtra,28.26,hero,HF Deluxe,"₹210,654",2023,243,Hybrid,63.02,First,2023,  Active  ,  Individual  ,104865.5,tier 2
Karnataka,45.93,Kawasaki,Ninja 400,206514,2020,672,  Electric  ,92.27,Second,2022,Expired,Dealer,156067.75,Tier 1
madhya pradesh,75.6,  Bajaj  ,Dominar 400,105988,2021,820,HYBRID,92.3,Second,2023,Active,DEALER,,Tier 3
Maharashtra,36.86,HONDA,Dio,204943,2017,135,HYBRID,91.8,second owner,2021,,Dealer,150354.2,Metro
Delhi,57.57,yamaha,Ray ZR,"₹306,959",2022,462,Petrol,40.26,3rd,2024,NOT AVAILABLE,Dealer,198526.38,tier 1
  Punjab  ,37.2,TVS,Ronin,335459,2015,848,hybrid,76.53,third owner,2024,  Expired  ,  Dealer  ,,tier 1
  Rajasthan  ,48.02,KTM,125 Duke,380766,2024,109,  Electric  ,71.21,First,2024,expired,Dealer,198918.75,Tier 3
Rajasthan,51.2,Kawasaki,Ninja 400,268765,2021,296,PETROL,,Third,2022,Expired,DEALER,199403.72,Metro
Maharashtra,38.16,TVS,NTorq 125,219182,2024,731,Hybrid,72.47,SECOND,2024,not available,Dealer,169050.21,tier 3
PUNJAB,75.41,Yamaha,Ray ZR,90428,2021,522,Petrol,56.66,1st,2021,Expired,individual,49726.92,Metro
  Tamil Nadu  ,15.95,Bajaj,Dominar 400,365753,2019,464,  Hybrid  ,61.67,SECOND,2021,  Expired  ,dealer,234018.34,TIER 2
rajasthan,28.85,royal enfield,Meteor 350,193858,2022,621,ELECTRIC,70.26,Second,2021,not available,Individual,132663.16,tier 3
  Uttar Pradesh  ,17.8,yamaha,Fascino 125,98666,2024,674,PETROL,35.49,second owner,2024,Active,Individual,50401.83,Tier 3
  Tamil Nadu  ,32.01,Yamaha,R15 V4,"₹261,668",2021,914,Electric,75.7,Third,2023,Expired,Individual,153029.16,METRO
Delhi,18.07,Kawasaki,Vulcan S,361819,2023,390,Electric,90.25,third owner,2023,  Active  ,Dealer,202852.24,Tier 3
  Rajasthan  ,35.81,Tvs,Jupiter,98285,2022,395,Hybrid,76.57,Second,2022,not available,  Individual  ,76643.31,Tier 2
West Bengal,71.52,Hero,Passion Pro,248508,2020,293,Petrol,40.39,THIRD,2024,Not Available,Dealer,125104.66,Metro
Rajasthan,10.72,TVS,Ronin,56678,2021,656,ELECTRIC,64.39,second owner,2023,  Expired  ,dealer,29988.52,Tier 2
Karnataka,32.22,tvs,Ronin,386768,2024,768,ELECTRIC,84.5,,2024,Active,  Individual  ,223722.83,Tier 1
Madhya Pradesh,72.9,tvs,Ronin,383002,2015.0,435,Petrol,34.17,third owner,2024,  Not Available  ,Dealer,198132.28,Metro
Karnataka,15.71,Honda,Dio,143835,2023,462,  Petrol  ,53.5,THIRD,2023,not available,Individual,106373.57,tier 1
West Bengal,30.36,Kawasaki,Z650,234431,2022,719,  Electric  ,76.04,third owner,2023,not available,Dealer,136626.98,Metro
Punjab,55.64,Bajaj,Avenger 220,278941,2019,199,Hybrid,,2nd,2021,Expired,dealer,168146.14,TIER 3
karnataka,17.82,Yamaha,FZ V3,92044,2018,489,Petrol,35.35,3rd,2024,Not Available,Dealer,41708.6,Tier 1
Madhya Pradesh,24.11,Royal Enfield,Meteor 350,197458,2020,697,Hybrid,85.76,THIRD,2022,  Active  ,Individual,113700.29,Tier 2
  Rajasthan  ,57.45,KTM,125 Duke,200045,2024,372,Electric,,,2024,NOT AVAILABLE,Dealer,118041.2,  Tier 3  
  Delhi  ,66.01,KTM,RC 390,399511,2024,392,electric,69.79,2nd,2024,  Expired  ,individual,288523.06,Tier 2
Karnataka,55.96,Bajaj,Dominar 400,"₹66,038",2020,779,Hybrid,73.42,3rd,2022,Expired,Individual,35790.09,Tier 2
punjab,67.54,  Royal Enfield  ,Meteor 350,294460,2017,148,PETROL,58.79,SECOND,2021,Not Available,Dealer,118853.27,Tier 2
  Uttar Pradesh  ,36.44,KTM,RC 390,134404,2021,681,electric,88.27,third owner,2021,Not Available,DEALER,55909.95,Tier 1
Delhi,6.23,KTM,125 Duke,89699,2021,783,Electric,93.92,FIRST,2021,Expired,  Dealer  ,43131.88,tier 1
West Bengal,18.38,Ktm,RC 390,288240,2023,630,Hybrid,67.33,1st,2023,Active,individual,154387.21,tier 2
rajasthan,12.32,Yamaha,R15 V4,168326,2018,847,Electric,88.79,THIRD,2023,Not Available,DEALER,81070.11,Metro
Maharashtra,18.82,  Royal Enfield  ,Interceptor 650,328373,2019,266,Petrol,25.68,2nd,2021,Expired,Dealer,173211.85,Metro
  Karnataka  ,64.8,Yamaha,Ray ZR,325987,2023,507,Electric,90.14,1st,2023,Expired,Dealer,214913.61,Metro
Rajasthan,30.39,TVS,NTorq 125,163605,2024,663,Petrol,33.54,first owner,2024,  Active  ,Individual,126956.22,Tier 3
PUNJAB,64.72,honda,Shine,240593,2019,358,Petrol,41.44,2nd,2022,  Expired  ,Dealer,140392.64,Tier 3
  Tamil Nadu  ,15.3,Royal Enfield,Classic 350,378221,2017,172,Petrol,39.17,Third,2021,Expired,Dealer,228603.03,Tier 3
Maharashtra,74.26,honda,Unicorn,57953,2022,185,petrol,56.69,second owner,2022,Not Available,Dealer,24406.33,Tier 3
Delhi,67.94,Yamaha,Ray ZR,323622,2016,530,PETROL,55.28,third owner,2022,Not Available,INDIVIDUAL,170517.52,  Tier 1  
Karnataka,76.27,  Yamaha  ,R15 V4,123280,2019,553,  Petrol  ,54.92,3rd,2024,ACTIVE,Dealer,59480.88,Metro
RAJASTHAN,61.27,Yamaha,R15 V4,111865,2017,331,  Hybrid  ,90.4,third owner,2021,Expired,  Dealer  ,79609.12,Tier 1
Punjab,17.55,KTM,Duke 200,77297,2017,486,electric,92.13,,2021,  Expired  ,Individual,41986.1,Tier 3
punjab,52.99,yamaha,Ray ZR,83757,2020,948,hybrid,68.5,3rd,2024,EXPIRED,Individual,56735.74,Tier 3
delhi,76.03,BAJAJ,Pulsar 150,171170,2020,616,Electric,92.68,second owner,2024,Not Available,Individual,74755.3,TIER 2
West Bengal,50.98,tvs,Ronin,119946,2021,893,electric,76.14,FIRST,2021,NOT AVAILABLE,Dealer,70010.31,  Tier 3  
Punjab,10.83,Tvs,Sport,398637,2023,938,Hybrid,71.61,2nd,2024,Active,Individual,176288.4,Tier 2
Madhya Pradesh,36.98,HERO,Passion Pro,86110,2024,451,Hybrid,87.38,2nd,2024,Expired,Individual,48614.72,metro
Tamil Nadu,61.11,  Yamaha  ,MT-15,311111,2019,118,Electric,92.52,2nd,2021,  Expired  ,Individual,201854.02,Tier 3
Punjab,38.36,TVS,Apache RTR 160,226340,2021,742,ELECTRIC,94.57,third owner,2021,expired,Individual,171484.38,metro
Karnataka,79.12,BAJAJ,Dominar 400,398368,2021,476,electric,97.47,first owner,2021,Active,Individual,160405.46,  Metro  
Madhya Pradesh,17.63,YAMAHA,FZ V3,314731,2023,615,Electric,75.71,third owner,2023,Active,individual,214097.21,Tier 3
GUJARAT,72.84,KTM,Duke 200,55020,2018,951,  Electric  ,86.22,third owner,2023,Expired,  Dealer  ,40277.24,  Tier 1  
  Karnataka  ,10.4,Bajaj,Pulsar 150,155846,2016,363,Petrol,52.96,Third,2021,active,  Individual  ,119481.66,  Metro  
  Rajasthan  ,5.48,KTM,250 Duke,328142,2021,282,Electric,70.91,second owner,2022,Active,  Individual  ,,TIER 2
Madhya Pradesh,24.82,Honda,Shine,353639,2023,772,Petrol,40.65,third owner,2024,Active,Dealer,156073.22,Metro
TAMIL NADU,63.18,Kawasaki,Ninja 400,144393,2021,231,PETROL,46.55,2nd,2021,Not Available,DEALER,63453.84,Metro
TAMIL NADU,64.25,Kawasaki,Ninja 400,328795,2024,839,Petrol,53.46,1st,2024,expired,Individual,251681.6,METRO
Uttar Pradesh,7.48,Bajaj,Avenger 220,63536,2021,948,ELECTRIC,86.73,3rd,2023,Expired,Dealer,25875.87,TIER 2
Maharashtra,55.67,Royal Enfield,Meteor 350,176397,2021,799,Petrol,47.93,THIRD,2023,active,individual,112703.36,Metro
rajasthan,48.69,bajaj,Avenger 220,188748,2024,101,Petrol,50.63,,2024,NOT AVAILABLE,Dealer,140649.67,  Tier 2  
Uttar Pradesh,69.75,tvs,NTorq 125,292655,2021,878,  Hybrid  ,69.39,THIRD,2023,NOT AVAILABLE,Dealer,,Tier 2
Gujarat,66.72,Kawasaki,Vulcan S,72262,2023,713,ELECTRIC,95.68,1st,2023,  Active  ,individual,32548.5,Metro
WEST BENGAL,11.34,hero,Passion Pro,247707,2021,405,  Hybrid  ,70.59,SECOND,2022,Expired,Individual,189314.75,  Tier 3  
Punjab,24.21,TVS,NTorq 125,176754,2019,612,Electric,72.58,3rd,2022,not available,Dealer,99442.14,tier 1
Uttar Pradesh,29.45,KAWASAKI,Versys 650,355329,2022,944,Petrol,48.55,second owner,2024,Expired,Dealer,147873.43,Metro
Delhi,65.49,Royal Enfield,Hunter 350,342774,2018,489,petrol,43.83,2nd,2024,Active,Individual,200197.27,Tier 3
Madhya Pradesh,54.88,Honda,Unicorn,159448,2021,247,Electric,77.1,3rd,2021,active,individual,90189.22,Tier 1
  Maharashtra  ,45.27,Hero,HF Deluxe,82893,2023,917,PETROL,58.21,2nd,2024,Active,Individual,53805.7,Tier 2
West Bengal,11.11,ktm,Duke 200,142516,2023,348,Electric,87.72,,2023,Not Available,Dealer,113601.7,  Tier 2  
RAJASTHAN,28.6,KTM,Duke 200,124765,2018,875,Electric,61.26,second owner,2021,Not Available,Dealer,64170.34,TIER 3
Punjab,79.79,Honda,Activa,333201,2021,475,Petrol,59.15,SECOND,2022,Active,Individual,196936.02530236082,Tier 1
delhi,73.0,Yamaha,Fascino 125,"₹179,674",2024,795,  Petrol  ,31.0,SECOND,2024,Not Available,Dealer,73397.04,Metro
  Punjab  ,46.56,Royal Enfield,Hunter 350,373399,2022,872,Petrol,32.83,Second,2024,not available,individual,175669.87,metro
Madhya Pradesh,54.79,tvs,Jupiter,"₹131,703",2024,258,  Hybrid  ,97.56,Third,2024,Expired,  Dealer  ,57880.55,Metro
Rajasthan,33.8,Bajaj,Avenger 220,"₹133,539",2022,546,electric,,FIRST,2022,  Expired  ,Individual,82260.05,  Metro  
Karnataka,28.0,Honda,Unicorn,367389,2024,391,Electric,70.02,THIRD,2024,not available,individual,225091.48,TIER 1
Rajasthan,64.09,Royal Enfield,Interceptor 650,181390,2022,599,  Petrol  ,49.27,FIRST,2022,ACTIVE,  Individual  ,78022.08,Metro
  Tamil Nadu  ,57.03,Tvs,Ronin,53180,2019,925,petrol,40.06,2nd,2023,Expired,Dealer,37228.82,Tier 3
punjab,54.33,Yamaha,FZ V3,376803,2023,143,  Hybrid  ,86.17,third owner,2023,Not Available,  Dealer  ,206311.28,Tier 2
Maharashtra,74.36,Honda,Shine,309168,2015,624,ELECTRIC,88.34,2nd,2023,Active,Individual,225334.6,Tier 3
Uttar Pradesh,32.15,  Yamaha  ,FZ V3,201484,2020,821,Petrol,46.28,SECOND,2024,Active,dealer,123612.16,  Tier 2  
west bengal,49.96,Kawasaki,Z650,122920,2020,285,hybrid,68.89,second owner,2024,ACTIVE,DEALER,66328.36,Tier 2
Madhya Pradesh,22.52,  Kawasaki  ,Ninja 400,139811,2022,282,Electric,70.77,THIRD,2023,Active,DEALER,103808.5,Tier 2
Rajasthan,14.88,Yamaha,FZ V3,279231,2024,547,electric,98.53,3rd,2024,expired,dealer,120107.78,tier 1
Punjab,59.12,  Royal Enfield  ,Meteor 350,364161,2023,450,Hybrid,,1st,2023,  Not Available  ,INDIVIDUAL,170972.68,Tier 3
Madhya Pradesh,15.91,Royal Enfield,Classic 350,103326,2021,921,Petrol,30.19,SECOND,2022,Expired,Individual,60426.45,  Tier 2  
KARNATAKA,40.38,Bajaj,Pulsar 150,397368,2023,869,hybrid,96.33,second owner,2024,NOT AVAILABLE,Individual,,Tier 2
  Maharashtra  ,13.72,Hero,Glamour,349530,2023,341,PETROL,50.79,,2024,Not Available,dealer,175676.03,Metro
Delhi,72.34,bajaj,Dominar 400,162029,2022,604,  Electric  ,95.92,first owner,2022,,  Dealer  ,78894.65,tier 3
  Madhya Pradesh  ,23.59,  Kawasaki  ,Ninja 400,208560,2021,1000,Hybrid,86.21,FIRST,2021,Not Available,Individual,103156.14,tier 3
PUNJAB,61.92,  Hero  ,Passion Pro,98332,2021,116,  Petrol  ,35.78,Second,2024,NOT AVAILABLE,Dealer,60656.2,  Tier 1  
GUJARAT,7.74,hero,Xtreme 160R,339537,2024,975,ELECTRIC,83.12,second owner,2024,EXPIRED,Dealer,258360.03,tier 2
  Maharashtra  ,55.23,Yamaha,Ray ZR,"₹318,244",2024,303,ELECTRIC,92.68,2nd,2024,  Active  ,DEALER,198525.23,Tier 3
TAMIL NADU,66.29,HERO,Xtreme 160R,119748,2018,297,Electric,99.43,Third,2021,Expired,Individual,75200.4,  Tier 3  
Tamil Nadu,70.62,KAWASAKI,Vulcan S,327520,2023,349,Petrol,43.65,Second,2024,ACTIVE,individual,208678.57,Tier 1
Punjab,64.53,TVS,NTorq 125,81310,2021,183,Petrol,52.36,1st,2021,  Expired  ,Dealer,51344.48,metro
Rajasthan,67.02,Tvs,Sport,"₹191,079",2023,922,hybrid,84.35,first owner,2023,,Dealer,150876.54,  Tier 2  
tamil nadu,68.73,Kawasaki,Ninja 300,239548,2015,998,Petrol,,third owner,2021,Not Available,Individual,153335.69,tier 2
maharashtra,66.67,  Bajaj  ,CT 100,214957,2024,468,Electric,62.73,THIRD,2024,Not Available,Dealer,168102.67,Tier 1
Delhi,34.29,Bajaj,CT 100,353274,2017,126,Petrol,26.78,2nd,2024,Not Available,Individual,193412.28,Tier 3
Gujarat,25.53,KTM,RC 390,128895,2022,976,Petrol,48.38,first owner,2022,Expired,Individual,91534.15,tier 3
MAHARASHTRA,77.95,Royal Enfield,Meteor 350,"₹349,740",2022,970,Petrol,58.28,,2022,,Individual,175038.79,Metro
Delhi,19.95,HERO,Passion Pro,111091,2015,660,  Electric  ,90.34,2nd,2021,  Active  ,Individual,47923.1,Tier 3
madhya pradesh,23.88,Royal Enfield,Classic 350,157607,2018,953,hybrid,95.16,2nd,2023,Active,individual,101656.91,  Tier 2  
Rajasthan,31.1,  Kawasaki  ,Ninja 400,113943,2023,584,Petrol,43.68,2nd,2023,NOT AVAILABLE,INDIVIDUAL,77475.03,TIER 2
Punjab,37.41,KTM,390 Adventure,111237,2021,769,hybrid,65.42,SECOND,2021,  Not Available  ,individual,48325.95,Tier 2
  Gujarat  ,23.86,kawasaki,Ninja 300,380120,2015,442,Petrol,58.37,2nd,2023,Not Available,INDIVIDUAL,301390.02,Metro
TAMIL NADU,46.46,Royal Enfield,Himalayan,58807,2023,831,  Hybrid  ,62.23,FIRST,2023,NOT AVAILABLE,INDIVIDUAL,35051.22,tier 3
GUJARAT,32.57,Bajaj,Platina 110,95632,2024,710,Electric,99.24,SECOND,2024,Not Available,  Individual  ,42720.82,TIER 3
PUNJAB,57.99,Royal Enfield,Hunter 350,135387,2018,763,hybrid,63.66,2nd,2022,,Dealer,94331.83,Metro
  Punjab  ,27.37,ROYAL ENFIELD,Himalayan,79419,2021,348,  Electric  ,83.29,first owner,2021,Expired,Dealer,,Tier 2
  Uttar Pradesh  ,30.49,Royal Enfield,Himalayan,209522,2017,387,electric,73.11,,2021,Not Available,  Individual  ,109305.63,Tier 2
karnataka,48.31,  Bajaj  ,Avenger 220,240191,2024,377,Electric,90.19,second owner,2024,,dealer,100011.62,Metro
Rajasthan,44.39,ROYAL ENFIELD,Classic 350,163173,2015,957,Petrol,53.98,third owner,2024,Active,Dealer,85664.01,  Metro  
West Bengal,18.58,Kawasaki,Versys 650,270588,2019,941,PETROL,29.85,Third,2021,  Not Available  ,DEALER,191804.11,Tier 3
RAJASTHAN,65.66,KAWASAKI,Vulcan S,374256,2022,744,Electric,67.63,,2023,EXPIRED,Individual,226733.04295161538,tier 1
DELHI,12.3,BAJAJ,Platina 110,322421,2021,835,petrol,57.8,SECOND,2023,Expired,DEALER,199063.02,Tier 3
Rajasthan,48.58,Royal Enfield,Interceptor 650,352490,2015,309,Hybrid,85.44,3rd,2024,Active,  Individual  ,281413.18,Tier 2
Rajasthan,76.19,  Yamaha  ,Ray ZR,354856,2024,374,  Petrol  ,26.89,SECOND,2024,ACTIVE,  Dealer  ,212500.28,Tier 2
Maharashtra,7.99,Honda,Shine,316380,2018,953,PETROL,30.41,SECOND,2024,NOT AVAILABLE,individual,166804.08,Metro
Tamil Nadu,36.5,Kawasaki,Z650,259743,2024,922,PETROL,31.21,Third,2024,Active,Dealer,144445.4,Tier 2
Delhi,49.77,HERO,Passion Pro,215022,2021,890,ELECTRIC,61.11,,2021,Expired,Dealer,114869.72,Metro
karnataka,76.78,Kawasaki,Versys 650,227755,2019,447,hybrid,75.58,3rd,2023,Expired,dealer,172778.11,TIER 1
West Bengal,33.73,BAJAJ,Platina 110,277137,2021,281,Hybrid,62.05,,2023,Active,Individual,188778.56,TIER 2
  Rajasthan  ,53.39,  KTM  ,390 Adventure,365570,2023,492,Hybrid,85.3,2nd,2023,ACTIVE,Individual,200681.47,Tier 1
  Rajasthan  ,76.92,honda,Dio,103418,2023,961,Hybrid,61.55,first owner,2023,Active,DEALER,80402.38,Tier 2
West Bengal,32.88,Hero,Passion Pro,272661,2021,708,Hybrid,80.37,,2021,NOT AVAILABLE,  Individual  ,125655.31,Tier 1
tamil nadu,79.01,Yamaha,Fascino 125,361958,2022,912,Petrol,32.64,second owner,2024,Active,Individual,165052.51,Tier 1
Uttar Pradesh,27.3,TVS,Sport,138742,2020,274,Hybrid,95.15,2nd,2024,  Active  ,Dealer,69292.6,Metro
Gujarat,43.45,TVS,Apache RTR 160,185568,2024,686,Hybrid,60.92,third owner,2024,  Not Available  ,Dealer,86459.33350608272,  Tier 3  
punjab,78.29,Yamaha,FZ V3,291125,2020,307,Electric,68.92,Second,2022,Not Available,individual,,  Tier 2  
  Rajasthan  ,12.67,Bajaj,Avenger 220,254861,2019,198,petrol,54.07,third owner,2023,Not Available,Dealer,144884.07,  Metro  
west bengal,35.78,  Honda  ,CBR 650R,284919,2017,605,hybrid,91.37,second owner,2024,Active,dealer,227321.7,tier 2
  Madhya Pradesh  ,8.89,Kawasaki,Versys 650,237648,2020,472,electric,82.41,THIRD,2023,Expired,individual,185487.79,TIER 2
MAHARASHTRA,16.46,Kawasaki,Versys 650,383293,2024,943,Petrol,,3rd,2024,Active,DEALER,216469.19,metro
punjab,17.28,Bajaj,Avenger 220,286039,2023,502,ELECTRIC,60.62,3rd,2023,Not Available,dealer,135541.11,Tier 2
maharashtra,26.67,Yamaha,Fascino 125,"₹231,546",2019,287,Hybrid,82.12,2nd,2024,active,Individual,122629.45,Tier 1
  Delhi  ,33.37,  Honda  ,Unicorn,180324,2021,732,Hybrid,74.57,First,2021,Not Available,Individual,88890.07,tier 1
Punjab,60.98,Yamaha,R15 V4,338016,2024,552,electric,67.89,2nd,2024,,Dealer,197760.78,TIER 2
  West Bengal  ,37.11,  Yamaha  ,Ray ZR,119891,2024,994,  Petrol  ,32.24,First,2024,Expired,dealer,50293.58,tier 2
Gujarat,7.79,kawasaki,Versys 650,178578,2017,407,Hybrid,73.95,Second,2024,Active,Dealer,135730.3,tier 1
TAMIL NADU,60.56,TVS,Apache RTR 160,250242,2023,292,petrol,27.08,THIRD,2024,active,Dealer,143140.32,Tier 1
West Bengal,55.8,hero,Passion Pro,63773,2022,338,Petrol,39.89,Third,2023,Active,dealer,35024.42,Tier 2
GUJARAT,13.79,Yamaha,MT-15,316395,2020,542,  Electric  ,98.41,third owner,2021,active,Individual,143080.03,  Tier 3  
delhi,38.61,HONDA,Dio,256274,2021,438,petrol,51.91,,2021,  Active  ,Individual,148424.54,tier 1
  Uttar Pradesh  ,6.64,Bajaj,Dominar 400,273272,2024,354,Hybrid,70.95,1st,2024,Active,Individual,147562.71,tier 3
  Karnataka  ,66.72,yamaha,Ray ZR,121384,2019,132,  Petrol  ,33.71,Second,2024,Expired,Individual,67718.15,Tier 1
Delhi,69.63,Hero,Xtreme 160R,396650,2022,615,petrol,25.89,third owner,2024,EXPIRED,  Individual  ,204320.46,tier 3
DELHI,53.34,Ktm,250 Duke,98145,2022,751,Petrol,38.6,First,2022,  Not Available  ,  Individual  ,,tier 2
  Madhya Pradesh  ,72.99,Royal Enfield,Hunter 350,197390,2019,237,Hybrid,88.97,second owner,2024,Active,dealer,96668.26,Metro
tamil nadu,66.69,KTM,125 Duke,140336,2024,141,Hybrid,76.53,second owner,2024,not available,Dealer,66220.43,TIER 2
Maharashtra,34.17,  Yamaha  ,FZ V3,366452,2024,258,electric,62.29,2nd,2024,expired,  Dealer  ,284051.65,Metro
  Punjab  ,7.21,hero,Glamour,166340,2021,218,Electric,97.5,SECOND,2024,EXPIRED,  Dealer  ,79033.39,tier 1
maharashtra,49.56,Hero,HF Deluxe,220062,2022,156,Hybrid,85.24,Second,2022,Not Available,dealer,97070.7,Metro
  Gujarat  ,11.8,Kawasaki,Ninja 300,355312,2015,303,HYBRID,63.93,3rd,2023,NOT AVAILABLE,Individual,249751.73,Tier 1
  Maharashtra  ,55.06,Bajaj,Platina 110,235608,2024,852,ELECTRIC,60.37,third owner,2024,Not Available,Individual,174125.5,Tier 3
Gujarat,63.63,  Bajaj  ,Pulsar 150,314313,2023,824,Hybrid,81.88,THIRD,2023,  Expired  ,Dealer,164523.1,Metro
  Tamil Nadu  ,76.4,  Kawasaki  ,Z650,103570,2021,862,Hybrid,85.11,THIRD,2021,  Active  ,Dealer,43966.51,Tier 3
Gujarat,29.21,TVS,Jupiter,244561,2017,211,hybrid,84.36,third owner,2023,expired,Dealer,187052.68,Tier 2
  Karnataka  ,54.79,  Bajaj  ,Platina 110,369718,2019,1000,  Hybrid  ,88.08,,2018,  Expired  ,DEALER,188942.11,tier 3
Rajasthan,36.95,Ktm,125 Duke,68834,2024,474,PETROL,39.72,Second,2024,Not Available,Individual,51187.66,tier 2
West Bengal,79.48,KTM,RC 390,85660,2015,282,HYBRID,62.34,second owner,2022,  Expired  ,Dealer,34329.64,TIER 2
Delhi,69.17,Yamaha,Ray ZR,"₹237,699",2020,400,Petrol,44.73,SECOND,2024,Active,Dealer,167101.95,Metro
Uttar Pradesh,25.84,TVS,Sport,201708,2021,391,Electric,93.04,third owner,2024,active,INDIVIDUAL,111342.11,metro
  Karnataka  ,46.96,TVS,Sport,147283,2023,782,PETROL,48.43,Second,2024,Active,Dealer,80307.24,Metro
Madhya Pradesh,66.34,KTM,390 Adventure,81486,2023,657,Electric,94.61,THIRD,2023,Active,Individual,58251.64,Tier 2
TAMIL NADU,42.86,Kawasaki,Ninja 400,184592,2024,809,  Petrol  ,25.76,,2024,  Expired  ,  Individual  ,125544.16,Tier 2
Tamil Nadu,64.66,Bajaj,Dominar 400,198473,2020,192,Petrol,32.17,Third,2022,Not Available,Dealer,120041.11497305754,metro
  Punjab  ,14.32,KAWASAKI,Vulcan S,213876,2024,546,Petrol,28.96,FIRST,2024,EXPIRED,Individual,100128.58,tier 1
  Tamil Nadu  ,68.08,BAJAJ,Avenger 220,340899,2017,557,ELECTRIC,74.35,third owner,2024,ACTIVE,Dealer,261636.47,Metro
uttar pradesh,60.51,TVS,NTorq 125,307281,2015,772,Petrol,59.0,Second,2024,ACTIVE,individual,224487.45,Tier 1
Punjab,45.21,Kawasaki,Versys 650,116931,2023,559,Hybrid,89.99,SECOND,2023,not available,Individual,62836.51,Tier 3
Karnataka,65.16,  Yamaha  ,MT-15,227353,2024,760,PETROL,56.25,THIRD,2024,  Not Available  ,  Dealer  ,136190.79,TIER 3
  Tamil Nadu  ,7.32,yamaha,MT-15,101063,2018,272,Petrol,50.64,Third,2024,Not Available,dealer,80662.61,Tier 1
  Karnataka  ,74.13,  Bajaj  ,CT 100,228463,2024,494,hybrid,89.72,Second,2024,  Active  ,Dealer,138048.79,Tier 1
Karnataka,11.56,  Yamaha  ,R15 V4,332264,2019,615,Petrol,57.2,THIRD,2024,active,dealer,240777.44,tier 1
Delhi,14.06,Royal Enfield,Interceptor 650,159747,2021,120,Electric,83.5,FIRST,2021,not available,Dealer,,TIER 3
PUNJAB,53.03,Honda,Unicorn,375431,2021,584,Electric,67.0,First,2021,ACTIVE,Individual,291864.15,Tier 3
Maharashtra,39.83,Kawasaki,Z650,190521,2024,937,Hybrid,91.04,Third,2024,ACTIVE,Dealer,93340.86,Tier 1
WEST BENGAL,23.98,  Hero  ,Splendor Plus,147271,2017,639,ELECTRIC,91.83,SECOND,2024,  Not Available  ,Dealer,83891.08,Tier 2
Uttar Pradesh,42.69,  Honda  ,Dio,309056,2017,889,PETROL,31.65,3rd,2024,Active,Individual,130293.63,Metro
WEST BENGAL,21.21,kawasaki,Z650,299635,2021,442,ELECTRIC,60.05,1st,2021,active,Individual,124533.05,Metro
uttar pradesh,66.63,yamaha,Ray ZR,250917,2024,351,  Hybrid  ,69.91,FIRST,2024,EXPIRED,Individual,107393.44,Tier 3
West Bengal,72.51,  Yamaha  ,R15 V4,244678,2022,791,Electric,90.99,FIRST,2022,,DEALER,127260.4,tier 2
KARNATAKA,69.46,Royal Enfield,Classic 350,394753,2020,543,petrol,48.89,2nd,2024,  Active  ,Individual,,Metro
West Bengal,12.22,Kawasaki,Ninja 300,200256,2022,276,  Petrol  ,41.17,First,2022,Active,  Dealer  ,111280.82,tier 2
West Bengal,43.27,KTM,250 Duke,299235,2023,763,hybrid,87.1,First,2023,not available,Individual,131319.74,metro
Rajasthan,15.12,KAWASAKI,Versys 650,142557,2023,215,petrol,39.9,,2023,ACTIVE,dealer,,Metro
WEST BENGAL,75.33,hero,Xtreme 160R,55640,2018,718,hybrid,97.3,Second,2024,Expired,DEALER,29816.47,Tier 3
  Punjab  ,6.61,yamaha,MT-15,267027,2023,406,  Electric  ,76.6,First,2023,  Active  ,Individual,163457.04,  Tier 1  
Tamil Nadu,32.49,Kawasaki,Versys 650,210767,2022,583,Electric,84.56,1st,2022,Active,Individual,99910.48,Metro
Rajasthan,42.14,BAJAJ,Platina 110,188928,2022,635,Petrol,50.62,THIRD,2022,,Individual,94628.82,Tier 2
Rajasthan,30.14,Kawasaki,Ninja 300,125149,2024,417,PETROL,33.05,1st,2024,EXPIRED,Dealer,56251.7,Tier 1
maharashtra,57.39,Yamaha,Ray ZR,348995,2024,166,  Hybrid  ,95.41,THIRD,2024,  Expired  ,Individual,182835.76,Metro
West Bengal,53.57,Hero,Glamour,311129,2021,185,Electric,-15.0,Third,2021,Expired,individual,162475.35,Metro
Punjab,5.77,Ktm,250 Duke,"₹141,723",2019,958,Electric,79.32,THIRD,2024,  Active  ,Individual,66849.6,Tier 3
Karnataka,24.95,Kawasaki,Z650,359914,2024,831,PETROL,48.98,3rd,2024,Not Available,individual,158170.49,Metro
west bengal,18.04,  Yamaha  ,Ray ZR,"₹114,279",2016,738,electric,71.57,THIRD,2023,active,dealer,82101.06,Tier 2
Maharashtra,6.04,yamaha,MT-15,150542,2022,118,Electric,99.73,First,2022,NOT AVAILABLE,Individual,74962.66,Tier 2
Uttar Pradesh,30.67,  Hero  ,Passion Pro,187367,2019,410,PETROL,57.78,third owner,2023,not available,INDIVIDUAL,97343.16,Tier 3
PUNJAB,65.91,Kawasaki,Z650,67921,2022,114,Electric,71.65,FIRST,2022,Expired,INDIVIDUAL,45000.44,Tier 2
MAHARASHTRA,63.18,Hero,Splendor Plus,190675,2024,311,ELECTRIC,70.18,,2024,  Active  ,Individual,101944.04,  Metro  
Tamil Nadu,75.71,KTM,125 Duke,391435,2023,775,Hybrid,88.01,SECOND,2024,Active,Individual,200956.7,tier 1
punjab,28.92,KTM,RC 390,352132,2022.0,858,HYBRID,64.9,SECOND,2022,Not Available,dealer,163764.7,Tier 3
karnataka,50.38,  Yamaha  ,R15 V4,242201,2023,126,  Electric  ,73.31,Second,2024,  Expired  ,Individual,120081.92,TIER 2
punjab,69.72,Bajaj,Platina 110,176500,2021,637,Petrol,41.9,second owner,2024,Expired,INDIVIDUAL,88270.3,  Metro  
Rajasthan,20.82,KTM,390 Adventure,303416,2023,718,hybrid,74.1,1st,2023,active,  Individual  ,157281.93,tier 2
gujarat,19.75,Bajaj,Dominar 400,108808,2023,938,Hybrid,66.33,1st,2023,Active,Dealer,46050.93,Tier 2
Maharashtra,49.77,kawasaki,Ninja 300,235249,2017,862,HYBRID,94.39,Second,2022,EXPIRED,Individual,101225.26,  Tier 3  
maharashtra,33.55,BAJAJ,CT 100,253253,2024,224,  Petrol  ,48.77,,2024,  Active  ,individual,123617.61,Metro
Maharashtra,30.78,TVS,Ronin,267587,2024,751,  Hybrid  ,65.5,second owner,2024,NOT AVAILABLE,  Individual  ,202501.37,Metro
  Karnataka  ,36.25,Honda,Shine,50169,2022,921,HYBRID,76.13,FIRST,2022,Active,Individual,26040.86,Metro
Delhi,10.6,Kawasaki,Ninja 400,320738,2019,980,Hybrid,67.35,second owner,2023,Not Available,Dealer,234411.32,Tier 1
Rajasthan,28.79,Hero,HF Deluxe,145289,2023,109,Electric,82.43,Third,2022,  Active  ,Dealer,80923.04,Metro
Tamil Nadu,45.54,Tvs,Apache RTR 160,351099,2020,791,  Petrol  ,,Second,2022,Expired,  Dealer  ,159531.97,tier 3
  Gujarat  ,6.27,HONDA,Activa,388769,2015,744,  Hybrid  ,72.46,Second,2023,ACTIVE,  Individual  ,225822.06,METRO
Gujarat,50.23,yamaha,R15 V4,393799,2022,125,HYBRID,66.12,Third,2022,ACTIVE,Individual,172941.45,tier 3
uttar pradesh,57.92,Bajaj,CT 100,268746,2024,401,  Electric  ,66.6,1st,2024,active,DEALER,109998.46,Metro
gujarat,26.69,Tvs,Sport,303407,2024,197,Petrol,28.81,First,2024,expired,dealer,144319.09,Tier 3
Rajasthan,61.46,yamaha,FZ V3,62735,2024,403,Electric,67.0,1st,2024,Not Available,individual,,TIER 2
West Bengal,850.0,  Hero  ,Splendor Plus,226589,2023,561,  Petrol  ,38.73,2nd,2024,Not Available,DEALER,147383.33,metro
Gujarat,78.73,Yamaha,FZ V3,82411,2024,935,  Hybrid  ,86.76,THIRD,2024,expired,Dealer,45607.08,TIER 2
GUJARAT,54.46,Yamaha,FZ V3,211854,2020,527,  Petrol  ,54.17,third owner,2022,  Active  ,Individual,128000.17,METRO
UTTAR PRADESH,47.2,ROYAL ENFIELD,Meteor 350,263443,2015,185,  Petrol  ,36.38,Third,2023,Expired,  Individual  ,108772.08,Tier 2
Punjab,19.32,KTM,250 Duke,302815,2024,101,HYBRID,81.45,THIRD,2024,Not Available,Dealer,136795.72,METRO
Maharashtra,58.25,TVS,NTorq 125,112087,2017,576,Electric,84.05,Third,2023,EXPIRED,  Dealer  ,61075.17,Tier 1
Rajasthan,68.01,Yamaha,Ray ZR,111830,2022,873,HYBRID,75.49,Second,2024,NOT AVAILABLE,  Individual  ,77213.83,Tier 3
Madhya Pradesh,59.03,  Kawasaki  ,Z650,148236,2021,171,Hybrid,94.86,3rd,2023,expired,Dealer,82397.97,TIER 3
Uttar Pradesh,34.44,KTM,Duke 200,286541,2023,576,Electric,64.57,second owner,2024,Active,Individual,224877.65,tier 1
TAMIL NADU,19.94,Bajaj,Dominar 400,338213,2022,799,Electric,86.11,Second,2024,Active,Individual,232549.64,Tier 2
Gujarat,22.05,Honda,Activa,107765,2022,874,Electric,93.26,3rd,2024,Active,Individual,63132.43,METRO
Maharashtra,76.13,KTM,Duke 200,"₹151,962",2024,751,  Electric  ,91.11,1st,2024,not available,individual,95715.2,Tier 3
Madhya Pradesh,41.32,Royal Enfield,Himalayan,385666,2019,784,Electric,95.04,second owner,2024,Not Available,Individual,,Metro
MAHARASHTRA,31.96,  Bajaj  ,Platina 110,168142,2024,294,Hybrid,74.08,Second,2024,  Not Available  ,Dealer,79268.98,TIER 3
PUNJAB,6.46,Bajaj,Dominar 400,156247,2022,540,  Petrol  ,59.24,1st,2022,Not Available,Individual,98487.9,Tier 1
Karnataka,74.18,hero,Xtreme 160R,288733,2019,948,ELECTRIC,66.38,Third,2021,Not Available,Dealer,226083.0,METRO
Delhi,27.69,honda,Dio,210448,2022,830,Hybrid,88.64,3rd,2023,Active,DEALER,129726.0,tier 1
rajasthan,68.27,Bajaj,Pulsar 150,150615,2020,431,Hybrid,73.59,THIRD,2024,Active,  Individual  ,119462.41,metro
Karnataka,71.58,KAWASAKI,Versys 650,90412,2021,469,PETROL,26.51,second owner,2021,Active,  Individual  ,43390.01,TIER 3
Maharashtra,36.61,honda,CBR 650R,202614,2018,223,Electric,81.74,SECOND,2022,Not Available,  Dealer  ,125879.01,Tier 1
Punjab,15.59,Ktm,Duke 200,120491,2021,100,  Electric  ,72.77,1st,2021,  Expired  ,Individual,69487.59,Tier 3
Uttar Pradesh,24.85,  Yamaha  ,R15 V4,384636,2022,462,Electric,89.88,third owner,2022,Active,Individual,264244.7,Tier 3
uttar pradesh,14.99,Yamaha,MT-15,245570,2020,697,Electric,61.47,SECOND,2022,Active,Dealer,100805.93,TIER 2
Madhya Pradesh,64.66,kawasaki,Vulcan S,192716,2023,469,Electric,88.39,first owner,2023,not available,Individual,99525.66,Tier 1
madhya pradesh,33.51,TVS,Apache RTR 160,177076,2022,846,ELECTRIC,76.21,First,2022,Active,Dealer,119438.61,Metro
GUJARAT,77.95,Hero,Passion Pro,133614,2017,672,PETROL,31.54,second owner,2022,Not Available,dealer,95693.74,tier 2
west bengal,30.16,YAMAHA,FZ V3,234545,2023,919,Petrol,,FIRST,2023,ACTIVE,Dealer,129215.29,Metro
rajasthan,19.4,  Hero  ,Splendor Plus,263828,2022,397,Hybrid,78.94,second owner,2022,Not Available,dealer,180753.16,Tier 2
Uttar Pradesh,52.03,Royal Enfield,Interceptor 650,69678,2018,913,Hybrid,95.6,Second,2023,  Expired  ,Dealer,42500.54,Metro
maharashtra,18.69,YAMAHA,R15 V4,207133,2019,972,Electric,64.42,Second,2021,EXPIRED,Dealer,96567.04,Tier 2
Rajasthan,18.41,Royal Enfield,Hunter 350,354067,2024,969,  Hybrid  ,77.75,third owner,2024,Active,Individual,227412.05,  Tier 2  
Karnataka,20.29,Kawasaki,Vulcan S,384188,2020,204,  Petrol  ,30.95,second owner,2023,Expired,dealer,241387.88,tier 3
West Bengal,39.01,kawasaki,Ninja 400,241888,2021,887,  Electric  ,98.44,first owner,2021,Active,Individual,98444.99,  Metro  
delhi,77.88,KTM,125 Duke,200947,2023,613,Petrol,46.92,second owner,2023,Not Available,DEALER,104005.02,Tier 2
Madhya Pradesh,51.37,YAMAHA,MT-15,158570,2023,569,electric,66.89,First,2023,expired,  Individual  ,114894.8,tier 3
Uttar Pradesh,52.0,bajaj,CT 100,154358,2017,671,hybrid,74.52,SECOND,2021,not available,Dealer,65306.95,Tier 3
Madhya Pradesh,29.33,  Hero  ,Glamour,190712,2022,128,Petrol,52.84,Third,2024,  Active  ,individual,128738.71,tier 1
MAHARASHTRA,62.84,  Bajaj  ,Avenger 220,368964,2019,560,electric,63.04,THIRD,2022,ACTIVE,DEALER,208616.03,tier 2
  Karnataka  ,21.88,royal enfield,Himalayan,189612,2015,198,Petrol,41.89,3rd,2024,  Active  ,Individual,96260.62,Metro
West Bengal,77.67,Royal Enfield,Himalayan,72937,2024,911,hybrid,94.33,Second,2024,EXPIRED,Dealer,55519.91,tier 2
Uttar Pradesh,33.24,Honda,Dio,351708,2020,493,HYBRID,81.87,Second,2024,Expired,individual,194733.53,TIER 2
Karnataka,18.41,  KTM  ,125 Duke,324386,2022,352,  Petrol  ,45.04,second owner,2024,NOT AVAILABLE,  Dealer  ,,Tier 2
Punjab,8.18,KTM,125 Duke,"₹130,422",2017,295,Hybrid,89.68,,2021,Active,Dealer,72133.47,TIER 1
West Bengal,53.12,TVS,Jupiter,371848,2019,654,Petrol,41.67,,2021,Expired,Dealer,179337.38,  Tier 3  
Delhi,73.47,Tvs,Apache RTR 160,352851,2020,309,Electric,62.34,Second,2022,Active,Dealer,255501.27,METRO
MADHYA PRADESH,68.88,TVS,Sport,221970,2016,787,Hybrid,91.28,third owner,2022,Not Available,Dealer,160567.18,  Tier 3  
Madhya Pradesh,39.96,HONDA,Shine,267534,2015,390,electric,80.65,3rd,2023,Expired,Individual,161701.18,Metro
  Rajasthan  ,35.52,KTM,RC 390,127352,2023,580,  Hybrid  ,67.57,THIRD,2024,  Expired  ,DEALER,88405.99,TIER 2
Madhya Pradesh,48.54,Yamaha,Ray ZR,333836,2019,939,electric,,Second,2023,EXPIRED,  Individual  ,,METRO
West Bengal,49.29,  Royal Enfield  ,Himalayan,352253,2019,177,Hybrid,86.69,SECOND,2021,ACTIVE,INDIVIDUAL,149349.45,Tier 1
West Bengal,79.59,Kawasaki,Z650,"₹196,913",2023,403,Hybrid,85.41,First,2023,Expired,dealer,135630.87,Tier 2
delhi,76.14,Royal Enfield,Hunter 350,302081,2017,696,Hybrid,77.12,second owner,2021,Not Available,  Individual  ,214488.75,Tier 3
Rajasthan,74.97,  KTM  ,125 Duke,"₹381,533",2017,382,  Petrol  ,33.04,2nd,2024,Expired,Individual,,Tier 3
Punjab,62.6,Kawasaki,Ninja 400,395526,2024,201,Hybrid,95.76,third owner,2024,NOT AVAILABLE,  Dealer  ,271576.04,Tier 1
Delhi,22.84,Honda,Shine,238947,2017,142,  Hybrid  ,73.03,2nd,2022,expired,Individual,99843.92,Tier 2
Karnataka,66.66,KTM,390 Adventure,52554,2024,605,Petrol,37.15,first owner,2024,Active,Dealer,24337.23,Tier 3
Madhya Pradesh,79.85,yamaha,FZ V3,146837,2024,410,Hybrid,60.68,3rd,2024,,Dealer,113023.18,  Tier 2  
Karnataka,12.91,  Bajaj  ,Platina 110,315743,2021,635,  Petrol  ,25.63,2nd,2021,Not Available,dealer,152961.29,Tier 2
Tamil Nadu,58.18,Honda,CBR 650R,50839,2022,534,HYBRID,79.25,Third,2022,  Expired  ,Individual,23580.7,tier 1
MAHARASHTRA,19.58,  Bajaj  ,Platina 110,187805,2021,695,ELECTRIC,79.86,third owner,2023,  Active  ,dealer,96715.1,tier 3
Maharashtra,59.66,  KTM  ,250 Duke,50447,2022,338,electric,88.9,Second,2023,Expired,DEALER,34436.06,Metro
West Bengal,42.5,BAJAJ,Avenger 220,257246,2021,490,Hybrid,,second owner,2024,expired,Individual,,Tier 1
Punjab,64.34,  TVS  ,Ronin,120481,2018,721,Hybrid,64.09,Third,2024,Not Available,Dealer,88606.8,  Tier 2  
rajasthan,78.04,  Royal Enfield  ,Hunter 350,352812,2021,930,petrol,26.67,1st,2021,Not Available,dealer,244463.0,Metro
Tamil Nadu,12.97,HONDA,Shine,64422,2021,622,Petrol,34.13,second owner,2024,ACTIVE,Dealer,30673.46,Tier 1
WEST BENGAL,39.85,Hero,Splendor Plus,138954,2018,834,electric,78.82,Second,2022,active,individual,82183.87,Tier 2
RAJASTHAN,7.26,Royal Enfield,Interceptor 650,223508,2023,1000,Hybrid,74.91,2nd,2024,NOT AVAILABLE,Dealer,141111.88,Tier 1
  Maharashtra  ,25.52,KTM,250 Duke,340286,2018,438,ELECTRIC,65.19,SECOND,2021,Active,  Individual  ,163750.28,Tier 1
RAJASTHAN,5.77,KTM,RC 390,162194,2022.0,926,Electric,81.55,SECOND,2023,not available,Dealer,101100.26,  Metro  
UTTAR PRADESH,51.78,  TVS  ,NTorq 125,203334,2023,372,Hybrid,,2nd,2023,  Expired  ,INDIVIDUAL,82900.6,Tier 2
Delhi,79.36,tvs,Sport,55016,2023,986,  Petrol  ,48.85,3rd,2023,Expired,Individual,31867.78,Tier 2
Uttar Pradesh,6.98,YAMAHA,Fascino 125,326520,2015,472,  Petrol  ,47.24,,2024,  Active  ,Individual,198438.6,Metro
Punjab,19.5,TVS,Ronin,326439,2019,321,Hybrid,78.77,third owner,2022,Expired,INDIVIDUAL,144439.99,METRO
  Madhya Pradesh  ,59.41,  TVS  ,Apache RTR 160,217978,2024,177,electric,90.75,3rd,2024,expired,Dealer,116122.67,metro
Tamil Nadu,75.66,Yamaha,MT-15,113842,2022,743,petrol,49.31,THIRD,2024,Not Available,Individual,74937.72,Tier 1
Rajasthan,19.3,Royal Enfield,Meteor 350,314741,2020,778,HYBRID,61.47,Second,2024,  Active  ,Individual,237830.15,tier 1
Punjab,51.5,Royal Enfield,Himalayan,299381,2023,410,Electric,78.64,first owner,2023,active,Individual,217295.55,  Tier 3  
MAHARASHTRA,62.07,TVS,Sport,108253,2015,581,Petrol,45.01,THIRD,2022,Active,Individual,79762.42,Tier 2
  Uttar Pradesh  ,57.13,  TVS  ,Sport,290735,2023,994,  Hybrid  ,62.39,FIRST,2023,  Not Available  ,DEALER,181971.77,tier 3
  Madhya Pradesh  ,10.24,YAMAHA,Ray ZR,196290,2021,739,Hybrid,94.53,Third,2021,  Expired  ,individual,103602.95,METRO
Delhi,19.58,  KTM  ,Duke 200,131883,2018,703,petrol,49.65,third owner,2021,EXPIRED,individual,60444.84,METRO
Gujarat,8.16,  Yamaha  ,MT-15,356334,2021,337,Electric,,1st,2021,Expired,DEALER,155409.33,Metro
Madhya Pradesh,44.49,Royal Enfield,Interceptor 650,236291,2023,862,Petrol,35.57,first owner,2023,Expired,Individual,106704.21,Tier 2
Karnataka,59.39,Ktm,Duke 200,311646,2022,467,ELECTRIC,90.31,First,2022,Expired,  Dealer  ,158465.54,Tier 3
Gujarat,30.99,tvs,Ronin,200339,2021,692,HYBRID,62.79,First,2021,active,Individual,143911.05,metro
GUJARAT,67.03,TVS,Ronin,268297,2017,699,Electric,72.45,THIRD,2021,Active,Dealer,116579.86,  Tier 1  
Karnataka,29.15,Bajaj,Pulsar 150,370799,2022,759,Petrol,35.69,Second,2022,,Dealer,294285.96,Metro
Karnataka,16.07,kawasaki,Versys 650,72739,2017,316,ELECTRIC,90.17,SECOND,2021,Not Available,  Dealer  ,58073.78,Tier 3
WEST BENGAL,20.53,KTM,250 Duke,299086,2024,442,Hybrid,71.88,FIRST,2024,Expired,  Dealer  ,205313.99,Metro
PUNJAB,50.27,TVS,NTorq 125,334703,2024,863,Hybrid,89.66,3rd,2024,Not Available,  Individual  ,217461.32,tier 1
Maharashtra,62.9,bajaj,Dominar 400,302614,2022.0,690,Petrol,32.26,3rd,2023,Expired,individual,,  Tier 3  
  Uttar Pradesh  ,16.13,KTM,RC 390,375137,2021,513,PETROL,37.0,FIRST,2021,Active,Dealer,235789.58,Metro
Karnataka,13.33,Royal Enfield,Himalayan,94785,2022,298,Electric,,first owner,2022,NOT AVAILABLE,Individual,50763.91,Tier 2
  Madhya Pradesh  ,71.88,honda,Activa,"₹346,197",2022,312,  Electric  ,95.41,Third,2022,active,Dealer,227205.55,METRO
  Tamil Nadu  ,16.56,TVS,Ronin,128822,2018,970,Hybrid,74.85,3rd,2023,Expired,Dealer,63493.15,Metro
Uttar Pradesh,79.4,Hero,Glamour,174807,2021,502,petrol,53.48,first owner,2021,not available,Dealer,133429.95,Tier 3
Delhi,47.8,honda,Unicorn,259385,2022,195,Electric,93.35,first owner,2022,Expired,Individual,197760.05,TIER 2
West Bengal,30.18,Bajaj,Dominar 400,143843,2022,332,HYBRID,65.55,3rd,2022,Active,dealer,86437.27,Tier 1
Maharashtra,32.05,Hero,HF Deluxe,174191,2017,292,Hybrid,70.26,3rd,2023,expired,Dealer,111118.16,Tier 2
Punjab,79.79,Honda,Activa,333201,2021,475,Petrol,59.15,SECOND,2022,Active,Individual,194521.81,Tier 1
Rajasthan,41.73,Yamaha,Fascino 125,"₹370,269",2017,726,Petrol,39.25,Second,2022,,Individual,206154.54,tier 2
Uttar Pradesh,26.56,KTM,Duke 200,138071,2018,627,Electric,73.47,,2022,active,  Individual  ,69045.04,Tier 1
Madhya Pradesh,19.99,  Royal Enfield  ,Meteor 350,64802,2018,107,ELECTRIC,81.27,,2024,  Not Available  ,Individual,28264.55,TIER 3
West Bengal,42.16,YAMAHA,FZ V3,351353,2024,259,Hybrid,81.25,SECOND,2024,not available,INDIVIDUAL,,Tier 2
punjab,43.16,  Bajaj  ,Avenger 220,317109,2024,894,  Hybrid  ,97.69,second owner,2024,Not Available,  Individual  ,235214.16,Tier 1
delhi,46.25,Hero,Passion Pro,135690,2022,743,Hybrid,69.18,THIRD,2023,Not Available,Dealer,88580.31,Tier 1
Maharashtra,20.26,Honda,Unicorn,112425,2018,799,HYBRID,67.88,Third,2023,Expired,Individual,63699.41,metro
PUNJAB,42.72,Royal Enfield,Hunter 350,86908,2015,869,Hybrid,81.3,second owner,2024,Not Available,INDIVIDUAL,49830.27,metro
  Rajasthan  ,17.26,TVS,Apache RTR 160,386863,2024,141,electric,86.95,3rd,2024,  Expired  ,dealer,275299.5,Tier 3
punjab,42.04,KTM,250 Duke,224792,2024,173,Electric,62.78,third owner,2024,  Not Available  ,  Dealer  ,150367.86,Metro
rajasthan,12.37,ktm,Duke 200,278881,2023,298,Petrol,35.77,2nd,2023,NOT AVAILABLE,DEALER,203228.28,Tier 2
  Maharashtra  ,9.32,Kawasaki,Ninja 400,215843,2024,187,Petrol,33.49,third owner,2024,Not Available,Dealer,150887.27,  Metro  
Delhi,10.51,tvs,NTorq 125,163565,2018,159,Electric,77.46,THIRD,2024,Expired,Individual,,Tier 2
West Bengal,69.48,Royal Enfield,Hunter 350,396841,2021,961,Petrol,32.91,2nd,2022,Expired,Dealer,193748.57,Tier 3
Punjab,8.18,KTM,125 Duke,130422,2017,295,HYBRID,89.68,,2021,  Active  ,  Dealer  ,72133.47,  Tier 1  
  Maharashtra  ,20.78,Royal Enfield,Himalayan,184389,2021,196,Hybrid,80.0,third owner,2022,Not Available,  Individual  ,77523.49,Tier 1
PUNJAB,52.67,Kawasaki,Vulcan S,213171,2023,281,Petrol,25.81,2nd,2023,NOT AVAILABLE,  Individual  ,110151.4,TIER 2
punjab,15.85,Royal Enfield,Interceptor 650,321065,2024,726,  Hybrid  ,93.66,Third,2024,  Not Available  ,Individual,157619.8,Tier 1
Rajasthan,22.45,Honda,Shine,66553,2023,479,HYBRID,85.9,second owner,2024,  Not Available  ,DEALER,49108.97,Tier 2
Maharashtra,73.76,Hero,HF Deluxe,355007,2021,440,Petrol,29.98,third owner,2023,Not Available,  Individual  ,159479.26,Metro
Rajasthan,16.83,Bajaj,Avenger 220,124862,2017,978,Electric,69.49,SECOND,2024,Active,Dealer,,  Metro  
Gujarat,27.16,Yamaha,R15 V4,178098,2018,663,Electric,74.26,Third,2022,active,Individual,75685.39,Metro
West Bengal,20.96,TVS,Jupiter,72626,2020,627,Petrol,31.9,third owner,2023,ACTIVE,Dealer,,TIER 2
Punjab,54.26,bajaj,CT 100,312038,2022,469,electric,72.53,second owner,2023,Active,  Dealer  ,175989.15,Tier 1
TAMIL NADU,28.74,  KTM  ,250 Duke,162793,2020,483,Petrol,,2nd,2023,Active,Dealer,129574.31,  Tier 1  
WEST BENGAL,7.69,kawasaki,Vulcan S,250026,2020,427,  Electric  ,84.49,third owner,2022,Expired,dealer,164760.99,  Tier 1  
  Madhya Pradesh  ,33.66,HERO,HF Deluxe,240644,2017,662,hybrid,99.46,3rd,2023,Active,Individual,191258.26,Tier 2
Delhi,45.29,Yamaha,MT-15,"₹147,700",2017,675,Petrol,38.21,THIRD,2023,Expired,individual,71458.76,Tier 1
Uttar Pradesh,36.04,yamaha,FZ V3,228789,2015,243,ELECTRIC,98.52,3rd,2021,Expired,  Dealer  ,135131.65,Tier 1
Madhya Pradesh,60.77,Royal Enfield,Interceptor 650,209077,2021,841,Hybrid,63.27,1st,2021,not available,DEALER,85652.06,Tier 1
Rajasthan,40.63,Royal Enfield,Meteor 350,263511,2023,693,Petrol,31.4,first owner,2023,Not Available,Dealer,116877.28,tier 1
Uttar Pradesh,27.77,TVS,Sport,135077,2022,195,Petrol,53.72,,2022,  Expired  ,DEALER,77300.14,METRO
  Tamil Nadu  ,21.45,  TVS  ,Ronin,136076,2019,718,HYBRID,80.8,Third,2022,Not Available,  Dealer  ,89558.89,METRO
Punjab,28.96,Royal Enfield,Hunter 350,104107,2024,991,electric,70.23,3rd,2024,  Not Available  ,Dealer,66203.62,Metro
Rajasthan,43.5,Hero,Splendor Plus,91738,2019,915,electric,72.24,Third,2023,Active,DEALER,66192.32,TIER 1
Uttar Pradesh,61.84,Honda,Unicorn,"₹154,017",2018,658,Electric,64.61,THIRD,2024,Expired,Individual,102667.97,Metro
TAMIL NADU,56.31,TVS,Apache RTR 160,83183,2021,562,Petrol,33.19,First,2021,Expired,DEALER,50018.25,tier 2
Rajasthan,53.74,KTM,390 Adventure,358274,2024,285,Petrol,,3rd,2024,NOT AVAILABLE,dealer,178812.37,Tier 2
RAJASTHAN,75.69,KAWASAKI,Vulcan S,218265,2022,355,ELECTRIC,79.65,,2022,NOT AVAILABLE,INDIVIDUAL,126601.75,metro
Uttar Pradesh,68.03,KTM,RC 390,366681,2024,820,Hybrid,60.35,3rd,2024,ACTIVE,Individual,252959.21,Tier 1
Delhi,10.51,tvs,NTorq 125,163565,2018,159,Electric,77.46,THIRD,2024,Expired,Individual,,Tier 2
Madhya Pradesh,29.63,Bajaj,CT 100,358096,2022,904,hybrid,65.39,SECOND,2024,ACTIVE,Individual,155809.04,  Tier 2  
tamil nadu,59.13,HERO,Passion Pro,199404,2023,621,Electric,83.74,1st,2023,Active,  Dealer  ,102133.48,metro
  Madhya Pradesh  ,60.85,  Yamaha  ,R15 V4,231263,2020,278,petrol,29.6,Third,2021,Not Available,Dealer,155235.86,Tier 2
  Punjab  ,57.01,  Royal Enfield  ,Classic 350,153018,2023,753,Petrol,,SECOND,2023,  Not Available  ,dealer,77143.69,tier 2
Gujarat,62.33,TVS,Sport,124320,2022,197,Hybrid,62.53,first owner,2022,EXPIRED,Individual,63755.73,TIER 2
Tamil Nadu,49.41,ktm,Duke 200,247982,2024,558,Electric,72.01,Third,2024,EXPIRED,DEALER,195543.29,Metro
  Maharashtra  ,29.52,Hero,Glamour,57065,2023,603,Petrol,45.18,third owner,2023,ACTIVE,  Dealer  ,45480.08,  Tier 3  
MADHYA PRADESH,11.34,KTM,250 Duke,"₹189,471",2015,908,electric,63.42,third owner,2022,Expired,  Dealer  ,91266.61,Metro
Punjab,17.11,  Bajaj  ,Pulsar 150,118374,2018,306,ELECTRIC,96.93,SECOND,2023,expired,DEALER,60418.6,tier 1
Rajasthan,51.81,  Kawasaki  ,Vulcan S,304953,2024,978,Electric,75.9,Second,2024,  Expired  ,Dealer,230969.6,Tier 1
Uttar Pradesh,72.87,Kawasaki,Ninja 400,99920,2023,764,Petrol,48.93,second owner,2023,Not Available,Dealer,72749.26,Tier 2
  Gujarat  ,50.71,TVS,Apache RTR 160,252780,2022,332,Electric,89.59,first owner,2022,Expired,INDIVIDUAL,163795.19,Metro
  Punjab  ,26.52,Hero,Passion Pro,212279,2020,285,Hybrid,95.34,THIRD,2021,ACTIVE,  Individual  ,101188.95,Tier 3
  Gujarat  ,25.74,Ktm,250 Duke,"₹390,523",2021,868,Petrol,42.62,1st,2021,Not Available,Dealer,219217.96,Tier 1
gujarat,70.29,Hero,Xtreme 160R,149990,2020,121,electric,92.83,,2021,Expired,  Individual  ,107244.6,metro
punjab,55.2,Hero,Glamour,65558,2024,619,HYBRID,80.95,SECOND,2024,EXPIRED,Dealer,,  Tier 1  
Karnataka,66.29,Hero,Glamour,177433,2019,955,petrol,46.91,second owner,2024,  Not Available  ,individual,93249.29,Tier 3
Punjab,70.35,kawasaki,Ninja 400,282418,2020,539,Hybrid,64.52,Third,2021,Not Available,dealer,176851.86,Tier 1
Rajasthan,24.33,ktm,125 Duke,52608,2024,393,  Petrol  ,27.51,THIRD,2024,Active,DEALER,33121.79,metro
Karnataka,13.56,ROYAL ENFIELD,Classic 350,397512,2023,504,ELECTRIC,76.51,first owner,2023,  Not Available  ,  Individual  ,196229.33,Tier 3
uttar pradesh,53.0,Hero,Splendor Plus,122572,2023,532,Hybrid,71.71,First,2023,active,Individual,65131.18,Tier 1
karnataka,41.21,Royal Enfield,Interceptor 650,263601,2018,330,Hybrid,70.16,third owner,2022,expired,  Individual  ,205115.11,metro
maharashtra,28.47,tvs,Ronin,185271,2021,313,HYBRID,94.06,Second,2021,Active,Individual,125024.26,METRO
TAMIL NADU,28.6,KTM,250 Duke,101456,2024,143,Hybrid,,2nd,2024,Not Available,INDIVIDUAL,49809.01,tier 1
Rajasthan,41.73,KTM,Duke 200,320038,2024,840,Petrol,58.57,FIRST,2024,active,Individual,205650.98,tier 3
punjab,56.05,KTM,250 Duke,153025,2017,494,  Petrol  ,59.66,second owner,2024,  Active  ,Dealer,64655.82,Metro
MADHYA PRADESH,49.7,Hero,HF Deluxe,346104,2023,378,electric,79.93,2nd,2023,Active,  Dealer  ,145699.80300121297,  Tier 1  
West Bengal,12.59,Kawasaki,Z650,62164,2022,329,PETROL,38.04,first owner,2022,ACTIVE,Dealer,32889.76,tier 1
Gujarat,53.35,ROYAL ENFIELD,Classic 350,312290,2022,531,Hybrid,64.52,First,2022,NOT AVAILABLE,INDIVIDUAL,210885.21,metro
Maharashtra,42.54,Kawasaki,Ninja 300,335774,2020,145,Hybrid,96.38,2nd,2022,Not Available,Individual,260284.53,tier 2
Karnataka,33.14,honda,Shine,327975,2024,764,Hybrid,72.79,THIRD,2024,Active,individual,154697.8,METRO
Rajasthan,54.63,HERO,Xtreme 160R,342272,2022,871,HYBRID,76.33,1st,2022,Active,Individual,237064.35,  Metro  
Rajasthan,55.68,KAWASAKI,Versys 650,65800,2019,861,Hybrid,81.51,Second,2023,,Dealer,43802.86,tier 3
karnataka,72.78,Royal Enfield,Hunter 350,54509,2024,342,HYBRID,86.17,SECOND,2024,ACTIVE,Individual,31758.96,Tier 3
tamil nadu,65.04,KTM,250 Duke,238615,2022,635,HYBRID,84.09,THIRD,2024,Not Available,Dealer,125541.25,Metro
  Delhi  ,47.75,YAMAHA,R15 V4,211321,2019,291,electric,71.35,3rd,2022,Active,  Dealer  ,106979.26,Tier 2
delhi,72.6,Kawasaki,Ninja 300,310721,2018,634,Electric,95.97,second owner,2021,Active,Individual,155068.13,tier 2
Karnataka,35.43,YAMAHA,R15 V4,233178,2022,227,Electric,94.07,Second,2022,,individual,137787.80896865562,  Tier 1  
Punjab,15.71,  Hero  ,Splendor Plus,201335,2019,358,Hybrid,69.85,Third,2024,active,Individual,114782.2,Tier 2
Gujarat,56.7,Royal Enfield,Classic 350,388057,2023,485,  Electric  ,83.64,third owner,2023,Not Available,Individual,156725.91,Tier 3
rajasthan,79.5,  TVS  ,NTorq 125,70841,2022,860,Petrol,28.26,First,2022,Active,Dealer,39920.97,Tier 1
Punjab,34.38,HERO,Xtreme 160R,305268,2022,972,Electric,86.76,1st,2022,Expired,DEALER,128402.9,Tier 2
West Bengal,29.73,ROYAL ENFIELD,Meteor 350,327137,2015,663,Electric,60.82,second owner,2022,  Not Available  ,Dealer,234501.13,Tier 3
TAMIL NADU,52.07,hero,Splendor Plus,331259,2020,774,  Petrol  ,42.13,SECOND,2022,EXPIRED,DEALER,133030.29,Metro
Rajasthan,18.18,ktm,125 Duke,107346,2022,922,  Hybrid  ,82.7,Second,2023,Active,Individual,83176.15,metro
Rajasthan,43.18,TVS,Ronin,391793,2023,205,PETROL,32.63,2nd,2023,  Active  ,dealer,205730.98,Tier 1
West Bengal,42.6,  Hero  ,Xtreme 160R,293634,2024,457,petrol,29.33,first owner,2024,EXPIRED,Dealer,137071.36,Tier 2
  Tamil Nadu  ,19.04,Honda,Unicorn,264120,2022,501,Hybrid,,first owner,2022,  Expired  ,dealer,112672.63,Tier 3
  Punjab  ,61.3,Kawasaki,Z650,138772,2015,361,PETROL,49.29,SECOND,2021,Not Available,  Dealer  ,91501.65,  Metro  
madhya pradesh,53.62,KTM,125 Duke,290075,2018,712,Hybrid,95.36,SECOND,2024,Expired,Individual,165107.01,Tier 1
Tamil Nadu,57.99,Ktm,Duke 200,209268,2023,830,  Hybrid  ,61.49,First,2023,Not Available,INDIVIDUAL,90998.96,metro
DELHI,61.55,Honda,Shine,375703,2024,607,Electric,81.25,THIRD,2024,  Expired  ,Dealer,198704.47,Tier 1
WEST BENGAL,76.3,Royal Enfield,Interceptor 650,54714,2024,335,Petrol,34.2,THIRD,2024,Expired,Dealer,25835.28,Tier 2
PUNJAB,63.7,  Yamaha  ,R15 V4,288047,2024,368,ELECTRIC,,first owner,2024,,Individual,126748.18,Tier 2
Gujarat,28.65,KTM,RC 390,349453,2022,755,  Electric  ,85.45,second owner,2024,Active,DEALER,256457.96,Tier 1
  Rajasthan  ,74.88,TVS,Ronin,287680,2015,280,Hybrid,65.52,Second,2021,Expired,individual,134027.85,Metro
  West Bengal  ,73.55,Yamaha,R15 V4,303244,2020,703,hybrid,80.26,THIRD,2022,expired,Dealer,223178.62,Tier 3
Maharashtra,75.35,Yamaha,FZ V3,309828,2023,177,HYBRID,73.83,1st,2023,Not Available,Individual,233509.21,Tier 3
WEST BENGAL,27.84,TVS,NTorq 125,319665,2016,406,ELECTRIC,,THIRD,2023,  Expired  ,Dealer,212459.89,tier 1
GUJARAT,40.77,royal enfield,Hunter 350,261852,2023,927,Petrol,57.53,1st,2023,  Expired  ,Dealer,142501.64,Tier 3
Karnataka,58.91,bajaj,Platina 110,92770,2016,164,Petrol,30.52,THIRD,2024,,Individual,49632.3,Tier 1
Gujarat,30.8,KTM,250 Duke,162928,2024,208,electric,94.06,first owner,2024,Active,individual,67710.19,TIER 3
Karnataka,76.88,  Bajaj  ,Dominar 400,394588,2018,168,  Petrol  ,47.77,3rd,2022,Expired,Dealer,244142.16,tier 2
Maharashtra,68.15,honda,Unicorn,"₹227,573",2020,159,PETROL,40.44,THIRD,2022,Expired,  Dealer  ,153237.75,Tier 1
delhi,69.36,TVS,Jupiter,84431,2023,436,Petrol,31.91,first owner,2023,Active,  Dealer  ,61279.18,Tier 2
Madhya Pradesh,73.97,  Yamaha  ,Fascino 125,209111,2024,520,Hybrid,99.54,Second,2024,Active,Dealer,89354.12,metro
Punjab,38.45,BAJAJ,Pulsar 150,195028,2023,270,Electric,67.59,FIRST,2023,Active,Individual,147655.92,Metro
Uttar Pradesh,27.72,HONDA,Unicorn,191343,2023,350,Electric,88.44,first owner,2023,  Active  ,Dealer,131732.64,Tier 1
Gujarat,9.0,TVS,Ronin,83992,2018,780,  Hybrid  ,75.55,3rd,2022,Active,Individual,56666.45,METRO
  Tamil Nadu  ,11.79,  Kawasaki  ,Vulcan S,362683,2020,606,Hybrid,64.33,Second,2021,Not Available,dealer,227928.6,METRO
  Rajasthan  ,68.86,  KTM  ,390 Adventure,224387,2023,281,electric,66.43,3rd,2024,Active,individual,,TIER 2
West Bengal,50.01,honda,Shine,105641,2022,802,  Electric  ,75.61,First,2022,  Expired  ,Individual,58243.86,Tier 3
Delhi,18.49,HERO,Xtreme 160R,163643,2024,562,Petrol,46.61,First,2024,active,  Individual  ,95656.96,TIER 1
Gujarat,67.88,kawasaki,Ninja 400,355313,2016,579,hybrid,70.56,third owner,2022,  Active  ,Dealer,275305.59,metro
  Delhi  ,71.0,Tvs,NTorq 125,"₹178,749",2022,178,Hybrid,87.92,THIRD,2024,Active,Dealer,127616.22,Tier 3
Madhya Pradesh,59.15,Yamaha,FZ V3,101558,2020,388,Electric,92.33,2nd,2023,  Active  ,Individual,63455.91,  Tier 1  
PUNJAB,68.48,  Bajaj  ,Pulsar 150,80136,2015,281,Electric,64.78,second owner,2023,Active,Individual,44420.7,  Metro  
Uttar Pradesh,52.72,Bajaj,Avenger 220,276653,2021,962,Petrol,39.15,third owner,2023,Active,Individual,169717.77,metro
Madhya Pradesh,73.46,Tvs,NTorq 125,382858,2021,543,Electric,81.01,1st,2021,not available,dealer,236216.63,Tier 3
Uttar Pradesh,37.68,KTM,Duke 200,241615,2017,166,ELECTRIC,64.07,SECOND,2024,Active,Dealer,182401.05,  Tier 2  
Maharashtra,9.99,Hero,Splendor Plus,145310,2022,453,HYBRID,,1st,2022,Active,Individual,76373.98,TIER 2
Uttar Pradesh,16.84,Kawasaki,Z650,316793,2024,852,Electric,98.03,SECOND,2024,Expired,Dealer,181480.11,  Metro  
MAHARASHTRA,53.72,Yamaha,FZ V3,132018,2024,152,  Hybrid  ,87.61,First,2024,expired,Individual,66057.63,tier 3
  West Bengal  ,60.69,Bajaj,Dominar 400,262524,2022,848,Hybrid,85.47,1st,2022,Not Available,Individual,136938.55,Tier 3
Karnataka,68.01,honda,CBR 650R,264999,2021,663,Electric,77.01,3rd,2023,EXPIRED,  Dealer  ,109885.29,tier 2
Delhi,15.03,Ktm,Duke 200,274473,2021,572,Petrol,57.64,2nd,2022,Not Available,Dealer,173135.53,Tier 1
  Madhya Pradesh  ,23.86,  Honda  ,Dio,241799,2021,764,  Hybrid  ,65.11,1st,2021,expired,  Dealer  ,107006.88,tier 1
West Bengal,73.62,  Hero  ,Passion Pro,69351,2019,687,hybrid,81.99,,2022,ACTIVE,individual,52788.11,  Tier 3  
Tamil Nadu,58.44,Bajaj,Avenger 220,70357,2023,886,  Hybrid  ,64.25,third owner,2023,Expired,Individual,30716.93,Tier 1
tamil nadu,32.8,Hero,HF Deluxe,120218,2023,100,Hybrid,64.98,Third,2024,Not Available,INDIVIDUAL,59869.9,metro
rajasthan,71.18,Hero,Splendor Plus,117069,2015.0,664,Electric,63.8,Second,2022,Active,  Individual  ,88229.98193284536,Tier 1
Punjab,44.86,Royal Enfield,Classic 350,372609,2022,703,Petrol,46.86,first owner,2022,Active,dealer,261973.89,Metro
Karnataka,57.85,Hero,Splendor Plus,319127,2020,814,electric,89.58,third owner,2021,not available,Dealer,250361.87,  Tier 2  
PUNJAB,65.89,ktm,Duke 200,111138,2023,163,Petrol,56.12,third owner,2024,Active,Dealer,81721.97,TIER 3
Karnataka,16.66,  Kawasaki  ,Ninja 400,247471,2018,196,Electric,83.39,Second,2024,Not Available,Dealer,,Tier 2
Gujarat,69.71,Honda,Shine,170725,2022,674,PETROL,25.24,THIRD,2024,Expired,Dealer,78975.61,  Tier 2  
Uttar Pradesh,43.38,honda,Unicorn,279578,2019,569,Electric,77.91,Third,2024,Active,Individual,128730.91,TIER 2
Maharashtra,39.25,Hero,Glamour,224434,2022,154,Petrol,25.49,1st,2022,ACTIVE,  Individual  ,142699.25,Tier 2
Maharashtra,10.21,Kawasaki,Vulcan S,67957,2022,598,  Electric  ,88.87,second owner,2022,,Individual,39119.53,Tier 1
Delhi,7.9,Hero,Xtreme 160R,118098,2022,440,  Petrol  ,33.47,SECOND,2023,Expired,Dealer,55226.71,TIER 2
DELHI,46.56,Bajaj,Dominar 400,251927,2023,430,Hybrid,60.03,Third,2024,Not Available,Dealer,134118.79,Tier 3
MAHARASHTRA,56.94,Royal Enfield,Meteor 350,310964,2017,435,Electric,95.61,Third,2024,Expired,INDIVIDUAL,,  Tier 1  
Madhya Pradesh,57.5,yamaha,Ray ZR,59308,2023,620,Electric,97.66,2nd,2023,expired,DEALER,37421.84,  Tier 3  
Punjab,78.63,KTM,390 Adventure,145538,2022,330,Electric,89.76,,2023,,  Dealer  ,103908.96,tier 2
Maharashtra,67.92,HONDA,CBR 650R,215879,2024,426,Petrol,42.26,3rd,2024,EXPIRED,INDIVIDUAL,131059.16,metro
Punjab,25.58,Royal Enfield,Classic 350,310047,2021,348,petrol,57.44,third owner,2021,Not Available,individual,158431.59,tier 3
Madhya Pradesh,58.13,royal enfield,Interceptor 650,318464,2021,457,electric,75.89,FIRST,2021,Not Available,Individual,238971.12,Tier 3
  Tamil Nadu  ,6.57,TVS,Apache RTR 160,248772,2021,239,  Electric  ,62.73,,2024,Active,Individual,189239.79,Tier 1
Karnataka,64.35,Yamaha,R15 V4,142375,2022,789,Hybrid,70.07,FIRST,2022,ACTIVE,  Dealer  ,77767.88,Tier 1
Maharashtra,77.3,Royal Enfield,Classic 350,92777,2018,266,  Hybrid  ,61.25,second owner,2021,  Not Available  ,  Dealer  ,39075.6,Tier 2
Punjab,69.9,Yamaha,Fascino 125,382749,2018,923,  Hybrid  ,70.1,,2021,expired,  Individual  ,299476.39,  Tier 3  
  Rajasthan  ,68.98,Honda,Dio,301614,2019,879,petrol,48.61,THIRD,2022,not available,Individual,157434.96,TIER 1
DELHI,60.76,Kawasaki,Versys 650,234759,2021,927,Hybrid,95.47,2nd,2023,  Expired  ,Individual,136345.18,TIER 1
  Maharashtra  ,72.63,KTM,125 Duke,117789,2023,419,petrol,56.34,Second,2024,  Active  ,Dealer,64092.5,Metro
Tamil Nadu,71.26,KAWASAKI,Versys 650,320758,2022,776,Electric,74.44,first owner,2022,Active,INDIVIDUAL,203505.2,tier 3
delhi,48.25,KAWASAKI,Z650,272158,2016,767,Hybrid,92.49,second owner,2022,Expired,  Individual  ,207782.81,Metro
punjab,34.0,Hero,Xtreme 160R,175304,2019,662,  Hybrid  ,68.86,THIRD,2021,Active,Dealer,131386.16,Metro
GUJARAT,21.07,Yamaha,Ray ZR,148270,2019,281,electric,78.02,SECOND,2023,Not Available,Individual,81821.32,Tier 2
tamil nadu,63.46,Hero,Passion Pro,254700,2023,657,hybrid,72.03,third owner,2024,Expired,Dealer,202347.68,TIER 1
  Rajasthan  ,53.64,Hero,Xtreme 160R,376221,2022,535,hybrid,74.36,1st,2022,ACTIVE,  Individual  ,209920.1,Tier 1
  Karnataka  ,74.99,  Royal Enfield  ,Meteor 350,93059,2023,455,ELECTRIC,77.79,First,2023,NOT AVAILABLE,individual,47094.56,Tier 2
  West Bengal  ,62.32,Yamaha,FZ V3,167120,2020,396,Petrol,25.96,2nd,2024,expired,Individual,112931.3,TIER 1
Rajasthan,59.11,Yamaha,R15 V4,150570,2018,658,Hybrid,86.99,3rd,2023,Not Available,INDIVIDUAL,61241.8,Metro
Maharashtra,60.6,Kawasaki,Ninja 400,343338,2015,212,Petrol,52.03,2nd,2022,active,DEALER,204239.69,  Metro  
Maharashtra,33.73,Royal Enfield,Classic 350,110118,2023,659,Hybrid,62.35,First,2023,NOT AVAILABLE,Individual,64995.49,TIER 2
Madhya Pradesh,12.93,yamaha,Ray ZR,139497,2022,116,Petrol,50.23,,2024,Not Available,dealer,91520.83,Metro
rajasthan,65.59,hero,Glamour,242153,2018,119,ELECTRIC,75.29,THIRD,2022,Active,DEALER,168665.55,TIER 3
Gujarat,70.73,Kawasaki,Z650,170476,2024,499,  Electric  ,73.85,1st,2024,ACTIVE,Dealer,69028.2,Tier 3
  Punjab  ,59.31,  Bajaj  ,Avenger 220,76790,2023,509,petrol,29.3,Second,2023,expired,Individual,,Metro
madhya pradesh,75.6,  Bajaj  ,Dominar 400,105988,2021,820,HYBRID,92.3,Second,2023,Active,DEALER,,Tier 3
MAHARASHTRA,60.1,Royal Enfield,Meteor 350,89096,2022,470,Electric,90.99,THIRD,2024,Not Available,Dealer,39929.3,tier 2
  Madhya Pradesh  ,6.2,  Kawasaki  ,Ninja 400,68911,2020,305,Petrol,,,2024,,dealer,51703.32,tier 2
West Bengal,10.22,yamaha,MT-15,321757,2015,800,Hybrid,61.26,second owner,2023,  Active  ,dealer,146681.07,Metro
Gujarat,10.42,Kawasaki,Vulcan S,161376,2022,907,Petrol,34.93,First,2022,Active,DEALER,95123.87,TIER 2
gujarat,11.14,ROYAL ENFIELD,Hunter 350,322755,2023,540,petrol,34.71,THIRD,2023,not available,Individual,133052.66,  Tier 3  
Maharashtra,25.85,YAMAHA,Ray ZR,397114,2021,748,  Petrol  ,29.49,second owner,2023,Active,dealer,168734.2,Tier 3
West Bengal,58.16,Yamaha,Fascino 125,263406,2021,924,Electric,96.11,SECOND,2022,Not Available,Individual,117006.97,Tier 2
Rajasthan,79.0,KTM,390 Adventure,71253,2020,652,hybrid,63.97,third owner,2022,  Active  ,Dealer,42173.59,METRO
delhi,15.1,Kawasaki,Ninja 300,218462,2023,287,Electric,91.81,FIRST,2023,Expired,Dealer,162055.98,Tier 1
delhi,47.03,TVS,NTorq 125,104485,2023,845,PETROL,48.03,Second,2023,NOT AVAILABLE,Dealer,77850.7,TIER 3
  Rajasthan  ,54.49,  Bajaj  ,Dominar 400,331783,2022,742,  Hybrid  ,83.72,,2023,NOT AVAILABLE,Individual,209290.49,Tier 3
maharashtra,-5.0,Hero,Passion Pro,347012,2022,399,Electric,96.55,1st,2022,Expired,Individual,183799.93,  Tier 1  
Uttar Pradesh,32.44,Bajaj,Avenger 220,212967,2017,530,  Hybrid  ,63.17,SECOND,2021,expired,individual,168372.08,Tier 3
maharashtra,5.53,TVS,Sport,166363,2023,547,Petrol,32.84,,2023,  Not Available  ,Dealer,88778.75038999016,Tier 2
Gujarat,31.87,hero,Passion Pro,344789,2023,581,Hybrid,89.47,First,2023,Active,Individual,,Tier 3
UTTAR PRADESH,55.95,ROYAL ENFIELD,Interceptor 650,256636,2015,361,Hybrid,96.61,,2021,Not Available,Individual,159064.04,TIER 2
uttar pradesh,71.82,TVS,Jupiter,63410,2022,238,Electric,94.38,Second,2024,Not Available,Individual,48262.94,  Metro  
  Madhya Pradesh  ,48.57,kawasaki,Ninja 300,112786,2017,574,electric,97.32,Second,2021,Not Available,Individual,49650.53,Tier 3
rajasthan,73.57,tvs,Apache RTR 160,379646,2017,934,Electric,96.97,SECOND,2023,  Active  ,Individual,,Tier 3
Maharashtra,73.38,Honda,Unicorn,94641,2021,208,petrol,37.57,3rd,2024,Not Available,individual,38155.35,Metro
Madhya Pradesh,67.61,  Bajaj  ,Dominar 400,204165,2021,957,Petrol,42.78,Third,2021,Expired,Dealer,118632.94,Metro
Delhi,7.59,HERO,Passion Pro,86203,2018,372,HYBRID,91.81,Third,2022,  Not Available  ,Individual,65575.26,tier 1
  Karnataka  ,69.57,TVS,Jupiter,236518,2024,708,Hybrid,86.76,second owner,2024,  Not Available  ,Dealer,164369.1,  Tier 2  
west bengal,10.98,TVS,Sport,272377,2021,536,Electric,88.46,Third,2021,Not Available,Individual,194324.61,Metro
MAHARASHTRA,9.93,Bajaj,Pulsar 150,395595,2022,402,Hybrid,,1st,2022,Not Available,Individual,223247.97,Tier 1
  Karnataka  ,74.78,KTM,390 Adventure,85417,2023,713,  Electric  ,79.23,Third,2023,  Active  ,individual,59201.98,tier 1
Delhi,79.27,  Kawasaki  ,Versys 650,278886,2022,620,HYBRID,79.49,FIRST,2022,,dealer,149827.63,Tier 2
Karnataka,7.47,bajaj,Platina 110,298191,2023,512,Electric,95.54,,2023,Expired,INDIVIDUAL,233255.69,Tier 1
Madhya Pradesh,25.63,BAJAJ,Dominar 400,109109,2023,133,electric,71.54,2nd,2023,  Not Available  ,individual,68500.14,METRO
  Maharashtra  ,43.78,  Hero  ,Splendor Plus,163743,2024,694,HYBRID,85.56,1st,2024,Not Available,  Dealer  ,,Metro
Gujarat,29.22,Kawasaki,Versys 650,361399,2019,564,Petrol,53.86,THIRD,2022,Active,Individual,285096.26,Metro
Maharashtra,18.13,  Royal Enfield  ,Interceptor 650,377347,2016,235,Hybrid,77.1,,2024,EXPIRED,dealer,159174.18,tier 2
rajasthan,56.62,Honda,Unicorn,360610,2017,108,petrol,56.6,SECOND,2022,active,Dealer,172757.5,METRO
  Punjab  ,78.82,  Yamaha  ,R15 V4,307457,2022,977,Electric,72.83,1st,2022,Expired,dealer,196857.11,Tier 1
Punjab,67.64,Kawasaki,Ninja 400,386425,2024,445,  Hybrid  ,,First,2024,  Active  ,Dealer,217305.94,Tier 2
Karnataka,46.06,Royal Enfield,Hunter 350,130627,2022,170,  Hybrid  ,92.34,3rd,2022,Expired,Individual,68418.86,Tier 2
Tamil Nadu,46.7,ktm,RC 390,195728,2019,901,Petrol,32.83,2nd,2024,NOT AVAILABLE,Individual,112931.96,Metro
Punjab,51.41,KTM,125 Duke,346339,2022,862,Petrol,28.5,,2022,not available,Individual,145629.79,Tier 1
tamil nadu,40.23,Bajaj,CT 100,329671,2015,901,Petrol,,third owner,2024,Active,Dealer,137417.28,Tier 1
Karnataka,75.43,  Hero  ,Passion Pro,361694,2021,888,Hybrid,97.31,Third,2023,Expired,dealer,257936.44,Tier 2
Punjab,64.73,KTM,390 Adventure,126256,2018,625,Electric,80.32,2nd,2022,active,  Individual  ,64211.62,Tier 3
RAJASTHAN,76.73,yamaha,Ray ZR,258947,2021,887,Petrol,47.19,first owner,2021,Expired,dealer,187823.57,  Tier 2  
TAMIL NADU,26.21,Yamaha,Fascino 125,183511,2024,927,Electric,95.67,FIRST,2024,EXPIRED,  Dealer  ,115005.22,Tier 3
Maharashtra,74.2,Kawasaki,Ninja 400,208794,2016,709,ELECTRIC,72.59,,2022,Not Available,Dealer,145984.03,Tier 1
Tamil Nadu,36.47,honda,Unicorn,341458,2024,132,Electric,76.02,Third,2024,NOT AVAILABLE,Individual,212331.78,Tier 1
west bengal,35.23,Hero,Glamour,338315,2016,619,PETROL,59.58,Second,2022,not available,Individual,207073.21,tier 3
delhi,34.26,KTM,250 Duke,75803,2024,649,ELECTRIC,70.94,First,2024,Expired,Individual,50567.39,TIER 3
Rajasthan,14.17,KAWASAKI,Z650,232902,2023,399,electric,70.88,Second,2023,ACTIVE,Individual,177087.52,tier 1
  Punjab  ,79.84,bajaj,Avenger 220,390717,2023,564,  Electric  ,89.2,1st,2023,active,Dealer,209567.77,Tier 1
  Uttar Pradesh  ,60.59,ktm,390 Adventure,76947,2017,898,  Hybrid  ,80.01,2nd,2023,  Expired  ,Dealer,38569.49,Tier 2
west bengal,28.28,HONDA,Shine,137458,2024,405,Hybrid,82.45,second owner,2024,Active,Dealer,88382.99,  Metro  
maharashtra,24.24,TVS,Apache RTR 160,99005,2019,407,Hybrid,88.25,third owner,2022,not available,Individual,61325.13,Tier 3
UTTAR PRADESH,27.4,Hero,Splendor Plus,362198,2023,774,  Electric  ,62.15,SECOND,2024,Active,INDIVIDUAL,191120.67,Tier 1
Uttar Pradesh,39.51,Yamaha,Ray ZR,264332,2024,865,Hybrid,64.94,,2024,ACTIVE,INDIVIDUAL,173501.8,Metro
Tamil Nadu,7.07,Hero,Passion Pro,224777,2021,724,ELECTRIC,94.63,third owner,2023,Not Available,Dealer,113325.31,METRO
MAHARASHTRA,70.54,Hero,Xtreme 160R,339286,2021,201,PETROL,49.33,,2023,Expired,  Dealer  ,183497.96,TIER 3
West Bengal,53.84,  Bajaj  ,Platina 110,336423,2017,431,Petrol,33.01,3rd,2022,Expired,Dealer,255895.78,  Tier 2  
Rajasthan,44.51,yamaha,R15 V4,149795,2023.0,707,Electric,76.53,second owner,2023,Not Available,Individual,,Tier 3
Punjab,40.84,  Kawasaki  ,Ninja 300,223813,2022,969,ELECTRIC,85.74,first owner,2022,EXPIRED,INDIVIDUAL,113192.20306247918,Metro
Punjab,75.01,Kawasaki,Ninja 300,312146,2019,114,ELECTRIC,85.42,second owner,2024,Not Available,  Individual  ,149710.03,TIER 2
Delhi,31.31,  TVS  ,NTorq 125,356569,2021,619,  Electric  ,73.78,FIRST,2021,Expired,Dealer,284160.17,metro
  Punjab  ,18.74,honda,Activa,319197,2023,313,Petrol,42.83,Third,2024,Expired,  Dealer  ,137021.42,Metro
Karnataka,38.76,Ktm,RC 390,268301,2023,350,  Electric  ,72.56,first owner,2023,  Expired  ,DEALER,122697.86,Tier 2
west bengal,71.25,  Yamaha  ,Ray ZR,390906,2023,392,Electric,99.76,first owner,2023,  Not Available  ,Individual,184665.68646125,Tier 3
Maharashtra,75.43,Yamaha,Fascino 125,137307,2019,744,Electric,81.66,Third,2021,ACTIVE,Dealer,83586.62,Tier 1
  Uttar Pradesh  ,40.48,Tvs,Ronin,335893,2023,402,Electric,,2nd,2024,  Expired  ,Dealer,163013.56,Tier 1
Punjab,13.05,ROYAL ENFIELD,Himalayan,100801,2021,240,Petrol,48.23,first owner,2021,,DEALER,44237.9,Tier 1
delhi,34.81,HERO,HF Deluxe,"₹162,174",2022,0,Petrol,25.24,2nd,2024,Active,Individual,69469.79,TIER 1
Maharashtra,46.56,  Royal Enfield  ,Interceptor 650,127554,2017,318,Hybrid,92.44,Second,2024,ACTIVE,Individual,87930.5,Tier 2
Madhya Pradesh,17.63,Yamaha,FZ V3,314731,2023,615,Electric,75.71,3rd,2023,active,INDIVIDUAL,214097.21,TIER 3
GUJARAT,41.42,Hero,Xtreme 160R,131342,2016,865,hybrid,96.3,third owner,2021,,DEALER,82914.48,Tier 2
UTTAR PRADESH,72.65,  Kawasaki  ,Z650,189904,2018,759,  Petrol  ,39.09,second owner,2024,  Expired  ,Dealer,135973.04,TIER 3
Maharashtra,50.01,royal enfield,Himalayan,146416,2020,550,HYBRID,93.09,2nd,2023,  Not Available  ,  Individual  ,75852.98,Tier 2
uttar pradesh,79.79,Yamaha,FZ V3,361957,2024,392,Electric,82.54,SECOND,2024,Expired,Dealer,180415.07,metro
rajasthan,33.04,  Bajaj  ,Platina 110,331055,2022,622,Petrol,57.1,FIRST,2022,Active,Dealer,252288.1,tier 1
RAJASTHAN,61.35,Kawasaki,Ninja 400,56493,2022,973,Petrol,39.99,1st,2022,not available,Individual,44614.73,Tier 1
UTTAR PRADESH,61.91,  Yamaha  ,FZ V3,126427,2018,967,hybrid,60.54,third owner,2024,EXPIRED,  Dealer  ,97876.63,METRO
Uttar Pradesh,16.36,KTM,390 Adventure,336425,2021,537,Hybrid,66.93,,2021,NOT AVAILABLE,  Individual  ,136795.57,tier 1
MAHARASHTRA,53.47,Royal Enfield,Classic 350,225089,2022,919,Petrol,29.8,2nd,2023,NOT AVAILABLE,Individual,108602.87,  Tier 2  
punjab,76.44,Hero,Splendor Plus,322201,2024,132,Hybrid,69.35,First,2024,Not Available,individual,230299.58,Tier 3
uttar pradesh,30.9,KAWASAKI,Z650,305083,2015,777,  Petrol  ,,third owner,2024,ACTIVE,Individual,133368.88,TIER 1
Maharashtra,38.26,Royal Enfield,Himalayan,235982,2020,794,Petrol,27.78,Third,2024,ACTIVE,individual,169601.78850284385,Tier 1
Gujarat,31.27,BAJAJ,Avenger 220,297771,2015,402,ELECTRIC,64.88,3rd,2024,Active,DEALER,,Metro
  Tamil Nadu  ,48.7,Honda,CBR 650R,108898,2020,867,Hybrid,76.18,2nd,2021,Expired,Dealer,66972.25,tier 1
West Bengal,24.98,kawasaki,Ninja 300,"₹320,581",2021,387,Electric,93.96,first owner,2021,expired,Dealer,,Metro
punjab,10.55,KTM,390 Adventure,182510,2022,795,  Petrol  ,42.23,3rd,2022,not available,Individual,128478.46,Metro
Karnataka,20.25,Yamaha,R15 V4,97147,2022,684,  Electric  ,97.91,first owner,2022,expired,Dealer,57787.32,Tier 3
Delhi,33.14,TVS,Ronin,174611,2023,353,PETROL,35.42,third owner,2024,  Not Available  ,Individual,128154.49,TIER 2
  Delhi  ,71.87,KTM,Duke 200,92084,2019,775,Electric,61.86,2nd,2021,NOT AVAILABLE,DEALER,46963.83,tier 2
WEST BENGAL,30.29,HONDA,Dio,"₹124,469",2021,468,Electric,94.5,Third,2022,NOT AVAILABLE,Dealer,74726.87,metro
Gujarat,61.0,KTM,250 Duke,67061,2023,174,Electric,82.99,,2024,Expired,Individual,49580.55,METRO
Maharashtra,70.45,  Yamaha  ,Ray ZR,150687,2016,661,  Hybrid  ,68.89,second owner,2023,active,Individual,103311.37,Tier 1
UTTAR PRADESH,33.33,KTM,RC 390,253552,2016,100,Petrol,35.31,third owner,2023,Not Available,Individual,123681.76,TIER 3
  Uttar Pradesh  ,26.07,Royal Enfield,Classic 350,91302,2022,302,Petrol,28.95,First,2022,Active,individual,46482.34,  Tier 3  
WEST BENGAL,38.73,Kawasaki,Ninja 400,115000,2024,899,Electric,99.07,2nd,2024,Expired,INDIVIDUAL,80373.93,  Metro  
Punjab,12.45,  Hero  ,Glamour,203903,2015,145,Petrol,54.83,2nd,2024,Expired,Individual,93298.77,Tier 2
  Karnataka  ,21.37,  Hero  ,Passion Pro,289898,2024,127,HYBRID,,1st,2024,active,  Dealer  ,195551.6,tier 2
Rajasthan,30.63,BAJAJ,CT 100,114101,2022,591,Hybrid,67.01,first owner,2022,Not Available,Individual,57381.99,Tier 3
Uttar Pradesh,48.73,  Yamaha  ,Fascino 125,338831,2022,166,Electric,87.17,2nd,2023,Not Available,Dealer,196061.24,Tier 1
Delhi,72.45,  Bajaj  ,Avenger 220,388846,2023,440,Petrol,40.94,third owner,2023,Active,Dealer,170095.98,  Tier 2  
Punjab,26.56,Bajaj,Avenger 220,"₹262,133",2017,326,ELECTRIC,91.89,2nd,2021,active,dealer,157871.21,Tier 3
Madhya Pradesh,27.35,Royal Enfield,Himalayan,266652,2022,936,  Electric  ,77.38,THIRD,2023,Active,dealer,168152.38,Metro
West Bengal,66.43,  Royal Enfield  ,Interceptor 650,176865,2023,0,Hybrid,92.35,THIRD,2024,expired,  Dealer  ,96885.24,Tier 3
Punjab,40.84,  Kawasaki  ,Ninja 300,223813,2022,969,ELECTRIC,85.74,first owner,2022,EXPIRED,INDIVIDUAL,115010.93,Metro
Rajasthan,77.92,Bajaj,Pulsar 150,242466,2023,473,hybrid,60.61,SECOND,2023,not available,Dealer,146867.13,Tier 2
Maharashtra,41.07,yamaha,R15 V4,179907,2023,411,Electric,70.75,1st,2023,NOT AVAILABLE,individual,104036.71,Tier 3
Punjab,48.48,Honda,Unicorn,116354,2022,486,Petrol,38.37,SECOND,2023,Expired,Dealer,91784.92,Tier 1
Tamil Nadu,46.01,Honda,Shine,329546,2022,677,ELECTRIC,76.87,First,2022,,  Dealer  ,208946.91,Tier 3
  Tamil Nadu  ,66.55,  Bajaj  ,Pulsar 150,107788,2017,146,PETROL,44.11,2nd,2022,Active,Individual,50260.86,  Metro  
Karnataka,25.84,hero,Splendor Plus,"₹397,125",2020,419,Hybrid,96.79,3rd,2023,  Expired  ,Individual,190208.73,Tier 2
West Bengal,24.69,Bajaj,CT 100,77086,2024,716,hybrid,91.08,third owner,2024,NOT AVAILABLE,Individual,38270.77,  Tier 2  
PUNJAB,72.28,BAJAJ,Avenger 220,163217,2023,744,Petrol,43.86,2nd,2023,Expired,Individual,76676.0,Tier 2
  Rajasthan  ,42.54,  Honda  ,Shine,320441,2022,227,Petrol,34.67,Second,2023,Active,Individual,137956.13,TIER 1
Maharashtra,11.26,Yamaha,Fascino 125,"₹240,196",2021,880,hybrid,99.19,THIRD,2023,,Dealer,184696.47,  Tier 3  
GUJARAT,25.09,TVS,Sport,366392,2018,725,HYBRID,64.32,Third,2021,,DEALER,226032.85,TIER 1
MAHARASHTRA,41.54,Honda,Dio,230891,2020,748,electric,81.24,SECOND,2024,Not Available,Individual,150923.8,Tier 3
UTTAR PRADESH,46.81,HERO,HF Deluxe,385125,2021,760,hybrid,61.6,Second,2024,not available,INDIVIDUAL,240899.55,tier 1
Karnataka,68.91,  Bajaj  ,Dominar 400,132053,2021,136,Electric,70.12,Third,2022,not available,  Dealer  ,64059.23,TIER 3
west bengal,61.5,Yamaha,FZ V3,61809,2024,644,Petrol,59.14,first owner,2024,Expired,Dealer,40886.44,TIER 1
WEST BENGAL,72.46,Hero,Passion Pro,397523,2021,119,Hybrid,97.64,THIRD,2023,Expired,Dealer,202843.9,TIER 3
Tamil Nadu,49.22,royal enfield,Hunter 350,299483,2024,393,Electric,90.8,2nd,2024,expired,  Dealer  ,199851.62,Tier 2
Karnataka,33.89,Kawasaki,Ninja 400,367230,2023,371,Electric,93.29,2nd,2023,Active,DEALER,251744.61,Tier 2
  Uttar Pradesh  ,66.43,Royal Enfield,Himalayan,340481,2015,335,hybrid,68.18,THIRD,2021,Expired,Individual,245023.63,TIER 2
Madhya Pradesh,34.67,Hero,Splendor Plus,266174,2015,880,Hybrid,79.3,second owner,2023,Not Available,  Dealer  ,145175.52,Tier 3
West Bengal,34.15,KTM,390 Adventure,212990,2024,666,  Electric  ,91.46,THIRD,2024,  Not Available  ,Individual,96934.16,TIER 1
Punjab,64.83,KTM,125 Duke,252462,2022,831,Electric,63.69,second owner,2023,expired,Dealer,120979.39,  Tier 3  
Karnataka,35.62,Kawasaki,Ninja 300,393729,2020,531,electric,91.18,third owner,2024,NOT AVAILABLE,Dealer,273866.7788067043,tier 3
Punjab,21.83,Kawasaki,Versys 650,173886,2021,608,electric,99.04,THIRD,2021,expired,dealer,105086.65,Tier 3
  Tamil Nadu  ,36.05,Yamaha,Fascino 125,335361,2023,596,  Electric  ,91.88,2nd,2024,  Active  ,Dealer,154033.4,Tier 2
Karnataka,28.99,KAWASAKI,Ninja 400,183579,2024,591,Electric,97.93,3rd,2024,expired,  Dealer  ,117714.53,metro
Madhya Pradesh,59.65,Hero,Splendor Plus,353387,2019,217,Hybrid,96.7,THIRD,2021,Expired,Individual,165229.8,Metro
  Madhya Pradesh  ,46.36,Hero,HF Deluxe,325364,2017,292,Petrol,26.84,SECOND,2024,not available,Dealer,201831.44,Tier 2
Madhya Pradesh,6.91,TVS,Sport,351157,2022,394,Hybrid,73.18,3rd,2024,ACTIVE,Dealer,229688.15,  Tier 1  
  Karnataka  ,64.46,Kawasaki,Vulcan S,70882,2021,158,  Petrol  ,44.57,2nd,2023,Expired,  Dealer  ,,Tier 3
madhya pradesh,45.03,Honda,Unicorn,186152,2016,725,electric,95.7,3rd,2022,NOT AVAILABLE,Dealer,138048.29,tier 1
Delhi,29.84,Royal Enfield,Hunter 350,131001,2019,914,petrol,37.34,SECOND,2022,  Active  ,Individual,76524.48,Tier 2
Delhi,67.49,tvs,Apache RTR 160,172845,2016,931,Hybrid,84.36,Third,2024,Expired,Individual,97748.54,Tier 3
MAHARASHTRA,35.04,TVS,NTorq 125,368492,2022,610,Petrol,30.73,,2024,Not Available,INDIVIDUAL,280542.25,Tier 3
west bengal,22.08,  Bajaj  ,Avenger 220,"₹368,890",2021,606,  Electric  ,60.48,FIRST,2021,Not Available,  Individual  ,209798.16,  Metro  
Rajasthan,62.8,TVS,NTorq 125,213021,2022,640,Hybrid,90.56,THIRD,2023,Active,Dealer,88608.21,metro
  Karnataka  ,75.61,Tvs,Ronin,291701,2020,520,Hybrid,76.25,third owner,2021,Expired,Individual,211640.44,Tier 3
Uttar Pradesh,22.24,Bajaj,CT 100,331947,2024,202,Petrol,28.03,first owner,2024,NOT AVAILABLE,Dealer,183602.12,  Tier 1  
Delhi,25.76,Royal Enfield,Interceptor 650,278263,2021,489,Electric,66.41,2nd,2021,  Active  ,Individual,118830.72,Tier 1
punjab,48.36,ktm,RC 390,122863,2017,516,Petrol,35.61,third owner,2024,Expired,INDIVIDUAL,65487.4,  Tier 3  
Madhya Pradesh,23.6,  Kawasaki  ,Vulcan S,149375,2022,977,HYBRID,72.24,FIRST,2022,  Not Available  ,Individual,108659.45,Tier 1
UTTAR PRADESH,26.1,Kawasaki,Ninja 300,181522,2021,320,Hybrid,93.83,second owner,2022,Not Available,individual,136920.11,Metro
Punjab,17.67,  Hero  ,Splendor Plus,338334,2020,970,Electric,78.17,2nd,2023,  Not Available  ,Individual,258456.25,  Metro  
  Delhi  ,68.34,KTM,250 Duke,230683,2021,130,Electric,68.0,3rd,2023,Expired,individual,122138.54,tier 1
Rajasthan,5.66,KTM,390 Adventure,164996,2024,404,  Petrol  ,39.3,third owner,2024,NOT AVAILABLE,dealer,88907.15,  Metro  
RAJASTHAN,34.1,Kawasaki,Versys 650,64317,2022,467,hybrid,75.98,Third,2024,NOT AVAILABLE,Individual,32160.09,Tier 2
Delhi,72.01,KTM,390 Adventure,58164,2016,490,petrol,58.89,2nd,2024,Expired,Dealer,40534.67,Tier 2
MAHARASHTRA,37.17,HONDA,Activa,192034,2019.0,210,Electric,,third owner,2023,NOT AVAILABLE,Individual,88261.22,  Tier 3  
tamil nadu,73.22,KTM,RC 390,311684,2016,217,petrol,38.62,2nd,2024,NOT AVAILABLE,Dealer,,Metro
MAHARASHTRA,74.99,Hero,Glamour,98417,2018,539,Hybrid,92.41,THIRD,2024,Active,Individual,,Metro
Punjab,67.67,Royal Enfield,Himalayan,164973,2020,684,hybrid,78.46,Second,2021,Not Available,Individual,116666.45,tier 3
Punjab,21.1,Bajaj,Avenger 220,299967,2021,923,Electric,,1st,2021,,dealer,194068.55,TIER 1
Maharashtra,43.14,KTM,Duke 200,337274,2023,438,  Petrol  ,56.56,THIRD,2023,Not Available,INDIVIDUAL,169360.09,Metro
  Madhya Pradesh  ,79.19,  Bajaj  ,Dominar 400,309087,2015,228,petrol,31.56,3rd,2022,active,DEALER,,TIER 2
uttar pradesh,19.91,YAMAHA,MT-15,398828,2018,222,Petrol,50.14,THIRD,2021,EXPIRED,Individual,191262.45,  Metro  
Tamil Nadu,13.37,Kawasaki,Ninja 300,248112,2021,970,Petrol,37.42,THIRD,2024,  Expired  ,INDIVIDUAL,134000.33,Tier 1
Tamil Nadu,40.2,Royal Enfield,Himalayan,208489,2020,778,PETROL,27.15,third owner,2021,Expired,INDIVIDUAL,125644.84,metro
Maharashtra,31.24,Kawasaki,Ninja 300,217996,2023,964,  Petrol  ,32.37,SECOND,2023,Expired,  Dealer  ,,tier 1
  West Bengal  ,52.29,  Bajaj  ,Avenger 220,287784,2022,468,ELECTRIC,77.77,First,2022,NOT AVAILABLE,Dealer,230087.65,Tier 3
  Karnataka  ,66.67,Kawasaki,Vulcan S,204732,2024,117,  Petrol  ,54.69,Third,2024,not available,Dealer,161603.65,Tier 3
KARNATAKA,66.37,Tvs,Sport,386140,2022,293,petrol,35.7,third owner,2024,Not Available,  Individual  ,204755.87,tier 3
  Uttar Pradesh  ,76.73,Kawasaki,Z650,316175,2022,169,electric,76.01,First,2022,ACTIVE,Individual,127464.43,Tier 2
  Delhi  ,74.02,  Honda  ,CBR 650R,376552,2021,818,Electric,94.54,third owner,2022,expired,DEALER,286334.06,Tier 3
Rajasthan,18.76,Bajaj,Pulsar 150,168147,2024,666,Electric,80.09,1st,2024,expired,Dealer,88410.44,Metro
Rajasthan,48.5,YAMAHA,Fascino 125,391691,2021,754,Petrol,39.51,First,2021,EXPIRED,Dealer,158467.91,tier 3
MAHARASHTRA,46.54,Yamaha,R15 V4,228515,2023,885,electric,78.33,First,2023,  Not Available  ,Individual,132153.59,Tier 3
  Maharashtra  ,12.99,Royal Enfield,Meteor 350,215053,2023,247,Hybrid,88.04,THIRD,2023,  Expired  ,individual,129050.26,Tier 1
Delhi,57.22,KTM,RC 390,51175,2016,432,petrol,54.09,second owner,2022,not available,Dealer,32631.5,Metro
rajasthan,71.18,Hero,Splendor Plus,117069,2015,664,Electric,63.8,Second,2022,Active,  Individual  ,89484.99,Tier 1
PUNJAB,34.5,hero,HF Deluxe,373225,2022,900,Electric,96.8,2nd,2024,  Not Available  ,Individual,158706.5680285043,  Metro  
Madhya Pradesh,14.77,Kawasaki,Versys 650,115723,2024,788,Electric,,Second,2024,EXPIRED,  Individual  ,81909.44,Tier 3
MADHYA PRADESH,75.43,KTM,Duke 200,380489,2023,304,PETROL,40.24,First,2023,expired,Dealer,225095.67,Tier 2
MAHARASHTRA,29.88,Hero,Splendor Plus,91642,2021,885,Electric,69.26,FIRST,2021,ACTIVE,INDIVIDUAL,66615.55,Tier 3
Gujarat,75.69,  Kawasaki  ,Ninja 300,120862,2023,930,Hybrid,81.19,3rd,2024,ACTIVE,Individual,61716.07,Tier 2
  Punjab  ,79.88,ROYAL ENFIELD,Hunter 350,"₹389,349",2022,953,Hybrid,,FIRST,2022,ACTIVE,Dealer,209416.57,Tier 3
WEST BENGAL,61.07,royal enfield,Hunter 350,366427,2021,727,Hybrid,99.09,2nd,2024,not available,  Individual  ,241687.56,Tier 3
Maharashtra,65.52,Ktm,RC 390,111291,2018,975,petrol,56.25,3rd,2021,active,Dealer,53292.19,Tier 2
  West Bengal  ,43.79,KTM,390 Adventure,325963,2022,375,Hybrid,64.4,Second,2022,Expired,Dealer,157743.79,Tier 1
Delhi,60.36,TVS,Jupiter,135785,2019,182,Electric,80.8,2nd,2024,Not Available,individual,61611.39,  Tier 3  
Karnataka,-5.0,Yamaha,R15 V4,57299,2021,150,electric,73.4,2nd,2022,Not Available,Dealer,33881.87,Tier 2
Punjab,26.52,ROYAL ENFIELD,Hunter 350,305342,2018,790,Electric,69.19,Second,2024,active,  Individual  ,131973.61,Tier 1
DELHI,72.21,TVS,Apache RTR 160,257608,2019,344,HYBRID,71.79,Third,2023,  Not Available  ,Individual,120443.85,Metro
Maharashtra,36.06,Royal Enfield,Hunter 350,"₹249,710",2022,608,Hybrid,89.19,SECOND,2024,NOT AVAILABLE,Dealer,142428.9,Metro
  Tamil Nadu  ,11.69,Kawasaki,Z650,218144,2023,319,Hybrid,70.75,FIRST,2023,Active,Individual,151384.1,Tier 2
Madhya Pradesh,50.84,KAWASAKI,Z650,207443,2021,287,Electric,75.41,THIRD,2024,,dealer,98515.44,Metro
Rajasthan,31.13,Royal Enfield,Classic 350,222166,2017,569,Hybrid,71.12,Third,2024,Expired,Dealer,105100.78,Tier 2
  Karnataka  ,10.16,TVS,Sport,79387,2021,804,petrol,57.05,third owner,2022,ACTIVE,Individual,42994.78,Tier 1
Punjab,77.42,  Yamaha  ,FZ V3,143407,2023,232,  Petrol  ,45.11,2nd,2023,EXPIRED,Individual,,metro
Uttar Pradesh,69.24,Hero,Passion Pro,333182,2018,241,petrol,48.0,SECOND,2023,Active,Dealer,152514.37,TIER 3
Delhi,6.37,Honda,Activa,360633,2018,774,  Petrol  ,57.87,2nd,2022,Active,Individual,251985.92,TIER 1
  Madhya Pradesh  ,48.26,Bajaj,Pulsar 150,84861,2024,439,Petrol,59.13,THIRD,2024,expired,Individual,,  Tier 1  
Punjab,62.34,BAJAJ,Platina 110,389965,2021,303,Petrol,,FIRST,2021,Expired,Individual,199139.69,Tier 2
west bengal,13.84,KAWASAKI,Z650,78061,2022,212,HYBRID,73.79,first owner,2022,Not Available,Dealer,56031.32,Tier 2
  West Bengal  ,30.06,Honda,Activa,276831,2021,351,ELECTRIC,73.51,FIRST,2021,Active,Individual,152028.53,Tier 1
DELHI,39.07,KTM,125 Duke,165289,2019,420,petrol,52.93,Second,2024,Active,  Individual  ,72484.67,Metro
West Bengal,6.96,Bajaj,CT 100,231257,2022,584,PETROL,45.59,first owner,2022,Not Available,Individual,119249.74,TIER 2
Gujarat,77.71,Kawasaki,Ninja 300,75155,2023,491,Hybrid,65.4,third owner,2024,Active,Individual,45821.22,Tier 1
Tamil Nadu,22.94,Kawasaki,Vulcan S,327476,2024,749,hybrid,74.4,First,2024,EXPIRED,individual,254671.24,Tier 3
KARNATAKA,63.01,Hero,HF Deluxe,292024,2024,729,petrol,35.91,,2024,Expired,INDIVIDUAL,191462.68,Metro
Karnataka,59.89,Royal Enfield,Interceptor 650,101299,2021,100,Electric,83.38,first owner,2021,  Active  ,Dealer,57610.13484475795,  Tier 2  
Maharashtra,43.59,hero,Xtreme 160R,355521,2020,409,Hybrid,63.77,,2024,Active,Individual,235661.0,METRO
West Bengal,39.2,TVS,Jupiter,237227,2021,464,Hybrid,67.9,THIRD,2022,  Not Available  ,  Dealer  ,178216.94,Metro
  Punjab  ,26.79,  Hero  ,HF Deluxe,242292,2024,895,Petrol,28.19,SECOND,2024,EXPIRED,  Dealer  ,178675.42,  Tier 1  
PUNJAB,75.51,Yamaha,R15 V4,363271,2024,612,petrol,29.12,FIRST,2024,,Individual,182952.79,Metro
UTTAR PRADESH,29.71,Honda,Activa,352614,2016,349,petrol,54.46,3rd,2024,Expired,dealer,257121.29,Tier 1
  Rajasthan  ,22.54,Hero,Xtreme 160R,223600,2016,302,petrol,47.63,THIRD,2015,Active,Dealer,92184.99,Metro
Rajasthan,71.58,Hero,Glamour,136689,2022,361,Petrol,27.85,Second,2024,active,individual,77414.14,  Tier 2  
Madhya Pradesh,41.71,  TVS  ,Sport,379513,2019,593,  Petrol  ,44.83,THIRD,2022,Not Available,Dealer,239699.49,  Tier 3  
  Madhya Pradesh  ,14.5,  Bajaj  ,Avenger 220,60656,2024,772,Hybrid,67.36,THIRD,2024,Not Available,  Individual  ,47831.46,tier 1
Karnataka,19.01,HONDA,CBR 650R,142064,2015,0,electric,73.96,second owner,2023,expired,individual,70678.28,Tier 3
Rajasthan,9.89,Bajaj,Platina 110,"₹80,917",2015,557,Hybrid,86.25,THIRD,2024,Active,Dealer,45521.35,TIER 3
  Gujarat  ,34.4,Honda,Activa,88151,2021,950,Electric,89.39,First,2021,EXPIRED,Individual,51206.31,Tier 1
West Bengal,68.04,Ktm,RC 390,96841,2022,642,Hybrid,95.55,FIRST,2022,Expired,Dealer,60637.26,Tier 3
  Maharashtra  ,51.85,TVS,Sport,259018,2023,646,Electric,60.94,Second,2023,Active,Individual,140271.69,Tier 3
MAHARASHTRA,70.1,yamaha,Ray ZR,171334,2024,587,Hybrid,60.48,Second,2024,  Expired  ,  Dealer  ,95383.12,Tier 2
Madhya Pradesh,5.25,TVS,NTorq 125,175827,2023,130,Hybrid,69.4,3rd,2024,not available,individual,71004.21,Tier 3
WEST BENGAL,29.9,Royal Enfield,Classic 350,189612,2023,561,electric,77.68,Third,2023,Expired,Individual,143188.31,Tier 3
Uttar Pradesh,19.76,tvs,Jupiter,121750,2024,640,petrol,59.58,first owner,2024,  Expired  ,  Individual  ,57579.85,TIER 3
Madhya Pradesh,49.89,KTM,Duke 200,358824,2018,474,Hybrid,64.56,THIRD,2023,  Not Available  ,INDIVIDUAL,281502.84,Tier 1
  Gujarat  ,58.37,Yamaha,MT-15,380569,2018,271,Electric,97.39,second owner,2022,Expired,  Dealer  ,295853.14,Tier 3
Tamil Nadu,39.72,  Kawasaki  ,Z650,247414,2021,542,Electric,96.85,third owner,2024,not available,individual,130932.23,Tier 2
Tamil Nadu,36.17,Hero,Glamour,240934,2021,929,Petrol,57.54,Second,2023,Not Available,Dealer,178119.97,metro
Delhi,68.95,Honda,Unicorn,"₹334,626",2019,151,  Petrol  ,,2nd,2021,  Active  ,Dealer,137013.35,  Metro  
Punjab,43.66,TVS,Sport,296912,2020,312,Petrol,50.7,SECOND,2023,Active,Individual,193540.53,Tier 2
Maharashtra,39.06,HONDA,Activa,292696,2023,974,PETROL,34.96,second owner,2024,Active,Individual,163917.23,Tier 1
Tamil Nadu,37.93,KTM,Duke 200,157024,2023,589,Petrol,52.23,first owner,2023,active,Dealer,71754.07,  Metro  
KARNATAKA,8.69,  Hero  ,HF Deluxe,53865,2022,844,Petrol,36.46,Second,2023,Not Available,  Dealer  ,33908.65,Tier 2
Karnataka,13.22,  TVS  ,Ronin,147330,2016,511,Petrol,47.6,Third,2021,NOT AVAILABLE,  Dealer  ,97729.98,Tier 2
Madhya Pradesh,49.91,Kawasaki,Ninja 400,365561,2022,440,  Electric  ,62.4,1st,2022,Not Available,Individual,255356.63,Tier 3
Karnataka,15.85,Hero,HF Deluxe,222928,2020,845,Electric,92.42,SECOND,2023,Expired,  Individual  ,140596.33,Tier 2
Karnataka,67.17,  Yamaha  ,MT-15,203640,2017,761,ELECTRIC,68.59,Third,2023,Active,Individual,116681.74,Tier 1
Madhya Pradesh,27.03,TVS,Sport,129726,2024,503,Electric,96.5,third owner,2024,  Active  ,  Individual  ,91806.33,tier 3
Madhya Pradesh,55.1,  Hero  ,Xtreme 160R,293700,2023,225,Electric,83.61,first owner,2023,Active,Dealer,166875.23,Tier 3
  Uttar Pradesh  ,52.06,Kawasaki,Ninja 300,348597,2022,761,petrol,56.06,third owner,2024,Not Available,DEALER,192401.43,tier 1
west bengal,23.93,Tvs,Jupiter,"₹299,744",2023,144,petrol,50.43,third owner,2023,Expired,  Individual  ,199973.19,  Tier 3  
Karnataka,24.26,Hero,Glamour,60953,2023,665,  Petrol  ,43.17,first owner,2023,Active,individual,25232.32,Metro
TAMIL NADU,26.66,Ktm,125 Duke,180098,2015,201,Hybrid,78.61,THIRD,2024,Not Available,DEALER,121367.51,TIER 2
  Uttar Pradesh  ,34.9,Hero,Passion Pro,218436,2016,850,HYBRID,99.62,third owner,2021,Not Available,dealer,88714.55,Tier 1
RAJASTHAN,45.74,Honda,Shine,52754,2023,163,Hybrid,90.57,3rd,2023,Not Available,Individual,38006.66,Tier 2
DELHI,36.41,tvs,Ronin,87591,2024,926,HYBRID,62.15,First,2024,  Not Available  ,Individual,56248.85,tier 3
MADHYA PRADESH,57.9,Kawasaki,Ninja 400,126067,2024,662,Electric,80.83,SECOND,2024,,Individual,96924.79,Tier 1
West Bengal,35.75,Honda,Unicorn,379390,2019,917,hybrid,89.07,Third,2023,Expired,  Dealer  ,240768.42,Tier 2
Maharashtra,15.17,  Yamaha  ,R15 V4,258070,2019,689,hybrid,89.59,second owner,2022,Not Available,Dealer,,Metro
  Madhya Pradesh  ,40.15,Kawasaki,Ninja 300,187101,2021,848,HYBRID,85.53,third owner,2023,Not Available,Dealer,136335.61,Tier 1
Karnataka,73.01,Kawasaki,Z650,102623,2024,628,  Hybrid  ,81.85,THIRD,2024,Not Available,  Dealer  ,73474.9,TIER 1
Punjab,41.77,Honda,Activa,331309,2022,179,Electric,65.53,FIRST,2022,EXPIRED,Dealer,233167.25,Tier 2
Karnataka,13.4,Bajaj,Dominar 400,221192,2024,215,  Petrol  ,45.33,First,2024,expired,Individual,165586.9,Tier 1
Delhi,9.67,Honda,Dio,213322,2024,577,Hybrid,60.33,3rd,2024,  Active  ,  Individual  ,140109.65,Tier 3
punjab,11.26,KTM,RC 390,277053,2022,315,hybrid,81.16,first owner,2022,Expired,INDIVIDUAL,,  Tier 1  
tamil nadu,18.64,Yamaha,MT-15,185605,2017,603,HYBRID,88.46,3rd,2022,  Expired  ,Individual,85728.06,METRO
Madhya Pradesh,57.64,  Bajaj  ,Avenger 220,292252,2023,222,Hybrid,62.36,SECOND,2024,Not Available,Individual,207953.58,  Tier 1  
West Bengal,10.37,Hero,Splendor Plus,199985,2024,640,Electric,87.68,SECOND,2024,Active,  Individual  ,148394.02,  Tier 3  
  Tamil Nadu  ,32.08,  Royal Enfield  ,Himalayan,243284,2016,473,Hybrid,93.22,Third,2024,NOT AVAILABLE,Individual,122840.85,Tier 2
Punjab,36.07,Yamaha,FZ V3,247744,2021,183,  Electric  ,999.0,Third,2019,Not Available,dealer,101366.99,Tier 1
DELHI,48.13,  TVS  ,Sport,109723,2022,229,Petrol,,first owner,2022,NOT AVAILABLE,Individual,74392.37,TIER 1
Delhi,20.82,KTM,250 Duke,80579,2024,490,Petrol,44.71,Second,2024,Active,dealer,32579.13,TIER 2
Maharashtra,-5.0,hero,Splendor Plus,193754,2024,610,Electric,82.23,FIRST,2024,Expired,Dealer,129441.94,Tier 3
Maharashtra,27.45,Royal Enfield,Meteor 350,303471,2021,180,Hybrid,93.03,third owner,2024,Active,Dealer,125193.35,  Metro  
RAJASTHAN,32.37,yamaha,FZ V3,357741,2021,297,Petrol,38.05,SECOND,2021,Expired,Dealer,208691.8975022063,TIER 1
Tamil Nadu,47.82,  Bajaj  ,Pulsar 150,262059,2018,674,ELECTRIC,83.2,Second,2023,NOT AVAILABLE,Individual,158611.79,Tier 3
MADHYA PRADESH,15.97,  KTM  ,Duke 200,372714,2023,222,electric,85.89,3rd,2023,Not Available,Dealer,257900.79,Tier 3
West Bengal,54.48,TVS,Apache RTR 160,394734,2024,775,Petrol,33.18,third owner,2024,active,Individual,225058.62,  Tier 1  
Madhya Pradesh,6.84,yamaha,Ray ZR,379195,2022,870,Electric,78.91,FIRST,2022,Active,INDIVIDUAL,166257.44,Tier 3
GUJARAT,33.22,  Yamaha  ,Ray ZR,245953,2016,886,  Electric  ,76.21,Third,2023,active,Individual,133634.09,Tier 1
Punjab,61.98,ROYAL ENFIELD,Hunter 350,"₹123,059",2022,893,petrol,59.34,2nd,2022,Active,Individual,89215.57,Tier 1
  Rajasthan  ,58.62,Hero,HF Deluxe,125399,2023,467,Hybrid,81.52,FIRST,2023,Active,dealer,82858.69,Tier 3
UTTAR PRADESH,14.65,KTM,125 Duke,242797,2020,956,Hybrid,87.31,third owner,2022,  Active  ,Dealer,129472.38,Tier 2
Karnataka,56.45,Bajaj,CT 100,79993,2015,338,Electric,78.68,3rd,2024,,  Dealer  ,36443.17,Tier 1
Delhi,16.82,  Royal Enfield  ,Meteor 350,268431,2022,568,Electric,67.85,first owner,2022,Active,individual,166772.44,tier 3
maharashtra,23.14,  KTM  ,RC 390,358448,2022,231,PETROL,45.55,THIRD,2023,expired,Individual,186281.34,  Tier 1  
Karnataka,19.01,  Honda  ,CBR 650R,142064,2015,757,Electric,73.96,second owner,2023,Expired,Individual,70678.28,TIER 3
  Punjab  ,47.37,honda,Shine,213911,2020,311,Petrol,41.15,THIRD,2021,Expired,Individual,,Tier 1
uttar pradesh,16.71,TVS,Ronin,314138,2016.0,658,Hybrid,70.78,3rd,2021,Active,  Dealer  ,149372.03,Metro
West Bengal,56.67,  Bajaj  ,CT 100,259607,2018,402,  Hybrid  ,68.73,Second,2022,Expired,individual,105195.62,Tier 2
TAMIL NADU,32.92,  Kawasaki  ,Vulcan S,53849,2021,560,Electric,77.8,Second,2022,EXPIRED,Dealer,31921.53,Tier 2
Rajasthan,40.85,Kawasaki,Ninja 400,283222,2015,695,Electric,99.69,Third,2023,  Expired  ,  Individual  ,214655.75,TIER 2
Uttar Pradesh,42.69,  Honda  ,Dio,309056,2017,889,Petrol,31.65,Third,2024,active,INDIVIDUAL,130293.63,METRO
Gujarat,50.23,Hero,Xtreme 160R,171165,2020,729,Petrol,51.89,,2021,not available,dealer,89654.14,Tier 2
Tamil Nadu,40.09,  Royal Enfield  ,Interceptor 650,315346,2019,737,  Petrol  ,46.88,third owner,2021,active,INDIVIDUAL,169474.93,METRO
  Punjab  ,22.51,KAWASAKI,Versys 650,56663,2017,637,ELECTRIC,,second owner,2022,  Active  ,Dealer,32547.92,tier 2
Rajasthan,18.36,TVS,Ronin,226693,2022,433,Petrol,49.92,3rd,2022,Not Available,Dealer,155455.8,metro
Delhi,6.87,ktm,125 Duke,359838,2018,688,Petrol,27.74,2nd,2021,Active,dealer,152321.69,Tier 3
  Delhi  ,20.11,Ktm,RC 390,236076,2022,820,  Electric  ,90.05,FIRST,2022,  Not Available  ,Individual,135312.39,tier 3
  Karnataka  ,48.09,KTM,125 Duke,"₹363,453",2024,594,Hybrid,,second owner,2024,Active,Dealer,,Tier 2
Madhya Pradesh,71.06,Royal Enfield,Hunter 350,252320,2023,807,Electric,81.94,2nd,2023,Active,Individual,120037.48,Tier 3
Punjab,8.0,honda,Unicorn,77150,2023,385,hybrid,64.96,first owner,2023,Not Available,  Individual  ,61659.08,  Tier 2  
Uttar Pradesh,22.47,KAWASAKI,Z650,187167,2022,774,  Electric  ,74.55,SECOND,2024,Active,Individual,101135.57,Tier 1
Rajasthan,58.51,Bajaj,Dominar 400,80140,2024,879,Petrol,58.14,,2024,Not Available,  Dealer  ,,Tier 1
Madhya Pradesh,44.81,  Honda  ,Shine,52629,2017,250,hybrid,98.64,Second,2021,Active,Dealer,,tier 1
madhya pradesh,46.2,Yamaha,MT-15,303080,2020,437,Electric,61.61,second owner,2024,Not Available,Individual,185592.57,TIER 2
Delhi,67.68,HONDA,Unicorn,247100,2024,202,  Electric  ,78.08,second owner,2024,Active,dealer,113564.37,Tier 2
uttar pradesh,16.2,Yamaha,MT-15,178874,2022,522,Petrol,35.01,SECOND,2022,active,Individual,102865.25,Tier 1
Madhya Pradesh,55.77,honda,Shine,368852,2016,950,Hybrid,91.04,SECOND,2022,Expired,  Dealer  ,219933.26,TIER 3
  Uttar Pradesh  ,48.05,hero,Passion Pro,93075,2022,354,HYBRID,82.02,Second,2024,  Expired  ,individual,69751.26,Tier 1
  Maharashtra  ,6.64,  TVS  ,Apache RTR 160,249474,2022,399,Petrol,29.41,THIRD,2023,active,  Individual  ,185529.47,tier 1
  Madhya Pradesh  ,19.09,Royal Enfield,Himalayan,373772,2024,472,  Electric  ,69.94,first owner,2024,Active,Dealer,170774.36,  Tier 1  
  West Bengal  ,26.11,hero,Splendor Plus,340181,2023,798,  Petrol  ,51.4,THIRD,2024,EXPIRED,dealer,182695.0,Tier 2
UTTAR PRADESH,61.1,Royal Enfield,Meteor 350,298652,2022,821,hybrid,83.11,second owner,2022,Active,dealer,168341.1,TIER 3
Karnataka,49.16,  Hero  ,Xtreme 160R,156850,2022,414,Petrol,36.28,Third,2022,Expired,Individual,80057.15,  Metro  
PUNJAB,16.89,  Yamaha  ,Ray ZR,146445,2024,919,  Electric  ,96.68,FIRST,2024,Expired,individual,91675.79,METRO
gujarat,72.54,royal enfield,Hunter 350,386531,2023,183,hybrid,96.18,1st,2023,Expired,Dealer,,tier 2
Uttar Pradesh,35.95,Bajaj,CT 100,67971,2015,578,Hybrid,72.1,Third,2023,Active,Dealer,50492.57,Metro
Uttar Pradesh,77.83,HERO,Glamour,385852,2021,939,Hybrid,86.57,,2021,Expired,Dealer,298481.16,Metro
  Delhi  ,13.81,Honda,CBR 650R,62559,2022,942,Hybrid,83.39,2nd,2022,Not Available,Dealer,25934.83,Tier 2
Karnataka,72.49,HERO,HF Deluxe,309627,2021,412,Electric,99.36,First,2021,NOT AVAILABLE,Individual,172150.24,  Tier 3  
  Madhya Pradesh  ,33.27,Bajaj,Pulsar 150,233595,2024,544,Electric,70.53,Second,2024,ACTIVE,DEALER,164257.65,  Tier 3  
TAMIL NADU,70.52,  Royal Enfield  ,Classic 350,103609,2021,882,Hybrid,88.59,2nd,2023,expired,Individual,79817.54,metro
uttar pradesh,59.88,bajaj,Pulsar 150,304409,2022,607,Hybrid,77.66,first owner,2022,Active,Individual,128874.36,Tier 1
madhya pradesh,9.66,  Kawasaki  ,Ninja 300,125985,2021,486,  Electric  ,78.84,THIRD,2022,Expired,Dealer,88636.91,Tier 3
Madhya Pradesh,30.18,Royal Enfield,Himalayan,"₹280,453",2022,284,Hybrid,87.18,THIRD,2023,NOT AVAILABLE,Dealer,132918.69,  Tier 2  
Gujarat,65.63,Hero,Splendor Plus,129916,2018,445,Petrol,50.19,THIRD,2024,Active,INDIVIDUAL,92855.09,TIER 3
Karnataka,25.16,Tvs,Sport,260334,2022,923,HYBRID,95.67,3rd,2024,Not Available,individual,123508.94,Metro
Gujarat,59.94,KTM,RC 390,206336,2021,282,  Electric  ,64.75,SECOND,2021,active,Individual,97573.19,tier 2
Tamil Nadu,65.45,Kawasaki,Versys 650,194616,2021,583,  Petrol  ,33.98,3rd,2024,Expired,Individual,153411.56,Tier 1
Maharashtra,27.99,  KTM  ,250 Duke,229779,2018,125,Petrol,44.33,second owner,2023,  Active  ,  Individual  ,93358.03,Tier 2
rajasthan,78.18,royal enfield,Himalayan,218302,2022,388,  Electric  ,67.65,First,2022,Active,  Individual  ,169241.16,Metro
Delhi,32.3,  Bajaj  ,Pulsar 150,177394,2021,172,Electric,71.16,first owner,2021,Not Available,INDIVIDUAL,75101.58,  Metro  
Rajasthan,38.39,  KTM  ,125 Duke,373112,2024,578,Electric,66.17,FIRST,2024,Active,Individual,174085.02,Tier 1
Tamil Nadu,31.7,Yamaha,R15 V4,378815,2021,834,Petrol,38.73,3rd,2021,  Active  ,dealer,252119.09,Metro
west bengal,11.93,  Kawasaki  ,Z650,160224,2019,888,Petrol,45.31,3rd,2021,EXPIRED,  Individual  ,97574.59,Tier 2
  Maharashtra  ,28.67,Honda,CBR 650R,"₹320,505",2019,927,petrol,53.87,Second,2024,Not Available,  Individual  ,215224.07,tier 2
delhi,45.4,ktm,Duke 200,82173,2019,348,Hybrid,71.95,,2024,active,Dealer,45341.69,TIER 1
West Bengal,41.21,yamaha,R15 V4,228550,2024,319,PETROL,54.56,second owner,2024,expired,  Individual  ,181257.35,Tier 3
MADHYA PRADESH,27.67,  KTM  ,125 Duke,201016,2020,216,hybrid,71.46,Second,2023,Active,  Dealer  ,141522.64,tier 3
Delhi,26.56,Yamaha,MT-15,275595,2022,773,  Electric  ,60.43,third owner,2023,Active,Individual,160613.33,  Tier 2  
RAJASTHAN,70.8,ktm,250 Duke,107754,2020,863,Hybrid,82.29,SECOND,2024,Not Available,Dealer,52369.65,Tier 2
Punjab,14.37,Honda,CBR 650R,126398,2020,577,hybrid,65.31,3rd,2024,Not Available,  Individual  ,100594.23,TIER 2
gujarat,67.17,kawasaki,Versys 650,236056,2021,905,  Hybrid  ,,second owner,2021,  Not Available  ,  Dealer  ,103137.52,TIER 1
Madhya Pradesh,5.02,Bajaj,Pulsar 150,328652,2024,772,Electric,70.61,First,2024,NOT AVAILABLE,Dealer,154387.74,Tier 2
TAMIL NADU,15.54,YAMAHA,MT-15,219265,2019,831,Hybrid,84.85,Third,2021,not available,dealer,120065.57,TIER 1
MAHARASHTRA,43.84,royal enfield,Himalayan,205310,2023,227,Petrol,27.45,3rd,2024,Not Available,Dealer,161235.58,Tier 3
Delhi,33.11,Bajaj,CT 100,302605,2018,354,hybrid,95.29,SECOND,2024,Expired,DEALER,122997.88,tier 3
Karnataka,71.7,  Kawasaki  ,Ninja 300,281287,2019,593,PETROL,28.61,THIRD,2023,Active,Individual,153527.96,  Tier 3  
GUJARAT,34.52,Honda,Activa,268388,2020,823,Petrol,42.97,Second,2022,Expired,Dealer,210183.61,Tier 3
tamil nadu,10.82,BAJAJ,Pulsar 150,397614,2023,110,Petrol,,second owner,2023,Expired,Dealer,,Tier 3
delhi,25.08,  TVS  ,Apache RTR 160,187521,2021,803,petrol,44.29,First,2021,Not Available,  Individual  ,105042.9,Metro
Tamil Nadu,74.7,Royal Enfield,Interceptor 650,304548,2021,441,Petrol,29.92,1st,2021,  Not Available  ,INDIVIDUAL,,tier 2
Maharashtra,58.76,  Yamaha  ,FZ V3,200345,2022,729,hybrid,61.87,THIRD,2023,Expired,  Dealer  ,115961.41,Tier 1
West Bengal,14.9,Royal Enfield,Interceptor 650,269746,2015,767,Hybrid,-15.0,Second,2024,Active,Dealer,123037.04,  Metro  
Karnataka,11.1,Royal Enfield,Interceptor 650,107186,2022,981,Electric,90.87,second owner,2024,  Active  ,  Individual  ,74723.86,Metro
Gujarat,56.67,KTM,RC 390,363219,2022,378,Electric,82.76,First,2022,Not Available,Individual,158753.41,tier 3
MAHARASHTRA,43.16,bajaj,CT 100,91648,2020,245,Hybrid,86.34,third owner,2022,Expired,Dealer,39738.66,METRO
Madhya Pradesh,65.51,YAMAHA,FZ V3,186825,2022,372,  Hybrid  ,67.15,third owner,2023,not available,Dealer,126755.78,Metro
madhya pradesh,58.97,KAWASAKI,Versys 650,"₹328,983",2015,503,Electric,77.53,2nd,2021,active,  Individual  ,153627.2,Metro
karnataka,6.45,royal enfield,Classic 350,97504,2017,528,HYBRID,73.27,third owner,2022,ACTIVE,individual,52666.0,Metro
delhi,73.42,KAWASAKI,Ninja 300,77953,2020,961,  Petrol  ,48.56,3rd,2024,not available,DEALER,46246.45,Tier 1
Rajasthan,29.76,KTM,125 Duke,316986,2023,531,Hybrid,86.85,Second,2023,Active,Dealer,141037.2,Tier 1
PUNJAB,11.36,Kawasaki,Versys 650,117411,2024,877,Hybrid,76.1,first owner,2024,EXPIRED,Dealer,77809.96,Metro
Gujarat,52.23,  TVS  ,Ronin,65715,2024,431,Petrol,48.33,2nd,2024,  Active  ,  Dealer  ,46544.2,TIER 3
Uttar Pradesh,48.74,KTM,Duke 200,66595,2023,808,Electric,95.2,Third,2024,active,Dealer,50018.27,Tier 1
Delhi,43.15,Bajaj,Avenger 220,270096,2018,566,ELECTRIC,75.84,third owner,2021,not available,Dealer,111515.88,  Tier 2  
punjab,79.01,KTM,Duke 200,361048,2017,301,ELECTRIC,62.63,SECOND,2023,Expired,Dealer,243639.33,  Metro  
Delhi,16.98,Yamaha,R15 V4,373606,2021,823,  Petrol  ,58.73,THIRD,2022,expired,Dealer,175930.62,Metro
WEST BENGAL,9.24,Yamaha,FZ V3,269404,2023,623,  Electric  ,79.87,3rd,2023,Not Available,  Dealer  ,148317.51,Tier 1
  Delhi  ,19.82,  Honda  ,Dio,63115,2017,131,Petrol,30.64,2nd,2021,Not Available,Individual,29763.83,  Metro  
  Uttar Pradesh  ,56.28,BAJAJ,Platina 110,129593,2020,931,Petrol,33.93,SECOND,2021,  Not Available  ,dealer,100760.75,  Metro  
Madhya Pradesh,20.79,Yamaha,MT-15,117741,2022,577,Electric,84.8,SECOND,2024,  Expired  ,Individual,72136.08,Tier 3
Maharashtra,40.38,Royal Enfield,Meteor 350,191065,2016,164,Petrol,33.45,3rd,2024,Active,INDIVIDUAL,92244.63,  Tier 1  
Karnataka,74.37,ROYAL ENFIELD,Meteor 350,344566,2019,148,Petrol,54.27,,2023,Not Available,Dealer,251556.63,  Tier 3  
Maharashtra,12.21,kawasaki,Ninja 400,125721,2021,256,Petrol,51.54,first owner,2021,Expired,Individual,87080.18,  Tier 3  
Karnataka,35.49,KTM,RC 390,336352,2022,411,Electric,91.45,Third,2024,,DEALER,209666.3,  Metro  
maharashtra,49.03,Kawasaki,Versys 650,154383,2015,733,Petrol,39.68,SECOND,2022,,DEALER,92365.68,Metro
Uttar Pradesh,21.28,KAWASAKI,Ninja 400,395598,2023,230,  Electric  ,95.13,SECOND,2024,NOT AVAILABLE,Dealer,208921.38,Tier 1
west bengal,60.73,KTM,RC 390,139354,2024,743,hybrid,,Third,2024,Active,Dealer,56187.21,Tier 1
Tamil Nadu,44.28,Hero,Passion Pro,"₹260,419",2022,711,  Petrol  ,50.14,,2022,Expired,Individual,132505.45,Tier 2
  Gujarat  ,74.39,KTM,390 Adventure,125650,2016,633,Hybrid,91.64,Second,2024,Not Available,individual,50346.78,Tier 1
West Bengal,74.43,honda,Dio,221430,2019,834,hybrid,68.58,,2023,Expired,Individual,,Tier 3
Madhya Pradesh,15.73,YAMAHA,FZ V3,246727,2024,348,Hybrid,87.86,second owner,2024,active,Dealer,101060.75,Tier 3
MAHARASHTRA,64.57,  Kawasaki  ,Versys 650,218275,2021,432,Petrol,48.14,Third,2023,EXPIRED,Individual,130044.96,Tier 1
Rajasthan,20.08,KTM,125 Duke,352819,2022,450,PETROL,31.51,FIRST,2022,Active,DEALER,235205.23,tier 2
  Rajasthan  ,45.59,ktm,390 Adventure,103362,2017,858,Petrol,50.53,Third,2024,EXPIRED,Individual,70991.93,  Metro  
RAJASTHAN,16.83,  TVS  ,Sport,253721,2023,236,Hybrid,79.32,1st,2023,  Active  ,DEALER,200824.86,TIER 1
Maharashtra,62.62,KTM,250 Duke,196038,2023,435,Electric,97.96,First,2023,Not Available,  Individual  ,107749.78,  Tier 2  
maharashtra,8.61,  Bajaj  ,Platina 110,137519,2023,158,PETROL,40.42,third owner,2023,Active,Dealer,55229.13,TIER 2
Madhya Pradesh,35.19,royal enfield,Meteor 350,360420,2023,545,  Petrol  ,53.27,FIRST,2023,EXPIRED,Dealer,201978.3,Tier 3
Karnataka,7.41,Kawasaki,Ninja 300,161619,2016,196,electric,,3rd,2021,Not Available,DEALER,72742.27,Tier 1
Rajasthan,18.43,Hero,Xtreme 160R,77627,2018,113,Petrol,39.41,3rd,2022,Active,Dealer,54525.25,metro
Rajasthan,76.03,  TVS  ,Sport,330991,2024,115,HYBRID,65.83,third owner,2024,active,Individual,245221.96,tier 3
West Bengal,29.28,YAMAHA,Fascino 125,186354,2018,576,Hybrid,86.41,2nd,2021,NOT AVAILABLE,Individual,97407.46352376658,TIER 1
tamil nadu,62.41,  Honda  ,Shine,"₹328,141",2019,141,ELECTRIC,65.7,THIRD,2022,Active,  Individual  ,253870.69,Tier 2
  Karnataka  ,54.19,Honda,Activa,377409,2024,781,Petrol,41.6,,2024,  Active  ,dealer,,tier 2
Madhya Pradesh,39.71,Hero,Xtreme 160R,165864,2024,774,Electric,86.22,first owner,2024,Not Available,Individual,118831.51,Tier 1
uttar pradesh,78.83,ROYAL ENFIELD,Himalayan,"₹69,363",2015,132,PETROL,31.54,3rd,2024,Expired,INDIVIDUAL,33293.71,Tier 2
Uttar Pradesh,53.06,  Bajaj  ,Dominar 400,195370,2020,182,Hybrid,77.54,Third,2023,  Expired  ,DEALER,112598.68,Tier 1
KARNATAKA,17.78,Yamaha,R15 V4,396257,2017,367,  Hybrid  ,91.02,3rd,2023,Not Available,INDIVIDUAL,165187.0,Tier 3
Madhya Pradesh,75.76,HERO,Passion Pro,257488,2022,187,HYBRID,87.36,3rd,2024,,Individual,155473.87,METRO
MADHYA PRADESH,53.6,  Hero  ,HF Deluxe,354413,2021,847,  Petrol  ,29.85,2nd,2022,not available,Dealer,248461.31,Metro
Uttar Pradesh,53.33,TVS,Jupiter,379902,2024,823,petrol,46.86,FIRST,2024,Active,Dealer,301388.75,  Tier 1  
Tamil Nadu,53.44,Kawasaki,Z650,231487,2022,777,Electric,62.94,first owner,2022,  Expired  ,Individual,,Tier 3
gujarat,32.85,Honda,Dio,68213,2023.0,449,petrol,40.83,THIRD,2023,Not Available,dealer,36231.5,  Tier 1  
madhya pradesh,67.34,Yamaha,FZ V3,282144,2024,361,hybrid,89.4,third owner,2024,Not Available,dealer,194739.87,Tier 2
Uttar Pradesh,39.46,Hero,Xtreme 160R,235683,2015,810,Hybrid,98.05,second owner,2022,EXPIRED,INDIVIDUAL,167047.7226332871,TIER 1
  Delhi  ,29.37,KTM,390 Adventure,138013,2024.0,197,Electric,84.62,first owner,2024,Not Available,Dealer,105159.8,Tier 3
  Karnataka  ,21.95,Royal Enfield,Classic 350,69694,2015,284,ELECTRIC,79.71,Third,2021,active,INDIVIDUAL,48569.2,Metro
West Bengal,59.06,  TVS  ,Jupiter,51025,2020,608,Petrol,43.35,2nd,2021,Expired,Dealer,33757.13,Tier 1
gujarat,8.34,  Royal Enfield  ,Meteor 350,397994,2022,827,petrol,29.25,3rd,2022,ACTIVE,DEALER,233885.8,tier 1
Madhya Pradesh,19.81,Hero,HF Deluxe,244425,2017,493,  Electric  ,95.78,Third,2022,NOT AVAILABLE,Individual,184807.23,Tier 1
Karnataka,67.8,KTM,Duke 200,198422,2015,178,Electric,92.29,Third,2021,Expired,Dealer,99180.16,  Tier 1  
Madhya Pradesh,45.38,ktm,390 Adventure,"₹303,028",2020,985,  Electric  ,98.16,Third,2023,,Dealer,216385.33,tier 3
  Maharashtra  ,5.49,  Kawasaki  ,Vulcan S,117777,2021,515,Electric,77.78,third owner,2024,expired,  Individual  ,93585.33,  Tier 3  
West Bengal,75.14,Kawasaki,Ninja 400,58852,2019,217,Electric,88.82,third owner,2022,ACTIVE,individual,30188.18,Tier 2
rajasthan,30.61,Kawasaki,Z650,380430,2024,537,  Electric  ,97.49,,2024,expired,Individual,235653.52,  Metro  
Madhya Pradesh,19.52,  TVS  ,Jupiter,109644,2022,998,Electric,77.99,1st,2022,expired,Individual,81646.6,Tier 2
GUJARAT,63.1,hero,Passion Pro,352379,2020,929,  Petrol  ,29.3,THIRD,2024,Active,Dealer,266688.74,tier 2
Tamil Nadu,51.72,  Honda  ,Unicorn,228430,2021,681,ELECTRIC,81.74,SECOND,2022,NOT AVAILABLE,Individual,116013.35,Tier 3
Gujarat,46.32,ktm,390 Adventure,249761,2023,221,  Petrol  ,39.6,THIRD,2024,Active,individual,141187.99,TIER 2
Madhya Pradesh,45.8,kawasaki,Versys 650,176472,2019,136,ELECTRIC,72.41,Second,2021,Expired,Individual,123564.19,Tier 2
DELHI,5.86,BAJAJ,Pulsar 150,123459,2024,745,  Petrol  ,58.62,2nd,2024,Expired,Dealer,59706.82,Metro
maharashtra,31.97,  Royal Enfield  ,Meteor 350,59843,2023,914,petrol,55.36,3rd,2024,  Expired  ,Individual,35362.9,Tier 1
karnataka,15.6,  KTM  ,RC 390,288868,2018,508,Hybrid,85.9,second owner,2022,Expired,Dealer,218146.49,METRO
  Madhya Pradesh  ,21.89,HERO,Glamour,341353,2021,616,Hybrid,60.61,2nd,2023,Expired,Dealer,271343.33,Metro
Madhya Pradesh,19.19,Royal Enfield,Classic 350,69398,2023,157,HYBRID,74.42,first owner,2023,EXPIRED,DEALER,30161.91,Tier 2
Delhi,74.52,royal enfield,Classic 350,359011,2021,872,ELECTRIC,81.63,2nd,2021,,Dealer,267947.71,  Tier 2  
Maharashtra,11.61,KAWASAKI,Z650,171623,2024,938,Petrol,29.56,FIRST,2023,NOT AVAILABLE,Individual,72876.69,TIER 1
Uttar Pradesh,17.2,Royal Enfield,Classic 350,221503,2023,159,Petrol,41.04,second owner,2023,Active,Dealer,108734.49,metro
Gujarat,26.7,Hero,Splendor Plus,101247,2020,757,Petrol,58.03,third owner,2023,Expired,Dealer,56573.85,Tier 3
  Tamil Nadu  ,28.41,KAWASAKI,Ninja 400,264210,2024,656,Petrol,25.29,second owner,2024,Active,Dealer,158709.43,metro
  Rajasthan  ,9.41,Yamaha,Fascino 125,104859,2019,432,HYBRID,,second owner,2023,Active,dealer,73543.34,tier 1
Maharashtra,68.78,royal enfield,Classic 350,358443,2018,345,HYBRID,88.93,2nd,2024,Expired,dealer,200632.66,Tier 3
delhi,32.11,ROYAL ENFIELD,Classic 350,130379,2015,277,Petrol,43.04,second owner,2021,Expired,Individual,78396.65,tier 2
DELHI,22.43,yamaha,FZ V3,51897,2023,573,hybrid,79.99,Second,2024,,Dealer,20797.92,Metro
West Bengal,33.43,Yamaha,MT-15,82210,2022,510,Electric,86.42,1st,2022,expired,Individual,48329.64,  Tier 2  
Karnataka,36.98,Hero,Glamour,296149,2022,279,Electric,65.98,SECOND,2024,Active,Dealer,154221.15,Tier 2
Maharashtra,56.83,Royal Enfield,Himalayan,273374,2022,473,Electric,84.65,SECOND,2023,expired,Dealer,198024.68,Tier 2
Gujarat,17.48,Kawasaki,Vulcan S,177033,2019,482,Petrol,58.35,THIRD,2024,active,  Individual  ,131406.64,Tier 1
Uttar Pradesh,44.04,Kawasaki,Versys 650,189563,2018,135,  Petrol  ,38.61,SECOND,2021,  Active  ,INDIVIDUAL,141305.74,Tier 3
Punjab,60.68,Hero,Passion Pro,360900,2021,831,ELECTRIC,72.29,Second,2021,  Expired  ,Individual,147988.55,Tier 1
Gujarat,43.58,Honda,CBR 650R,80146,2019,198,Hybrid,96.21,THIRD,2021,  Expired  ,Dealer,37338.76,tier 3
TAMIL NADU,49.16,  Honda  ,Dio,205721,2022,389,Hybrid,61.93,first owner,2022,ACTIVE,dealer,111736.21,  Tier 2  
  Uttar Pradesh  ,61.83,  Hero  ,Glamour,101984,2017,896,Electric,99.01,second owner,2024,  Not Available  ,Individual,72434.31,  Tier 2  
  Gujarat  ,27.71,Hero,Glamour,243513,2023,209,Electric,64.62,SECOND,2023,Active,DEALER,140683.05,tier 1
gujarat,50.87,Bajaj,Pulsar 150,178376,2024,9999,Hybrid,91.87,2nd,2024,active,Individual,113536.77,Metro
madhya pradesh,54.71,KTM,250 Duke,94023,2016,446,HYBRID,80.27,Third,2022,expired,DEALER,47536.95,Tier 1
  West Bengal  ,16.41,Royal Enfield,Meteor 350,375031,2021,625,hybrid,77.82,2nd,2022,Active,INDIVIDUAL,227520.72,  Tier 3  
RAJASTHAN,77.61,Honda,Dio,252818,2021,596,Petrol,29.01,FIRST,2021,Expired,DEALER,175623.86,Tier 3
delhi,35.84,Tvs,Ronin,116707,2023,179,  Hybrid  ,,second owner,2024,Active,dealer,56766.74,Metro
Punjab,72.43,  TVS  ,Ronin,66036,2020,637,  Petrol  ,27.9,Third,2022,Active,  Dealer  ,40911.93,TIER 1
MADHYA PRADESH,35.05,tvs,Sport,72646,2022,280,Electric,98.22,second owner,2022,Active,  Dealer  ,43261.61,  Tier 2  
karnataka,73.36,Bajaj,CT 100,100787,2015,847,ELECTRIC,69.35,second owner,2021,Active,  Dealer  ,57385.68,  Metro  
Rajasthan,58.66,HERO,HF Deluxe,87771,2024,701,Hybrid,87.71,THIRD,2024,active,DEALER,65692.96,Tier 1
KARNATAKA,45.75,Kawasaki,Ninja 300,121141,2024,773,HYBRID,84.92,,2024,ACTIVE,Dealer,67014.18,Metro
  Uttar Pradesh  ,64.42,Yamaha,Ray ZR,292817,2021,828,Electric,70.73,first owner,2021,Expired,INDIVIDUAL,149668.49,Tier 3
Rajasthan,54.95,honda,Dio,152823,2023,268,PETROL,44.9,,2023,  Not Available  ,  Dealer  ,63559.26,tier 2
karnataka,48.39,  Kawasaki  ,Versys 650,364579,2022,277,ELECTRIC,89.74,Third,2024,  Expired  ,Individual,207975.53,Tier 1
KARNATAKA,8.63,Yamaha,MT-15,154526,2023,754,Petrol,42.48,,2024,ACTIVE,Individual,76754.35,METRO
gujarat,10.57,Yamaha,MT-15,358871,2022,532,hybrid,90.13,second owner,2023,Active,Dealer,282322.16,Tier 3
Punjab,54.07,BAJAJ,Dominar 400,129792,2024,461,Hybrid,86.29,Third,2024,  Expired  ,Individual,86330.58,Tier 3
TAMIL NADU,7.27,  Bajaj  ,CT 100,138747,2022,741,hybrid,61.34,Third,2024,Active,  Dealer  ,79895.57,Tier 3
  Karnataka  ,24.68,Kawasaki,Ninja 300,210705,2023,319,petrol,56.71,second owner,2024,Not Available,Dealer,133386.32,Metro
madhya pradesh,45.64,TVS,Apache RTR 160,383794,2022,485,Hybrid,,1st,2022,not available,DEALER,165262.96,Metro
gujarat,17.25,Honda,Dio,397517,2021,830,  Hybrid  ,62.46,FIRST,2021,  Expired  ,INDIVIDUAL,311723.12,tier 2
RAJASTHAN,49.57,  Royal Enfield  ,Meteor 350,287647,2020,757,Hybrid,67.54,SECOND,2022,NOT AVAILABLE,Individual,189976.3,Metro
Delhi,7.96,ROYAL ENFIELD,Hunter 350,256735,2024,635,HYBRID,76.06,,2024,Not Available,INDIVIDUAL,117112.08,TIER 3
delhi,22.53,KAWASAKI,Ninja 400,102220,2023,369,Hybrid,83.7,First,2023,active,Dealer,,  Tier 3  
maharashtra,8.44,Hero,Xtreme 160R,363140,2023,937,Hybrid,81.43,2nd,2023,ACTIVE,dealer,149775.84,tier 1
  Maharashtra  ,66.94,kawasaki,Vulcan S,329068,2019,565,Petrol,42.27,Third,2022,Expired,individual,204924.13,METRO
Uttar Pradesh,53.12,Kawasaki,Z650,240009,2016,969,HYBRID,72.6,,2015,Active,Individual,116432.47,Tier 1
MAHARASHTRA,62.11,Tvs,Sport,268655,2024,165,ELECTRIC,94.56,Second,2024,Not Available,Dealer,163113.63,tier 3
PUNJAB,39.91,Kawasaki,Versys 650,76063,2021,990,Hybrid,74.82,Second,2023,Active,INDIVIDUAL,43660.04,Tier 3
Rajasthan,8.13,Kawasaki,Ninja 400,126805,2019,797,PETROL,44.47,Third,2021,Not Available,dealer,75101.8,Metro
Delhi,36.13,Kawasaki,Z650,316703,2024,395,  Petrol  ,48.68,,2024,Active,Dealer,174624.24,  Tier 1  
MADHYA PRADESH,76.73,HERO,Splendor Plus,288292,2020,878,electric,94.61,THIRD,2023,ACTIVE,Dealer,172726.21,metro
Maharashtra,63.11,yamaha,MT-15,91451,2024,339,Electric,66.84,First,2024,Expired,Individual,51959.84,Tier 2
punjab,34.78,KAWASAKI,Ninja 400,68970,2024,953,Petrol,43.45,,2024,ACTIVE,dealer,47517.09,metro
  Gujarat  ,15.35,Honda,Shine,361087,2022,612,Petrol,33.7,Third,2023,Expired,  Individual  ,256065.8,Tier 1
Punjab,60.25,Yamaha,Ray ZR,312810,2024,892,Petrol,59.29,FIRST,2024,Active,Dealer,177139.91,tier 1
  Madhya Pradesh  ,48.23,Hero,Xtreme 160R,63532,2022,351,  Petrol  ,29.86,Second,2022,NOT AVAILABLE,dealer,36438.11,Tier 1
Punjab,55.42,Kawasaki,Versys 650,266190,2020,600,Hybrid,67.57,Third,2024,Active,Individual,182173.77,Metro
Gujarat,40.72,KTM,125 Duke,"₹336,209",2024,463,Petrol,26.47,Second,2024,Expired,Dealer,223381.32,TIER 3
Madhya Pradesh,30.36,yamaha,Fascino 125,231107,2024,911,  Petrol  ,56.68,THIRD,2024,Expired,Dealer,156929.38,Tier 3
Delhi,52.82,Bajaj,Pulsar 150,360829,2024,306,petrol,37.28,third owner,2024,,dealer,263808.52,Metro
Rajasthan,30.74,Royal Enfield,Himalayan,"₹65,875",2023,983,  Petrol  ,,SECOND,2024,Expired,dealer,50733.24,TIER 3
Gujarat,60.29,Hero,Xtreme 160R,186840,2016,9999,HYBRID,66.81,3rd,2024,Not Available,DEALER,144697.01,Metro
Karnataka,35.62,Kawasaki,Ninja 300,393729,2020,531,electric,91.18,third owner,2024,NOT AVAILABLE,Dealer,277652.85,tier 3
Gujarat,77.0,BAJAJ,Platina 110,322552,2018,531,Electric,78.37,Second,2021,Active,individual,231139.31,Tier 1
  Karnataka  ,8.65,TVS,Jupiter,158215,2022,916,PETROL,42.52,first owner,2022,  Expired  ,Dealer,119615.82,Metro
gujarat,27.91,Honda,CBR 650R,236533,2022,102,Hybrid,66.28,First,2022,not available,Individual,122857.78,TIER 1
Punjab,70.06,Hero,HF Deluxe,207646,2021,223,electric,72.94,first owner,2021,EXPIRED,Individual,119334.13,Tier 3
Uttar Pradesh,10.59,TVS,Ronin,185026,2017,627,  Hybrid  ,84.97,SECOND,2024,  Expired  ,Individual,146046.36,Tier 3
Karnataka,36.26,  Royal Enfield  ,Interceptor 650,310394,2024,302,Electric,86.44,THIRD,2024,active,Individual,,  Tier 3  
West Bengal,47.88,yamaha,FZ V3,220330,2023,961,electric,60.57,3rd,2024,Expired,Individual,114148.13,Tier 2
Rajasthan,78.86,Royal Enfield,Meteor 350,225075,2020,467,electric,81.31,THIRD,2021,Not Available,dealer,93137.68,Tier 1
  West Bengal  ,8.22,Bajaj,Avenger 220,"₹398,385",2024.0,683,  Electric  ,81.39,3rd,2024,NOT AVAILABLE,Individual,178074.24,Tier 1
Uttar Pradesh,39.7,Kawasaki,Versys 650,223282,2022,964,Petrol,39.07,Second,2023,Not Available,INDIVIDUAL,91942.39,Tier 1
Maharashtra,62.98,Bajaj,Platina 110,225223,2018,132,Hybrid,,second owner,2022,NOT AVAILABLE,Individual,150818.03,Metro
Maharashtra,57.48,Royal Enfield,Himalayan,206261,2021,550,Petrol,43.02,first owner,2021,Active,  Individual  ,123127.2,  Tier 1  
west bengal,71.25,  Yamaha  ,Ray ZR,390906,2023,392,Electric,99.76,first owner,2023,  Not Available  ,Individual,189314.91,Tier 3
DELHI,21.61,yamaha,R15 V4,85751,2017,572,PETROL,56.0,THIRD,2024,Expired,  Individual  ,49977.01,Tier 1
gujarat,24.47,bajaj,Dominar 400,344262,2024,289,Hybrid,78.12,first owner,2024,Expired,Dealer,145316.1,Tier 2
Madhya Pradesh,19.45,bajaj,Platina 110,361524,2022,567,Petrol,38.54,2nd,2023,Active,  Dealer  ,145083.22,Tier 1
Karnataka,33.05,KAWASAKI,Ninja 300,273206,2015,601,Electric,62.95,THIRD,2024,Not Available,Dealer,159172.97,Tier 2
Uttar Pradesh,47.69,honda,Dio,290708,2024,120,  Petrol  ,33.94,third owner,2024,not available,individual,231581.11,tier 2
MAHARASHTRA,66.18,Royal Enfield,Himalayan,239968,2020,456,petrol,53.78,Second,2019,  Expired  ,dealer,117483.22158797285,TIER 1
Gujarat,78.9,HONDA,Activa,121987,2022,394,Electric,82.66,THIRD,2023,expired,Individual,91089.97,Tier 1
DELHI,79.21,  Hero  ,Passion Pro,198952,2021,816,Petrol,49.02,First,2021,Active,Individual,,metro
Punjab,15.39,TVS,Jupiter,155496,2021,174,hybrid,98.99,Second,2021,Active,Dealer,120140.27,metro
Rajasthan,55.19,royal enfield,Interceptor 650,198250,2024,359,Petrol,41.85,FIRST,2024,Expired,DEALER,,TIER 3
Punjab,61.12,HONDA,Activa,290626,2016,732,Petrol,54.35,2nd,2022,NOT AVAILABLE,individual,149969.94,tier 3
Punjab,40.55,TVS,NTorq 125,164504,2022,623,Electric,67.78,Third,2023,Not Available,Dealer,107602.74,Tier 1
Delhi,75.87,KAWASAKI,Z650,279676,2015,868,Hybrid,94.14,3rd,2021,,Individual,117086.94,tier 3
Gujarat,38.28,  Honda  ,Unicorn,356899,2016,225,Hybrid,67.62,2nd,2021,Not Available,individual,267645.48,Tier 2
West Bengal,66.94,TVS,Sport,301497,2022,138,Hybrid,91.39,First,2022,Expired,Dealer,128090.26,TIER 3
west bengal,13.01,  Yamaha  ,Fascino 125,258995,2022,489,Electric,97.13,1st,2020,Not Available,individual,122907.50568742203,METRO
Gujarat,56.07,kawasaki,Vulcan S,309034,2024,823,Electric,100.0,3rd,2024,Expired,individual,127140.22,Tier 1
Uttar Pradesh,11.51,royal enfield,Classic 350,376744,2023,444,Electric,63.02,1st,2023,Expired,Dealer,178101.11,METRO
uttar pradesh,45.65,KTM,Duke 200,129213,2019,620,petrol,,3rd,2022,Active,Individual,84131.96,Tier 1
  Rajasthan  ,34.19,  TVS  ,NTorq 125,170354,2016,307,Electric,,3rd,2021,Not Available,Individual,97283.79,tier 2
Tamil Nadu,49.4,  Bajaj  ,Avenger 220,345885,2024,253,ELECTRIC,97.26,first owner,2024,  Expired  ,Individual,273039.8,  Tier 3  
delhi,7.5,hero,Xtreme 160R,123059,2024,290,Petrol,45.94,third owner,2024,  Expired  ,DEALER,,metro
RAJASTHAN,15.84,honda,Activa,267930,2022,275,PETROL,50.15,Second,2024,Expired,Individual,121104.91,Tier 2
Tamil Nadu,66.49,Hero,HF Deluxe,333370,2015,806,Hybrid,68.0,2nd,2023,Expired,Individual,150574.18,Tier 3
Tamil Nadu,65.99,Kawasaki,Z650,261464,2024,819,electric,67.79,second owner,2024,Expired,  Dealer  ,126039.31,Tier 2
west bengal,50.43,Kawasaki,Ninja 300,134995,2018,381,Hybrid,89.73,,2021,Active,Dealer,98118.24,Tier 1
  Uttar Pradesh  ,78.9,KTM,125 Duke,"₹133,387",2022,340,Electric,86.17,FIRST,2022,Expired,individual,83567.72,TIER 1
  Punjab  ,16.66,honda,CBR 650R,199155,2022,468,  Electric  ,98.38,THIRD,2024,Expired,Individual,100713.65,Tier 3
Punjab,15.96,HERO,Passion Pro,337961,2015,514,Petrol,32.82,Third,2023,Expired,  Individual  ,221337.87,TIER 3
Rajasthan,68.36,tvs,NTorq 125,379260,2024,320,  Petrol  ,57.41,first owner,2024,NOT AVAILABLE,Individual,253225.03,Metro
Delhi,12.65,Ktm,250 Duke,"₹201,014",2024,190,petrol,52.63,Third,2024,Expired,Individual,98552.82,  Tier 3  
RAJASTHAN,51.11,KAWASAKI,Vulcan S,270954,2023,662,Hybrid,68.36,THIRD,2024,Expired,Individual,194717.29,TIER 3
PUNJAB,29.92,Bajaj,Avenger 220,216719,2015,761,Electric,79.47,3rd,2024,Not Available,Dealer,108426.82,TIER 3
RAJASTHAN,7.23,Royal Enfield,Himalayan,343659,2022,595,  Petrol  ,35.84,first owner,2022,Active,  Dealer  ,261733.64,  Tier 1  
RAJASTHAN,63.67,Yamaha,Fascino 125,"₹365,427",2024,888,electric,86.68,Second,2024,Not Available,  Individual  ,279626.41,  Tier 1  
Rajasthan,44.8,Hero,HF Deluxe,299171,2019,920,PETROL,28.26,,2021,expired,individual,232276.56,metro
Uttar Pradesh,20.55,  Hero  ,HF Deluxe,178316,2023,552,petrol,53.02,first owner,2023,Expired,dealer,104956.87,  Tier 2  
Rajasthan,78.7,YAMAHA,Fascino 125,"₹312,607",2024,253,ELECTRIC,98.49,FIRST,2024,ACTIVE,Dealer,146622.0,metro
Uttar Pradesh,30.65,ROYAL ENFIELD,Interceptor 650,227955,2024,508,  Petrol  ,,FIRST,2024,Not Available,  Dealer  ,161212.05,TIER 3
Madhya Pradesh,6.52,Kawasaki,Z650,61575,2023,211,Electric,66.23,3rd,2023,Not Available,Individual,28786.06,tier 1
RAJASTHAN,78.96,Bajaj,Avenger 220,375103,2022,892,Hybrid,73.22,first owner,2022,Not Available,  Individual  ,279713.45,metro
TAMIL NADU,57.55,ktm,125 Duke,216984,2024,355,Petrol,49.89,third owner,2024,EXPIRED,INDIVIDUAL,114101.48,tier 2
Gujarat,21.48,Tvs,Jupiter,67106,2020,308,Hybrid,81.52,SECOND,2022,Not Available,Dealer,36313.21,TIER 3
MADHYA PRADESH,850.0,Yamaha,FZ V3,272201,2024,253,  Petrol  ,55.14,Third,2024,not available,Individual,161291.15,  Tier 1  
UTTAR PRADESH,12.28,Yamaha,Ray ZR,302360,2021,599,Electric,76.78,1st,2021,NOT AVAILABLE,Dealer,232487.91,Tier 2
  West Bengal  ,-5.0,Yamaha,MT-15,378957,2022,586,Hybrid,,second owner,2022,Active,Individual,282524.25,Metro
maharashtra,22.25,TVS,Ronin,391401,2023,748,Petrol,42.66,first owner,2023,Not Available,  Dealer  ,249608.78,Tier 2
  Madhya Pradesh  ,72.89,TVS,Jupiter,105053,2023,677,  Electric  ,92.83,SECOND,2023,Expired,  Individual  ,69879.56,Tier 2
delhi,23.88,YAMAHA,Ray ZR,392966,2023,878,Petrol,36.01,Third,2023,Active,  Individual  ,284829.08,Tier 3
Madhya Pradesh,74.74,Honda,CBR 650R,214826,2021,298,Electric,83.06,1st,2021,Expired,INDIVIDUAL,104142.76,TIER 2
West Bengal,8.4,Kawasaki,Vulcan S,360165,2024,768,HYBRID,87.5,1st,2024,Not Available,dealer,157706.62020771558,Tier 3
Gujarat,77.03,Royal Enfield,Interceptor 650,176817,2024,868,Hybrid,83.82,third owner,2024,Active,INDIVIDUAL,74820.59,metro
  Punjab  ,9.01,Royal Enfield,Interceptor 650,167017,2024,687,ELECTRIC,67.33,2nd,2024,,Individual,109895.57,Tier 3
Rajasthan,46.36,  Royal Enfield  ,Classic 350,83246,2019,975,Petrol,39.31,Third,2021,not available,Dealer,64810.36,  Tier 1  
West Bengal,5.65,Royal Enfield,Himalayan,141917,2021,544,Petrol,27.54,Second,2023,  Active  ,  Individual  ,95056.31,tier 2
MAHARASHTRA,46.63,bajaj,Avenger 220,97238,2020,255,  Hybrid  ,91.05,Second,2022,EXPIRED,Dealer,,Metro
TAMIL NADU,64.82,Hero,Glamour,246763,2015,541,  Electric  ,98.87,3rd,2023,Expired,Dealer,171359.44,metro
TAMIL NADU,30.19,Bajaj,Avenger 220,251910,2019,998,ELECTRIC,82.92,Second,2023,  Expired  ,Dealer,182776.22,Metro
Gujarat,25.87,KAWASAKI,Ninja 400,334787,2024,325,Hybrid,70.27,FIRST,2024,Active,DEALER,200109.26,  Tier 3  
uttar pradesh,7.15,ktm,390 Adventure,350289,2024,612,  Hybrid  ,62.92,Third,2024,  Not Available  ,individual,,METRO
  Karnataka  ,29.56,Yamaha,Ray ZR,132582,2020,181,  Electric  ,78.53,SECOND,2021,EXPIRED,Individual,68800.03,Tier 3
Punjab,43.7,Honda,Shine,287104,2021,400,Petrol,57.62,THIRD,2024,  Not Available  ,Individual,150831.44,Metro
Madhya Pradesh,48.77,KTM,RC 390,69822,2022,751,Hybrid,,2nd,2023,EXPIRED,Individual,53411.48,  Tier 1  
Uttar Pradesh,75.46,bajaj,CT 100,376372,2015,457,Petrol,31.69,2nd,2022,Expired,Individual,294788.79,  Tier 2  
West Bengal,47.63,YAMAHA,Fascino 125,242791,2023,580,Hybrid,71.89,2nd,2023,Expired,Individual,168531.14273026813,Tier 2
WEST BENGAL,46.03,  Hero  ,Passion Pro,89658,2021,510,PETROL,42.07,2nd,2022,  Active  ,Dealer,53590.69,TIER 2
karnataka,63.35,ktm,125 Duke,180768,2016,788,Electric,96.33,Second,2024,Expired,Dealer,141427.18,Tier 1
Gujarat,43.74,kawasaki,Z650,369156,2023,774,Electric,77.67,first owner,2022,Expired,Individual,253886.62,  Tier 1  
  Madhya Pradesh  ,76.86,Kawasaki,Z650,130041,2024,180,electric,79.18,first owner,2024,active,individual,67708.97,TIER 2
Delhi,10.39,Hero,Xtreme 160R,396916,2022,616,PETROL,32.78,first owner,2022,Expired,Dealer,216782.94,METRO
Rajasthan,25.98,TVS,Jupiter,280009,2021,440,petrol,29.81,3rd,2021,Not Available,dealer,116669.87,tier 2
Gujarat,43.45,TVS,Apache RTR 160,185568,2024,686,Hybrid,60.92,third owner,2024,  Not Available  ,Dealer,88477.96,  Tier 3  
  Delhi  ,29.17,TVS,Apache RTR 160,"₹62,340",2022,482,Electric,62.75,3rd,2024,Not Available,individual,28226.93,TIER 3
  Madhya Pradesh  ,17.03,Royal Enfield,Meteor 350,203018,2023,468,Petrol,43.9,1st,2023,Active,dealer,90160.62,Tier 2
  Madhya Pradesh  ,76.04,royal enfield,Interceptor 650,196560,2024,666,Hybrid,61.54,second owner,2024,active,Dealer,155990.66,Metro
Uttar Pradesh,67.16,TVS,Sport,343008,2018,951,electric,98.35,third owner,2022,  Expired  ,  Individual  ,250223.09,Tier 2
Uttar Pradesh,11.99,  Honda  ,Dio,123688,2022,402,hybrid,76.33,first owner,2022,Not Available,Individual,58934.65,Tier 3
Uttar Pradesh,65.21,Honda,Shine,376541,2023,998,Petrol,27.96,THIRD,2023,Expired,dealer,206460.63,  Metro  
West Bengal,22.09,KTM,Duke 200,217537,2021,186,Hybrid,70.84,second owner,2022,Active,DEALER,152530.24,  Tier 2  
Delhi,21.35,KTM,390 Adventure,224084,2024,946,Hybrid,72.38,,2024,Not Available,Dealer,110565.13,Tier 3
UTTAR PRADESH,19.6,  Honda  ,Shine,268443,2019,111,Hybrid,72.85,second owner,2022,,individual,116212.42,Tier 1
Tamil Nadu,52.14,Bajaj,Dominar 400,189087,2024,628,ELECTRIC,90.33,,2024,  Expired  ,Individual,147429.82,  Tier 1  
maharashtra,15.85,Honda,CBR 650R,211538,2017,209,PETROL,58.9,,2021,Active,Dealer,141387.08,TIER 3
  West Bengal  ,48.22,Royal Enfield,Classic 350,180208,2023,492,Petrol,28.52,SECOND,2023,  Active  ,Individual,121242.31,  Tier 1  
Maharashtra,49.7,yamaha,FZ V3,309146,2020,122,petrol,37.23,Third,2021,NOT AVAILABLE,Individual,194433.59,  Tier 2  
  Karnataka  ,71.77,TVS,Ronin,"₹287,160",2024,336,Petrol,27.12,Third,2024,Active,Individual,217966.52,tier 2
Tamil Nadu,8.37,  Honda  ,Activa,145912,2021,978,ELECTRIC,89.7,Second,2021,Active,Dealer,,tier 3
maharashtra,78.48,Yamaha,Ray ZR,70339,2022,859,  Electric  ,73.98,,2022,not available,Dealer,51387.98,  Tier 1  
  Madhya Pradesh  ,72.18,Honda,Activa,109212,2019,536,PETROL,44.48,second owner,2022,EXPIRED,  Dealer  ,82364.54,Tier 2
Rajasthan,58.32,YAMAHA,FZ V3,272011,2019,493,PETROL,32.17,2nd,2018,Active,INDIVIDUAL,115266.16,TIER 3
west bengal,21.11,KTM,125 Duke,314569,2022,419,  Electric  ,92.67,,2023,Active,Dealer,135234.84,metro
  Maharashtra  ,36.81,KTM,125 Duke,86705,2024,357,ELECTRIC,96.42,Second,2024,NOT AVAILABLE,Dealer,45675.08,Tier 2
West Bengal,19.43,  TVS  ,Sport,73188,2016,377,electric,76.22,second owner,2024,Not Available,Individual,39319.75,tier 2
Tamil Nadu,62.04,Honda,Unicorn,248633,2018,870,Petrol,32.21,THIRD,2021,Expired,  Individual  ,134909.11,Tier 2
  Madhya Pradesh  ,56.93,Royal Enfield,Hunter 350,360962,2020,309,Hybrid,90.74,third owner,2021,Active,Individual,150325.35,  Metro  
west bengal,43.61,bajaj,Pulsar 150,77767,2020,931,ELECTRIC,,THIRD,2023,Not Available,INDIVIDUAL,32074.53,Metro
MAHARASHTRA,41.92,Royal Enfield,Interceptor 650,275740,2020,836,  Petrol  ,44.46,second owner,2022,active,Dealer,,Tier 1
Madhya Pradesh,73.22,Honda,Dio,180792,2022,686,petrol,52.21,FIRST,2022,Expired,Dealer,103730.35,Tier 1
Rajasthan,43.12,Royal Enfield,Himalayan,288338,2021,518,Electric,84.52,SECOND,2024,Not Available,Dealer,183713.31,Tier 2
  Rajasthan  ,42.98,Bajaj,Avenger 220,139681,2023,896,petrol,47.58,1st,2023,Not Available,Individual,74829.5,Tier 2
  Maharashtra  ,12.64,Bajaj,CT 100,161674,2018,546,Petrol,53.03,THIRD,2024,Active,individual,111812.68,TIER 1
MAHARASHTRA,38.39,  TVS  ,NTorq 125,218647,2023,924,Electric,75.82,SECOND,2024,Not Available,Individual,160918.36,Metro
Uttar Pradesh,41.0,Hero,Glamour,230161,2024,241,Petrol,56.5,THIRD,2024,  Expired  ,Individual,162314.81,tier 1
KARNATAKA,12.13,Yamaha,Fascino 125,334467,2021,925,Electric,88.16,Second,2024,,Dealer,157389.1,  Tier 1  
Tamil Nadu,47.46,Bajaj,CT 100,144688,2019,254,Petrol,52.85,Second,2023,Expired,Dealer,60440.8,  Tier 1  
Rajasthan,66.15,Royal Enfield,Classic 350,109924,2016,849,PETROL,32.03,Second,2022,Active,individual,81947.51,Tier 3
Tamil Nadu,62.65,royal enfield,Hunter 350,128235,2021,741,Electric,63.26,2nd,2021,Active,Dealer,66512.03,Tier 3
West Bengal,64.14,Ktm,Duke 200,277409,2023,878,Electric,,Second,2023,active,INDIVIDUAL,140750.48,Tier 2
Rajasthan,51.14,bajaj,CT 100,349455,2021,479,HYBRID,78.87,Second,2024,Expired,Dealer,164032.89,Metro
gujarat,49.62,YAMAHA,MT-15,262552,2023,482,hybrid,91.83,3rd,2024,Expired,Dealer,138667.96,TIER 3
Madhya Pradesh,52.16,Yamaha,Fascino 125,56537,2024,337,Petrol,53.98,2nd,2024,Active,Individual,29756.94,Tier 3
Maharashtra,47.59,Royal Enfield,Himalayan,69580,2023,570,Petrol,48.17,1st,2023,not available,Individual,47526.7,Metro
  Delhi  ,13.94,  Hero  ,HF Deluxe,193830,2024,637,  Hybrid  ,79.08,first owner,2024,ACTIVE,Individual,95651.28,Tier 2
Tamil Nadu,38.82,TVS,Apache RTR 160,332073,2016,663,Electric,82.48,SECOND,2024,ACTIVE,  Dealer  ,161679.08,Metro
West Bengal,13.46,HERO,Glamour,52711,2021,181,electric,68.14,2nd,2024,Not Available,INDIVIDUAL,39250.45,Metro
  Karnataka  ,69.97,Honda,Shine,391694,2017,504,hybrid,93.51,Second,2022,EXPIRED,dealer,181590.39,Tier 2
Delhi,73.98,  Yamaha  ,FZ V3,97236,2015,978,Petrol,34.11,3rd,2024,Expired,Individual,70560.01,Tier 1
PUNJAB,51.94,YAMAHA,MT-15,161176,2024,964,  Electric  ,,second owner,2024,  Expired  ,DEALER,74178.59,metro
West Bengal,10.58,  Yamaha  ,Ray ZR,379454,2023,166,HYBRID,93.0,FIRST,2023,Expired,DEALER,300884.59,Metro
  West Bengal  ,78.75,Royal Enfield,Meteor 350,215135,2021,916,hybrid,92.41,1st,2021,Not Available,individual,152709.32,Metro
Gujarat,37.89,Honda,CBR 650R,332857,2016,178,Petrol,34.84,,2023,Expired,DEALER,225376.19,TIER 3
Delhi,7.34,Kawasaki,Ninja 400,244413,2022,182,Electric,72.94,first owner,2022,expired,INDIVIDUAL,124409.02,Tier 2
Punjab,35.43,Kawasaki,Vulcan S,229375,2018,399,electric,68.92,THIRD,2022,Not Available,DEALER,136464.15,Tier 2
  Delhi  ,43.23,  Hero  ,HF Deluxe,109885,2023,722,Electric,85.73,first owner,2023,expired,Dealer,87057.91,  Tier 2  
west bengal,48.73,Royal Enfield,Meteor 350,78051,2021,735,Electric,78.8,FIRST,2021,NOT AVAILABLE,  Dealer  ,37710.43,Tier 2
uttar pradesh,63.85,Hero,HF Deluxe,233914,2021,484,  Hybrid  ,71.99,2nd,2021,,INDIVIDUAL,185800.78,Tier 2
rajasthan,42.96,  Yamaha  ,R15 V4,311301,2023,930,petrol,43.26,2nd,2023,Not Available,Individual,163950.3,TIER 2
Maharashtra,44.78,KTM,250 Duke,216728,2021,957,Electric,74.79,THIRD,2024,Not Available,  Dealer  ,,  Metro  
madhya pradesh,51.67,HONDA,Activa,88988,2020,196,Petrol,31.42,THIRD,2021,Expired,Individual,59399.4,Tier 2
Maharashtra,56.15,TVS,Jupiter,164488,2021,670,  Electric  ,65.26,Second,2023,  Active  ,Individual,124264.09,  Tier 2  
Delhi,53.39,Hero,HF Deluxe,56989,2016,373,Petrol,53.3,2nd,2024,Expired,individual,30813.67,Tier 1
karnataka,54.0,Hero,Passion Pro,322302,2022,933,  Hybrid  ,66.64,second owner,2023,  Not Available  ,individual,230464.28,tier 3
Maharashtra,32.23,Kawasaki,Versys 650,198108,2021,330,petrol,52.4,3rd,2022,Expired,Individual,151052.07,Metro
Maharashtra,32.39,Tvs,Jupiter,383264,2016,107,Hybrid,93.84,third owner,2024,NOT AVAILABLE,dealer,292129.0,Tier 2
Uttar Pradesh,16.15,Yamaha,Ray ZR,353452,2023,435,Hybrid,69.73,FIRST,2023,Active,Dealer,229476.32,  Metro  
Maharashtra,33.42,KTM,Duke 200,253528,2022,714,Electric,76.42,third owner,2022,EXPIRED,DEALER,158143.71,Tier 2
West Bengal,15.43,YAMAHA,Fascino 125,138590,2023,117,Petrol,30.24,SECOND,2023,Active,Dealer,85059.12,Tier 3
rajasthan,7.12,Bajaj,Platina 110,246749,2019,951,Petrol,36.16,2nd,2024,Expired,dealer,128048.12,Metro
Delhi,13.94,tvs,NTorq 125,100721,2022,499,Electric,82.11,3rd,2024,  Active  ,Individual,48055.92,Metro
  Karnataka  ,10.35,  Royal Enfield  ,Interceptor 650,202846,2024,610,Electric,98.85,First,2024,Not Available,Dealer,90433.9,metro
RAJASTHAN,33.03,Bajaj,Avenger 220,301300,2019,202,Electric,97.13,3rd,2024,Active,Individual,196062.13,Tier 1
Rajasthan,72.89,Tvs,NTorq 125,218776,2024,568,PETROL,54.2,1st,2024,Active,Dealer,169308.82,  Tier 2  
Gujarat,43.41,  TVS  ,Jupiter,235565,2019,547,Hybrid,83.24,,2023,NOT AVAILABLE,Dealer,,Tier 1
tamil nadu,5.01,Honda,Shine,252763,2019,235,Petrol,58.71,,2022,NOT AVAILABLE,dealer,191177.64,tier 1
  Tamil Nadu  ,63.31,Yamaha,MT-15,165279,2019,542,Hybrid,74.47,Third,2021,Expired,  Dealer  ,100761.25,Metro
  Maharashtra  ,21.17,KTM,125 Duke,192290,2021,883,  Hybrid  ,84.07,,2024,NOT AVAILABLE,Dealer,92070.15,Metro
  Karnataka  ,61.92,Honda,Activa,347423,2015,201,petrol,28.03,3rd,2022,Expired,Dealer,262744.61,  Tier 1  
West Bengal,48.46,ROYAL ENFIELD,Classic 350,360595,2024,868,Petrol,29.35,3rd,2024,not available,dealer,161790.37,Tier 3
Madhya Pradesh,50.8,KAWASAKI,Vulcan S,"₹242,165",2020,462,hybrid,60.09,Second,2024,Active,  Individual  ,117163.69,Tier 3
Delhi,79.97,TVS,Ronin,187206,2017,255,Hybrid,76.78,3rd,2024,Expired,  Dealer  ,143837.33,Tier 2
  Punjab  ,76.28,hero,Glamour,203977,2024,847,Electric,82.31,third owner,2024,Active,Individual,112270.94,Tier 1
DELHI,10.94,kawasaki,Versys 650,348864,2021,833,Petrol,41.28,SECOND,2021,Not Available,Dealer,,TIER 2
Uttar Pradesh,38.02,Bajaj,Platina 110,218166,2024,447,Electric,86.71,FIRST,2024,Not Available,Individual,87678.47,  Tier 2  
GUJARAT,5.43,KTM,Duke 200,234378,2020,548,Electric,74.41,Second,2022,Active,Dealer,140286.9,TIER 3
Gujarat,45.8,kawasaki,Z650,221602,2024,550,Electric,94.95,THIRD,2024,Expired,INDIVIDUAL,116185.39,Tier 3
Delhi,11.36,Hero,Xtreme 160R,313293,2022,422,Hybrid,68.22,,2024,Active,individual,188885.75,Tier 2
Tamil Nadu,40.27,Yamaha,Ray ZR,353060,2020,0,petrol,49.02,SECOND,2022,active,  Dealer  ,275849.27,Tier 3
UTTAR PRADESH,75.5,KTM,390 Adventure,220407,2023,117,Hybrid,78.97,third owner,2023,Active,DEALER,93683.86,Tier 2
MAHARASHTRA,57.2,  Kawasaki  ,Versys 650,358393,2021,794,Hybrid,92.5,THIRD,2024,  Active  ,  Individual  ,282606.56,TIER 2
punjab,62.0,Honda,CBR 650R,82694,2019,865,  Hybrid  ,90.67,second owner,2022,ACTIVE,  Dealer  ,,metro
Uttar Pradesh,27.82,  TVS  ,Apache RTR 160,171670,2022,623,HYBRID,,Second,2024,  Expired  ,INDIVIDUAL,75817.96,Tier 2
rajasthan,29.9,Bajaj,Avenger 220,188281,2024,864,Petrol,48.1,3rd,2024,  Expired  ,Individual,99008.75,Tier 3
Karnataka,28.97,Kawasaki,Ninja 400,179094,2020,794,Electric,74.44,2nd,2021,Expired,Dealer,,Tier 1
Gujarat,56.08,TVS,Sport,143568,2022,581,petrol,41.97,1st,2022,Expired,Individual,101984.21,TIER 3
Karnataka,62.24,Kawasaki,Vulcan S,229913,2024,927,Petrol,28.65,1st,2024,Not Available,Individual,98708.29,tier 1
maharashtra,72.34,Yamaha,R15 V4,154089,2017,197,Hybrid,60.08,Second,2024,Not Available,INDIVIDUAL,84701.02,Tier 1
West Bengal,39.98,BAJAJ,Pulsar 150,182102,2015,364,ELECTRIC,77.21,Second,2023,active,dealer,100013.63,Metro
uttar pradesh,850.0,Bajaj,CT 100,225623,2019,690,Electric,94.39,SECOND,2023,Active,INDIVIDUAL,,Tier 1
DELHI,50.89,Royal Enfield,Interceptor 650,349144,2024,281,Petrol,49.26,second owner,2024,  Expired  ,Individual,198046.45,tier 1
RAJASTHAN,39.83,Royal Enfield,Classic 350,260106,2019,847,Electric,84.34,,2021,ACTIVE,Individual,159190.81,Tier 1
  Gujarat  ,5.58,Bajaj,Dominar 400,134919,2021,670,Hybrid,80.31,2nd,2022,Expired,Individual,80007.99,  Metro  
Delhi,74.52,royal enfield,Classic 350,"₹101,528",2021,134,Hybrid,67.62,3rd,2022,EXPIRED,  Individual  ,42336.68,  Metro  
West Bengal,28.12,KTM,Duke 200,209468,2022,999,Hybrid,93.38,First,2022,Not Available,Individual,99332.73,Metro
Gujarat,32.03,Kawasaki,Versys 650,56071,2024,499,  Electric  ,92.92,FIRST,2024,EXPIRED,INDIVIDUAL,28101.52,Tier 3
  Madhya Pradesh  ,32.85,Yamaha,Fascino 125,187520,2020,390,ELECTRIC,75.79,2nd,2023,EXPIRED,DEALER,91737.2,  Tier 3  
Delhi,79.55,royal enfield,Meteor 350,304121,2021,674,  Hybrid  ,68.34,Second,2024,Expired,Dealer,,Tier 1
PUNJAB,59.54,  TVS  ,Jupiter,356393,2016,334,ELECTRIC,83.5,Second,2024,ACTIVE,Individual,284199.92,Tier 1
RAJASTHAN,24.8,Kawasaki,Z650,103120,2016,321,Hybrid,88.74,third owner,2021,active,Dealer,63126.72,Metro
Rajasthan,30.96,Tvs,Apache RTR 160,99932,2021,254,  Petrol  ,53.14,3rd,2021,  Not Available  ,INDIVIDUAL,55735.43,Tier 1
  Gujarat  ,60.46,  Yamaha  ,R15 V4,293007,2022,473,Petrol,29.92,Third,2024,NOT AVAILABLE,Individual,224208.8,  Tier 1  
DELHI,59.9,Yamaha,MT-15,360084,2021,595,Petrol,57.86,SECOND,2023,Active,Dealer,227035.54,tier 3
punjab,77.87,Yamaha,Fascino 125,326788,2018,576,Hybrid,72.5,second owner,2024,Active,Individual,152657.85,  Tier 2  
Madhya Pradesh,71.47,Ktm,250 Duke,256007,2024,660,Hybrid,78.87,third owner,2024,ACTIVE,Dealer,140801.7,Metro
Madhya Pradesh,37.31,  Honda  ,Dio,249980,2022,825,hybrid,83.64,First,2022,Expired,Individual,,Tier 3
WEST BENGAL,26.94,  Honda  ,Dio,101523,2024,573,  Electric  ,73.67,Third,2024,Expired,dealer,55579.95,Metro
  Madhya Pradesh  ,74.19,yamaha,Ray ZR,90663,2018,386,electric,84.69,SECOND,2022,NOT AVAILABLE,INDIVIDUAL,71407.67,Tier 1
  Tamil Nadu  ,64.49,Hero,Passion Pro,103676,2017,297,Hybrid,67.47,second owner,2022,Expired,individual,70967.99,Metro
Punjab,18.05,Bajaj,Platina 110,168624,2021,458,hybrid,81.59,First,2021,Not Available,Dealer,84141.34,Tier 3
Delhi,-5.0,Kawasaki,Ninja 400,373677,2020,750,Petrol,27.82,SECOND,2021,  Not Available  ,Dealer,259661.17,  Metro  
MADHYA PRADESH,18.66,kawasaki,Vulcan S,225812,2020,423,PETROL,43.12,,2022,Not Available,Individual,170859.85,Metro
  Delhi  ,42.0,yamaha,FZ V3,88394,2016,602,Hybrid,95.64,SECOND,2023,active,individual,54465.78,Tier 3
Gujarat,61.02,KAWASAKI,Ninja 400,215465,2015,701,Petrol,45.46,Second,2023,ACTIVE,Individual,99458.36,TIER 1
Uttar Pradesh,76.37,Bajaj,Dominar 400,149238,2024,651,HYBRID,64.67,2nd,2024,  Not Available  ,Individual,64525.98,tier 2
  Rajasthan  ,58.63,Bajaj,Pulsar 150,52912,2021,151,Electric,97.6,first owner,2021,Active,Dealer,35580.53,Tier 3
karnataka,60.33,yamaha,MT-15,264948,2019,443,  Hybrid  ,61.25,third owner,2022,Expired,Individual,142288.15,Metro
  Tamil Nadu  ,51.55,  Kawasaki  ,Z650,256978,2021,144,Hybrid,69.74,FIRST,2021,,Dealer,107291.47,Tier 3
Maharashtra,16.48,Hero,HF Deluxe,320524,2020,643,Petrol,42.74,third owner,2023,Active,individual,249405.6,Metro
Gujarat,44.48,  KTM  ,Duke 200,100359,2024,984,Petrol,36.73,1st,2024,  Not Available  ,Individual,63502.38,Tier 3
punjab,39.76,honda,Activa,102921,2017,114,petrol,26.24,SECOND,2024,Active,Individual,65985.59,Tier 3
West Bengal,6.49,Royal Enfield,Interceptor 650,185248,2024,211,Electric,92.15,3rd,2024,Not Available,Individual,,Metro
Rajasthan,53.42,Yamaha,MT-15,262264,2015,624,Electric,99.7,2nd,2023,Not Available,individual,167577.36,Tier 1
West Bengal,49.66,  Royal Enfield  ,Classic 350,259305,2021,750,Hybrid,85.79,3rd,2023,  Expired  ,INDIVIDUAL,162191.66,  Tier 1  
  Karnataka  ,48.2,Kawasaki,Ninja 400,50967,2023,472,  Hybrid  ,83.06,third owner,2022,NOT AVAILABLE,Dealer,24910.48,Metro
  Gujarat  ,25.95,yamaha,R15 V4,185035,2020,452,Petrol,28.04,Third,2021,  Expired  ,dealer,102582.08,Tier 2
  Gujarat  ,60.51,bajaj,Platina 110,72463,2022,118,Petrol,26.28,,2022,Active,  Dealer  ,37061.57,Tier 2
  Gujarat  ,8.91,Honda,Dio,370811,2023,650,ELECTRIC,95.41,third owner,2023,Expired,Dealer,263341.32,  Tier 3  
karnataka,25.82,Bajaj,Avenger 220,"₹316,385",2023,767,Electric,97.84,first owner,2023,Not Available,dealer,215206.1,Tier 1
madhya pradesh,31.85,Royal Enfield,Classic 350,170799,2023,341,hybrid,999.0,FIRST,2023,Not Available,INDIVIDUAL,119302.29,TIER 3
Punjab,70.51,TVS,Jupiter,318166,2015,347,Electric,96.36,second owner,2021,Active,  Individual  ,159652.98,Metro
Madhya Pradesh,47.35,HERO,Splendor Plus,77837,2024,753,Petrol,50.69,first owner,2024,  Not Available  ,  Dealer  ,42422.31,METRO
Punjab,64.85,KTM,125 Duke,79461,2024,890,Electric,92.09,1st,2024,Active,Dealer,50236.94,  Tier 3  
Maharashtra,35.27,YAMAHA,Ray ZR,155509,2023,595,PETROL,37.69,2nd,2023,EXPIRED,dealer,89780.56,Tier 3
Madhya Pradesh,48.4,kawasaki,Versys 650,115515,2017,180,Petrol,41.77,3rd,2022,active,Individual,57938.38,  Tier 3  
madhya pradesh,15.6,Hero,HF Deluxe,70119,2020,126,Hybrid,96.6,,2022,NOT AVAILABLE,Individual,43929.2,tier 3
punjab,45.55,KTM,125 Duke,239250,2017,345,Electric,93.39,third owner,2023,Not Available,Individual,126020.67,  Tier 2  
  Punjab  ,74.65,royal enfield,Meteor 350,81764,2024,480,Hybrid,97.27,third owner,2024,Active,Individual,43928.59,Tier 1
  Karnataka  ,5.7,Kawasaki,Vulcan S,260277,2024,313,petrol,45.91,first owner,2024,Expired,Dealer,,Tier 3
Punjab,58.61,Tvs,NTorq 125,291080,2023,559,Hybrid,81.42,1st,2023,Active,individual,134785.91,Tier 1
maharashtra,68.66,HONDA,Unicorn,255010,2022,336,Electric,67.99,First,2022,  Not Available  ,Individual,141496.75,Tier 2
Uttar Pradesh,31.94,HERO,Splendor Plus,320054,2016,411,HYBRID,85.43,Third,2023,Active,Individual,179389.8,Tier 1
West Bengal,59.16,TVS,Jupiter,154653,2022,695,Petrol,58.19,third owner,2024,Active,dealer,103779.11,Tier 2
TAMIL NADU,23.32,ktm,RC 390,221073,2015,835,Hybrid,97.19,,2024,Not Available,Individual,101886.71,Tier 1
  Delhi  ,36.98,royal enfield,Meteor 350,215026,2021,253,  Electric  ,63.69,Third,2024,  Not Available  ,Dealer,143108.36,Tier 3
Rajasthan,15.81,  TVS  ,NTorq 125,80131,2024,174,electric,79.89,Second,2024,Active,Dealer,42504.27,TIER 3
MADHYA PRADESH,61.7,Kawasaki,Ninja 400,271672,2023,345,hybrid,98.87,First,2023,active,  Individual  ,183932.92,Metro
West Bengal,10.65,  Hero  ,Glamour,64360,2019,838,Hybrid,63.83,second owner,2022,Not Available,Individual,48055.41,Tier 3
Punjab,52.45,HERO,HF Deluxe,160474,2015,919,ELECTRIC,76.03,Third,2022,Not Available,dealer,84888.54,Tier 1
rajasthan,20.5,tvs,Apache RTR 160,364666,2024,541,Hybrid,99.65,3rd,2024,expired,individual,238714.85,  Tier 3  
Gujarat,19.09,Royal Enfield,Classic 350,361992,2017,693,Electric,64.42,2nd,2021,Expired,dealer,262792.82,  Metro  
MAHARASHTRA,58.94,ROYAL ENFIELD,Himalayan,93693,2022,878,PETROL,40.41,,2022,Expired,Individual,46518.89,TIER 1
Karnataka,75.68,Bajaj,Platina 110,245424,2023,861,Electric,72.56,First,2023,  Expired  ,dealer,146943.33,Tier 3
madhya pradesh,8.13,honda,Dio,229274,2022,971,Electric,90.73,Third,2023,Not Available,DEALER,114766.44,tier 1
tamil nadu,79.61,Bajaj,Pulsar 150,210806,2022,375,Petrol,31.61,first owner,2022,Active,dealer,150560.09686974355,Metro
  Madhya Pradesh  ,9.7,BAJAJ,Dominar 400,139670,2024,268,ELECTRIC,77.9,,2024,expired,Individual,98468.85,  Tier 3  
delhi,45.29,Kawasaki,Versys 650,55185,2021,778,PETROL,28.84,Second,2024,EXPIRED,individual,22624.8,Tier 2
  Maharashtra  ,44.14,Kawasaki,Z650,95193,2022,294,Hybrid,70.45,third owner,2024,not available,Individual,71898.0,tier 2
UTTAR PRADESH,74.7,tvs,Apache RTR 160,360333,2024,476,HYBRID,86.88,First,2024,  Not Available  ,Dealer,266763.89,Tier 3
delhi,75.35,  TVS  ,Ronin,169295,2024,495,Hybrid,86.52,second owner,2024,Active,Dealer,109643.04860894263,  Metro  
  West Bengal  ,22.29,KTM,390 Adventure,343603,2024,454,ELECTRIC,89.38,First,2024,Active,Dealer,206216.89,Tier 1
Punjab,50.97,KTM,390 Adventure,155121,2024,607,Hybrid,77.38,,2024,  Expired  ,Dealer,120119.62,TIER 3
PUNJAB,51.81,hero,Glamour,249561,2022,405,Hybrid,,SECOND,2024,Not Available,DEALER,144911.13,Metro
Tamil Nadu,8.93,Tvs,Sport,197989,2022,474,Petrol,33.49,first owner,2022,Active,DEALER,,METRO
Delhi,69.67,honda,Unicorn,84846,2024,315,Petrol,45.14,Third,2024,  Not Available  ,DEALER,47731.79,  Tier 2  
Uttar Pradesh,47.5,Bajaj,Dominar 400,193026,2020,301,Hybrid,64.29,2nd,2021,Active,dealer,109461.41,metro
Rajasthan,20.57,Yamaha,Fascino 125,326737,2016,254,Hybrid,93.72,2nd,2024,,Individual,255543.04,tier 3
Madhya Pradesh,41.95,Hero,Glamour,320622,2018.0,794,ELECTRIC,66.04,THIRD,2023,Expired,Dealer,130507.13,Tier 1
Gujarat,8.03,Hero,Passion Pro,129535,2019,923,electric,84.33,third owner,2022,active,Individual,65957.28,Tier 2
TAMIL NADU,16.4,HERO,Xtreme 160R,197120,2024,606,Electric,64.56,FIRST,2024,Active,  Individual  ,124052.96,tier 2
Punjab,30.2,  Royal Enfield  ,Himalayan,309778,2021,155,Petrol,56.96,THIRD,2021,  Expired  ,dealer,210841.12,TIER 2
Madhya Pradesh,16.07,Honda,Dio,204068,2018,856,Electric,97.75,second owner,2021,Active,Individual,130978.7,Tier 3
Tamil Nadu,9.88,TVS,Ronin,"₹124,652",2020,211,Hybrid,71.81,Second,2022,Expired,Dealer,58248.6,Tier 2
  Uttar Pradesh  ,68.56,KTM,390 Adventure,310385,2015,129,Electric,75.77,Third,2023,Expired,Dealer,208703.33,tier 2
  Uttar Pradesh  ,50.42,kawasaki,Versys 650,59513,2021,898,Electric,65.35,THIRD,2024,Active,dealer,25950.32,Tier 1
west bengal,52.87,Bajaj,Platina 110,311408,2017,766,petrol,54.12,THIRD,2021,,Dealer,166354.89,  Metro  
Uttar Pradesh,14.25,TVS,NTorq 125,207602,2016,140,  Electric  ,63.03,SECOND,2022,Expired,  Individual  ,,Tier 3
MAHARASHTRA,66.18,Royal Enfield,Himalayan,239968,2020,456,petrol,53.78,Second,2024,  Expired  ,dealer,115726.41,TIER 1
madhya pradesh,9.24,ROYAL ENFIELD,Meteor 350,200332,2024,452,Electric,87.11,1st,2024,,Individual,90219.54,  Tier 2  
PUNJAB,18.76,tvs,Apache RTR 160,268969,2022,528,Petrol,46.32,2nd,2022,  Expired  ,Individual,170249.43,Tier 3
uttar pradesh,29.15,TVS,Ronin,131550,2015,259,Petrol,45.49,second owner,2024,Expired,Dealer,93388.27,Tier 2
  Karnataka  ,49.17,  KTM  ,RC 390,80289,2024,246,Electric,61.38,THIRD,2024,EXPIRED,  Individual  ,59565.63,  Tier 3  
west bengal,51.15,bajaj,Platina 110,227759,2024,384,Electric,89.78,second owner,2024,Expired,Individual,,Tier 1
  Gujarat  ,11.32,Kawasaki,Ninja 300,"₹134,906",2021,332,petrol,58.82,second owner,2022,Expired,Individual,65955.35,TIER 2
West Bengal,26.22,TVS,Sport,124854,2023,237,Hybrid,60.94,3rd,2024,expired,DEALER,89912.84,TIER 3
Tamil Nadu,35.52,Hero,Xtreme 160R,140114,2017,601,Petrol,26.19,Second,2021,Active,dealer,65601.49,Tier 3
KARNATAKA,69.72,yamaha,FZ V3,348015,2024,696,Electric,,first owner,2024,EXPIRED,Individual,199310.31,tier 1
West Bengal,77.94,Royal Enfield,Classic 350,273130,2021,120,hybrid,65.5,THIRD,2024,not available,  Individual  ,208504.72,Metro
Gujarat,17.98,Tvs,Apache RTR 160,371737,2024,331,Hybrid,91.56,third owner,2024,  Active  ,INDIVIDUAL,235638.41,  Tier 1  
Delhi,34.48,Yamaha,Ray ZR,141709,2022,377,Hybrid,87.17,third owner,2022,Active,individual,80373.16,Tier 1
  Madhya Pradesh  ,29.2,Yamaha,Ray ZR,67273,2022,595,Petrol,34.81,first owner,2022,Active,Dealer,36432.26,  Tier 1  
Karnataka,21.14,hero,Glamour,152092,2022,391,Petrol,41.69,first owner,2022,Active,Dealer,95445.69,  Metro  
Gujarat,43.71,bajaj,Dominar 400,219954,2021,106,Electric,75.02,3rd,2022,Expired,Individual,137624.59,Tier 3
Punjab,-5.0,TVS,Ronin,275451,2019,210,Petrol,58.98,Third,2023,active,  Individual  ,164816.5,Tier 2
Madhya Pradesh,10.98,Royal Enfield,Interceptor 650,110472,2024,648,ELECTRIC,61.02,FIRST,2024,ACTIVE,Dealer,80909.89,TIER 3
Gujarat,32.64,TVS,NTorq 125,383526,2017,447,  Electric  ,88.88,Third,2024,Expired,Individual,264664.55,Metro
West Bengal,12.76,KTM,390 Adventure,335357,2022,731,  Petrol  ,36.69,FIRST,2022,  Expired  ,individual,,TIER 3
Karnataka,12.88,Bajaj,CT 100,141321,2020,959,  Petrol  ,39.37,2nd,2022,  Expired  ,  Individual  ,76447.3,Tier 3
karnataka,55.36,  Yamaha  ,Ray ZR,51753,2021,848,  Hybrid  ,84.92,2nd,2022,Expired,INDIVIDUAL,34612.13,Metro
rajasthan,36.45,TVS,Apache RTR 160,361202,2023,144,Hybrid,69.98,second owner,2024,Active,dealer,196796.95,Tier 2
Karnataka,74.58,Honda,Activa,195672,2019,837,Hybrid,,2nd,2022,EXPIRED,Dealer,145255.31,Metro
Karnataka,46.36,KTM,390 Adventure,82167,2023,919,  Hybrid  ,95.21,SECOND,2023,,Dealer,34796.07,tier 3
West Bengal,70.13,  Honda  ,CBR 650R,252202,2023,461,Hybrid,79.55,THIRD,2023,  Not Available  ,Dealer,133097.31,  Tier 1  
  Punjab  ,64.16,BAJAJ,CT 100,229448,2022,208,  Hybrid  ,96.05,,2022,Active,  Dealer  ,100507.12,Tier 2
  Madhya Pradesh  ,46.93,Honda,Dio,244707,2023,774,Petrol,59.92,first owner,2023,active,DEALER,144597.84,  Tier 3  
KARNATAKA,47.58,ROYAL ENFIELD,Classic 350,342612,2023,174,petrol,51.54,,2023,ACTIVE,  Individual  ,255267.28,  Tier 2  
DELHI,37.59,KTM,250 Duke,90609,2019,343,ELECTRIC,95.26,third owner,2021,Active,Dealer,57184.48,tier 2
Punjab,28.29,KTM,390 Adventure,305445,2021,990,  Petrol  ,58.09,SECOND,2023,not available,INDIVIDUAL,164604.87,Tier 1
Karnataka,10.25,KTM,250 Duke,177321,2024,701,PETROL,39.37,3rd,2024,Expired,Individual,99455.32,Tier 3
  Tamil Nadu  ,32.08,Hero,Passion Pro,191135,2019,893,  Hybrid  ,69.85,second owner,2023,expired,individual,130036.44,metro
WEST BENGAL,24.54,TVS,Ronin,236555,2018,263,Hybrid,78.22,Third,2023,,Individual,171681.75,Tier 1
  Karnataka  ,78.25,TVS,Jupiter,240806,2019,764,Electric,91.34,second owner,2021,Expired,Individual,179303.44,Tier 2
  Punjab  ,32.52,  TVS  ,Sport,142587,2019,762,  Hybrid  ,98.72,3rd,2022,Not Available,DEALER,,  Tier 2  
UTTAR PRADESH,69.54,BAJAJ,Dominar 400,131314,2016,367,Hybrid,65.41,THIRD,2023,NOT AVAILABLE,Dealer,84561.51,Tier 2
  Rajasthan  ,8.01,yamaha,Ray ZR,162057,2022.0,284,ELECTRIC,87.96,3rd,2022,active,Dealer,123570.54,tier 3
rajasthan,61.36,BAJAJ,Avenger 220,76803,2023,515,Electric,,1st,2023,expired,DEALER,45609.78,Tier 2
Uttar Pradesh,68.12,HONDA,Unicorn,91202,2018,200,electric,97.24,Third,2022,,Individual,70256.04,Tier 1
Madhya Pradesh,18.68,Bajaj,Avenger 220,204858,2024,678,Electric,69.22,Third,2024,expired,Dealer,132750.96,TIER 2
Punjab,70.06,Hero,HF Deluxe,207646,2021,223,electric,72.94,first owner,2020,EXPIRED,Individual,119117.77610044242,Tier 3
Gujarat,25.05,  Honda  ,CBR 650R,113393,2024,362,Petrol,32.02,SECOND,2024,Not Available,Dealer,67522.42,Tier 2
karnataka,23.93,Bajaj,Avenger 220,271751,2022,834,petrol,45.19,THIRD,2023,Not Available,Individual,165372.35,TIER 1
delhi,50.23,Honda,Dio,227003,2016,840,Hybrid,96.14,Second,2022,Expired,Individual,143341.7,metro
Tamil Nadu,40.6,  Kawasaki  ,Z650,379205,2022,289,ELECTRIC,68.25,second owner,2022,Not Available,Individual,159094.55,tier 1
  Punjab  ,39.34,Yamaha,Fascino 125,205733,2023,991,Petrol,42.53,first owner,2023,expired,Dealer,124371.2,  Tier 1  
WEST BENGAL,28.27,KTM,Duke 200,217205,2019,270,Hybrid,64.06,Second,2021,not available,  Dealer  ,141079.28,TIER 3
PUNJAB,24.2,Honda,Activa,"₹112,406",2017,283,Petrol,39.19,third owner,2022,not available,Individual,71753.59,Tier 1
  West Bengal  ,59.62,Hero,Passion Pro,118261,2021,754,Electric,71.92,THIRD,2022,Expired,Individual,70160.89,Metro
West Bengal,51.99,  Royal Enfield  ,Hunter 350,135300,2016,480,Hybrid,81.11,2nd,2021,Active,  Dealer  ,76442.46,tier 2
Punjab,5.31,Yamaha,MT-15,324392,2020,267,hybrid,78.0,2nd,2023,not available,Dealer,239171.66,Tier 3
gujarat,69.46,Royal Enfield,Hunter 350,306560,2022,282,ELECTRIC,67.0,Third,2022,EXPIRED,INDIVIDUAL,231943.99,Tier 2
DELHI,75.5,KTM,250 Duke,126504,2022,859,Hybrid,77.76,SECOND,2024,EXPIRED,Individual,68443.87,  Tier 3  
Rajasthan,79.9,  KTM  ,250 Duke,395253,2022,115,HYBRID,68.6,1st,2022,Active,DEALER,176952.87,Tier 3
Maharashtra,58.65,hero,Xtreme 160R,202727,2021,420,Petrol,33.77,Second,2021,Not Available,DEALER,144961.37,  Tier 3  
Karnataka,77.07,Hero,Splendor Plus,108497,2021,493,  Petrol  ,55.62,Second,2024,Not Available,DEALER,64722.23,Tier 1
Tamil Nadu,27.1,tvs,Jupiter,92737,2022,624,Hybrid,71.33,first owner,2022,Expired,Individual,54237.87,Tier 2
West Bengal,42.6,Hero,Xtreme 160R,293634,2024,457,PETROL,29.33,first owner,2024,Expired,dealer,137071.36,Tier 2
TAMIL NADU,45.24,kawasaki,Z650,310737,2021,444,Hybrid,62.06,Third,2024,not available,INDIVIDUAL,135601.02,metro
Tamil Nadu,35.98,Yamaha,Ray ZR,231748,2024,705,Hybrid,83.46,1st,2024,active,Individual,149454.23,Tier 2
  Rajasthan  ,57.45,KTM,125 Duke,200045,2024,372,Electric,,,2024,NOT AVAILABLE,Dealer,114843.91895372541,  Tier 3  
Maharashtra,28.42,TVS,Apache RTR 160,159191,2023,260,Electric,92.04,FIRST,2023,EXPIRED,DEALER,81703.43,Tier 1
Karnataka,11.41,Hero,HF Deluxe,72229,2020,646,HYBRID,96.08,second owner,2024,  Not Available  ,Individual,45723.65,TIER 3
gujarat,32.33,kawasaki,Ninja 400,369931,2022,731,Hybrid,76.91,2nd,2023,not available,Dealer,188661.54,TIER 2
Punjab,79.56,KAWASAKI,Vulcan S,307589,2024,728,PETROL,,Second,2024,Expired,INDIVIDUAL,,TIER 3
West Bengal,75.71,Yamaha,Ray ZR,319338,2021,286,petrol,31.82,1st,2021,  Active  ,Dealer,185914.2,  Metro  
delhi,52.43,  Kawasaki  ,Ninja 400,345444,2021,355,Hybrid,82.08,3rd,2023,,individual,144384.0,tier 2
Gujarat,45.35,Yamaha,MT-15,109961,2023,571,Hybrid,82.39,Second,2024,  Expired  ,  Dealer  ,61330.39,Tier 3
PUNJAB,59.05,Bajaj,Dominar 400,366644,2019,9999,ELECTRIC,66.37,second owner,2022,Not Available,Dealer,281850.81,Tier 1
Tamil Nadu,20.18,Bajaj,Avenger 220,187201,2021,383,Petrol,-15.0,third owner,2021,Expired,  Dealer  ,118309.28,TIER 3
rajasthan,12.44,  KTM  ,RC 390,147595,2022,109,Electric,82.35,second owner,2024,NOT AVAILABLE,  Dealer  ,100169.64,metro
PUNJAB,66.6,kawasaki,Z650,282251,2015,668,  Hybrid  ,63.13,3rd,2023,Expired,Individual,201400.16,tier 3
Karnataka,26.35,HONDA,Dio,329015,2015,142,PETROL,54.38,third owner,2024,Active,dealer,193025.55,Tier 2
Uttar Pradesh,39.46,Hero,Xtreme 160R,235683,2015,810,Hybrid,98.05,second owner,2022,EXPIRED,INDIVIDUAL,164187.6,TIER 1
West Bengal,8.51,KTM,RC 390,241920,2021,196,Petrol,59.07,FIRST,2021,not available,individual,192251.21,Tier 1
gujarat,73.04,  Kawasaki  ,Versys 650,380954,2015,409,  Petrol  ,,Second,2022,,Dealer,286919.55,  Tier 2  
  Uttar Pradesh  ,30.37,  Kawasaki  ,Vulcan S,221245,2021,522,Electric,68.27,third owner,2024,ACTIVE,dealer,168397.36928933903,Tier 2
Karnataka,78.37,  TVS  ,NTorq 125,238096,2020,396,Electric,61.96,2nd,2018,Active,Individual,123151.47,  Metro  
Rajasthan,40.27,bajaj,Avenger 220,374538,2021,255,  Electric  ,71.79,,2019,NOT AVAILABLE,Dealer,259022.9,TIER 2
  Uttar Pradesh  ,58.73,  TVS  ,NTorq 125,254662,2022,406,hybrid,89.45,2nd,2022,,Individual,,  Tier 3  
Gujarat,30.73,YAMAHA,Ray ZR,103339,2020,240,HYBRID,95.5,THIRD,2021,EXPIRED,Dealer,81875.89,Tier 2
Madhya Pradesh,39.02,Bajaj,CT 100,232184,2024,681,Hybrid,75.58,Second,2024,Not Available,Dealer,,  Tier 3  
UTTAR PRADESH,65.17,royal enfield,Meteor 350,220624,2023,472,  Electric  ,92.15,first owner,2023,Not Available,individual,,metro
  Gujarat  ,64.24,Honda,Activa,254431,2017,995,electric,97.28,second owner,2021,not available,  Dealer  ,162442.13,  Tier 3  
Madhya Pradesh,39.29,  Kawasaki  ,Z650,108550,2018,885,Petrol,40.23,Second,2024,Not Available,individual,77447.67,tier 2
  Rajasthan  ,79.97,Kawasaki,Versys 650,261522,2022,574,  Electric  ,75.39,2nd,2024,Not Available,Individual,142784.81,TIER 1
  Rajasthan  ,25.14,Kawasaki,Ninja 400,186214,2019,830,Petrol,53.97,3rd,2024,,  Individual  ,116803.23,Metro
West Bengal,37.13,  KTM  ,250 Duke,258174,2020,841,Petrol,36.44,THIRD,2024,Expired,Dealer,146691.53,Tier 3
Maharashtra,63.78,Hero,Splendor Plus,253802,2016,505,Petrol,38.68,THIRD,2022,  Expired  ,Individual,190980.75,Tier 1
Gujarat,31.78,Bajaj,Pulsar 150,289324,2024,301,HYBRID,72.3,Second,2024,expired,Dealer,194102.91,Tier 2
Tamil Nadu,49.46,KTM,Duke 200,210801,2019,395,  Electric  ,66.05,3rd,2022,Expired,DEALER,109535.09,Tier 1
  Maharashtra  ,71.4,KTM,250 Duke,371384,2022.0,409,ELECTRIC,89.93,third owner,2023,  Active  ,Individual,257520.71,  Tier 1  
TAMIL NADU,14.44,Yamaha,Ray ZR,325986,2018,480,Petrol,35.98,second owner,2022,,Individual,240012.38,TIER 2
Punjab,11.33,Hero,Xtreme 160R,328876,2016,133,Hybrid,74.55,THIRD,2022,Expired,Dealer,199475.92,Tier 1
punjab,46.37,yamaha,Ray ZR,71515,2022,972,Petrol,56.18,Second,2022,Expired,  Individual  ,36037.23,  Metro  
Madhya Pradesh,19.21,Royal Enfield,Himalayan,"₹84,656",2022,537,  Petrol  ,44.43,first owner,2022,Not Available,Individual,58286.08,Tier 3
west bengal,40.62,Bajaj,Avenger 220,299998,2024,103,Electric,68.3,second owner,2024,Expired,Individual,218846.78,  Tier 2  
uttar pradesh,52.63,tvs,Sport,236035,2022,426,hybrid,,,2024,  Not Available  ,Individual,120928.39,TIER 2
  Gujarat  ,57.08,Honda,Activa,313090,2023,428,hybrid,67.1,Second,2024,Not Available,Dealer,130366.83,Tier 3
Punjab,29.74,  Kawasaki  ,Ninja 400,222920,2022,881,Petrol,30.04,second owner,2023,active,Individual,95312.82,Tier 3
UTTAR PRADESH,80.0,Ktm,125 Duke,188891,2019,418,Electric,89.65,2nd,2021,Active,Individual,84282.59,  Tier 1  
Gujarat,42.55,Honda,CBR 650R,266117,2023,281,Electric,67.6,second owner,2023,,  Individual  ,132890.09,Tier 1
  Tamil Nadu  ,24.49,Hero,Glamour,234922,2022,176,PETROL,27.55,second owner,2024,not available,DEALER,100503.82,  Tier 1  
madhya pradesh,64.0,  Yamaha  ,Ray ZR,193593,2024,243,Electric,79.18,1st,2024,  Active  ,Dealer,146275.06,tier 3
Punjab,59.47,KTM,250 Duke,"₹131,849",2016,386,Petrol,39.26,2nd,2021,EXPIRED,DEALER,72486.41,Tier 3
Maharashtra,20.0,BAJAJ,CT 100,112295,2019,919,Hybrid,71.85,2nd,2022,not available,individual,88293.8,METRO
karnataka,10.18,Bajaj,Dominar 400,78766,2024,489,electric,98.72,FIRST,2024,,individual,48533.93,tier 2
PUNJAB,44.68,Yamaha,Fascino 125,220909,2023,434,Petrol,39.13,1st,2023,not available,INDIVIDUAL,89987.12,  Tier 1  
Karnataka,68.84,YAMAHA,MT-15,295107,2021,101,hybrid,81.59,FIRST,2021,Active,DEALER,169577.91,Tier 2
  Madhya Pradesh  ,71.83,  Kawasaki  ,Ninja 400,86938,2022,930,ELECTRIC,61.21,First,2022,not available,Dealer,44689.35,Tier 3
Madhya Pradesh,70.88,Tvs,Ronin,277400,2022,627,HYBRID,88.94,first owner,2022,Not Available,Individual,114737.87,Tier 2
rajasthan,43.13,yamaha,MT-15,74150,2019,837,Hybrid,62.41,SECOND,2023,not available,Individual,34160.93,Tier 1
Gujarat,40.19,TVS,Sport,214316,2023,893,Hybrid,67.88,Third,2023,ACTIVE,Dealer,161265.41,tier 3
RAJASTHAN,46.06,Honda,CBR 650R,347482,2021,463,Hybrid,60.52,Third,2023,EXPIRED,DEALER,247940.74,Tier 3
Tamil Nadu,29.64,kawasaki,Vulcan S,398732,2021,588,Electric,68.82,,2021,Not Available,Dealer,241025.02,Tier 3
  Tamil Nadu  ,58.16,kawasaki,Vulcan S,"₹207,472",2023,480,Hybrid,83.21,FIRST,2023,Not Available,DEALER,98982.52,Tier 3
  Madhya Pradesh  ,65.05,HONDA,Shine,168523,2021,828,Petrol,37.34,second owner,2021,Expired,Individual,132083.52,Metro
Tamil Nadu,42.55,YAMAHA,R15 V4,245586,2021,901,  Petrol  ,32.24,1st,2021,Expired,Dealer,100666.65,Tier 3
West Bengal,52.98,Hero,Passion Pro,290017,2021,805,HYBRID,97.19,second owner,2023,EXPIRED,individual,126986.44,TIER 1
Maharashtra,18.42,Honda,Unicorn,137288,2016,380,Hybrid,67.86,SECOND,2021,expired,Individual,94406.25,  Tier 3  
Punjab,29.35,KAWASAKI,Vulcan S,220881,2019,906,Electric,90.34,2nd,2022,  Active  ,individual,157260.46,  Tier 3  
  Delhi  ,69.2,Royal Enfield,Classic 350,273016,2019,761,Electric,78.88,THIRD,2021,Expired,Dealer,113221.61,Tier 3
rajasthan,44.72,KTM,390 Adventure,283576,2023,529,Electric,73.91,3rd,2024,Expired,Individual,159702.26,tier 3
Gujarat,19.2,Honda,Dio,337533,2024,799,Hybrid,87.35,Third,2024,Active,dealer,269743.4,tier 2
Rajasthan,7.62,  Royal Enfield  ,Classic 350,266470,2019,272,Petrol,54.95,2nd,2023,active,Dealer,187445.63,Tier 2
Madhya Pradesh,23.09,YAMAHA,Fascino 125,377045,2018,922,Electric,61.55,3rd,2024,Expired,Dealer,262162.6,Tier 1
Gujarat,24.76,  TVS  ,Ronin,124580,2020,578,  Petrol  ,28.16,Third,2023,Active,Dealer,64889.48663271579,Metro
  Uttar Pradesh  ,54.92,Yamaha,MT-15,148441,2020,991,Petrol,58.0,SECOND,2022,,dealer,75042.91,Metro
tamil nadu,39.22,Honda,Shine,322042,2021,197,PETROL,55.66,1st,2021,EXPIRED,Individual,229406.85,Tier 2
Punjab,19.1,Royal Enfield,Hunter 350,73278,2020,340,hybrid,60.71,THIRD,2022,active,dealer,42351.03,Tier 2
WEST BENGAL,27.46,Yamaha,Fascino 125,235832,2017,306,petrol,59.51,3rd,2022,Active,dealer,166659.08,Tier 1
Punjab,62.61,TVS,NTorq 125,"₹187,283",2021,825,hybrid,63.14,FIRST,2021,ACTIVE,individual,95981.43,Metro
RAJASTHAN,38.67,TVS,NTorq 125,249268,2024,271,Electric,99.93,,2024,expired,dealer,165610.57,Metro
Maharashtra,57.54,Honda,Unicorn,107033,2015,219,PETROL,50.11,SECOND,2021,Not Available,dealer,55130.36,Tier 2
  Tamil Nadu  ,57.96,KTM,Duke 200,115373,2020,873,petrol,28.08,Third,2021,  Active  ,Individual,47057.29,Tier 3
Tamil Nadu,61.22,Royal Enfield,Meteor 350,209752,2019,898,Hybrid,76.83,third owner,2022,not available,INDIVIDUAL,,  Metro  
  Rajasthan  ,70.46,honda,Unicorn,275565,2022,332,Hybrid,98.06,Third,2024,Active,Individual,122091.37,Metro
  Gujarat  ,65.57,tvs,Apache RTR 160,246647,2022,145,Electric,91.88,2nd,2024,Not Available,Individual,103607.8,tier 3
Gujarat,6.14,Yamaha,FZ V3,95876,2023,958,electric,69.88,FIRST,2023,  Not Available  ,Individual,70468.89,Tier 2
Maharashtra,28.75,  Honda  ,Activa,279182,2024,447,hybrid,98.64,SECOND,2024,Expired,  Dealer  ,140162.48,Tier 3
WEST BENGAL,33.74,KAWASAKI,Vulcan S,340825,2020,985,HYBRID,66.56,Second,2023,NOT AVAILABLE,  Dealer  ,266997.76,Tier 1
Rajasthan,51.8,  Royal Enfield  ,Interceptor 650,313036,2019,306,  Petrol  ,40.77,third owner,2024,Expired,Dealer,180387.03,  Tier 3  
Gujarat,77.71,KTM,Duke 200,"₹52,310",2017,318,Hybrid,80.78,third owner,2022,ACTIVE,Individual,38432.51,  Metro  
  Gujarat  ,17.19,KTM,250 Duke,173420,2024,991,Petrol,59.11,third owner,2024,Active,Individual,114608.75,Tier 3
  Maharashtra  ,18.0,Honda,Unicorn,387704,2024,553,Electric,80.86,Second,2024,  Not Available  ,Individual,234260.61,Tier 3
west bengal,33.11,bajaj,Avenger 220,250603,2021,503,Electric,-15.0,Third,2023,expired,Individual,193007.47,  Metro  
Maharashtra,76.42,Yamaha,R15 V4,147163,2024,302,Petrol,50.1,Second,2024,Expired,dealer,93811.93,tier 2
  Madhya Pradesh  ,60.25,KTM,390 Adventure,171120,2019,647,Petrol,40.74,,2022,NOT AVAILABLE,Dealer,121401.82,TIER 3
  West Bengal  ,76.73,Honda,Shine,123004,2024,882,Hybrid,75.7,Second,2024,Expired,Individual,61157.05,tier 3
  Maharashtra  ,17.8,Kawasaki,Ninja 400,347314,2015,557,Hybrid,,Third,2024,Active,INDIVIDUAL,220202.27,TIER 3
  West Bengal  ,74.83,YAMAHA,R15 V4,150587,2017,167,Petrol,30.58,second owner,2024,Not Available,Dealer,79349.0,Tier 3
Karnataka,49.58,HONDA,Activa,316877,2019,793,Petrol,35.37,Third,2022,Active,Individual,172802.36,Tier 3
West Bengal,37.31,Kawasaki,Vulcan S,213554,2022,247,  Petrol  ,54.57,1st,2022,expired,Individual,,Tier 3
punjab,25.44,HONDA,CBR 650R,346939,2024,590,Electric,,1st,2024,Expired,Dealer,190667.37,tier 2
  Tamil Nadu  ,59.6,Kawasaki,Ninja 300,112352,2021,327,PETROL,38.2,3rd,2024,not available,Individual,71251.41,Tier 3
Maharashtra,17.7,TVS,Apache RTR 160,92531,2022,805,Petrol,39.27,first owner,2022,Active,Individual,48866.57,TIER 2
Madhya Pradesh,23.74,Hero,Glamour,172916,2021,172,Hybrid,95.74,second owner,2023,Expired,  Individual  ,109586.97,METRO
Punjab,7.07,KTM,125 Duke,"₹133,504",2024,796,  Hybrid  ,64.39,second owner,2024,  Active  ,Individual,73994.32,Tier 3
  Uttar Pradesh  ,42.63,BAJAJ,Pulsar 150,299244,2016,833,Electric,71.16,third owner,2022,Active,Dealer,200024.9,tier 3
Punjab,60.81,Honda,Activa,57561,2022,486,petrol,28.06,,2023,Expired,Individual,27436.95,Tier 3
MADHYA PRADESH,56.68,KTM,RC 390,129664,2023,128,ELECTRIC,70.48,FIRST,2023,Not Available,Individual,76105.95,  Tier 2  
Delhi,66.59,Yamaha,MT-15,86315,2022,691,hybrid,77.06,third owner,2022,ACTIVE,DEALER,60991.2,Tier 3
DELHI,15.31,HERO,Splendor Plus,159618,2017,234,Hybrid,89.01,third owner,2024,Active,DEALER,76307.55,Metro
karnataka,6.57,Yamaha,FZ V3,364656,2021,108,HYBRID,86.22,Second,2024,not available,Dealer,288151.42,  Tier 2  
  Maharashtra  ,34.87,Bajaj,Dominar 400,279704,2022,492,  Hybrid  ,,3rd,2024,Not Available,INDIVIDUAL,,tier 2
Delhi,11.51,Hero,Splendor Plus,296066,2017,145,petrol,46.73,THIRD,2024,,DEALER,119733.74,Metro
  Madhya Pradesh  ,38.05,Yamaha,MT-15,162489,2023,341,  Hybrid  ,,First,2023,EXPIRED,  Dealer  ,107226.37,Tier 2
Rajasthan,48.41,TVS,Apache RTR 160,242782,2024,114,Electric,85.4,2nd,2024,Expired,Individual,160657.65,  Tier 1  
Punjab,43.15,Tvs,NTorq 125,129480,2020,423,Electric,89.84,second owner,2024,NOT AVAILABLE,Individual,95174.64,Tier 3
  Tamil Nadu  ,78.01,Kawasaki,Z650,58749,2018,322,petrol,58.64,Third,2024,active,Dealer,24649.48,Tier 3
uttar pradesh,31.57,HONDA,Shine,384609,2022,330,Petrol,59.16,Second,2022,EXPIRED,Dealer,302711.86,Metro
Delhi,16.35,  KTM  ,390 Adventure,216782,2018,930,HYBRID,98.51,Third,2024,Active,  Individual  ,140450.16,tier 1
Madhya Pradesh,11.11,KAWASAKI,Ninja 400,355215,2024,922,petrol,53.6,,2024,Not Available,  Individual  ,,TIER 2
Madhya Pradesh,47.87,  Yamaha  ,R15 V4,322873,2020,439,Electric,94.14,3rd,2024,Expired,individual,215167.18,Tier 1
TAMIL NADU,31.79,Bajaj,Pulsar 150,227512,2024,956,  Electric  ,92.37,First,2024,Expired,Dealer,92799.94,Tier 2
MAHARASHTRA,51.3,KTM,RC 390,100352,2024,348,Electric,67.07,1st,2024,Active,Individual,57912.21,Metro
Karnataka,63.45,tvs,Sport,268497,2022,600,petrol,34.55,2nd,2023,Active,Individual,,TIER 1
KARNATAKA,73.02,Kawasaki,Versys 650,51048,2019,213,Petrol,55.61,3rd,2022,Not Available,Individual,36888.78,Metro
Punjab,60.94,Kawasaki,Ninja 300,73158,2023,276,electric,92.01,THIRD,2024,active,INDIVIDUAL,,Metro
Gujarat,60.04,Yamaha,FZ V3,161600,2021,339,  Electric  ,,2nd,2024,  Expired  ,individual,128852.91,  Tier 1  
Delhi,10.6,  KTM  ,RC 390,"₹370,074",2018,895,Hybrid,80.65,second owner,2024,Active,DEALER,288539.25,metro
WEST BENGAL,16.06,Kawasaki,Vulcan S,384642,2024,293,Hybrid,74.25,3rd,2024,ACTIVE,  Individual  ,166220.22,Tier 1
TAMIL NADU,60.79,Tvs,Apache RTR 160,396246,2019,663,Petrol,59.72,SECOND,2022,Expired,  Individual  ,277498.33,Metro
RAJASTHAN,65.92,  Royal Enfield  ,Hunter 350,201319,2023,288,  Hybrid  ,75.11,third owner,2024,Not Available,Individual,127151.83,Tier 2
Tamil Nadu,5.14,hero,Glamour,221242,2024,884,Electric,91.19,2nd,2024,  Active  ,INDIVIDUAL,117896.76,Tier 2
  West Bengal  ,64.39,Honda,Shine,152676,2022,950,Hybrid,68.36,3rd,2022,  Expired  ,  Individual  ,104479.19,Metro
punjab,34.2,TVS,Sport,"₹253,119",2023,870,Petrol,,first owner,2023,Expired,dealer,192973.09,Tier 1
West Bengal,38.22,  Yamaha  ,FZ V3,125768,2016,311,Electric,,THIRD,2021,active,Individual,76228.77,Tier 2
Karnataka,68.83,Hero,Glamour,243262,2023,313,Hybrid,63.86,THIRD,2024,not available,  Dealer  ,160621.29,Tier 3
  Punjab  ,52.02,royal enfield,Classic 350,353703,2022,189,petrol,48.97,THIRD,2024,Active,  Dealer  ,224629.38,METRO
DELHI,77.79,  Royal Enfield  ,Himalayan,172452,2024,659,HYBRID,90.85,Third,2024,Active,dealer,71672.84,Metro
  Karnataka  ,10.31,Royal Enfield,Classic 350,153378,2023,428,  Electric  ,61.23,3rd,2023,EXPIRED,Dealer,82555.77,Tier 3
Gujarat,22.62,  KTM  ,250 Duke,72775,2024,534,  Petrol  ,46.37,First,2024,Not Available,Individual,53077.25,tier 3
GUJARAT,44.19,Royal Enfield,Classic 350,201636,2019,203,Hybrid,95.32,3rd,2023,Active,  Individual  ,153627.48,metro
rajasthan,65.34,  KTM  ,Duke 200,303391,2017,215,PETROL,34.56,3rd,2022,ACTIVE,dealer,180908.61,Tier 3
Tamil Nadu,50.46,ROYAL ENFIELD,Hunter 350,373080,2023,912,Petrol,58.0,,2023,NOT AVAILABLE,dealer,162548.89,Tier 1
Madhya Pradesh,18.83,TVS,Sport,169319,2015,964,  Petrol  ,38.54,Second,2021,Expired,Individual,76638.18,Tier 1
Maharashtra,76.24,tvs,Jupiter,59238,2019,613,Electric,74.92,second owner,2021,NOT AVAILABLE,  Dealer  ,23956.86,Tier 1
  Punjab  ,73.4,  Yamaha  ,MT-15,165049,2024,653,Petrol,47.96,second owner,2024,Active,Dealer,100908.69,Tier 2
Punjab,25.18,  Kawasaki  ,Ninja 400,306069,2022,317,Petrol,51.62,2nd,2023,expired,DEALER,181312.49,metro
Punjab,850.0,ktm,390 Adventure,397095,2024,858,Electric,88.17,3rd,2024,Expired,Dealer,175160.53,  Tier 2  
TAMIL NADU,52.92,ROYAL ENFIELD,Meteor 350,170652,2023,633,PETROL,27.03,First,2023,Active,Individual,88386.53,Tier 3
  Delhi  ,48.8,KTM,Duke 200,194778,2021,668,  Electric  ,89.56,Second,2022,Expired,  Individual  ,,Tier 3
  Punjab  ,35.73,  Kawasaki  ,Vulcan S,103522,2023,342,Electric,,1st,2023,Expired,Individual,41940.67,Metro
Tamil Nadu,50.2,  Royal Enfield  ,Interceptor 650,107582,2023,771,Petrol,33.47,THIRD,2023,expired,Individual,82673.95,METRO
gujarat,46.42,Bajaj,Pulsar 150,325623,2024,430,electric,81.65,THIRD,2024,Not Available,dealer,216923.96,Tier 2
Rajasthan,60.97,KTM,RC 390,320109,2022,949,HYBRID,84.9,1st,2022,NOT AVAILABLE,individual,163433.12,  Metro  
WEST BENGAL,24.44,  Royal Enfield  ,Hunter 350,189163,2021,848,  Electric  ,68.96,SECOND,2024,EXPIRED,individual,134447.77,Tier 3
Tamil Nadu,20.45,HERO,Splendor Plus,378425,2019,841,  Petrol  ,52.39,SECOND,2021,  Not Available  ,INDIVIDUAL,162500.49,  Metro  
PUNJAB,75.51,Yamaha,R15 V4,363271,2024,612,petrol,29.12,FIRST,2024,,Individual,185496.41142033954,Metro
Punjab,13.73,Kawasaki,Ninja 300,324619,2022,905,Electric,66.76,First,2022,Expired,Dealer,166486.82,  Tier 3  
Delhi,36.67,Royal Enfield,Classic 350,96140,2021,221,Electric,83.5,1st,2021,Expired,Dealer,67448.0,  Metro  
Delhi,72.51,hero,Passion Pro,200118,2024,777,  Hybrid  ,89.22,1st,2024,NOT AVAILABLE,Dealer,150669.06,  Tier 2  
Gujarat,63.07,Tvs,Apache RTR 160,334621,2024,749,Electric,72.64,Second,2024,Expired,Dealer,161810.26,METRO
gujarat,65.45,Royal Enfield,Himalayan,393396,2022,879,Hybrid,94.63,FIRST,2022,Active,Individual,229964.98,Tier 2
Tamil Nadu,77.66,Hero,Passion Pro,144607,2021,341,Petrol,52.13,1st,2021,Active,Individual,101612.78,Tier 1
  West Bengal  ,78.93,  KTM  ,390 Adventure,364717,2016,197,hybrid,67.29,3rd,2021,Active,Individual,226433.72,metro
  West Bengal  ,5.48,  Kawasaki  ,Ninja 400,220642,2023,490,Petrol,55.8,Third,2023,Active,INDIVIDUAL,132309.14,TIER 3
Gujarat,35.53,TVS,Jupiter,64302,2021,693,Petrol,37.01,3rd,2022,ACTIVE,dealer,26471.4,tier 2
  Maharashtra  ,9.9,Ktm,250 Duke,74639,2024,366,Electric,87.22,1st,2024,Not Available,Dealer,43266.24,TIER 2
WEST BENGAL,19.56,Bajaj,CT 100,286978,2024,231,ELECTRIC,73.16,FIRST,2024,EXPIRED,  Dealer  ,119083.65,Tier 1
Punjab,45.71,TVS,NTorq 125,301294,2020,727,Petrol,28.31,3rd,2022,,individual,139149.16,tier 2
  Tamil Nadu  ,24.91,KTM,RC 390,111567,2024,653,electric,96.18,SECOND,2024,Expired,Dealer,75531.7,Metro
  Delhi  ,26.62,Kawasaki,Ninja 300,172627,2021,812,Hybrid,78.85,First,2021,Not Available,Dealer,76394.25,Metro
Punjab,54.67,Tvs,NTorq 125,365403,2016,234,Electric,66.44,third owner,2023,  Expired  ,Individual,230667.09,tier 2
Punjab,26.65,Royal Enfield,Himalayan,258942,2021,547,Hybrid,83.87,1st,2021,Not Available,dealer,184244.24,tier 2
West Bengal,29.76,  Hero  ,Glamour,74456,2017,531,Petrol,25.56,,2023,Active,Dealer,56908.93,Tier 2
Uttar Pradesh,43.37,Royal Enfield,Himalayan,276512,2022,514,  Petrol  ,47.96,THIRD,2022,Not Available,Individual,,tier 1
WEST BENGAL,45.08,TVS,Ronin,116701,2021,409,electric,68.35,THIRD,2024,Active,Dealer,76281.56,Tier 1
West Bengal,33.66,YAMAHA,FZ V3,"₹224,403",2021,538,electric,91.12,THIRD,2021,  Expired  ,Individual,135450.81,  Tier 1  
Karnataka,37.61,Kawasaki,Ninja 400,172506,2019,791,Petrol,47.68,THIRD,2021,Expired,individual,113460.22,metro
Karnataka,6.47,Yamaha,MT-15,340485,2024,933,  Electric  ,96.73,first owner,2024,Not Available,individual,180931.1,Tier 2
Madhya Pradesh,45.62,KAWASAKI,Ninja 400,"₹90,938",2020,961,hybrid,93.18,third owner,2024,Expired,Dealer,64875.17,METRO
Delhi,26.32,Hero,HF Deluxe,311365,2021,835,Electric,87.64,,2023,Expired,  Dealer  ,,Tier 1
  West Bengal  ,13.56,Yamaha,FZ V3,98569,2023,610,  Hybrid  ,97.87,first owner,2023,expired,Individual,69720.18,tier 3
  Karnataka  ,46.45,Hero,Xtreme 160R,189249,2024,457,Electric,91.56,Third,2024,  Expired  ,INDIVIDUAL,128716.14,  Tier 2  
Karnataka,28.5,Honda,Unicorn,130984,2023,486,hybrid,,First,2023,Not Available,DEALER,53472.37,metro
madhya pradesh,34.83,BAJAJ,CT 100,63580,2020,983,Electric,67.72,THIRD,2023,Not Available,DEALER,26879.48,Tier 3
punjab,47.98,Yamaha,MT-15,362211,2021,467,Electric,77.95,Third,2024,Expired,  Dealer  ,228639.08502363067,Tier 2
rajasthan,79.91,Honda,Shine,112592,2023,456,Electric,93.1,Second,2024,Active,dealer,89740.9,TIER 2
  Uttar Pradesh  ,57.69,Hero,Splendor Plus,344734,2023,386,Petrol,30.1,THIRD,2023,expired,Individual,154972.25,  Tier 1  
Rajasthan,38.98,KTM,Duke 200,396276,2022,850,Hybrid,98.85,third owner,2024,Expired,  Individual  ,245561.81095876682,TIER 3
Uttar Pradesh,16.08,yamaha,MT-15,207070,2019,904,ELECTRIC,82.81,second owner,2023,Not Available,Dealer,124694.56,  Tier 2  
MAHARASHTRA,63.68,TVS,Jupiter,336132,2023,910,Petrol,29.49,second owner,2023,active,  Individual  ,183255.72,  Tier 3  
Tamil Nadu,48.45,ROYAL ENFIELD,Himalayan,60077,2019,188,HYBRID,75.98,3rd,2022,Active,Individual,28839.44,Tier 2
DELHI,28.4,Honda,Unicorn,319880,2024,442,Electric,92.95,1st,2024,  Not Available  ,Individual,178848.91,  Tier 3  
west bengal,41.48,ktm,125 Duke,"₹66,816",2022,178,ELECTRIC,78.67,Third,2023,not available,DEALER,,Tier 2
  West Bengal  ,25.62,honda,CBR 650R,103576,2022,866,petrol,31.48,1st,2022,Active,  Dealer  ,47675.5,Tier 3
Rajasthan,50.46,ktm,125 Duke,166533,2023,977,Hybrid,68.71,Third,2024,Not Available,Dealer,,Tier 3
Maharashtra,28.57,KAWASAKI,Ninja 400,223015,2022,158,Hybrid,92.57,2nd,2022,Expired,Dealer,159008.6,METRO
Karnataka,70.94,Bajaj,Pulsar 150,271156,2023,603,Hybrid,79.05,first owner,2023,EXPIRED,individual,209036.0,TIER 2
Tamil Nadu,59.67,TVS,Sport,164504,2020,623,Hybrid,85.66,3rd,2024,NOT AVAILABLE,Individual,74148.84,Tier 3
Tamil Nadu,6.27,ROYAL ENFIELD,Himalayan,84078,2015,285,Electric,96.47,3rd,2024,Active,Dealer,63840.72,Metro
RAJASTHAN,25.98,Tvs,Jupiter,280009,2021,440,Petrol,29.81,THIRD,2021,not available,DEALER,116669.87,Tier 2
West Bengal,16.26,Yamaha,FZ V3,294508,2016,446,hybrid,0.0,SECOND,2021,  Not Available  ,Dealer,154659.39,tier 1
  Maharashtra  ,29.29,honda,Unicorn,96359,2023,999,Electric,62.11,2nd,2024,Active,  Dealer  ,44187.83,Tier 3
MAHARASHTRA,51.79,Honda,CBR 650R,275592,2023,416,Hybrid,93.77,,2023,  Not Available  ,Individual,117713.96,Tier 3
Maharashtra,29.46,Royal Enfield,Hunter 350,80061,2023,499,hybrid,71.4,SECOND,2023,Expired,Dealer,63627.18,Tier 1
  Tamil Nadu  ,49.47,Hero,Glamour,267915,2022,866,ELECTRIC,62.07,THIRD,2024,Active,Dealer,131384.83,Tier 1
Karnataka,77.08,ROYAL ENFIELD,Himalayan,"₹176,949",2022,332,petrol,59.35,Third,2022,expired,Individual,106461.88,tier 2
KARNATAKA,8.0,HERO,Glamour,90609,2024,545,Petrol,34.32,1st,2024,  Active  ,  Individual  ,37200.0,  Tier 3  
  Madhya Pradesh  ,68.26,YAMAHA,MT-15,126321,2023,305,Hybrid,90.29,2nd,2023,,INDIVIDUAL,81343.0,Tier 2
Tamil Nadu,46.43,KTM,125 Duke,169646,2017,831,Petrol,49.33,second owner,2024,  Not Available  ,DEALER,107066.35,Metro
maharashtra,50.49,HERO,Passion Pro,152781,2022,119,Hybrid,84.77,1st,2022,Expired,Individual,86405.13,TIER 1
Punjab,74.05,Royal Enfield,Classic 350,279235,2021,445,Hybrid,89.76,first owner,2021,Expired,Individual,205210.82,  Tier 1  
West Bengal,37.54,tvs,Sport,385671,2019,369,Hybrid,,Second,2017,ACTIVE,Dealer,229843.47,TIER 2
Tamil Nadu,5.59,hero,Glamour,230820,2019,123,hybrid,78.59,third owner,2021,Expired,  Individual  ,181581.37,Tier 2
Madhya Pradesh,77.89,Honda,Activa,367124,2016,322,Hybrid,85.84,Second,2021,ACTIVE,Individual,206527.68,TIER 2
Uttar Pradesh,61.0,TVS,NTorq 125,255759,2022,845,hybrid,70.38,SECOND,2022,Not Available,Dealer,116547.35,  Tier 3  
Maharashtra,15.83,KAWASAKI,Vulcan S,"₹265,258",2019,854,Electric,83.19,2nd,2022,Not Available,Dealer,185446.53,Metro
Rajasthan,28.88,  Yamaha  ,MT-15,367449,2020,957,PETROL,34.32,third owner,2024,ACTIVE,individual,244041.65,  Tier 2  
West Bengal,34.42,HERO,HF Deluxe,83150,2022,504,ELECTRIC,82.12,SECOND,2024,Active,Dealer,63134.41,  Tier 3  
madhya pradesh,57.63,Kawasaki,Versys 650,68026,2023,457,Hybrid,99.26,,2023,Active,Dealer,28028.79,Tier 1
  Tamil Nadu  ,26.16,KTM,Duke 200,171681,2024,185,Hybrid,70.55,2nd,2024,  Expired  ,Individual,109069.5,tier 3
west bengal,42.5,BAJAJ,Avenger 220,257246,2021,490,Hybrid,,SECOND,2024,Expired,Individual,,Tier 1
  Delhi  ,22.6,royal enfield,Himalayan,273647,2018,380,Hybrid,66.37,SECOND,2023,Not Available,Dealer,153479.52,Tier 3
maharashtra,27.34,Bajaj,Avenger 220,357503,2024,786,petrol,48.42,third owner,2024,Expired,Individual,281293.33,Metro
  Rajasthan  ,56.64,Hero,Glamour,206659,2023,925,Hybrid,76.41,1st,2023,  Expired  ,Dealer,141820.29,Metro
Delhi,48.32,Honda,Activa,65357,2022,239,  Hybrid  ,79.82,Second,2024,Expired,INDIVIDUAL,30032.35,Metro
Punjab,24.66,Honda,CBR 650R,370113,2018,436,Electric,63.34,Third,2024,Not Available,Individual,252559.61,TIER 1
  Karnataka  ,55.81,BAJAJ,Pulsar 150,387159,2022,762,hybrid,99.46,First,2022,Not Available,Dealer,235635.58,Tier 2
Tamil Nadu,68.49,bajaj,Avenger 220,62900,2022,735,petrol,50.82,Third,2024,  Expired  ,Individual,28460.91,TIER 1
West Bengal,73.75,yamaha,FZ V3,81532,2023,225,hybrid,86.23,First,2023,expired,Individual,33602.95,Metro
  Gujarat  ,33.35,kawasaki,Z650,57832,2024,865,Hybrid,91.79,SECOND,2024,Expired,Individual,35673.15,Tier 2
uttar pradesh,77.86,  Honda  ,Unicorn,208445,2015,592,ELECTRIC,63.35,second owner,2024,Active,Dealer,149378.5,Tier 2
Tamil Nadu,23.7,Honda,Unicorn,278279,2023,403,Hybrid,85.88,Second,2023,ACTIVE,individual,187195.26,Tier 2
  Uttar Pradesh  ,56.79,  TVS  ,Sport,77789,2021,129,Petrol,37.55,2nd,2022,EXPIRED,  Dealer  ,38634.37,Metro
uttar pradesh,14.11,Hero,Glamour,55331,2021,776,Petrol,45.56,Second,2023,  Active  ,Dealer,33064.88,metro
delhi,68.53,Honda,Dio,266533,2015,887,Hybrid,89.24,Second,2021,active,Dealer,167969.94,  Tier 1  
Delhi,57.83,HERO,Splendor Plus,132355,2024,685,Electric,97.68,THIRD,2024,Not Available,Individual,61562.78,Tier 3
Rajasthan,73.38,KTM,390 Adventure,"₹390,790",2023,711,petrol,,3rd,2023,Not Available,Individual,191040.46,Tier 2
  Maharashtra  ,52.11,Kawasaki,Z650,361591,2023,239,Petrol,56.11,Third,2024,Active,individual,257457.88,TIER 2
Gujarat,56.49,Royal Enfield,Interceptor 650,271226,2022,354,Petrol,33.23,3rd,2022,Active,DEALER,193068.85,  Tier 3  
  Delhi  ,66.77,TVS,Ronin,364764,2022,581,Electric,99.07,2nd,2023,Active,Dealer,148449.0,Tier 1
Delhi,11.79,TVS,NTorq 125,53708,2015,163,ELECTRIC,71.18,third owner,2024,Not Available,  Dealer  ,38395.92,Tier 1
Punjab,10.51,Yamaha,R15 V4,243103,2022,753,hybrid,74.31,First,2022,  Expired  ,Dealer,138146.77,Tier 3
punjab,79.53,Hero,HF Deluxe,250404,2024,895,Petrol,51.36,1st,2024,Not Available,DEALER,177629.4,Tier 1
West Bengal,11.5,  Bajaj  ,Dominar 400,108806,2020,340,Petrol,51.67,Second,2023,Not Available,individual,76978.1,tier 2
madhya pradesh,44.81,Royal Enfield,Meteor 350,89572,2024,908,Electric,94.13,Second,2024,active,Dealer,68448.66,METRO
TAMIL NADU,49.86,Bajaj,Avenger 220,74703,2023,385,Petrol,39.92,1st,2023,Not Available,Individual,53237.28,  Metro  
Rajasthan,70.7,royal enfield,Himalayan,124119,2021,519,HYBRID,92.06,,2021,Not Available,Dealer,64972.11,TIER 2
Uttar Pradesh,25.91,kawasaki,Ninja 300,297003,2018,215,HYBRID,74.63,Second,2024,EXPIRED,  Individual  ,221594.36,TIER 3
rajasthan,50.81,Royal Enfield,Meteor 350,341531,2017,699,Petrol,55.05,Second,2021,Active,Individual,210575.19,Tier 1
DELHI,24.86,Honda,Shine,180795,2022,414,Hybrid,94.56,Third,2022,active,Individual,124038.4,Tier 2
Uttar Pradesh,13.53,Bajaj,Pulsar 150,307733,2024.0,871,PETROL,49.01,second owner,2024,NOT AVAILABLE,dealer,151454.54,Tier 3
Uttar Pradesh,39.96,Honda,Activa,209333,2020,847,petrol,44.04,Third,2024,Active,INDIVIDUAL,117113.07,tier 2
Tamil Nadu,50.7,KTM,390 Adventure,61732,2024,263,HYBRID,99.64,First,2024,Active,DEALER,35972.89,Tier 2
Karnataka,14.81,Royal Enfield,Hunter 350,311149,2022,644,Hybrid,80.96,second owner,2023,Active,Dealer,240614.82,Tier 1
Tamil Nadu,18.51,Kawasaki,Z650,178607,2022,867,Petrol,51.67,first owner,2022,Expired,dealer,106187.07,Tier 2
Uttar Pradesh,38.34,Kawasaki,Vulcan S,270476,2017,963,Hybrid,84.98,third owner,2022,Not Available,Dealer,181794.54,Tier 1
West Bengal,47.63,YAMAHA,Fascino 125,242791,2023,580,Hybrid,71.89,2nd,2023,Expired,Individual,172073.06,Tier 2
  Karnataka  ,70.85,Royal Enfield,Meteor 350,331490,2024,255,Electric,70.03,THIRD,2024,active,Individual,196978.25,tier 1
Punjab,20.07,KTM,Duke 200,272342,2024,945,Petrol,50.42,,2024,Active,dealer,166198.83,Tier 2
West Bengal,67.77,ROYAL ENFIELD,Meteor 350,152021,2021,587,petrol,41.8,Third,2023,  Expired  ,Individual,76051.36,Metro
  Rajasthan  ,32.05,  Hero  ,Passion Pro,94839,2015,835,Petrol,33.07,Second,2023,not available,Dealer,58914.19,Metro
Tamil Nadu,69.49,honda,Dio,237355,2021,731,Hybrid,65.76,third owner,2021,NOT AVAILABLE,DEALER,150221.71,Tier 1
Maharashtra,69.34,Honda,Dio,196301,2021,411,HYBRID,69.49,first owner,2021,  Active  ,DEALER,113542.37,TIER 2
Gujarat,35.42,HERO,HF Deluxe,351496,2021,587,  Electric  ,76.39,FIRST,2021,Not Available,Dealer,203119.78,metro
MADHYA PRADESH,57.5,HONDA,Dio,115471,2022,424,  Electric  ,62.03,first owner,2020,not available,  Dealer  ,79709.98,tier 3
MAHARASHTRA,74.28,Hero,Glamour,372050,2015,566,Electric,64.69,2nd,2022,Expired,Dealer,206355.99,METRO
Karnataka,21.84,hero,Glamour,321534,2023,467,petrol,44.99,3rd,2023,Not Available,Individual,144562.07,Tier 3
Madhya Pradesh,79.6,Honda,Shine,267558,2019,863,  Electric  ,91.46,second owner,2021,Not Available,individual,168635.6,Metro
WEST BENGAL,54.4,Bajaj,CT 100,389187,2021,553,ELECTRIC,69.61,SECOND,2021,Expired,INDIVIDUAL,293224.02,tier 2
  Gujarat  ,10.63,ktm,390 Adventure,180397,2023,139,Petrol,49.64,2nd,2024,ACTIVE,Individual,,Tier 3
Maharashtra,27.94,bajaj,Platina 110,250307,2023,847,Electric,96.76,THIRD,2023,Not Available,Dealer,127516.53,  Metro  
Karnataka,65.56,Hero,Passion Pro,245211,2024,228,Electric,65.93,third owner,2024,Expired,Dealer,144955.31,Metro
West Bengal,69.67,Honda,Unicorn,63310,2023,271,PETROL,26.31,2nd,2023,Not Available,individual,33686.23,Metro
west bengal,45.97,Honda,Shine,262481,2024,168,  Hybrid  ,74.23,First,2024,Not Available,dealer,162268.6,Metro
Punjab,72.5,Honda,CBR 650R,130042,2023,204,PETROL,40.29,,2024,Expired,individual,81080.64,metro
Gujarat,17.58,Royal Enfield,Classic 350,127736,2024,466,Petrol,27.25,second owner,2024,EXPIRED,  Dealer  ,87430.01,Tier 3
Karnataka,74.93,  Kawasaki  ,Ninja 300,70806,2018,473,Electric,82.97,Second,2021,Not Available,INDIVIDUAL,,METRO
maharashtra,42.44,bajaj,CT 100,300664,2024,180,HYBRID,67.38,First,2024,  Not Available  ,Individual,155470.65,  Tier 1  
Tamil Nadu,22.17,HONDA,Dio,299488,2021,674,Electric,90.1,First,2021,not available,INDIVIDUAL,232345.36,Metro
Rajasthan,53.1,TVS,Apache RTR 160,53008,2021,222,Electric,83.22,FIRST,2021,Active,Dealer,25732.41,Metro
Uttar Pradesh,34.43,royal enfield,Meteor 350,351520,2021,623,Hybrid,68.67,THIRD,2021,Expired,INDIVIDUAL,238070.57,Metro
gujarat,54.41,  Yamaha  ,Ray ZR,289493,2024,762,Hybrid,92.78,THIRD,2024,Not Available,Individual,119723.21,Tier 1
Punjab,57.4,Ktm,Duke 200,309863,2024,524,ELECTRIC,80.94,3rd,2024,  Not Available  ,Individual,208735.94,  Tier 1  
Punjab,33.84,HONDA,Dio,370154,2023,163,hybrid,69.76,third owner,2023,,Dealer,159550.45,Tier 3
Rajasthan,24.33,ktm,125 Duke,52608,2024,393,  Petrol  ,27.51,THIRD,2024,Active,DEALER,32636.26982367937,metro
Uttar Pradesh,72.77,Honda,Dio,119153,2019,680,petrol,45.72,second owner,2021,Active,  Individual  ,57928.54,Metro
Gujarat,18.34,kawasaki,Ninja 400,196905,2018,621,Hybrid,82.59,Second,2023,Not Available,Dealer,100818.45,METRO
Karnataka,70.94,Bajaj,Pulsar 150,271156,2023,603,Hybrid,79.05,first owner,2023,EXPIRED,individual,214566.10322844415,TIER 2
  Maharashtra  ,50.6,  Yamaha  ,FZ V3,292413,2017,405,Electric,80.66,third owner,2022,Active,  Dealer  ,209750.68,Metro
Karnataka,29.44,  KTM  ,Duke 200,265971,2017,776,  Electric  ,88.86,Second,2022,active,  Dealer  ,208381.83,Tier 1
Tamil Nadu,27.58,KTM,125 Duke,266227,2022,651,  Hybrid  ,70.59,first owner,2022,Active,Individual,155615.15,  Tier 2  
  Delhi  ,61.36,TVS,Apache RTR 160,139609,2018,970,Petrol,48.87,Second,2021,Active,  Individual  ,64283.39,Tier 3
Tamil Nadu,33.63,KAWASAKI,Ninja 400,115631,2018,448,Petrol,34.41,3rd,2021,Active,Individual,77314.52,TIER 3
GUJARAT,69.34,Kawasaki,Versys 650,202981,2020,119,PETROL,39.29,THIRD,2022,EXPIRED,INDIVIDUAL,147068.5,Tier 3
West Bengal,36.47,KTM,RC 390,378082,2023,0,Hybrid,89.0,SECOND,2023,NOT AVAILABLE,  Individual  ,188214.49,  Tier 3  
Delhi,27.68,  KTM  ,Duke 200,371601,2024,597,  Electric  ,68.46,THIRD,2024,Expired,Individual,248304.52,Tier 3
KARNATAKA,15.35,  TVS  ,Sport,131865,2017,515,petrol,44.67,third owner,2022,,Individual,67976.62,Tier 3
Gujarat,37.98,Bajaj,Dominar 400,84198,2016,121,petrol,28.77,third owner,2021,  Expired  ,  Dealer  ,51933.91,Tier 2
TAMIL NADU,47.47,Royal Enfield,Himalayan,348137,2023,700,petrol,59.51,THIRD,2024,Active,Dealer,221366.59,Tier 1
GUJARAT,46.84,BAJAJ,Platina 110,316907,2020,635,hybrid,77.36,THIRD,2024,expired,individual,229663.79,METRO
Madhya Pradesh,15.91,ROYAL ENFIELD,Classic 350,103326,2021,921,Petrol,30.19,SECOND,2022,Expired,Individual,60426.45,Tier 2
Punjab,53.47,  TVS  ,Apache RTR 160,176302,2023,335,Petrol,31.41,Third,2024,  Not Available  ,individual,118078.89,METRO
Delhi,65.67,royal enfield,Classic 350,154046,2021,195,  Hybrid  ,96.18,second owner,2024,Active,Individual,92375.6,  Tier 2  
MAHARASHTRA,850.0,  KTM  ,390 Adventure,55452,2015,757,  Petrol  ,36.93,third owner,2021,Active,Individual,30651.8,tier 2
Rajasthan,35.37,KAWASAKI,Z650,108012,2015,748,petrol,56.3,Second,2024,  Expired  ,individual,69418.31,  Tier 2  
Maharashtra,24.85,Yamaha,R15 V4,373992,2022,146,Hybrid,66.25,THIRD,2022,Expired,INDIVIDUAL,246698.42,METRO
  Karnataka  ,24.01,Yamaha,MT-15,277949,2021,974,ELECTRIC,88.55,1st,2021,  Not Available  ,Dealer,186097.74,Tier 2
WEST BENGAL,5.15,TVS,Ronin,341537,2018,838,Petrol,52.85,SECOND,2022,Expired,Individual,214058.57,  Tier 2  
Gujarat,76.93,tvs,Ronin,271554,2020,117,PETROL,36.38,THIRD,2021,Active,individual,137155.12,Metro
Delhi,48.36,KTM,RC 390,309340,2023,406,hybrid,,Second,2024,active,Individual,181642.58,Tier 2
Rajasthan,12.34,Bajaj,Pulsar 150,296836,2021,983,  Hybrid  ,99.9,FIRST,2021,NOT AVAILABLE,  Individual  ,130167.29,  Tier 1  
Delhi,15.52,  Yamaha  ,Ray ZR,186356,2015,857,  Electric  ,74.9,Second,2023,EXPIRED,  Individual  ,127186.39,METRO
  Maharashtra  ,54.98,Tvs,Apache RTR 160,"₹249,539",2021,481,Electric,96.53,First,2021,Active,  Dealer  ,141259.17,Tier 2
Delhi,54.62,TVS,Jupiter,346100,2022,738,Petrol,33.03,third owner,2024,  Expired  ,individual,190309.95,metro
Maharashtra,36.12,ktm,Duke 200,268036,2023,629,Hybrid,65.28,Second,2023,  Active  ,dealer,118560.92,Tier 2
Karnataka,5.65,bajaj,CT 100,361526,2019,208,  Hybrid  ,92.44,second owner,2024,Not Available,Dealer,,Tier 2
Uttar Pradesh,35.95,Yamaha,R15 V4,73894,2022,942,  Hybrid  ,74.95,First,2022,Expired,Individual,29604.84,TIER 1
Uttar Pradesh,57.07,ROYAL ENFIELD,Himalayan,327921,2022,253,  Hybrid  ,77.36,2nd,2022,Expired,  Dealer  ,190998.41,  Tier 1  
West Bengal,34.95,Hero,Xtreme 160R,263334,2021,812,Petrol,30.09,first owner,2021,EXPIRED,Individual,,METRO
Punjab,54.32,Ktm,250 Duke,324031,2023,886,Electric,83.2,first owner,2023,Expired,Dealer,249828.79,tier 1
Karnataka,69.15,kawasaki,Z650,390640,2015,628,Electric,71.3,,2023,Not Available,  Dealer  ,,  Tier 3  
Gujarat,55.06,bajaj,Pulsar 150,"₹61,270",2017,110,Electric,70.1,,2023,Not Available,Individual,41903.87,tier 3
Punjab,79.88,kawasaki,Ninja 300,174902,2024,678,Electric,62.59,THIRD,2024,Expired,Individual,103979.18,Tier 3
delhi,15.83,Yamaha,MT-15,322380,2019,548,PETROL,48.67,,2023,Active,individual,177929.95,Tier 1
Punjab,22.16,Hero,Glamour,77108,2015,648,Petrol,57.74,,2023,,  Individual  ,31323.75,Tier 2
  Uttar Pradesh  ,50.47,Honda,Dio,147773,2024,375,electric,73.48,2nd,2024,ACTIVE,Dealer,101806.81,tier 2
Delhi,73.76,  Kawasaki  ,Vulcan S,164377,2024,458,Electric,65.0,First,2024,,Individual,121811.17,Tier 3
West Bengal,21.87,  Yamaha  ,FZ V3,192382,2018,396,Petrol,38.57,Third,2023,expired,Individual,94086.31,Tier 3
Uttar Pradesh,51.52,HERO,HF Deluxe,265970,2022,514,  Hybrid  ,62.91,THIRD,2023,Expired,individual,175625.33,tier 2
madhya pradesh,49.41,Hero,Passion Pro,107223,2021,559,hybrid,61.7,First,2021,  Active  ,Dealer,45999.32,TIER 2
Karnataka,48.58,KTM,Duke 200,342599,2019,628,Electric,,3rd,2022,Expired,Dealer,179524.9,Metro
  Gujarat  ,60.13,TVS,Apache RTR 160,215716,2019,425,Hybrid,85.74,Third,2021,Not Available,INDIVIDUAL,98086.74,Metro
Tamil Nadu,52.45,Royal Enfield,Interceptor 650,112747,2016,516,  Hybrid  ,71.36,3rd,2023,,Dealer,47298.94,Tier 3
uttar pradesh,74.17,Royal Enfield,Meteor 350,234386,2021,624,PETROL,52.62,second owner,2023,Not Available,Dealer,138567.15,  Tier 1  
  Uttar Pradesh  ,23.09,Honda,Activa,138120,2021,545,Hybrid,81.21,SECOND,2024,Expired,  Dealer  ,93177.8,METRO
KARNATAKA,10.02,Kawasaki,Ninja 400,197161,2018,106,hybrid,60.66,3rd,2024,,dealer,96552.97,metro
Maharashtra,26.15,  Hero  ,Xtreme 160R,323210,2018,637,PETROL,42.33,second owner,2021,,Dealer,231486.34,  Tier 2  
Maharashtra,11.3,yamaha,Fascino 125,289421,2018,295,ELECTRIC,65.54,second owner,2023,Active,Individual,148303.53,tier 1
karnataka,54.84,Royal Enfield,Himalayan,156623,2022,519,ELECTRIC,80.11,Second,2022,Expired,Individual,85731.86,Tier 3
west bengal,76.73,Yamaha,R15 V4,"₹156,226",2021,228,Petrol,28.49,Second,2022,Expired,Dealer,70187.34,Tier 2
Karnataka,25.39,kawasaki,Ninja 300,232034,2018,166,Hybrid,77.75,3rd,2024,NOT AVAILABLE,Individual,159657.82,Metro
Madhya Pradesh,43.59,kawasaki,Vulcan S,200686,2021,233,Hybrid,69.22,third owner,2023,Active,individual,90919.42,tier 2
Gujarat,69.35,  TVS  ,Ronin,246733,2024,309,Hybrid,81.34,SECOND,2024,Active,Individual,192903.52,TIER 1
Tamil Nadu,69.36,TVS,Sport,375772,2021,388,Petrol,25.13,Second,2023,Not Available,Individual,175595.17,  Tier 3  
KARNATAKA,10.24,Ktm,125 Duke,396349,2023,878,ELECTRIC,87.31,FIRST,2023,Not Available,Individual,198898.77,TIER 2
  Rajasthan  ,22.85,BAJAJ,Dominar 400,310724,2019,711,Petrol,30.14,2nd,2023,,Individual,142635.77,TIER 2
rajasthan,26.16,Hero,Splendor Plus,209493,2022,691,Hybrid,63.73,Second,2022,EXPIRED,Dealer,97216.82,tier 3
West Bengal,74.22,Royal Enfield,Interceptor 650,91546,2016,848,Hybrid,95.97,Second,2023,Active,Individual,45389.05,  Metro  
Tamil Nadu,54.06,Ktm,RC 390,272795,2019,758,Electric,90.88,Second,2021,Expired,dealer,194603.43,Tier 3
West Bengal,63.01,Honda,Unicorn,"₹70,899",2017,271,Petrol,25.15,2nd,2022,Active,individual,30904.95,  Metro  
Punjab,12.99,  Royal Enfield  ,Classic 350,192633,2023,657,Hybrid,86.67,2nd,2024,NOT AVAILABLE,Individual,138934.82,  Metro  
West Bengal,49.22,Bajaj,Platina 110,290276,2024,667,ELECTRIC,86.58,1st,2024,,  Individual  ,,tier 1
Delhi,49.69,  Hero  ,Splendor Plus,221795,2021,232,Hybrid,72.91,FIRST,2021,EXPIRED,Dealer,128712.11,Metro
Rajasthan,26.96,TVS,Jupiter,325085,2018,286,Electric,77.11,Second,2024,  Expired  ,individual,156520.83,  Tier 3  
Karnataka,63.54,tvs,NTorq 125,135871,2016,510,  Hybrid  ,99.2,third owner,2022,not available,  Dealer  ,56773.91,Tier 1
Madhya Pradesh,69.9,Yamaha,R15 V4,54155,2022,346,Petrol,50.08,Third,2022,  Not Available  ,  Dealer  ,27558.48,TIER 2
Delhi,42.28,  Bajaj  ,Pulsar 150,356860,2024,467,HYBRID,74.23,first owner,2024,Not Available,Dealer,143710.95,TIER 3
Maharashtra,79.36,HERO,HF Deluxe,225833,2023,980,Petrol,46.86,third owner,2023,Not Available,Dealer,142681.69,TIER 2
  Gujarat  ,75.42,Honda,Dio,127890,2021,133,hybrid,73.22,second owner,2021,Active,Dealer,67389.0,  Tier 3  
  Uttar Pradesh  ,34.1,Yamaha,R15 V4,288431,2023,846,Petrol,59.72,1st,2023,Expired,individual,171530.57,  Metro  
  Gujarat  ,70.12,Yamaha,MT-15,109192,2022,658,Hybrid,80.11,second owner,2022,EXPIRED,Individual,80295.32,Tier 1
Maharashtra,41.59,yamaha,R15 V4,319835,2019,287,Hybrid,81.54,second owner,2024,Expired,Dealer,154714.4,Tier 2
West Bengal,76.03,Hero,Glamour,312405,2023,963,hybrid,,FIRST,2023,EXPIRED,Individual,,TIER 1
DELHI,65.6,Hero,Glamour,186478,2018,245,petrol,27.62,third owner,2021,Active,Individual,98912.14,tier 1
MAHARASHTRA,17.37,Honda,Dio,341975,2021,633,Petrol,32.15,2nd,2022,  Expired  ,Dealer,210110.35,TIER 1
Maharashtra,-5.0,honda,CBR 650R,152107,2022,748,Electric,77.59,FIRST,2022,  Active  ,  Dealer  ,73290.91,Tier 3
Uttar Pradesh,41.68,KTM,RC 390,156606,2024,532,HYBRID,74.32,First,2024,Expired,INDIVIDUAL,69725.03,Tier 2
maharashtra,21.67,Yamaha,Ray ZR,245454,2023,528,Electric,,first owner,2023,ACTIVE,Individual,145502.16,  Tier 3  
Punjab,48.22,tvs,NTorq 125,166089,2023,456,electric,,second owner,2024,NOT AVAILABLE,  Individual  ,127790.92,tier 3
Maharashtra,20.85,Royal Enfield,Himalayan,268008,2019,810,Petrol,46.38,2nd,2021,  Expired  ,Individual,118878.7,Tier 2
karnataka,41.66,Tvs,Ronin,192201,2020,519,Petrol,31.29,SECOND,2021,EXPIRED,DEALER,127688.63,  Tier 1  
Karnataka,21.14,Hero,Glamour,152092,2022,391,Petrol,41.69,FIRST,2022,ACTIVE,Dealer,95445.69,Metro
  Tamil Nadu  ,32.92,Bajaj,Dominar 400,393217,2024,759,  Petrol  ,37.1,SECOND,2024,  Not Available  ,  Dealer  ,203411.46845885168,Metro
Tamil Nadu,42.56,HONDA,Shine,355126,2021,481,Petrol,35.53,Second,2023,expired,individual,250784.48,Tier 2
Uttar Pradesh,29.71,Honda,Activa,352614,2016,349,petrol,54.46,THIRD,2024,  Expired  ,Dealer,257121.29,Tier 1
RAJASTHAN,18.71,Royal Enfield,Himalayan,307447,2022,551,hybrid,,second owner,2022,Not Available,individual,182349.23,  Metro  
Maharashtra,41.21,  Kawasaki  ,Versys 650,148320,2024.0,409,Hybrid,68.96,first owner,2024,EXPIRED,DEALER,64234.45,  Tier 2  
UTTAR PRADESH,65.04,Tvs,Ronin,381259,2022,692,electric,76.35,second owner,2022,Active,INDIVIDUAL,181486.7,Tier 1
RAJASTHAN,22.67,TVS,Ronin,315163,2015,496,Electric,94.76,THIRD,2023,Not Available,INDIVIDUAL,176118.43,Tier 2
Maharashtra,72.0,  KTM  ,250 Duke,151332,2022,383,Electric,90.56,Third,2023,,Individual,105367.12,metro
Rajasthan,10.39,ktm,RC 390,253266,2021,181,ELECTRIC,70.59,first owner,2021,NOT AVAILABLE,  Dealer  ,131960.22,TIER 3
karnataka,13.98,honda,Activa,113947,2022,954,Hybrid,79.39,,2023,Expired,Individual,52066.94,  Metro  
Karnataka,79.37,Hero,HF Deluxe,251977,2019,951,Hybrid,89.18,Second,2024,  Expired  ,DEALER,120289.75,Tier 2
Karnataka,68.69,Honda,Shine,269277,2016,960,Hybrid,-15.0,THIRD,2022,Expired,Individual,191053.38,tier 3
rajasthan,56.15,Bajaj,Dominar 400,236856,2018,192,Electric,60.02,Third,2024,Expired,INDIVIDUAL,158858.32,TIER 1
Tamil Nadu,74.01,Yamaha,MT-15,318045,2021,588,Petrol,33.71,,2022,Active,  Individual  ,135842.27,TIER 2
Madhya Pradesh,67.59,Bajaj,Avenger 220,89413,2023,217,hybrid,,THIRD,2024,Not Available,Dealer,49829.08,TIER 1
Maharashtra,27.87,Yamaha,MT-15,324359,2024,965,Hybrid,76.74,,2024,Active,Dealer,168356.36,Tier 1
Punjab,66.39,TVS,Apache RTR 160,390899,2023,644,  Petrol  ,40.48,3rd,2023,Expired,Dealer,298916.81,Tier 1
  Madhya Pradesh  ,37.51,YAMAHA,Ray ZR,184172,2019,964,Hybrid,86.16,3rd,2023,Active,DEALER,93730.44,Tier 1
  Uttar Pradesh  ,62.9,  TVS  ,Sport,159546,2015,486,petrol,51.78,Third,2021,  Active  ,Individual,83638.23,Tier 3
PUNJAB,56.8,Hero,Glamour,143192,2023,933,Petrol,53.72,1st,2023,Active,Dealer,92622.07,tier 3
West Bengal,64.95,Yamaha,FZ V3,215175,2024,957,Electric,92.59,3rd,2024,Expired,Dealer,105571.31,Tier 3
  Delhi  ,15.69,TVS,Ronin,205167,2024,564,Petrol,31.71,first owner,2024,  Active  ,Individual,82414.87,Metro
Uttar Pradesh,28.41,Royal Enfield,Himalayan,"₹168,146",2024,558,Electric,,3rd,2024,Not Available,INDIVIDUAL,99308.26,Metro
delhi,49.92,  Kawasaki  ,Ninja 400,366510,2021,933,Petrol,50.21,first owner,2021,Active,dealer,205152.15,Tier 2
Uttar Pradesh,79.64,KTM,Duke 200,71984,2019,733,petrol,30.43,THIRD,2023,Expired,Individual,31528.78,Tier 1
Maharashtra,76.53,KTM,250 Duke,353400,2021,394,Electric,89.71,3rd,2024,Expired,dealer,,  Tier 1  
Uttar Pradesh,72.49,KTM,Duke 200,115677,2023,826,Electric,84.63,FIRST,2023,  Not Available  ,Dealer,75715.02,  Tier 3  
PUNJAB,53.09,honda,Unicorn,383304,2019,651,Electric,69.17,second owner,2022,  Not Available  ,Dealer,213137.56,Metro
  Madhya Pradesh  ,19.67,HONDA,CBR 650R,350363,2019,223,  Electric  ,83.55,second owner,2021,Not Available,Dealer,222190.79,Tier 2
Uttar Pradesh,6.19,Kawasaki,Ninja 300,281821,2023,540,  Electric  ,77.42,third owner,2024,  Active  ,DEALER,137692.68,Tier 2
uttar pradesh,6.28,KTM,RC 390,191449,2024,410,HYBRID,68.27,Second,2024,Expired,Individual,105935.98,TIER 2
WEST BENGAL,25.96,Kawasaki,Z650,348450,2019,286,Petrol,41.33,third owner,2021,Active,DEALER,183537.46,Tier 2
  Punjab  ,41.43,  KTM  ,250 Duke,391046,2022,590,HYBRID,93.04,third owner,2022,ACTIVE,Dealer,306608.07,Tier 2
RAJASTHAN,46.63,Yamaha,Fascino 125,173893,2020,428,Petrol,25.25,SECOND,2021,Not Available,Individual,119792.58,Metro
Punjab,27.7,TVS,Sport,190466,2017,471,electric,99.63,Third,2022,,individual,107752.52,metro
  Punjab  ,75.58,kawasaki,Versys 650,231659,2017,624,  Electric  ,86.48,third owner,2023,Expired,Individual,132570.79,tier 3
West Bengal,36.92,KAWASAKI,Ninja 400,166014,2015,686,Petrol,49.19,THIRD,2022,Active,Individual,92248.43,tier 2
Uttar Pradesh,39.16,HERO,Splendor Plus,251452,2023,787,PETROL,30.35,First,2023,Active,Individual,,  Tier 3  
DELHI,70.59,BAJAJ,Pulsar 150,91635,2022,840,Electric,63.93,Second,2022,Not Available,Individual,65575.78,Tier 2
Madhya Pradesh,37.51,Bajaj,Dominar 400,113199,2018,127,petrol,47.8,Third,2023,ACTIVE,DEALER,67510.25,Tier 2
PUNJAB,75.11,Yamaha,Fascino 125,175944,2016,546,  Petrol  ,29.89,Third,2022,Active,DEALER,77928.13,Tier 1
karnataka,36.0,Bajaj,Platina 110,170072,2024,268,Hybrid,93.15,1st,2024,Not Available,dealer,91475.56,metro
madhya pradesh,56.76,kawasaki,Versys 650,362720,2015,796,Hybrid,77.84,SECOND,2023,Expired,  Dealer  ,238722.89,Tier 1
  Tamil Nadu  ,79.67,Hero,Xtreme 160R,346580,2022,675,petrol,56.49,Second,2023,not available,INDIVIDUAL,170853.9,Metro
MAHARASHTRA,12.95,HERO,Splendor Plus,67244,2023,666,Petrol,43.81,Second,2023,Expired,DEALER,37403.62,TIER 3
  Maharashtra  ,47.91,honda,Activa,157160,2022,986,Electric,72.84,,2024,Not Available,Dealer,84507.3,tier 3
West Bengal,40.28,Tvs,NTorq 125,306576,2021,532,ELECTRIC,81.06,second owner,2022,ACTIVE,  Dealer  ,238288.37,Tier 3
GUJARAT,58.4,Yamaha,R15 V4,366088,2023,364,Petrol,42.84,Second,2024,Active,Dealer,177170.45,tier 1
Gujarat,42.96,Royal Enfield,Hunter 350,235802,2023,488,electric,84.31,first owner,2023,Active,Individual,164663.79,  Metro  
Maharashtra,18.26,Bajaj,Pulsar 150,330916,2018,690,Electric,76.79,3rd,2022,ACTIVE,Dealer,166310.9,Tier 1
GUJARAT,60.16,KTM,250 Duke,217731,2024,552,  Hybrid  ,69.97,third owner,2024,ACTIVE,dealer,127284.39,  Tier 3  
Tamil Nadu,79.84,TVS,Ronin,192314,2023,125,PETROL,55.63,Second,2023,Active,Individual,118625.08,TIER 2
Karnataka,59.89,Royal Enfield,Interceptor 650,101299,2021,100,Electric,83.38,first owner,2021,  Active  ,Dealer,57727.11,  Tier 2  
GUJARAT,37.93,Bajaj,Pulsar 150,323897,2022,628,electric,65.25,2nd,2023,Expired,individual,198533.46,tier 2
Uttar Pradesh,52.46,  TVS  ,Sport,251852,2024,718,electric,64.99,SECOND,2024,  Expired  ,Individual,104051.23,METRO
Tamil Nadu,73.7,Ktm,390 Adventure,196662,2024,859,petrol,41.19,FIRST,2024,Active,  Dealer  ,80270.78,  Tier 3  
tamil nadu,12.59,bajaj,Avenger 220,323235,2024,158,electric,0.0,second owner,2024,Not Available,Individual,165176.17,Tier 3
PUNJAB,25.6,  Kawasaki  ,Ninja 300,252777,2021,595,ELECTRIC,80.11,Third,2023,Not Available,Individual,155802.9,  Tier 3  
  West Bengal  ,31.99,Bajaj,Dominar 400,137200,2018,364,electric,84.15,third owner,2021,Not Available,  Individual  ,104415.55,Tier 2
gujarat,10.33,  Royal Enfield  ,Hunter 350,321018,2024,923,Petrol,28.41,2nd,2024,Expired,Dealer,216205.38,Metro
West Bengal,11.44,TVS,NTorq 125,319235,2022,126,Hybrid,97.09,second owner,2022,Active,Dealer,214136.86,Tier 3
Rajasthan,9.86,Hero,Splendor Plus,304701,2024,889,Hybrid,62.67,THIRD,2024,Not Available,Individual,155623.77,Tier 2
Gujarat,49.58,tvs,Jupiter,201359,2020,422,HYBRID,96.79,second owner,2018,Active,Dealer,142013.89,  Tier 3  
Karnataka,47.15,KAWASAKI,Ninja 300,107603,2017,342,Petrol,38.03,Second,2024,Active,INDIVIDUAL,69855.27,Metro
Delhi,39.9,Yamaha,MT-15,"₹116,825",2021,562,Petrol,41.59,second owner,2024,EXPIRED,Individual,54010.43,Tier 2
KARNATAKA,7.39,TVS,Jupiter,112019,2022,553,Electric,65.84,1st,2022,  Expired  ,Dealer,64540.63,  Metro  
Delhi,16.88,Hero,HF Deluxe,114587,2016,594,Hybrid,83.26,2nd,2023,Active,Individual,71766.04,Tier 1
karnataka,75.51,Bajaj,Avenger 220,77764,2015,427,Electric,93.94,SECOND,2023,Not Available,Dealer,45216.78,Tier 3
Karnataka,57.78,  KTM  ,250 Duke,320320,2022,130,Petrol,45.5,3rd,2023,Active,  Dealer  ,162278.99,metro
Delhi,70.75,Hero,Glamour,372425,2023,763,Petrol,58.0,THIRD,2024,  Active  ,Individual,162499.52,Tier 1
Karnataka,20.72,  Royal Enfield  ,Hunter 350,120011,2024,833,  Hybrid  ,82.52,3rd,2024,not available,INDIVIDUAL,93841.08,Tier 2
PUNJAB,77.52,KTM,250 Duke,71567,2022,599,Electric,,first owner,2022,Not Available,Individual,52565.79,Tier 1
gujarat,15.76,kawasaki,Z650,274562,2023,935,electric,68.76,3rd,2023,expired,Dealer,175227.99,Tier 1
West Bengal,30.69,KTM,250 Duke,213162,2022,643,electric,88.65,third owner,2022,Active,Individual,145178.14,  Metro  
West Bengal,78.2,Yamaha,Fascino 125,"₹268,485",2024,188,Petrol,,FIRST,2024,  Expired  ,Individual,206341.66,TIER 1
West Bengal,50.92,Kawasaki,Ninja 400,116945,2024,982,Electric,93.82,1st,2024,Not Available,individual,55535.09,Tier 1
West Bengal,53.0,  Hero  ,Splendor Plus,82554,2021,513,PETROL,55.82,FIRST,2021,Active,  Individual  ,38383.02,METRO
tamil nadu,61.93,Royal Enfield,Himalayan,399395,2023,343,PETROL,56.21,,2024,Active,INDIVIDUAL,178330.5,Metro
Uttar Pradesh,53.12,kawasaki,Z650,240009,2016,969,Hybrid,72.6,,2022,active,Individual,116432.47,  Tier 1  
DELHI,69.42,Royal Enfield,Meteor 350,138296,2022,499,Electric,77.89,First,2022,,Individual,58593.06,Tier 3
karnataka,19.43,Honda,Activa,367412,2024,673,Electric,75.08,1st,2024,Active,  Individual  ,,Tier 2
Punjab,42.05,Hero,Passion Pro,96973,2022,482,Petrol,31.9,THIRD,2024,Not Available,individual,52311.11,  Tier 3  
DELHI,20.2,KTM,125 Duke,326439,2022,902,Petrol,51.43,FIRST,2022,Active,Dealer,134116.21,tier 2
Maharashtra,39.36,KTM,RC 390,238428,2023,501,  Petrol  ,58.19,2nd,2023,  Active  ,  Individual  ,131681.26,Tier 2
Delhi,34.48,KTM,390 Adventure,308334,2016,783,  Hybrid  ,71.16,Third,2024,Active,  Dealer  ,236479.23,  Tier 3  
rajasthan,17.89,Hero,Glamour,305750,2018,170,electric,77.07,SECOND,2024,NOT AVAILABLE,Dealer,186661.65,Metro
MAHARASHTRA,58.19,HERO,Passion Pro,393783,2021,224,  Petrol  ,35.88,SECOND,2021,Not Available,  Dealer  ,176184.07,metro
Maharashtra,16.54,Hero,Glamour,330747,2022,487,Hybrid,71.73,first owner,2022,EXPIRED,  Individual  ,244730.04,TIER 1
  West Bengal  ,25.41,TVS,Sport,66587,2021,493,Electric,91.07,3rd,2023,Active,Individual,35913.8,tier 3
  Punjab  ,78.75,Honda,CBR 650R,127407,2024,728,Electric,66.17,1st,2024,Expired,Individual,82503.01,Tier 2
  West Bengal  ,9.46,Hero,HF Deluxe,91604,2020,110,  Petrol  ,42.22,third owner,2021,  Not Available  ,individual,53145.66,  Metro  
tamil nadu,60.58,Yamaha,MT-15,153753,2024,472,Hybrid,64.4,First,2024,Active,  Dealer  ,,  Tier 2  
Tamil Nadu,57.46,Bajaj,Dominar 400,307685,2021,787,PETROL,26.19,FIRST,2021,  Active  ,INDIVIDUAL,135348.28,Metro
karnataka,20.53,BAJAJ,Platina 110,66924,2022,492,  Petrol  ,37.48,THIRD,2024,Expired,Dealer,28809.11,  Metro  
maharashtra,29.81,Yamaha,Fascino 125,107025,2021,253,petrol,41.83,FIRST,2021,Not Available,Individual,48967.29,  Tier 1  
UTTAR PRADESH,52.31,HONDA,Shine,383566,2022,697,Petrol,46.28,THIRD,2022,Active,dealer,301401.24,Tier 1
  Rajasthan  ,50.3,hero,HF Deluxe,353116,2018,340,Petrol,,second owner,2021,Active,  Individual  ,202715.31,Tier 1
Madhya Pradesh,16.65,  Yamaha  ,R15 V4,91680,2024,586,PETROL,40.92,1st,2024,ACTIVE,Individual,41049.04,TIER 2
West Bengal,55.06,HERO,Splendor Plus,105382,2022,908,Petrol,32.04,2nd,2022,  Expired  ,Dealer,49860.73,  Tier 3  
GUJARAT,18.05,HONDA,Activa,287300,2015,871,Petrol,47.82,second owner,2022,ACTIVE,individual,185722.33,Tier 3
punjab,60.08,  Royal Enfield  ,Classic 350,111559,2022,761,  Electric  ,74.26,SECOND,2022,expired,  Dealer  ,57991.76,Tier 1
karnataka,78.82,Bajaj,Platina 110,154352,2020,752,  Electric  ,,THIRD,2023,Active,individual,74089.39,Metro
Punjab,78.3,Royal Enfield,Himalayan,153894,2024,388,  Hybrid  ,79.06,First,2024,Not Available,Individual,68260.33,Tier 2
Maharashtra,77.98,honda,CBR 650R,152107,2022,748,Electric,77.59,FIRST,2022,  Active  ,  Dealer  ,74097.94247471786,Tier 3
Delhi,15.17,Royal Enfield,Hunter 350,314164,2016,271,petrol,51.41,second owner,2023,expired,Dealer,162970.61,  Metro  
  Uttar Pradesh  ,24.68,TVS,Jupiter,150609,2022,758,petrol,41.27,First,2022,Active,individual,95048.15,Tier 1
Punjab,74.73,TVS,Sport,54816,2015,772,Electric,61.01,second owner,2022,  Active  ,Individual,22485.85,TIER 2
delhi,31.87,yamaha,Ray ZR,252453,2024,237,ELECTRIC,75.73,second owner,2024,NOT AVAILABLE,INDIVIDUAL,,Tier 2
Maharashtra,32.52,Honda,Shine,"₹244,775",2023,340,Hybrid,80.28,First,2023,EXPIRED,dealer,164811.04,  Metro  
Delhi,69.42,Royal Enfield,Interceptor 650,105209,2021,209,hybrid,84.27,SECOND,2024,Not Available,dealer,81112.04,Metro
MAHARASHTRA,62.79,Bajaj,Avenger 220,109001,2022,334,PETROL,36.2,2nd,2022,  Not Available  ,Dealer,45667.73,Tier 3
West Bengal,15.23,Bajaj,Avenger 220,349699,2017,152,Petrol,58.28,THIRD,2023,Active,Individual,272764.25,Tier 3
maharashtra,7.25,  Kawasaki  ,Ninja 300,269996,2021,190,ELECTRIC,99.57,First,2021,Active,DEALER,111028.61,Tier 1
gujarat,9.48,Ktm,125 Duke,89737,2022,715,Hybrid,61.71,2nd,2024,EXPIRED,Individual,42445.68,  Tier 3  
Rajasthan,43.27,royal enfield,Meteor 350,75034,2016,746,Petrol,59.93,third owner,2023,Not Available,dealer,56849.55,tier 1
Uttar Pradesh,11.53,Bajaj,Avenger 220,249982,2023,576,Petrol,48.28,second owner,2024,Active,Dealer,173533.09,  Tier 2  
Karnataka,25.82,Bajaj,Avenger 220,316385,2023,767,  Electric  ,97.84,1st,2023,not available,Dealer,215206.1,TIER 1
  Karnataka  ,50.86,Hero,Passion Pro,367628,2020,804,hybrid,71.31,second owner,2023,Not Available,Individual,228549.44,  Tier 3  
gujarat,58.08,KTM,125 Duke,"₹305,389",2023,995,petrol,38.9,FIRST,2023,Not Available,DEALER,183771.92,tier 1
Rajasthan,73.44,ROYAL ENFIELD,Interceptor 650,272740,2017,450,ELECTRIC,73.99,,2023,Expired,  Individual  ,167900.4,  Tier 3  
Karnataka,67.74,Kawasaki,Ninja 300,82374,2023,977,Electric,87.19,first owner,2023,  Expired  ,individual,52070.3,TIER 1
KARNATAKA,48.31,bajaj,Avenger 220,240191,2024,377,Electric,90.19,Second,2024,,Dealer,100011.62,  Metro  
karnataka,22.34,Hero,Splendor Plus,340849,2024,350,Petrol,55.48,Second,2024,Not Available,Dealer,150910.93,Tier 1
Madhya Pradesh,23.32,  Honda  ,Unicorn,98919,2023,919,Hybrid,,second owner,2024,  Expired  ,Dealer,75989.33,TIER 2
Karnataka,15.24,Yamaha,Ray ZR,306369,2022,336,Hybrid,77.18,second owner,2022,NOT AVAILABLE,Dealer,235805.34,tier 1
Gujarat,9.71,Royal Enfield,Interceptor 650,300726,2023,491,electric,92.72,second owner,2024,NOT AVAILABLE,Dealer,153286.22,Metro
maharashtra,30.68,Yamaha,Fascino 125,89967,2024,143,  Electric  ,78.44,first owner,2024,ACTIVE,individual,40879.81,Tier 3
  Delhi  ,6.93,Royal Enfield,Interceptor 650,238406,2024,490,electric,65.27,THIRD,2024,  Active  ,  Individual  ,148924.98,METRO
  Punjab  ,61.4,  Royal Enfield  ,Hunter 350,248941,2022,988,  Electric  ,68.97,3rd,2023,  Not Available  ,Dealer,122252.48,Metro
Uttar Pradesh,18.01,kawasaki,Ninja 300,117940,2016,365,Petrol,30.17,,2023,Expired,individual,88994.39,  Tier 3  
Tamil Nadu,56.16,hero,HF Deluxe,103028,2022,262,Hybrid,84.5,SECOND,2023,Expired,Dealer,75632.59,Tier 3
Rajasthan,18.07,Royal Enfield,Classic 350,89911,2019,563,Hybrid,77.17,SECOND,2024,expired,Individual,53298.28,Metro
Punjab,67.39,TVS,Jupiter,195524,2023,296,HYBRID,76.37,THIRD,2023,Expired,  Dealer  ,83371.75,TIER 3
west bengal,28.54,tvs,NTorq 125,57515,2023,773,ELECTRIC,91.89,Second,2023,active,  Individual  ,23681.8,Tier 1
Madhya Pradesh,67.15,TVS,NTorq 125,191149,2024,353,  Hybrid  ,98.56,SECOND,2024,  Not Available  ,Dealer,129506.28,  Tier 1  
Karnataka,56.78,Bajaj,Avenger 220,238906,2023,984,Petrol,37.13,1st,2023,,Individual,146621.59,Metro
karnataka,42.83,TVS,Ronin,162747,2019,252,Petrol,999.0,2nd,2024,Expired,DEALER,97090.49,  Tier 2  
gujarat,77.59,TVS,Ronin,167258,2023,460,HYBRID,69.95,2nd,2023,EXPIRED,Individual,80039.28,Tier 2
Punjab,9.93,hero,Splendor Plus,83520,2023,977,Electric,78.68,1st,2023,  Active  ,Individual,52240.7,Metro
Maharashtra,6.47,KTM,125 Duke,145177,2024,949,hybrid,80.76,2nd,2024,Expired,Individual,101848.15,Metro
  Uttar Pradesh  ,65.81,Kawasaki,Ninja 300,269988,2019,127,ELECTRIC,99.74,Second,2021,,DEALER,108707.62,Tier 3
TAMIL NADU,32.19,Yamaha,R15 V4,119191,2022,561,Electric,96.65,First,2022,Active,Individual,68735.81,Tier 1
Madhya Pradesh,14.62,Hero,Passion Pro,129212,2017,290,Petrol,52.5,SECOND,2022,  Active  ,Dealer,67714.69,Tier 3
Punjab,9.43,Hero,Glamour,367274,2022,126,electric,65.79,FIRST,2022,Active,Individual,158926.81,Metro
Punjab,48.38,Hero,Passion Pro,115457,2017,817,Electric,89.77,3rd,2022,Not Available,Dealer,71432.04,TIER 3
Madhya Pradesh,64.11,Royal Enfield,Classic 350,94619,2019,934,Electric,69.48,second owner,2023,  Active  ,INDIVIDUAL,70635.46,Tier 2
Uttar Pradesh,48.45,kawasaki,Versys 650,279915,2021,350,Hybrid,73.02,third owner,2024,  Not Available  ,Individual,215613.44,Tier 2
  Gujarat  ,15.23,Bajaj,Avenger 220,394683,2021,466,Hybrid,78.09,2nd,2021,Not Available,Dealer,197028.09,  Tier 2  
Karnataka,-5.0,Royal Enfield,Hunter 350,398805,2017,520,Petrol,32.83,2nd,2023,Expired,Dealer,255834.13,metro
Rajasthan,72.02,KTM,390 Adventure,213426,2019,470,ELECTRIC,92.08,third owner,2024,active,Dealer,104015.89,TIER 2
  Delhi  ,10.81,Kawasaki,Z650,292338,2020,429,petrol,35.72,third owner,2024,Active,Individual,171700.04011048214,METRO
Maharashtra,56.99,  KTM  ,390 Adventure,298524,2021,840,ELECTRIC,91.98,THIRD,2020,expired,dealer,183698.24,METRO
MADHYA PRADESH,13.27,Yamaha,FZ V3,123543,2022,474,Petrol,36.51,3rd,2023,Expired,Individual,83624.7,Tier 2
Madhya Pradesh,41.22,Hero,Glamour,247463,2018,176,  Petrol  ,37.28,SECOND,2022,Not Available,DEALER,169963.81,Tier 2
Madhya Pradesh,16.26,TVS,Sport,233807,2021,540,hybrid,69.47,first owner,2021,  Expired  ,INDIVIDUAL,185381.37,Tier 2
madhya pradesh,29.78,Royal Enfield,Meteor 350,229540,2019,797,HYBRID,88.55,THIRD,2021,  Active  ,Dealer,,Metro
Punjab,7.8,Honda,CBR 650R,101362,2021,957,Electric,93.85,first owner,2021,  Expired  ,Individual,44683.35,  Tier 1  
West Bengal,67.28,HONDA,CBR 650R,115085,2020,235,Electric,63.88,SECOND,2023,EXPIRED,Dealer,80937.78,Tier 2
  Punjab  ,54.66,Honda,Shine,379664,2024,453,Electric,86.84,THIRD,2024,NOT AVAILABLE,  Individual  ,153120.58,Tier 2
Uttar Pradesh,45.29,Kawasaki,Versys 650,329135,2021,371,petrol,56.55,1st,2021,Active,  Dealer  ,142085.32,Tier 2
Punjab,26.08,Bajaj,CT 100,59475,2020,0,HYBRID,76.37,THIRD,2021,,  Individual  ,25347.86,Tier 2
KARNATAKA,15.38,Yamaha,MT-15,105713,2023,831,petrol,41.52,THIRD,2024,  Expired  ,  Dealer  ,52213.78,Tier 3
Gujarat,9.95,KTM,RC 390,233567,2017,129,  Petrol  ,58.78,second owner,2023,expired,DEALER,133474.32,Tier 3
Maharashtra,64.83,  Royal Enfield  ,Classic 350,356868,2022,973,Petrol,37.38,1st,2022,Not Available,individual,280252.24,  Tier 2  
Maharashtra,12.32,KAWASAKI,Vulcan S,229618,2021,335,Hybrid,92.75,second owner,2023,not available,Individual,131469.52,  Tier 3  
Madhya Pradesh,44.83,Yamaha,R15 V4,245803,2022,461,  Electric  ,63.3,second owner,2024,Active,dealer,125289.77,Metro
Karnataka,77.91,royal enfield,Hunter 350,262129,2024,131,ELECTRIC,98.17,First,2024,Expired,individual,148294.07,  Tier 1  
Delhi,50.26,hero,HF Deluxe,197983,2022,899,Electric,99.37,2nd,2022,Expired,Individual,108482.19,Tier 2
rajasthan,14.47,Kawasaki,Versys 650,235833,2023,749,Hybrid,89.68,SECOND,2023,expired,Individual,166315.95,Tier 2
GUJARAT,5.6,Royal Enfield,Meteor 350,185964,2021,858,Electric,70.04,Third,2024,active,Dealer,100066.24,Tier 1
Punjab,62.22,Yamaha,FZ V3,251695,2019,303,petrol,58.88,second owner,2021,Active,Dealer,,Tier 1
  Karnataka  ,7.78,honda,Activa,96513,2024,842,Petrol,30.88,second owner,2024,NOT AVAILABLE,Individual,46338.0,TIER 3
MADHYA PRADESH,54.96,Kawasaki,Versys 650,179421,2021,740,Hybrid,68.38,SECOND,2022,Expired,Individual,122946.51,Tier 3
Karnataka,36.86,Royal Enfield,Classic 350,171617,2024,667,Electric,62.14,first owner,2024,Not Available,dealer,84814.71,Metro
madhya pradesh,45.65,Hero,HF Deluxe,143467,2023,151,PETROL,-15.0,second owner,2023,expired,INDIVIDUAL,101240.49,TIER 2
MADHYA PRADESH,64.29,HERO,Splendor Plus,106311,2021,952,Electric,62.44,2nd,2022,Not Available,Individual,64459.31,Tier 3
Uttar Pradesh,73.98,  Honda  ,Dio,63929,2023,828,ELECTRIC,71.81,Second,2024,Expired,dealer,48803.22,tier 3
gujarat,54.27,TVS,Apache RTR 160,140000,2022,787,Petrol,43.66,FIRST,2022,Active,individual,106310.27,  Metro  
Uttar Pradesh,37.97,Royal Enfield,Meteor 350,93730,2024,861,electric,73.09,THIRD,2024,EXPIRED,individual,49353.3,Metro
  Delhi  ,-5.0,Royal Enfield,Interceptor 650,53439,2023,348,  Petrol  ,51.73,First,2023,,dealer,26529.83,Tier 2
West Bengal,67.46,TVS,NTorq 125,77355,2024,721,  Hybrid  ,90.31,SECOND,2024,ACTIVE,Individual,49115.06,Tier 2
PUNJAB,18.36,Ktm,390 Adventure,129070,2023,839,Electric,67.85,Second,2023,,Dealer,78938.84,Metro
  West Bengal  ,65.52,Honda,Shine,"₹248,274",2022,411,hybrid,74.3,first owner,2022,expired,Individual,102931.82,TIER 2
Rajasthan,57.02,TVS,Ronin,134457,2017,994,Petrol,41.35,Second,2024,Active,Dealer,90172.51,TIER 1
MAHARASHTRA,78.64,Yamaha,R15 V4,222985,2019,189,  Electric  ,83.47,,2024,Expired,Individual,111949.62,Tier 1
Punjab,42.37,hero,Passion Pro,87663,2024,737,Electric,76.9,second owner,2024,ACTIVE,Dealer,49913.16,  Tier 2  
MAHARASHTRA,47.6,YAMAHA,MT-15,327917,2017,449,Electric,68.28,Third,2022,ACTIVE,Dealer,190223.15,Metro
Uttar Pradesh,32.5,ROYAL ENFIELD,Meteor 350,281744,2021,745,Electric,77.93,SECOND,2023,Expired,Individual,154565.11,Tier 2
Maharashtra,76.25,tvs,Sport,366986,2023,372,Petrol,55.28,,2023,,INDIVIDUAL,240287.54,Tier 3
Delhi,48.18,  TVS  ,Apache RTR 160,52942,2023,827,Petrol,44.12,SECOND,2023,Active,Individual,29506.21,metro
  Maharashtra  ,41.57,Honda,Unicorn,228682,2024,314,  Hybrid  ,92.89,Second,2024,Not Available,Dealer,177852.19,Metro
RAJASTHAN,39.85,Yamaha,Ray ZR,236349,2021,654,Petrol,52.68,third owner,2021,expired,  Individual  ,160332.71,TIER 2
Gujarat,57.94,Tvs,Sport,77805,2021,159,hybrid,84.87,2nd,2024,expired,Individual,61346.35,  Tier 1  
MADHYA PRADESH,66.34,ROYAL ENFIELD,Hunter 350,223196,2017,636,Petrol,58.59,third owner,2021,Active,Dealer,174021.39,Tier 3
Maharashtra,44.27,Hero,Xtreme 160R,295592,2024,897,Electric,92.04,First,2024,EXPIRED,dealer,185852.07,METRO
  Gujarat  ,41.68,TVS,Sport,285973,2019,712,electric,60.95,THIRD,2023,Active,  Individual  ,198814.68,Tier 1
Rajasthan,77.57,kawasaki,Ninja 400,160407,2022,790,PETROL,41.57,second owner,2023,EXPIRED,dealer,73231.67,metro
Uttar Pradesh,30.5,ktm,250 Duke,265814,2017,719,Electric,68.54,second owner,2021,ACTIVE,Individual,123860.96,Tier 3
KARNATAKA,40.89,Bajaj,Platina 110,383641,2024,270,Hybrid,72.07,first owner,2024,Expired,DEALER,217146.79,Tier 2
  Tamil Nadu  ,13.79,Kawasaki,Z650,313693,2019,592,Hybrid,,Second,2024,Expired,Dealer,245116.74,  Metro  
  Maharashtra  ,75.37,Tvs,Ronin,257906,2018,558,Petrol,31.6,Third,2023,Expired,Individual,111465.87,metro
UTTAR PRADESH,7.54,KAWASAKI,Ninja 400,110528,2022.0,348,Electric,96.47,2nd,2022,Not Available,Individual,54920.23,Tier 1
Tamil Nadu,43.42,Kawasaki,Ninja 300,79683,2015,550,Petrol,33.86,second owner,2023,NOT AVAILABLE,Individual,46725.55,Tier 1
Karnataka,11.67,Yamaha,Fascino 125,50618,2020,955,  Petrol  ,45.62,second owner,2021,ACTIVE,Dealer,27963.75,Tier 1
maharashtra,61.43,  TVS  ,NTorq 125,"₹78,294",2024,713,hybrid,76.03,Third,2024,not available,Dealer,37210.71,tier 1
MADHYA PRADESH,22.57,Bajaj,Platina 110,238650,2018,746,Hybrid,95.44,THIRD,2023,  Active  ,Dealer,130586.11454609376,  Tier 1  
West Bengal,15.97,ktm,125 Duke,128042,2021,447,Electric,79.37,second owner,2023,not available,Dealer,,Tier 1
Tamil Nadu,7.72,Kawasaki,Versys 650,92136,2024,435,Hybrid,98.43,first owner,2024,  Active  ,INDIVIDUAL,38692.46,  Tier 1  
Karnataka,5.55,Yamaha,FZ V3,342235,2024,367,Hybrid,68.33,FIRST,2024,Active,Individual,224564.5,  Tier 2  
MAHARASHTRA,66.85,Royal Enfield,Interceptor 650,"₹114,187",2024,986,  Hybrid  ,69.29,,2024,NOT AVAILABLE,Individual,82509.35,TIER 1
Uttar Pradesh,49.56,KAWASAKI,Ninja 300,133680,2021,865,  Petrol  ,49.99,first owner,2021,active,  Dealer  ,65199.39,Tier 3
  Delhi  ,58.93,royal enfield,Interceptor 650,185707,2024,591,ELECTRIC,94.03,1st,2024,ACTIVE,  Dealer  ,108217.14,Tier 1
Rajasthan,32.49,  Bajaj  ,Dominar 400,398945,2015,243,  Electric  ,,3rd,2021,Active,Dealer,198230.59,Tier 1
WEST BENGAL,22.62,  Yamaha  ,Fascino 125,346728,2021,744,Hybrid,74.26,THIRD,2023,EXPIRED,Individual,169817.81,Metro
Maharashtra,72.43,Hero,Splendor Plus,313252,2017,617,Hybrid,62.49,Third,2021,Expired,Individual,226256.0,Metro
PUNJAB,41.76,Ktm,390 Adventure,288117,2023,426,Hybrid,94.74,THIRD,2024,Active,  Individual  ,198464.7,  Tier 3  
Delhi,59.26,Kawasaki,Ninja 300,271488,2023,197,Petrol,42.9,Third,2023,Not Available,Dealer,199460.82,tier 1
Karnataka,35.43,YAMAHA,R15 V4,233178,2022,227,Electric,94.07,Second,2022,,individual,138623.99,  Tier 1  
RAJASTHAN,8.18,ROYAL ENFIELD,Interceptor 650,222887,2023,103,Petrol,42.12,first owner,2023,NOT AVAILABLE,Individual,137282.69,TIER 3
Madhya Pradesh,46.02,  Kawasaki  ,Versys 650,136402,2023,939,Petrol,56.64,First,2023,,Dealer,60448.36,Tier 2
Tamil Nadu,76.38,Yamaha,R15 V4,"₹322,962",2024,825,Electric,69.67,2nd,2024,,  Dealer  ,248477.61,Metro
Gujarat,9.1,Bajaj,Pulsar 150,254297,2018,446,petrol,46.17,SECOND,2022,not available,Dealer,182541.93,metro
  Gujarat  ,75.98,  Hero  ,Glamour,302699,2016,523,Electric,86.42,third owner,2021,EXPIRED,Dealer,202309.7,TIER 2
TAMIL NADU,72.67,Kawasaki,Vulcan S,227743,2022,600,  Hybrid  ,95.98,3rd,2022,ACTIVE,DEALER,181427.43,Tier 1
Punjab,7.4,  TVS  ,Ronin,146040,2019,841,Electric,89.18,3rd,2021,Not Available,INDIVIDUAL,101068.8,Tier 2
Maharashtra,68.73,  Bajaj  ,CT 100,363243,2023,618,Electric,83.14,1st,2023,Expired,INDIVIDUAL,219850.33,  Metro  
Punjab,22.31,  Honda  ,Shine,84699,2023,104,Electric,87.16,THIRD,2024,Active,Dealer,61042.96,Tier 1
RAJASTHAN,42.55,HERO,Glamour,364100,2024,151,Electric,74.29,second owner,2024,  Expired  ,Individual,179802.06863753588,Metro
Karnataka,63.31,Hero,Passion Pro,167371,2023,514,Hybrid,97.52,second owner,2023,NOT AVAILABLE,INDIVIDUAL,109448.79,  Metro  
Karnataka,78.38,KTM,RC 390,316278,2022,554,Petrol,30.59,THIRD,2024,  Not Available  ,Individual,187392.42,Tier 3
Uttar Pradesh,10.54,  Bajaj  ,Avenger 220,257710,2024,799,Hybrid,88.97,Second,2024,Not Available,Individual,171402.58,Tier 1
  Madhya Pradesh  ,58.27,Hero,HF Deluxe,179301,2015,990,Hybrid,96.87,3rd,2021,NOT AVAILABLE,Individual,101649.21,Tier 1
  Delhi  ,44.35,HONDA,Shine,180010,2018,502,HYBRID,72.25,3rd,2022,Expired,DEALER,131131.64,TIER 2
MAHARASHTRA,40.67,Kawasaki,Versys 650,216916,2021,887,ELECTRIC,77.49,3rd,2024,  Active  ,Dealer,165907.64,TIER 2
Gujarat,71.14,Tvs,Jupiter,296668,2017,355,Hybrid,,Second,2021,Active,INDIVIDUAL,154786.41,Metro
Rajasthan,69.33,Honda,CBR 650R,168273,2023,785,HYBRID,78.93,Second,2024,Not Available,Individual,122682.89,TIER 1
Rajasthan,65.14,honda,CBR 650R,249858,2022,447,  Electric  ,93.53,2nd,2023,  Not Available  ,Individual,143141.31,TIER 1
West Bengal,9.41,TVS,Jupiter,274657,2018,443,Hybrid,71.32,THIRD,2022,not available,Dealer,119500.02,TIER 2
maharashtra,79.28,yamaha,R15 V4,108993,2022,119,electric,,first owner,2022,Active,Individual,66327.64,TIER 1
West Bengal,77.85,ktm,390 Adventure,182936,2023,641,  Petrol  ,53.49,THIRD,2024,NOT AVAILABLE,  Dealer  ,78932.88,METRO
Tamil Nadu,54.33,Yamaha,R15 V4,56728,2019,949,Petrol,25.01,Third,2018,Active,Dealer,28811.47,Tier 1
Punjab,76.77,Kawasaki,Ninja 400,132977,2022,452,Electric,61.65,third owner,2023,Expired,Dealer,80953.76,tier 2
WEST BENGAL,20.78,honda,Dio,394766,2021,219,Electric,73.53,THIRD,2021,Not Available,dealer,,  Metro  
UTTAR PRADESH,29.66,  Kawasaki  ,Z650,382291,2021,150,hybrid,63.81,2nd,2024,Active,Dealer,253403.89,tier 1
Tamil Nadu,41.75,Royal Enfield,Hunter 350,60877,2020,0,Hybrid,69.25,SECOND,2023,active,  Dealer  ,29613.92,Tier 2
Karnataka,59.97,HERO,Passion Pro,201666,2022,347,  Petrol  ,25.65,first owner,2022,  Expired  ,INDIVIDUAL,111969.7,tier 2
  Punjab  ,28.76,ktm,Duke 200,66169,2017,744,PETROL,,Second,2023,Not Available,Individual,34599.24,Tier 3
Uttar Pradesh,55.01,Kawasaki,Ninja 300,376127,2021,579,  Electric  ,,second owner,2024,active,  Dealer  ,234238.1,Metro
West Bengal,72.69,KTM,390 Adventure,129300,2021,834,Electric,72.71,third owner,2021,ACTIVE,individual,82717.88,Tier 3
Madhya Pradesh,18.9,Bajaj,Avenger 220,125575,2022,206,  Petrol  ,47.75,Third,2024,ACTIVE,Individual,61232.55,Tier 3
Uttar Pradesh,72.45,Honda,Shine,61115,2023,940,Hybrid,70.9,First,2023,expired,Dealer,,Tier 1
UTTAR PRADESH,41.54,  TVS  ,NTorq 125,381742,2024,536,hybrid,78.6,1st,2024,Not Available,Dealer,270438.14,Tier 3
Tamil Nadu,8.92,yamaha,Fascino 125,326280,2017,837,Hybrid,88.88,second owner,2023,expired,Individual,203791.95,Tier 3
TAMIL NADU,70.78,Honda,Activa,280514,2019,175,Petrol,59.53,THIRD,2024,Active,INDIVIDUAL,166694.88,TIER 2
Tamil Nadu,72.46,Yamaha,MT-15,291834,2024,389,Hybrid,75.62,third owner,2024,  Not Available  ,dealer,137388.81,metro
Rajasthan,61.78,HERO,HF Deluxe,104821,2024,180,Electric,98.39,Second,2024,,Individual,59631.76,Metro
West Bengal,35.18,Hero,Passion Pro,139932,2024,330,Hybrid,71.72,1st,2024,  Not Available  ,individual,,Tier 3
  Uttar Pradesh  ,49.07,Hero,HF Deluxe,176759,2024,803,  Petrol  ,47.7,SECOND,2024,active,Individual,95373.15,Metro
  West Bengal  ,50.6,Honda,Shine,214248,2020,300,Petrol,54.78,second owner,2022,Expired,DEALER,134041.78,Tier 2
KARNATAKA,17.34,  Yamaha  ,MT-15,81242,2021,304,Electric,84.63,THIRD,2024,ACTIVE,Individual,,Tier 2
west bengal,79.9,yamaha,Fascino 125,93451,2023,192,Electric,,first owner,2023,Not Available,DEALER,71167.81,Tier 2
West Bengal,61.44,Honda,Unicorn,78817,2020,971,  Electric  ,92.75,Second,2023,NOT AVAILABLE,DEALER,33793.86,Metro
  Gujarat  ,75.34,Royal Enfield,Himalayan,"₹289,703",2021,585,  Hybrid  ,84.64,3rd,2021,Expired,Individual,219788.75,TIER 1
UTTAR PRADESH,8.9,Yamaha,Ray ZR,351681,2016,394,Hybrid,68.96,,2024,Not Available,  Dealer  ,219546.63,Tier 2
  Delhi  ,8.37,KTM,125 Duke,378549,2024,859,ELECTRIC,,Third,2024,Active,Individual,185355.39,TIER 2
Rajasthan,65.75,TVS,Ronin,"₹66,712",2024,356,Hybrid,77.62,3rd,2024,,  Individual  ,47522.3,TIER 2
Punjab,8.73,ROYAL ENFIELD,Classic 350,317087,2022,570,Petrol,,First,2022,NOT AVAILABLE,DEALER,173525.81,Tier 2
  Karnataka  ,62.72,KAWASAKI,Ninja 300,138717,2023,987,PETROL,56.14,First,2023,not available,Individual,71124.08,Tier 3
Gujarat,67.83,KAWASAKI,Vulcan S,206540,2024,469,Hybrid,80.07,SECOND,2024,Not Available,Dealer,130554.44,METRO
  Madhya Pradesh  ,68.66,Yamaha,Ray ZR,361741,2016,408,Petrol,28.54,3rd,2022,EXPIRED,  Dealer  ,256566.47,Tier 3
Tamil Nadu,45.24,Kawasaki,Z650,310737,2021,444,Hybrid,62.06,THIRD,2024,NOT AVAILABLE,INDIVIDUAL,135601.02,Metro
Gujarat,39.26,Kawasaki,Versys 650,269702,2024,384,Petrol,29.13,FIRST,2024,Expired,individual,214578.42,Tier 1
  West Bengal  ,10.74,  Yamaha  ,Ray ZR,349560,2017,138,hybrid,81.58,THIRD,2021,EXPIRED,DEALER,144804.67,Tier 1
Delhi,10.28,Honda,Unicorn,320464,2022,421,  Hybrid  ,71.37,3rd,2023,Expired,Individual,219317.19,Tier 2
West Bengal,25.92,Hero,Splendor Plus,380384,2020,335,Hybrid,63.35,second owner,2021,Expired,Dealer,198052.64,Tier 1
gujarat,37.6,Hero,Passion Pro,199477,2016,397,electric,68.15,third owner,2021,  Active  ,Individual,121260.27,Metro
KARNATAKA,52.59,KTM,125 Duke,161158,2015,525,Electric,72.27,3rd,2024,Active,Dealer,90653.91,Metro
Karnataka,71.35,  Kawasaki  ,Ninja 400,78512,2018,848,Electric,99.81,3rd,2021,  Not Available  ,Dealer,43291.17,Tier 3
madhya pradesh,79.46,Bajaj,Pulsar 150,364872,2024,883,ELECTRIC,98.83,third owner,2024,Expired,Individual,205237.42,  Tier 3  
Gujarat,59.35,HONDA,CBR 650R,274183,2024,108,  Electric  ,93.99,Second,2024,Not Available,individual,199964.05,Tier 3
Uttar Pradesh,11.43,Royal Enfield,Meteor 350,206767,2021,701,Electric,84.19,THIRD,2021,EXPIRED,Individual,124823.33,Tier 1
Tamil Nadu,20.86,Bajaj,Platina 110,"₹62,265",2022,144,  Electric  ,68.44,FIRST,2022,Active,Dealer,25092.63,Tier 2
Maharashtra,66.71,Royal Enfield,Classic 350,339419,2022,318,Hybrid,65.27,2nd,2024,ACTIVE,Dealer,141884.47,Tier 1
Karnataka,69.87,Yamaha,FZ V3,350558,2020,456,Petrol,,SECOND,2023,  Expired  ,  Individual  ,170809.07,Tier 3
Uttar Pradesh,35.92,Bajaj,Avenger 220,293016,2022,301,Hybrid,70.2,second owner,2024,,Individual,151670.93,Tier 3
Madhya Pradesh,66.08,KTM,390 Adventure,363317,2016,176,Hybrid,66.66,SECOND,2023,,DEALER,219643.89,Tier 3
delhi,32.87,ktm,250 Duke,244188,2018,902,hybrid,74.01,SECOND,2023,NOT AVAILABLE,INDIVIDUAL,112260.72,Tier 1
  Delhi  ,13.87,Bajaj,Platina 110,214082,2020,583,  Hybrid  ,66.67,THIRD,2022,  Not Available  ,Individual,92856.2,tier 2
  Rajasthan  ,25.68,BAJAJ,CT 100,154844,2017,571,Electric,83.02,second owner,2023,expired,Individual,76109.89,  Tier 2  
  Madhya Pradesh  ,58.29,hero,Passion Pro,356491,2024,600,  Petrol  ,44.85,3rd,2024,expired,dealer,234359.11,tier 1
RAJASTHAN,70.55,Tvs,NTorq 125,330438,2023,594,Hybrid,,FIRST,2023,Active,Dealer,140551.05,metro
Uttar Pradesh,22.54,kawasaki,Ninja 400,241763,2021,806,Electric,95.52,Third,2024,Expired,Dealer,185261.31,Metro
GUJARAT,35.41,TVS,Jupiter,274712,2021,583,Petrol,27.13,1st,2021,,Individual,163460.86,  Tier 1  
GUJARAT,17.98,KTM,390 Adventure,86488,2022,371,Hybrid,63.62,First,2022,Not Available,Dealer,46644.65,  Tier 3  
  Maharashtra  ,11.99,Yamaha,MT-15,371021,2019,542,hybrid,70.63,second owner,2022,not available,individual,196208.96,Metro
  Rajasthan  ,23.64,  KTM  ,125 Duke,153682,2024,916,Hybrid,72.58,third owner,2024,Active,Individual,73849.03,Tier 3
Punjab,12.53,kawasaki,Z650,151577,2024,881,hybrid,86.7,SECOND,2024,Not Available,  Dealer  ,85577.0,Tier 1
Karnataka,33.71,KTM,250 Duke,301046,2024,447,electric,67.84,FIRST,2024,  Active  ,  Dealer  ,133193.12,TIER 3
west bengal,11.82,Yamaha,Fascino 125,115803,2021,859,hybrid,98.98,first owner,2021,EXPIRED,Individual,89578.54,Tier 3
maharashtra,54.89,  TVS  ,Apache RTR 160,177480,2019,928,PETROL,42.86,second owner,2024,Not Available,INDIVIDUAL,133551.6,  Tier 3  
PUNJAB,57.69,TVS,Apache RTR 160,297841,2022,351,electric,66.24,Second,2023,Not Available,Individual,134637.46,Tier 2
Uttar Pradesh,59.07,  TVS  ,Sport,234794,2022,936,Hybrid,76.09,3rd,2023,Active,Individual,155480.82,Tier 2
Rajasthan,72.54,YAMAHA,FZ V3,172310,2022,362,Electric,60.56,third owner,2024,,DEALER,122414.57,TIER 3
  Gujarat  ,65.46,Yamaha,Fascino 125,"₹96,677",2024,767,Hybrid,78.26,1st,2024,Not Available,Dealer,64995.05,TIER 1
PUNJAB,63.99,  Bajaj  ,Pulsar 150,227008,2021,849,  Petrol  ,41.88,2nd,2023,  Active  ,INDIVIDUAL,136685.11,Tier 2
  Uttar Pradesh  ,14.89,Honda,CBR 650R,356770,2022,263,Electric,70.98,,2024,  Expired  ,  Individual  ,223247.75,tier 1
Uttar Pradesh,10.53,  Royal Enfield  ,Meteor 350,239282,2021,267,Petrol,44.52,2nd,2024,NOT AVAILABLE,INDIVIDUAL,167000.15,Metro
Maharashtra,58.32,tvs,NTorq 125,255049,2024,214,Electric,85.05,third owner,2024,Active,Dealer,151968.31,Tier 1
Uttar Pradesh,43.91,hero,Passion Pro,327113,2024,501,Petrol,43.86,2nd,2024,Expired,  Individual  ,223830.21,Tier 1
Rajasthan,11.5,TVS,Jupiter,78270,2019,552,Electric,87.69,THIRD,2021,Not Available,Dealer,35077.74,Tier 2
Rajasthan,10.6,  Yamaha  ,MT-15,243559,2023,600,Electric,,first owner,2023,Active,Individual,113722.4,Tier 2
West Bengal,37.86,Bajaj,Pulsar 150,386933,2021,670,  Petrol  ,27.7,Third,2024,  Expired  ,dealer,234037.43,  Tier 3  
  Uttar Pradesh  ,63.18,KTM,250 Duke,283170,2019,800,  Petrol  ,38.93,second owner,2023,Not Available,individual,223998.17,Tier 1
west bengal,6.54,KTM,RC 390,331413,2024,493,  Hybrid  ,67.65,3rd,2024,active,  Dealer  ,138481.39,Tier 1
GUJARAT,58.37,Yamaha,MT-15,380569,2018,271,Electric,97.39,2nd,2022,Expired,Dealer,295853.14,Tier 3
  Tamil Nadu  ,49.59,HERO,Xtreme 160R,317069,2022,345,  Electric  ,78.57,third owner,2024,expired,Individual,176699.23,Metro
Gujarat,56.14,Bajaj,Avenger 220,399909,2021,887,HYBRID,999.0,FIRST,2021,Expired,  Dealer  ,243232.89,Metro
West Bengal,55.17,Hero,Splendor Plus,154707,2024,340,Electric,69.22,SECOND,2024,EXPIRED,  Individual  ,92445.16,Metro
  Punjab  ,65.42,BAJAJ,Avenger 220,205740,2023,556,hybrid,73.21,First,2023,NOT AVAILABLE,Individual,144736.1,tier 2
West Bengal,28.92,HERO,Splendor Plus,225481,2021,126,PETROL,30.66,3rd,2023,Active,Individual,,Tier 1
Gujarat,45.13,hero,HF Deluxe,108030,2016,384,ELECTRIC,98.62,Third,2024,Expired,  Individual  ,,tier 2
Rajasthan,6.12,Hero,Splendor Plus,"₹375,005",2021,478,electric,73.06,3rd,2024,NOT AVAILABLE,Dealer,239007.9,tier 1
  Delhi  ,69.43,HONDA,Unicorn,177239,2019,535,Petrol,45.72,SECOND,2024,expired,Individual,79274.57,Metro
West Bengal,20.03,TVS,Ronin,93696,2022,364,  Hybrid  ,64.29,FIRST,2022,Active,Dealer,56098.25,Metro
uttar pradesh,52.27,  Kawasaki  ,Versys 650,57231,2015,435,HYBRID,,2nd,2021,Expired,DEALER,43829.89,Tier 1
Rajasthan,25.79,TVS,Jupiter,143429,2019,638,hybrid,76.15,3rd,2021,  Not Available  ,  Dealer  ,77995.46,Metro
PUNJAB,14.07,TVS,Apache RTR 160,133805,2023,372,Electric,81.54,second owner,2023,expired,individual,75051.13,Tier 1
Madhya Pradesh,49.83,KAWASAKI,Ninja 300,145930,2022,983,hybrid,93.49,,2023,Not Available,individual,61338.73,Tier 1
West Bengal,13.02,TVS,Apache RTR 160,77247,2020,917,  Petrol  ,54.31,2nd,2023,  Expired  ,DEALER,46151.46,Tier 1
Madhya Pradesh,24.83,Kawasaki,Vulcan S,280510,2022,538,  Petrol  ,37.02,2nd,2022,Not Available,Individual,160584.64,Tier 1
  Tamil Nadu  ,56.29,Bajaj,CT 100,186852,2022,587,  Hybrid  ,-15.0,3rd,2024,  Active  ,Individual,126244.29,TIER 3
MADHYA PRADESH,33.13,Kawasaki,Ninja 400,"₹211,598",2024,527,petrol,0.0,first owner,2024,Expired,Individual,104082.56,Metro
rajasthan,7.96,Hero,Passion Pro,101186,2021,188,Petrol,27.28,third owner,2022,Active,Dealer,58173.69223957833,METRO
KARNATAKA,26.81,KTM,RC 390,242127,2024,107,Petrol,54.43,third owner,2024,Expired,  Dealer  ,127072.68,Tier 3
West Bengal,31.24,TVS,Apache RTR 160,57800,2019,332,  Electric  ,92.06,Third,2023,Active,Dealer,32977.51,Tier 3
Rajasthan,59.65,KAWASAKI,Versys 650,334397,2024,535,  Petrol  ,40.74,FIRST,2024,Not Available,Individual,265455.42,Tier 3
  Tamil Nadu  ,46.44,Bajaj,Platina 110,292721,2023,409,Petrol,39.53,2nd,2024,Expired,INDIVIDUAL,141140.81,TIER 2
Karnataka,59.96,Hero,Passion Pro,106898,2021,645,Electric,62.49,SECOND,2021,Expired,Individual,44940.85,Tier 1
rajasthan,36.08,Yamaha,Ray ZR,87351,2022,667,Electric,83.23,Third,2023,  Active  ,INDIVIDUAL,36915.51,Tier 3
  Tamil Nadu  ,35.05,Hero,HF Deluxe,184381,2016,379,Hybrid,,third owner,2024,Expired,Individual,105140.82,Metro
  Rajasthan  ,17.38,  Bajaj  ,Pulsar 150,376499,2019,864,Hybrid,69.74,,2022,Active,Dealer,189605.25,Metro
Rajasthan,45.89,bajaj,Platina 110,391685,2023,905,  Petrol  ,34.33,second owner,2024,  Not Available  ,Individual,226680.01,metro
maharashtra,50.19,Bajaj,Dominar 400,399253,2024,681,  Hybrid  ,76.18,third owner,2024,Active,individual,282021.08,Tier 1
Uttar Pradesh,42.46,tvs,Ronin,293621,2024,147,Hybrid,62.64,Second,2024,  Expired  ,Dealer,165590.94,Metro
Punjab,74.73,TVS,Sport,54816,2015,772,Electric,61.01,2nd,2022,Active,Individual,22485.85,Tier 2
GUJARAT,75.36,KTM,Duke 200,316668,2021,699,  Petrol  ,,third owner,2023,Expired,Dealer,245614.66,Tier 2
tamil nadu,54.3,  Royal Enfield  ,Hunter 350,245132,2015,183,ELECTRIC,90.9,2nd,2022,Active,Dealer,117452.49,Tier 2
  Rajasthan  ,18.93,HONDA,CBR 650R,283436,2015,268,Petrol,25.91,Second,2024,EXPIRED,  Dealer  ,183923.36,Metro
Karnataka,42.04,Bajaj,Pulsar 150,269227,2021,756,Petrol,40.12,SECOND,2024,,DEALER,127955.52,TIER 3
Punjab,30.93,Royal Enfield,Interceptor 650,337433,2019,472,Petrol,27.27,THIRD,2021,NOT AVAILABLE,dealer,183462.53,Tier 3
Punjab,48.88,bajaj,Platina 110,191680,2023,736,Petrol,54.78,third owner,2024,EXPIRED,Dealer,83284.29,METRO
Madhya Pradesh,66.33,KTM,250 Duke,172002,2016,416,hybrid,65.86,second owner,2022,expired,Individual,122396.32,Tier 2
KARNATAKA,78.67,  Royal Enfield  ,Classic 350,118452,2019,346,Petrol,,Third,2021,  Expired  ,Dealer,74449.87,Tier 2
Tamil Nadu,66.6,Bajaj,Platina 110,215250,2017,968,Petrol,30.1,third owner,2022,active,Individual,130107.12,  Tier 1  
Gujarat,74.25,HERO,Xtreme 160R,198765,2022,143,Electric,70.51,Second,2022,  Active  ,Dealer,,Metro
Rajasthan,19.47,BAJAJ,Platina 110,389329,2021,148,Hybrid,60.03,,2021,ACTIVE,DEALER,172412.72,Tier 2
Karnataka,42.43,Honda,Dio,186952,2017,665,  Hybrid  ,69.46,3rd,2023,Active,DEALER,110431.23,metro
Delhi,24.18,  TVS  ,Apache RTR 160,199184,2023,188,electric,70.57,first owner,2023,Active,DEALER,83213.56,tier 1
west bengal,34.19,ROYAL ENFIELD,Classic 350,279179,2024,982,Petrol,42.38,THIRD,2024,  Active  ,Dealer,129173.43,Tier 3
DELHI,64.37,Royal Enfield,Classic 350,272215,2020,810,Petrol,32.01,Third,2023,,Individual,131831.87,Tier 2
Karnataka,9.47,Honda,Dio,252875,2020,784,PETROL,40.69,third owner,2023,  Active  ,dealer,184996.32,tier 1
PUNJAB,37.1,HERO,Glamour,188605,2020,728,electric,88.96,,2024,  Not Available  ,individual,134558.01,METRO
  Karnataka  ,8.57,KTM,RC 390,142575,2023,213,electric,76.62,Second,2024,  Active  ,INDIVIDUAL,83711.94,  Tier 2  
KARNATAKA,47.86,Kawasaki,Vulcan S,288319,2022,189,  Petrol  ,55.37,Second,2024,Active,individual,196010.51,Tier 3
Gujarat,79.03,honda,Unicorn,297683,2022,117,  Hybrid  ,65.31,3rd,2024,  Active  ,Dealer,163142.94,Tier 3
Maharashtra,5.25,Royal Enfield,Himalayan,216240,2020,896,Petrol,30.4,third owner,2021,Not Available,dealer,139730.16,Tier 2
Punjab,12.31,HERO,Xtreme 160R,"₹263,796",2023,739,Hybrid,88.62,Third,2023,  Expired  ,INDIVIDUAL,152915.75,Tier 1
  Punjab  ,54.36,tvs,NTorq 125,156435,2019,227,Hybrid,88.46,third owner,2021,ACTIVE,Dealer,118754.42,tier 2
Punjab,68.42,KTM,Duke 200,298081,2020,820,ELECTRIC,90.5,Third,2023,Not Available,Individual,197257.07,Tier 2
Gujarat,7.98,bajaj,Platina 110,287088,2023,465,Electric,74.85,Second,2024,not available,  Dealer  ,211741.75,tier 3
Tamil Nadu,41.92,  Kawasaki  ,Ninja 400,164442,2023,889,HYBRID,61.21,second owner,2023,Not Available,Individual,76366.73,tier 2
  Tamil Nadu  ,56.06,Honda,Shine,190386,2018,988,Hybrid,92.47,2nd,2022,Not Available,Individual,121090.38,Tier 1
tamil nadu,54.66,Royal Enfield,Meteor 350,221205,2022,809,  Electric  ,87.33,3rd,2022,Not Available,Dealer,156561.17,Tier 1
Uttar Pradesh,35.36,Bajaj,Avenger 220,304951,2017,784,hybrid,90.16,second owner,2024,  Active  ,Dealer,156172.17,Tier 3
Madhya Pradesh,77.28,KTM,RC 390,169523,2024,606,Electric,-15.0,third owner,2024,,  Individual  ,83088.84,Metro
Gujarat,19.42,Ktm,250 Duke,306571,2024,452,hybrid,67.79,3rd,2024,NOT AVAILABLE,INDIVIDUAL,212919.77,Tier 1
DELHI,29.87,Hero,Passion Pro,"₹291,807",2021,481,ELECTRIC,66.4,3rd,2023,EXPIRED,DEALER,215204.19,TIER 1
punjab,42.93,Kawasaki,Z650,332272,2024,508,Electric,,Third,2024,  Not Available  ,DEALER,198975.81,  Tier 1  
Punjab,42.86,KTM,250 Duke,"₹263,864",2019,274,  Petrol  ,54.94,THIRD,2022,Not Available,Dealer,,Tier 3
MAHARASHTRA,19.89,  Hero  ,Passion Pro,259225,2022,141,Hybrid,76.07,Third,2024,EXPIRED,Dealer,163209.69,Tier 1
West Bengal,15.59,  KTM  ,250 Duke,76951,2021,582,Petrol,49.01,3rd,2023,active,Individual,50818.81,Tier 1
Karnataka,23.54,KTM,RC 390,215132,2020,113,Petrol,29.55,THIRD,2021,Not Available,  Dealer  ,139332.75,Tier 3
Uttar Pradesh,53.28,TVS,NTorq 125,86019,2020,479,Petrol,53.85,,2024,Active,Dealer,58402.34,  Metro  
Rajasthan,18.87,honda,Dio,75476,2024,728,  Electric  ,74.45,,2024,Not Available,  Individual  ,54161.76,Tier 2
DELHI,31.52,BAJAJ,Dominar 400,183662,2021,138,  Hybrid  ,79.52,First,2021,Not Available,  Dealer  ,87688.96,Tier 1
Punjab,5.36,Yamaha,Ray ZR,99549,2024,658,  Hybrid  ,64.19,SECOND,2024,not available,individual,65433.07,tier 3
Gujarat,29.07,Kawasaki,Vulcan S,326828,2018,451,electric,64.98,2nd,2024,NOT AVAILABLE,individual,,Tier 3
Madhya Pradesh,52.73,TVS,Ronin,212059,2021,286,Electric,85.53,First,2021,NOT AVAILABLE,Individual,95130.11,Tier 2
  Gujarat  ,36.45,BAJAJ,CT 100,244720,2022,203,Hybrid,98.31,THIRD,2024,active,Dealer,176107.94,Tier 3
Madhya Pradesh,56.12,YAMAHA,MT-15,55095,2016,991,  Electric  ,74.63,2nd,2024,Expired,INDIVIDUAL,39417.14,tier 2
UTTAR PRADESH,74.29,KTM,RC 390,365258,2022,157,Petrol,45.33,SECOND,2024,EXPIRED,Dealer,182880.01,Tier 1
Karnataka,42.63,Kawasaki,Versys 650,172187,2021,302,petrol,45.65,1st,2021,Not Available,Dealer,86840.65,TIER 3
Gujarat,64.59,Yamaha,FZ V3,358330,2022,571,Hybrid,69.69,3rd,2022,  Active  ,Dealer,172695.27,Tier 1
MADHYA PRADESH,47.45,  Royal Enfield  ,Meteor 350,250149,2016,120,  Petrol  ,,SECOND,2021,Expired,Dealer,185133.92,TIER 3
Punjab,29.74,ktm,125 Duke,282250,2020,124,HYBRID,73.37,3rd,2023,Expired,INDIVIDUAL,166468.97,TIER 1
uttar pradesh,45.78,yamaha,R15 V4,223764,2021.0,819,Petrol,35.46,First,2021,,  Dealer  ,133818.98,Tier 3
MADHYA PRADESH,73.32,KTM,RC 390,235338,2021,221,PETROL,32.11,3rd,2024,Active,Dealer,185816.57,Tier 1
Gujarat,31.01,  KTM  ,Duke 200,362981,2020,799,  Petrol  ,36.65,second owner,2023,not available,  Dealer  ,283737.5,metro
  Uttar Pradesh  ,61.58,Honda,Unicorn,371381,2024,808,HYBRID,95.89,First,2024,EXPIRED,Individual,214141.95,Metro
Gujarat,54.63,Hero,Glamour,180612,2021,540,Petrol,43.06,THIRD,2024,Active,Dealer,81272.32,  Metro  
Uttar Pradesh,22.27,Bajaj,Platina 110,104949,2024,796,  Hybrid  ,83.5,third owner,2024,  Expired  ,Dealer,78614.8,Tier 3
Maharashtra,79.98,Bajaj,Avenger 220,194307,2020,994,Hybrid,77.93,second owner,2021,Expired,Individual,87130.16,Metro
Uttar Pradesh,5.63,bajaj,Platina 110,288444,2023,517,  Electric  ,90.87,3rd,2024,Not Available,INDIVIDUAL,149964.3,METRO
Punjab,24.22,royal enfield,Hunter 350,79464,2017,785,Hybrid,64.86,3rd,2022,EXPIRED,individual,50035.46,  Tier 3  
  West Bengal  ,24.4,Yamaha,Fascino 125,252663,2018,763,  Electric  ,86.04,3rd,2021,Expired,Individual,,Tier 1
Delhi,37.82,tvs,Jupiter,399947,2024,280,Electric,93.53,,2024,Not Available,  Individual  ,263792.36,Tier 2
Uttar Pradesh,21.95,  Hero  ,HF Deluxe,86562,2021,738,Hybrid,77.61,First,2021,ACTIVE,INDIVIDUAL,42597.35,  Tier 2  
Uttar Pradesh,71.1,KTM,Duke 200,293590,2017,219,Electric,89.14,Second,2022,Expired,INDIVIDUAL,126972.8,tier 2
Delhi,75.31,Royal Enfield,Hunter 350,343822,2018,138,ELECTRIC,88.21,Third,2023,Active,Dealer,158178.52,tier 1
Karnataka,53.13,KTM,250 Duke,73928,2022,243,Hybrid,74.21,First,2022,  Expired  ,Individual,33502.77,Tier 3
Punjab,51.21,TVS,NTorq 125,80448,2015,518,Hybrid,99.02,Second,2023,Not Available,DEALER,64141.03,Metro
Tamil Nadu,40.9,royal enfield,Hunter 350,199034,2022,244,Petrol,59.98,second owner,2024,Active,Individual,122309.61,  Tier 1  
rajasthan,39.63,Ktm,250 Duke,128348,2021,464,Electric,98.91,FIRST,2021,,  Individual  ,56661.23,  Metro  
Maharashtra,10.27,TVS,Jupiter,324853,2022,353,Hybrid,83.46,FIRST,2022,Active,Individual,200716.28,Tier 3
Uttar Pradesh,19.8,bajaj,CT 100,347466,2022,159,Petrol,48.66,,2022,NOT AVAILABLE,Individual,227817.74,TIER 3
GUJARAT,26.7,  Hero  ,Passion Pro,398978,2023,765,Petrol,26.61,,2023,  Not Available  ,Dealer,287235.93,TIER 1
Uttar Pradesh,68.42,KTM,Duke 200,291973,2017,626,  Hybrid  ,78.33,third owner,2024,Not Available,  Dealer  ,153112.6,  Tier 2  
MADHYA PRADESH,26.29,KTM,RC 390,374187,2021,641,HYBRID,79.74,,2021,Active,  Dealer  ,167582.91,  Tier 1  
Uttar Pradesh,71.7,Kawasaki,Ninja 400,208386,2024,297,Hybrid,99.56,first owner,2024,Expired,  Dealer  ,122095.4,Tier 3
Madhya Pradesh,30.99,KTM,RC 390,202720,2023,817,  Electric  ,69.53,FIRST,2023,expired,Individual,100274.64,Tier 2
Tamil Nadu,46.2,Kawasaki,Vulcan S,383725,2024,929,Petrol,47.24,Third,2024,Active,Individual,176052.1,Tier 2
Maharashtra,59.77,KAWASAKI,Versys 650,213220,2019,194,Hybrid,90.48,Third,2024,  Expired  ,INDIVIDUAL,121080.49,Tier 3
  Rajasthan  ,9.74,TVS,Ronin,252049,2021,638,  Electric  ,74.3,1st,2021,NOT AVAILABLE,Dealer,157122.0,tier 1
Madhya Pradesh,65.74,Yamaha,Fascino 125,377303,2023,476,Petrol,45.28,SECOND,2023,Expired,dealer,194755.58,METRO
  Rajasthan  ,16.71,yamaha,MT-15,122958,2022,657,Electric,82.26,First,2022,Not Available,Dealer,79251.53,metro
Rajasthan,18.12,TVS,Jupiter,376405,2024,169,Hybrid,60.46,second owner,2024,EXPIRED,Dealer,229446.45,  Metro  
Maharashtra,56.13,KTM,Duke 200,192044,2020,265,Electric,70.32,,2024,Active,Dealer,111544.47,Tier 3
KARNATAKA,75.68,Bajaj,Platina 110,245424,2023,861,ELECTRIC,72.56,First,2023,EXPIRED,DEALER,146943.33,Tier 3
Uttar Pradesh,56.89,Royal Enfield,Himalayan,169382,2015,480,Electric,75.24,2nd,2023,Not Available,  Individual  ,128711.0,TIER 2
Delhi,30.32,BAJAJ,Pulsar 150,162244,2018,923,petrol,34.4,2nd,2023,Not Available,  Dealer  ,67409.77,Tier 1
tamil nadu,57.21,Yamaha,MT-15,233547,2020,810,Hybrid,82.56,second owner,2023,  Expired  ,Dealer,94658.35,Metro
gujarat,50.07,bajaj,Avenger 220,"₹387,657",2022,255,petrol,31.66,FIRST,2022,,  Individual  ,308654.43,  Tier 2  
Karnataka,48.58,KTM,Duke 200,342599,2019,628,electric,,third owner,2022,  Expired  ,Dealer,179524.9,Metro
Karnataka,7.92,Kawasaki,Ninja 400,361670,2024,449,  Petrol  ,32.86,Second,2024,not available,  Dealer  ,177532.26,TIER 1
RAJASTHAN,55.23,KTM,Duke 200,312560,2023,492,Petrol,32.86,3rd,2024,Active,dealer,126895.9,TIER 3
Karnataka,21.32,KAWASAKI,Ninja 300,338874,2023,172,Petrol,43.9,SECOND,2023,Not Available,  Individual  ,187146.55,  Metro  
UTTAR PRADESH,44.39,Yamaha,MT-15,181589,2015,950,Hybrid,71.73,SECOND,2023,Not Available,Individual,128476.6,Tier 2
karnataka,46.26,Honda,CBR 650R,382183,2021,118,Petrol,51.81,Third,2021,Active,  Dealer  ,211052.44,  Metro  
Gujarat,31.84,Yamaha,MT-15,50158,2024,737,Petrol,35.25,Third,2024,Not Available,Individual,26153.68,Tier 1
TAMIL NADU,12.58,Yamaha,Ray ZR,199081,2018,541,Electric,0.0,third owner,2024,Not Available,Individual,129255.46,Metro
Madhya Pradesh,6.33,  Yamaha  ,MT-15,324194,2024,434,  Hybrid  ,69.45,first owner,2024,Active,individual,178243.88,tier 1
Delhi,36.88,KTM,250 Duke,307418,2022,606,Petrol,39.28,First,2022,,INDIVIDUAL,190927.1,Metro
maharashtra,79.76,  Kawasaki  ,Ninja 300,186102,2021,955,electric,87.32,first owner,2021,Expired,Dealer,140081.01,tier 2
Madhya Pradesh,40.71,Hero,Glamour,286550,2021,187,  Electric  ,61.08,third owner,2023,Expired,Dealer,147779.87,Tier 1
madhya pradesh,24.54,Kawasaki,Vulcan S,331738,2021,173,Petrol,33.17,2nd,2024,  Expired  ,dealer,249483.18,TIER 3
Maharashtra,65.87,hero,Xtreme 160R,203238,2020,922,ELECTRIC,62.21,Second,2022,Not Available,dealer,97152.68,TIER 3
Karnataka,45.74,Kawasaki,Z650,233817,2020,356,HYBRID,96.26,third owner,2023,ACTIVE,Dealer,161369.23,Tier 2
uttar pradesh,56.93,Royal Enfield,Hunter 350,85394,2024,320,hybrid,82.07,third owner,2024,  Active  ,dealer,35817.37,Metro
West Bengal,17.21,  KTM  ,250 Duke,277566,2023,152,hybrid,64.13,Second,2023,  Active  ,individual,161954.01,Tier 2
  Punjab  ,66.36,  Kawasaki  ,Vulcan S,54828,2018,774,Petrol,46.74,3rd,2022,Not Available,Individual,40386.88,TIER 2
Karnataka,77.08,Kawasaki,Vulcan S,"₹270,749",2023,484,  Electric  ,66.56,FIRST,2023,not available,Dealer,121084.54,  Tier 3  
West Bengal,75.14,  Royal Enfield  ,Interceptor 650,188892,2024,559,ELECTRIC,60.51,third owner,2024,Active,DEALER,125203.91,tier 1
GUJARAT,51.4,KTM,RC 390,70494,2024,302,Electric,93.82,Third,2024,  Active  ,Dealer,36148.05,  Metro  
Karnataka,34.64,Bajaj,Pulsar 150,65228,2017,541,Electric,70.47,SECOND,2021,Expired,Individual,44574.79192744673,Tier 2
West Bengal,35.82,KAWASAKI,Vulcan S,"₹305,635",2020,758,petrol,28.81,2nd,2023,,DEALER,217678.14,Tier 3
madhya pradesh,27.36,  Hero  ,Splendor Plus,190065,2023,118,  Petrol  ,48.83,,2023,Not Available,Individual,150847.14,TIER 2
Delhi,69.89,Honda,Dio,67356,2019,782,Electric,65.58,,2022,Not Available,  Individual  ,50170.24,  Tier 2  
Delhi,28.08,  Royal Enfield  ,Himalayan,132895,2019,682,Electric,90.46,3rd,2023,,individual,62810.08,TIER 2
Tamil Nadu,57.32,BAJAJ,Avenger 220,299575,2024,189,PETROL,41.45,SECOND,2024,  Active  ,INDIVIDUAL,183246.53,  Metro  
rajasthan,49.89,  Hero  ,HF Deluxe,246828,2024,936,Petrol,45.0,first owner,2024,ACTIVE,DEALER,,TIER 1
Rajasthan,67.46,bajaj,CT 100,380004,2019,206,Electric,61.78,2nd,2023,ACTIVE,Individual,202072.38,Metro
Rajasthan,11.5,TVS,Jupiter,78270,2019.0,552,Electric,87.69,THIRD,2021,Not Available,Dealer,35099.096594133465,Tier 2
Maharashtra,44.67,Bajaj,Platina 110,75453,2022,848,Petrol,58.41,second owner,2022,,Individual,36751.97,tier 2
Delhi,57.97,Royal Enfield,Interceptor 650,326146,2023,516,Electric,65.97,first owner,2023,  Active  ,Dealer,,tier 2
KARNATAKA,30.63,Bajaj,CT 100,232353,2020,577,Hybrid,82.45,SECOND,2021,Not Available,Dealer,155275.73,Tier 3
RAJASTHAN,66.13,KAWASAKI,Ninja 400,255349,2021,361,hybrid,92.82,first owner,2021,expired,  Individual  ,153625.01,  Metro  
  West Bengal  ,73.16,ROYAL ENFIELD,Meteor 350,395649,2017,999,Petrol,41.0,THIRD,2021,EXPIRED,Dealer,265851.43,TIER 3
  Karnataka  ,19.34,Royal Enfield,Himalayan,163979,2023,885,Petrol,31.99,SECOND,2024,Active,DEALER,124987.99280199269,TIER 1
Uttar Pradesh,55.03,Kawasaki,Vulcan S,110493,2024,453,Hybrid,67.68,FIRST,2024,NOT AVAILABLE,Dealer,51861.41,Tier 3
Rajasthan,22.15,KTM,Duke 200,320435,2024,334,electric,61.26,second owner,2024,,Dealer,200058.28,  Metro  
Punjab,59.97,Royal Enfield,Interceptor 650,88875,2021,129,Electric,78.24,third owner,2021,active,Dealer,52290.54,tier 2
uttar pradesh,28.0,Royal Enfield,Interceptor 650,206245,2018,941,hybrid,76.04,Second,2024,Expired,Individual,90144.01,TIER 2
Gujarat,68.27,TVS,Ronin,218954,2024,116,Electric,72.41,FIRST,2024,Not Available,Dealer,114251.53,Tier 1
Punjab,59.54,  Royal Enfield  ,Meteor 350,215717,2022,733,Hybrid,95.82,2nd,2022,Expired,Dealer,109140.39,TIER 1
Gujarat,39.2,Yamaha,MT-15,313862,2021,331,Petrol,56.5,3rd,2021,EXPIRED,Individual,127217.74,Tier 2
MADHYA PRADESH,54.03,Bajaj,CT 100,224266,2023,596,Electric,77.11,second owner,2024,expired,Individual,167899.96,tier 1
Rajasthan,23.92,TVS,NTorq 125,248111,2019,135,Petrol,33.85,THIRD,2024,not available,Individual,,Tier 3
Tamil Nadu,61.54,Hero,Xtreme 160R,77958,2020,727,HYBRID,60.49,SECOND,2023,Active,dealer,37307.25,METRO
Gujarat,54.52,Hero,HF Deluxe,284874,2021,538,Petrol,26.36,2nd,2024,Expired,dealer,129923.13,Tier 2
DELHI,55.63,Bajaj,CT 100,320670,2023,425,Hybrid,70.59,third owner,2024,Expired,Individual,,Metro
Tamil Nadu,28.28,BAJAJ,Platina 110,206778,2018,600,  Petrol  ,54.86,Third,2024,Not Available,Dealer,,Tier 1
  Rajasthan  ,32.07,  Honda  ,CBR 650R,291527,2019,550,hybrid,-15.0,,2023,Active,Dealer,153738.78,tier 3
Madhya Pradesh,46.67,Honda,CBR 650R,303770,2024,729,electric,77.81,Third,2024,  Active  ,Individual,174223.67,tier 2
RAJASTHAN,76.79,KTM,390 Adventure,369006,2021,612,ELECTRIC,88.72,second owner,2022,Active,INDIVIDUAL,160797.26,metro
Gujarat,32.1,ktm,RC 390,221313,2017,129,hybrid,96.63,second owner,2021,,Dealer,102138.56,TIER 1
Tamil Nadu,56.06,honda,Shine,190386,2018,988,Hybrid,92.47,2nd,2022,NOT AVAILABLE,Individual,121090.38,Tier 1
  Delhi  ,16.86,  Hero  ,HF Deluxe,274558,2015,395,electric,84.6,second owner,2013,,individual,113057.69,tier 1
  Tamil Nadu  ,65.98,kawasaki,Z650,152189,2015,294,Hybrid,91.08,2nd,2022,NOT AVAILABLE,Individual,,Tier 2
Punjab,25.4,Honda,CBR 650R,387255,2019,559,HYBRID,71.04,Third,2021,Not Available,Individual,296029.09,Tier 3
Madhya Pradesh,63.66,Yamaha,Fascino 125,382831,2022,744,Hybrid,80.57,Third,2023,  Active  ,Dealer,298617.61,  Tier 3  
Punjab,72.75,royal enfield,Meteor 350,284443,2022,485,Petrol,42.0,Third,2024,Active,  Dealer  ,135780.89,Metro
Madhya Pradesh,40.1,Hero,Glamour,262628,2021,878,Hybrid,70.99,First,2021,EXPIRED,Dealer,188983.32,Metro
Madhya Pradesh,48.37,Royal Enfield,Classic 350,365940,2022,934,  Petrol  ,35.97,,2022,  Expired  ,dealer,181406.02,Tier 2
Karnataka,78.21,  Hero  ,HF Deluxe,306778,2024,939,Electric,71.95,third owner,2024,Active,DEALER,135956.49,  Tier 3  
Maharashtra,8.26,Kawasaki,Z650,178176,2016,886,  Electric  ,65.17,third owner,2021,Expired,INDIVIDUAL,85446.81,metro
DELHI,17.43,ktm,250 Duke,276058,2018,519,Petrol,28.62,second owner,2022,,  Dealer  ,187403.58,  Metro  
Madhya Pradesh,53.86,BAJAJ,Avenger 220,81825,2020,672,HYBRID,84.59,SECOND,2022,Active,  Individual  ,34196.97,METRO
  Rajasthan  ,43.37,TVS,Sport,393631,2022,114,HYBRID,76.42,First,2022,Not Available,Dealer,310667.65,Metro
MAHARASHTRA,62.11,Bajaj,Pulsar 150,102023,2022,519,electric,70.04,Second,2022,EXPIRED,Dealer,79922.78,tier 2
KARNATAKA,7.11,Honda,CBR 650R,222160,2024,710,hybrid,63.18,1st,2024,Active,INDIVIDUAL,161735.82,Tier 2
madhya pradesh,14.86,Bajaj,Dominar 400,222360,2020,505,PETROL,56.43,Second,2024,Active,DEALER,153779.34,Tier 3
Madhya Pradesh,35.43,Yamaha,FZ V3,291213,2015,560,petrol,,THIRD,2023,Expired,Dealer,132165.92,TIER 2
Rajasthan,47.52,Ktm,RC 390,129914,2019,982,Hybrid,91.33,3rd,2022,Not Available,Dealer,92917.39,Tier 3
rajasthan,38.98,ktm,Duke 200,396276,2022,850,Hybrid,98.85,THIRD,2024,  Expired  ,  Individual  ,247679.06,Tier 3
west bengal,42.79,TVS,Ronin,242218,2022,930,petrol,38.06,1st,2022,Active,INDIVIDUAL,153415.44,Tier 1
Madhya Pradesh,38.03,Ktm,390 Adventure,106604,2016,662,Hybrid,96.38,THIRD,2024,Active,Individual,51615.38,Tier 2
MADHYA PRADESH,71.83,Hero,Glamour,207944,2017,141,Hybrid,81.94,,2021,Expired,Dealer,107769.8,TIER 3
maharashtra,8.27,HERO,Passion Pro,"₹369,196",2024,552,Hybrid,95.95,1st,2024,Expired,Dealer,240455.12,TIER 3
karnataka,11.93,Ktm,250 Duke,205979,2022,121,Electric,82.53,FIRST,2022,Not Available,INDIVIDUAL,163235.75,Tier 3
Punjab,25.39,yamaha,MT-15,233599,2021,959,hybrid,78.59,SECOND,2021,  Expired  ,  Dealer  ,,TIER 3
GUJARAT,12.64,  Kawasaki  ,Ninja 300,110653,2016,114,Hybrid,98.38,Second,2023,  Expired  ,Individual,83610.18,Tier 3
UTTAR PRADESH,58.29,  Honda  ,Activa,62971,2023,584,Electric,99.27,First,2023,Expired,  Individual  ,27961.09,  Tier 3  
  Uttar Pradesh  ,32.5,BAJAJ,CT 100,307703,2020,356,ELECTRIC,82.59,Third,2021,active,Dealer,192750.42,Tier 1
Rajasthan,68.67,Honda,Dio,222360,2024.0,992,hybrid,94.12,THIRD,2024,Active,Dealer,171857.57,Tier 3
Uttar Pradesh,10.77,  Hero  ,Xtreme 160R,394469,2015,167,Electric,92.87,SECOND,2022,EXPIRED,individual,217482.98,Tier 1
Gujarat,24.9,HERO,Passion Pro,247813,2020,261,Petrol,57.3,second owner,2023,EXPIRED,dealer,175842.4,Tier 3
  Karnataka  ,25.08,BAJAJ,CT 100,248029,2020,996,Petrol,29.76,3rd,2024,Expired,INDIVIDUAL,107097.58,Tier 3
West Bengal,60.6,Hero,Glamour,151952,2023,469,Electric,83.33,FIRST,2023,  Active  ,individual,119643.15,Tier 2
RAJASTHAN,44.23,Yamaha,Ray ZR,111735,2020,185,Petrol,43.42,THIRD,2022,Not Available,Dealer,,Metro
Madhya Pradesh,53.04,Royal Enfield,Classic 350,115226,2022,186,Electric,71.54,2nd,2023,Expired,  Dealer  ,60886.54,tier 2
  Tamil Nadu  ,26.27,Kawasaki,Versys 650,319870,2016,842,Hybrid,99.2,,2023,Expired,Dealer,174791.22,TIER 3
Uttar Pradesh,53.02,Hero,HF Deluxe,151594,2019,645,PETROL,43.48,third owner,2024,Not Available,INDIVIDUAL,68591.95,TIER 1
Punjab,31.61,KTM,125 Duke,224182,2021,127,Hybrid,82.21,Second,2021,NOT AVAILABLE,INDIVIDUAL,142821.61,Tier 3
UTTAR PRADESH,55.82,Kawasaki,Ninja 400,353184,2017,402,HYBRID,71.1,second owner,2021,NOT AVAILABLE,Dealer,202437.15,Tier 2
  Madhya Pradesh  ,75.82,  Hero  ,Passion Pro,196119,2020,506,electric,70.45,Second,2023,Active,DEALER,140231.51,Tier 1
delhi,70.95,royal enfield,Meteor 350,135677,2024,706,hybrid,92.94,2nd,2024,Active,individual,69640.3,Tier 1
Delhi,13.99,hero,HF Deluxe,176150,2020,577,HYBRID,77.24,,2021,Not Available,Individual,121418.62,  Tier 2  
  Punjab  ,39.25,YAMAHA,Fascino 125,186839,2020,275,Hybrid,98.23,3rd,2022,Not Available,  Dealer  ,126610.77,Tier 1
Karnataka,5.58,tvs,Apache RTR 160,363385,2021,399,electric,78.31,Third,2023,Not Available,Dealer,192657.05,  Metro  
Tamil Nadu,50.74,HONDA,Shine,357669,2024,494,Electric,82.05,SECOND,2024,  Not Available  ,Dealer,281826.69,metro
gujarat,44.14,  Bajaj  ,Dominar 400,161535,2023,609,Electric,62.79,3rd,2024,EXPIRED,dealer,90184.11,tier 2
Gujarat,71.53,TVS,NTorq 125,168708,2021,420,Hybrid,98.31,First,2021,NOT AVAILABLE,  Individual  ,104740.65,METRO
Tamil Nadu,32.29,Kawasaki,Ninja 400,142362,2021,790,Hybrid,60.78,First,2021,Active,Individual,65530.36,Tier 1
Madhya Pradesh,31.24,kawasaki,Vulcan S,80411,2023,182,Hybrid,93.79,3rd,2024,Not Available,Individual,40136.35,  Metro  
rajasthan,10.09,KTM,390 Adventure,174687,2015,487,Petrol,58.08,Third,2024,Not Available,Dealer,73257.6,tier 1
Maharashtra,16.92,Bajaj,Dominar 400,78804,2023,845,Hybrid,96.52,THIRD,2023,Active,  Dealer  ,44945.49,  Tier 3  
Madhya Pradesh,35.19,  Royal Enfield  ,Meteor 350,360420,2023,545,petrol,53.27,1st,2023,EXPIRED,Dealer,201978.3,  Tier 3  
Tamil Nadu,18.26,Bajaj,Dominar 400,142434,2022,235,Hybrid,91.96,THIRD,2022,  Not Available  ,DEALER,85175.69,tier 2
karnataka,67.1,Yamaha,FZ V3,176287,2023,659,Petrol,56.86,,2023,Not Available,  Individual  ,114124.14,  Tier 2  
RAJASTHAN,50.31,Bajaj,CT 100,267779,2023,921,  Hybrid  ,88.31,THIRD,2024,Expired,Dealer,204903.09,tier 3
Uttar Pradesh,47.76,  Honda  ,Shine,"₹380,071",2023,928,Hybrid,89.92,SECOND,2024,active,DEALER,171149.96,Metro
  West Bengal  ,48.66,KTM,125 Duke,384766,2018,790,  Hybrid  ,94.82,Second,2021,Not Available,individual,244407.54,Tier 3
Maharashtra,11.09,royal enfield,Meteor 350,132411,2022,734,Petrol,49.8,first owner,2022,Not Available,INDIVIDUAL,102265.65,tier 3
Delhi,16.51,YAMAHA,FZ V3,390436,2015,222,Petrol,42.49,second owner,2022,Expired,Dealer,238535.5,Tier 3
West Bengal,22.27,kawasaki,Ninja 400,329678,2023,277,Petrol,46.28,FIRST,2023,Active,Individual,220311.73,  Tier 2  
Maharashtra,40.72,KTM,125 Duke,112188,2021,621,Electric,62.68,third owner,2023,EXPIRED,Dealer,75550.05,metro
Rajasthan,68.86,Tvs,Apache RTR 160,"₹322,805",2020,274,Electric,69.06,3rd,2021,  Not Available  ,Dealer,179197.1,  Metro  
  Gujarat  ,57.82,KTM,Duke 200,281144,2019,753,Hybrid,75.65,third owner,2021,active,dealer,223593.87874591563,Tier 3
Maharashtra,32.77,BAJAJ,CT 100,53201,2017,754,Hybrid,82.93,,2024,Not Available,Individual,26744.07,Tier 2
  Maharashtra  ,10.29,  Yamaha  ,FZ V3,158980,2017,351,  Electric  ,71.56,2nd,2024,not available,Dealer,98821.97,Tier 2
MADHYA PRADESH,60.53,Royal Enfield,Hunter 350,338937,2020,405,Electric,72.02,Second,2023,not available,  Dealer  ,187106.92,tier 1
Delhi,72.51,hero,Splendor Plus,274009,2018,417,  Hybrid  ,81.85,Second,2021,Active,Dealer,,TIER 1
Tamil Nadu,75.51,Yamaha,Fascino 125,377922,2022,915,Hybrid,91.46,third owner,2023,Not Available,  Individual  ,161962.88,Metro
Madhya Pradesh,8.33,HONDA,CBR 650R,274409,2024,785,  Petrol  ,42.7,SECOND,2024,Active,Dealer,189624.37,Tier 3
  Delhi  ,46.97,Hero,Glamour,357100,2021,466,Petrol,54.56,second owner,2024,Not Available,Individual,224241.49,tier 1
Maharashtra,37.06,  TVS  ,Ronin,393908,2023,588,  Hybrid  ,91.91,first owner,2023,active,INDIVIDUAL,267321.55,Tier 2
Rajasthan,37.42,Hero,HF Deluxe,93966,2024,150,Petrol,50.9,FIRST,2024,not available,Individual,53471.53,Tier 3
Rajasthan,41.82,Ktm,250 Duke,189781,2021,935,petrol,39.3,third owner,2021,EXPIRED,  Dealer  ,103019.67,Tier 3
Delhi,46.89,TVS,Sport,258524,2023,338,Hybrid,,third owner,2023,Expired,INDIVIDUAL,130796.94,Tier 1
TAMIL NADU,39.54,yamaha,Fascino 125,179554,2019,575,petrol,56.85,SECOND,2022,  Expired  ,DEALER,93733.53,Tier 2
karnataka,41.98,TVS,Apache RTR 160,317111,2024.0,958,Petrol,40.13,3rd,2024,Not Available,Dealer,238045.07,  Tier 1  
Karnataka,63.0,Yamaha,FZ V3,300701,2016,595,Electric,75.46,THIRD,2021,Not Available,Individual,156290.66,Tier 1
Uttar Pradesh,11.54,Honda,Activa,302547,2019,469,Electric,71.95,3rd,2024,Active,INDIVIDUAL,124843.95,tier 3
maharashtra,66.78,KTM,250 Duke,89182,2024,882,  Electric  ,66.61,2nd,2024,Active,dealer,,  Tier 1  
Uttar Pradesh,54.64,Kawasaki,Ninja 400,318013,2021,991,  Electric  ,64.19,2nd,2022,expired,  Dealer  ,148193.47,Tier 3
RAJASTHAN,73.02,kawasaki,Ninja 400,298448,2016,245,hybrid,,Third,2022,EXPIRED,INDIVIDUAL,168606.23,Tier 2
Karnataka,13.87,Kawasaki,Vulcan S,235465,2020,389,Hybrid,62.25,2nd,2023,Active,individual,178910.74,Tier 1
  West Bengal  ,68.15,kawasaki,Ninja 300,361573,2016,542,Electric,67.9,second owner,2021,Not Available,dealer,239578.83,tier 1
  Tamil Nadu  ,34.38,tvs,Ronin,223061,2024,230,Electric,65.37,third owner,2024,not available,Individual,168659.29,tier 3
Karnataka,9.83,tvs,Ronin,338519,2021,771,hybrid,66.48,First,2021,Not Available,INDIVIDUAL,167425.55,Tier 1
West Bengal,33.58,YAMAHA,FZ V3,179257,2023,877,Electric,60.19,second owner,2024,Active,Dealer,136384.78,TIER 1
  Punjab  ,14.22,KTM,250 Duke,72124,2021,407,Petrol,46.73,third owner,2023,Expired,dealer,45442.25,  Tier 3  
Uttar Pradesh,7.79,  KTM  ,250 Duke,"₹367,930",2022,245,Hybrid,60.98,third owner,2023,  Active  ,Dealer,258394.55,Tier 1
Madhya Pradesh,32.59,  Kawasaki  ,Z650,220070,2018,562,Electric,84.3,,2024,Expired,Individual,97635.78,Tier 1
Tamil Nadu,65.7,  Bajaj  ,Platina 110,261950,2016,793,PETROL,,SECOND,2023,active,individual,156054.4,Metro
West Bengal,68.43,  KTM  ,390 Adventure,138725,2022,964,  Hybrid  ,81.88,THIRD,2023,Not Available,Dealer,98925.47,  Tier 1  
west bengal,24.72,Honda,Dio,273884,2018,365,Electric,84.92,SECOND,2024,Not Available,Dealer,124004.06,Tier 3
uttar pradesh,42.81,Bajaj,Avenger 220,183637,2021,948,Electric,60.2,first owner,2021,Not Available,individual,139044.42,tier 1
Rajasthan,11.56,Honda,Dio,127797,2022,460,ELECTRIC,74.56,Third,2023,Expired,Individual,69554.23,Tier 3
Punjab,6.04,Yamaha,FZ V3,211692,2018,826,electric,99.38,3rd,2022,EXPIRED,  Individual  ,156307.34,Tier 3
gujarat,18.0,  TVS  ,Apache RTR 160,226142,2021,839,Electric,68.55,third owner,2024,  Not Available  ,individual,169717.83,Tier 3
West Bengal,67.37,ktm,390 Adventure,308443,2018,291,hybrid,63.57,Third,2023,,Dealer,151326.31,metro
Rajasthan,57.58,kawasaki,Ninja 300,326696,2024,917,Electric,95.0,second owner,2024,  Not Available  ,Individual,219695.8,TIER 1
Madhya Pradesh,22.42,Bajaj,CT 100,178912,2024,567,Electric,70.3,Second,2024,Not Available,DEALER,100777.82,  Tier 3  
UTTAR PRADESH,55.49,Yamaha,Fascino 125,134230,2023,199,Petrol,45.84,3rd,2023,  Not Available  ,Individual,56075.14,Tier 2
Delhi,42.1,Honda,Dio,116973,2024,359,HYBRID,96.87,SECOND,2024,,  Individual  ,87522.04,Tier 1
  Karnataka  ,14.58,KTM,250 Duke,346546,2016,653,ELECTRIC,74.33,Second,2024,Active,dealer,204171.69,Tier 2
KARNATAKA,61.95,Honda,Dio,253529,2017,220,electric,93.19,3rd,2021,,individual,106241.68,tier 2
Madhya Pradesh,21.83,Royal Enfield,Classic 350,62774,2017,246,  Electric  ,85.53,2nd,2022,Active,Dealer,26524.51,Tier 3
Maharashtra,22.39,KTM,250 Duke,137213,2023,563,Petrol,35.93,THIRD,2024,Not Available,Individual,83143.89,Tier 2
  Gujarat  ,39.57,  Yamaha  ,MT-15,284385,2021,684,Hybrid,91.34,THIRD,2022,ACTIVE,individual,115128.47,Tier 1
Gujarat,66.72,  Honda  ,Unicorn,318764,2018,809,Hybrid,69.97,Third,2022,Not Available,Individual,197156.4,Tier 3
Gujarat,27.74,KAWASAKI,Versys 650,190274,2020,719,electric,81.71,2nd,2024,Not Available,dealer,127797.15,metro
punjab,77.08,Yamaha,FZ V3,188831,2020,977,petrol,40.0,THIRD,2023,Active,Individual,87265.88,Metro
Maharashtra,58.2,Royal Enfield,Interceptor 650,307197,2018,751,petrol,57.81,second owner,2023,NOT AVAILABLE,Dealer,147781.71,Tier 2
Rajasthan,18.71,HERO,Passion Pro,237809,2024,718,Hybrid,66.56,second owner,2024,Not Available,Individual,155920.62790523848,Tier 3
Gujarat,38.09,tvs,NTorq 125,271348,2021,315,electric,75.82,SECOND,2023,Expired,  Dealer  ,171452.21,tier 3
Maharashtra,74.61,Royal Enfield,Himalayan,160187,2021,385,  Petrol  ,37.79,second owner,2023,Active,Individual,,TIER 2
Punjab,6.83,Honda,Dio,381429,2020,771,Electric,93.4,Third,2021,NOT AVAILABLE,Dealer,302588.59,Tier 1
  Uttar Pradesh  ,76.81,  Honda  ,CBR 650R,358685,2016,928,PETROL,31.11,3rd,2021,Not Available,dealer,286753.77,Tier 1
Gujarat,12.32,Bajaj,Dominar 400,87786,2016,178,Electric,72.26,2nd,2021,  Expired  ,Dealer,45368.97,Tier 3
Madhya Pradesh,27.3,Honda,Activa,124943,2017,206,Petrol,25.03,Second,2023,  Expired  ,DEALER,87680.28,Tier 2
Karnataka,44.34,BAJAJ,Pulsar 150,79604,2021,132,Electric,70.69,third owner,2023,Active,Individual,54450.71,Tier 1
Maharashtra,51.39,Bajaj,Pulsar 150,373064,2022,584,Petrol,42.22,3rd,2024,EXPIRED,INDIVIDUAL,267307.51,METRO
Madhya Pradesh,43.67,BAJAJ,Platina 110,222220,2022,213,Electric,66.02,1st,2022,not available,Dealer,101514.44,Metro
GUJARAT,23.43,KTM,390 Adventure,62824,2024,639,electric,85.7,Third,2024,Active,Individual,28447.66,TIER 2
Karnataka,19.11,Honda,Shine,137513,2022,460,Petrol,54.87,Third,2023,expired,INDIVIDUAL,76320.13,Tier 3
Madhya Pradesh,47.6,honda,Dio,369806,2020,146,electric,64.19,,2023,Not Available,Individual,148806.82,Tier 1
GUJARAT,55.29,KTM,Duke 200,366465,2017,292,  Hybrid  ,99.62,SECOND,2023,not available,Individual,175495.58,Metro
RAJASTHAN,45.08,Hero,Xtreme 160R,324376,2017,798,Hybrid,66.09,second owner,2023,Expired,Dealer,185477.49,Metro
Uttar Pradesh,60.29,royal enfield,Himalayan,144639,2022,532,  Hybrid  ,90.4,second owner,2024,expired,  Dealer  ,64471.51,TIER 3
Punjab,54.47,bajaj,Avenger 220,399627,2019,202,HYBRID,92.53,Second,2021,Expired,Dealer,291600.18,  Metro  
Madhya Pradesh,39.58,TVS,NTorq 125,365843,2020,539,electric,62.91,second owner,2021,Active,individual,277854.91,Tier 1
Tamil Nadu,73.0,royal enfield,Himalayan,237722,2019,853,electric,94.49,SECOND,2021,Not Available,Dealer,139116.39,Metro
Maharashtra,77.34,KTM,RC 390,168065,2020,277,Hybrid,97.76,THIRD,2019,Active,individual,133658.93,  Tier 3  
UTTAR PRADESH,49.78,Tvs,Sport,227419,2024,437,  Electric  ,60.3,first owner,2024,Not Available,Individual,159955.25,Tier 3
  Delhi  ,16.62,yamaha,MT-15,208201,2019,441,Petrol,34.97,2nd,2022,  Active  ,INDIVIDUAL,129270.78,TIER 3
DELHI,16.02,Honda,Unicorn,181986,2020,901,  Electric  ,72.95,THIRD,2023,Active,Dealer,73781.11,metro
  Uttar Pradesh  ,69.69,Kawasaki,Ninja 300,99188,2021,884,Petrol,38.37,3rd,2022,Expired,Dealer,48082.34,TIER 1
  Gujarat  ,26.69,kawasaki,Vulcan S,136622,2024,530,  Petrol  ,37.18,first owner,2024,ACTIVE,Dealer,72476.88,  Metro  
  Rajasthan  ,8.02,tvs,Sport,249222,2024,197,  Petrol  ,49.01,Second,2024,Active,dealer,147655.12,METRO
rajasthan,41.79,KTM,250 Duke,74711,2021,128,Electric,88.24,2nd,2021,ACTIVE,dealer,31983.98,Metro
Madhya Pradesh,31.11,KTM,125 Duke,375046,2020,463,Electric,60.92,second owner,2021,Expired,Dealer,182423.7611191645,METRO
west bengal,52.82,Ktm,Duke 200,91710,2018,529,Electric,66.44,,2024,NOT AVAILABLE,individual,65269.25,Tier 3
West Bengal,48.95,yamaha,R15 V4,261236,2021,887,  Electric  ,69.12,FIRST,2021,  Not Available  ,Individual,132188.34,TIER 3
  West Bengal  ,77.21,KTM,250 Duke,233031,2022.0,913,Electric,95.07,third owner,2023,ACTIVE,Individual,111236.41,metro
Punjab,76.75,Kawasaki,Ninja 300,184054,2019,219,petrol,37.62,third owner,2024,Expired,DEALER,117202.76,metro
karnataka,15.86,Hero,Xtreme 160R,182920,2019,108,HYBRID,86.55,THIRD,2021,Not Available,Dealer,129188.69,TIER 3
Uttar Pradesh,44.74,Hero,HF Deluxe,339403,2022,911,PETROL,55.67,,2022,  Active  ,Individual,270900.13,  Tier 2  
Delhi,58.26,HERO,Glamour,268616,2019,267,Petrol,55.23,SECOND,2024,Expired,Individual,133128.19,tier 2
MAHARASHTRA,8.44,hero,Xtreme 160R,363140,2023,937,hybrid,81.43,2nd,2023,Active,DEALER,149775.84,Tier 1
GUJARAT,32.42,honda,Shine,260574,2019,709,Hybrid,94.25,third owner,2024,Expired,Individual,181985.28,Tier 3
Rajasthan,68.21,  Hero  ,HF Deluxe,324698,2022.0,617,petrol,54.15,Second,2022,Expired,individual,135871.8,TIER 1
  Karnataka  ,55.3,HONDA,Activa,245248,2024,219,hybrid,,third owner,2024,,DEALER,186388.64,  Tier 3  
Karnataka,70.66,Kawasaki,Z650,196094,2020,403,  Electric  ,81.34,third owner,2024,Active,individual,121976.43,Tier 2
West Bengal,47.49,Hero,Passion Pro,381790,2016,283,ELECTRIC,83.53,Second,2024,Active,Individual,267916.56,Tier 1
Punjab,8.35,Honda,Unicorn,215530,2024,227,  Petrol  ,42.87,2nd,2024,Not Available,individual,101821.32,Tier 2
PUNJAB,50.29,HONDA,Unicorn,116257,2024,135,electric,77.91,3rd,2024,Expired,DEALER,73210.17,  Metro  
West Bengal,63.62,  Royal Enfield  ,Himalayan,341980,2021,784,Petrol,29.18,Second,2023,Not Available,INDIVIDUAL,223233.5,  Tier 1  
Delhi,20.77,Ktm,RC 390,360011,2020,968,  Hybrid  ,71.4,SECOND,2024,Not Available,INDIVIDUAL,192735.35,  Tier 3  
Madhya Pradesh,17.6,Honda,Unicorn,205380,2021,851,  Hybrid  ,88.23,SECOND,2023,not available,Individual,114388.65,Tier 3
west bengal,67.56,  Honda  ,Shine,113701,2017,235,HYBRID,83.53,Third,2024,expired,Dealer,46607.11,tier 1
delhi,17.05,Royal Enfield,Himalayan,223132,2021,9999,Petrol,34.39,Third,2022,Not Available,  Individual  ,163954.06,Tier 1
Madhya Pradesh,26.96,HONDA,Dio,385316,2022,755,ELECTRIC,70.5,third owner,2024,Expired,Dealer,157446.85,TIER 3
Punjab,14.36,Kawasaki,Versys 650,73453,2021,584,Petrol,31.85,second owner,2023,Active,DEALER,41405.08,  Tier 2  
Tamil Nadu,47.96,Ktm,RC 390,382869,2020,948,Electric,84.15,3rd,2024,EXPIRED,Dealer,159084.16,  Tier 1  
delhi,66.06,Hero,Glamour,226406,2021,518,Hybrid,80.88,third owner,2024,Expired,Dealer,162158.14,METRO
Rajasthan,35.36,  Honda  ,Dio,322940,2017,444,petrol,50.38,SECOND,2022,Active,INDIVIDUAL,138437.51,Metro
MADHYA PRADESH,52.56,Bajaj,Dominar 400,203088,2023,368,Petrol,45.36,1st,2023,EXPIRED,dealer,94038.52,  Tier 3  
Madhya Pradesh,12.14,Royal Enfield,Hunter 350,123419,2020,441,Petrol,32.59,Third,2024,Active,Dealer,76133.01,TIER 1
karnataka,38.02,Hero,Passion Pro,323101,2023,259,Petrol,30.13,Second,2024,expired,Dealer,243374.59,Tier 1
Tamil Nadu,39.33,BAJAJ,Pulsar 150,299501,2021,363,Electric,89.79,1st,2021,Expired,Individual,124342.94,Tier 3
Punjab,31.19,TVS,NTorq 125,358251,2023,986,ELECTRIC,92.38,FIRST,2023,  Not Available  ,DEALER,271257.6,  Metro  
UTTAR PRADESH,49.35,Bajaj,CT 100,142129,2019,402,Electric,91.76,Third,2023,expired,dealer,60068.55,tier 1
Uttar Pradesh,52.05,Royal Enfield,Hunter 350,"₹144,753",2020,560,Petrol,41.09,Third,2021,Not Available,individual,101802.79,  Tier 1  
West Bengal,44.29,TVS,Ronin,328713,2020,779,Hybrid,81.41,SECOND,2023,ACTIVE,DEALER,233837.65,tier 3
Madhya Pradesh,32.68,KTM,125 Duke,60127,2021,412,Electric,86.56,Second,2021,active,  Individual  ,,Tier 3
delhi,5.12,Royal Enfield,Hunter 350,194425,2023,478,Hybrid,63.78,second owner,2023,  Expired  ,Dealer,86664.74,Tier 3
  Gujarat  ,67.44,  Kawasaki  ,Z650,373703,2024,706,PETROL,48.96,2nd,2024,Not Available,INDIVIDUAL,232102.35,Tier 3
tamil nadu,31.53,yamaha,FZ V3,"₹263,156",2023,379,Hybrid,97.69,Second,2023,Expired,individual,147574.94,Tier 3
Tamil Nadu,74.35,  Yamaha  ,MT-15,184636,2022,418,Petrol,35.38,First,2022,not available,individual,111548.68,Metro
West Bengal,37.01,HERO,Passion Pro,168168,2016,952,  Electric  ,83.77,3rd,2021,,Individual,102694.0,tier 3
Rajasthan,52.78,Hero,Passion Pro,113756,2024,519,Petrol,55.79,3rd,2024,Not Available,  Individual  ,83582.84,Tier 2
Rajasthan,74.55,royal enfield,Meteor 350,290488,2020,821,hybrid,82.2,Third,2021,expired,individual,168816.82,Metro
Delhi,65.19,  KTM  ,125 Duke,301107,2021,321,Hybrid,89.57,Second,2024,Not Available,Dealer,,Tier 2
Karnataka,34.73,KTM,390 Adventure,103062,2019,995,Electric,70.42,3rd,2021,,Individual,53397.92,  Tier 3  
maharashtra,72.65,TVS,Ronin,359402,2020,366,  Petrol  ,32.83,3rd,2022,Active,Individual,218085.27,Tier 3
Maharashtra,77.71,Honda,Unicorn,313848,2021,582,Electric,96.4,SECOND,2023,Active,  Dealer  ,,Tier 3
Tamil Nadu,67.37,ktm,RC 390,132009,2022,359,Hybrid,80.1,Second,2023,  Active  ,Individual,97394.42,Metro
Karnataka,32.61,HONDA,Dio,201063,2020,906,Electric,,third owner,2021,Expired,INDIVIDUAL,157700.25,Tier 1
West Bengal,72.64,Honda,Activa,232666,2023,524,Petrol,45.09,3rd,2024,Expired,dealer,146929.85,Tier 2
Uttar Pradesh,47.0,kawasaki,Ninja 300,197106,2019,275,Electric,89.64,third owner,2023,NOT AVAILABLE,  Dealer  ,120680.41,TIER 1
Delhi,21.69,bajaj,Pulsar 150,214734,2022,763,Electric,65.8,Second,2022,Not Available,individual,164369.99,Tier 1
UTTAR PRADESH,33.26,Yamaha,FZ V3,361928,2021,536,Hybrid,81.54,,2022,,Dealer,202858.73,Metro
MADHYA PRADESH,60.74,Honda,Unicorn,245597,2019,980,Hybrid,75.67,2nd,2021,Not Available,Dealer,192945.89,Tier 2
MADHYA PRADESH,20.84,Royal Enfield,Meteor 350,"₹371,689",2017,797,PETROL,41.04,third owner,2023,Active,Individual,201442.56,TIER 3
Punjab,69.42,HONDA,Shine,316099,2023,887,Petrol,52.19,,2023,EXPIRED,Individual,218085.9185884123,  Tier 1  
Tamil Nadu,23.69,Kawasaki,Z650,76541,2024,171,Hybrid,86.37,FIRST,2024,Expired,dealer,35509.05,Tier 1
RAJASTHAN,65.66,KAWASAKI,Vulcan S,374256,2022,744,Electric,67.63,,2023,EXPIRED,Individual,230283.47,tier 1
  Tamil Nadu  ,61.34,kawasaki,Ninja 300,275018,2019,241,hybrid,99.27,Third,2021,expired,INDIVIDUAL,186043.99,  Tier 2  
  Karnataka  ,44.74,Honda,Activa,177450,2023,241,  Electric  ,68.8,SECOND,2023,Expired,  Dealer  ,74568.94,tier 2
West Bengal,41.9,Yamaha,Fascino 125,165785,2020,952,Petrol,50.36,3rd,2023,Not Available,  Individual  ,75378.65,tier 3
uttar pradesh,15.45,  Hero  ,Glamour,"₹225,166",2021,786,ELECTRIC,79.99,First,2021,Not Available,  Dealer  ,162867.69,TIER 1
West Bengal,24.93,  KTM  ,Duke 200,274498,2021,209,Petrol,,FIRST,2021,Expired,Individual,128986.21,tier 2
uttar pradesh,56.19,Bajaj,Platina 110,128439,2019,551,  Electric  ,77.6,SECOND,2023,  Not Available  ,dealer,77597.97,Tier 1
Tamil Nadu,36.32,  KTM  ,RC 390,130071,2021,131,Electric,87.36,third owner,2023,Active,Dealer,83183.4,  Tier 1  
Delhi,28.48,hero,Xtreme 160R,77832,2023,942,Electric,73.73,THIRD,2024,not available,Dealer,59626.67,TIER 3
PUNJAB,19.11,Hero,Splendor Plus,170102,2023,853,Electric,62.81,Third,2024,  Expired  ,Dealer,113511.93,Metro
Madhya Pradesh,6.54,honda,Dio,372825,2024,156,HYBRID,77.6,second owner,2024,Not Available,Individual,247556.56,  Tier 3  
Maharashtra,26.76,Yamaha,FZ V3,"₹180,180",2018,854,HYBRID,96.58,third owner,2024,ACTIVE,dealer,114146.55,Metro
karnataka,12.65,Royal Enfield,Classic 350,143510,2023,797,petrol,54.3,third owner,2024,Not Available,Dealer,80845.66,Tier 2
WEST BENGAL,74.69,TVS,Sport,337826,2023,757,Hybrid,96.67,Second,2023,NOT AVAILABLE,DEALER,207004.61,  Metro  
Rajasthan,12.73,HONDA,Dio,298605,2023,937,Electric,69.68,First,2023,expired,DEALER,174701.55,TIER 1
  West Bengal  ,42.48,Royal Enfield,Interceptor 650,138509,2017,470,Hybrid,90.3,second owner,2024,Active,  Dealer  ,88847.25,Metro
rajasthan,14.54,Tvs,NTorq 125,234274,2015,138,HYBRID,74.34,2nd,2024,Expired,Individual,162862.51,Tier 2
West Bengal,58.72,kawasaki,Versys 650,292564,2023,717,Electric,,3rd,2024,Expired,individual,144249.56,TIER 2
PUNJAB,44.87,Royal Enfield,Classic 350,256680,2015,904,hybrid,70.7,SECOND,2022,  Active  ,Individual,173957.86,Tier 2
Tamil Nadu,56.89,TVS,Jupiter,135451,2021,121,Petrol,50.99,THIRD,2024,NOT AVAILABLE,dealer,75823.25,TIER 2
Punjab,42.81,kawasaki,Vulcan S,369779,2021,378,Petrol,36.64,1st,2021,Not Available,Dealer,282553.5,Metro
Gujarat,49.05,  Kawasaki  ,Z650,161619,2022,395,  Electric  ,71.6,1st,2022,Active,Dealer,72164.9,Tier 1
UTTAR PRADESH,10.02,honda,CBR 650R,75463,2023,149,  Hybrid  ,75.24,SECOND,2023,Expired,Individual,47730.34,  Tier 3  
Gujarat,14.62,Hero,HF Deluxe,350129,2015,636,Electric,64.67,,2023,expired,Individual,245337.97,Tier 1
Gujarat,27.77,KTM,125 Duke,264566,2021,103,ELECTRIC,90.55,3rd,2022,Active,Dealer,178315.22,Tier 3
Gujarat,52.38,Tvs,Sport,286541,2022,429,Petrol,0.0,THIRD,2024,not available,INDIVIDUAL,164660.03,tier 2
Karnataka,68.58,Hero,Xtreme 160R,"₹101,681",2021,585,Electric,73.36,FIRST,2021,Expired,Individual,69409.88,  Metro  
  Uttar Pradesh  ,78.73,  Honda  ,Dio,86810,2024,234,  Hybrid  ,72.75,First,2024,,INDIVIDUAL,46318.83,Tier 3
Delhi,18.04,Bajaj,Avenger 220,175340,2022,937,Electric,89.92,First,2022,Expired,Individual,115608.58,Tier 1
gujarat,35.57,Royal Enfield,Interceptor 650,176096,2022,279,Hybrid,61.79,2nd,2022,  Not Available  ,DEALER,105983.3,Tier 2
UTTAR PRADESH,58.74,HERO,Passion Pro,226665,2021,133,Hybrid,84.22,Third,2022,Not Available,Dealer,150673.59,Tier 2
KARNATAKA,39.72,Bajaj,Pulsar 150,"₹381,773",2017,821,Hybrid,61.34,3rd,2021,Active,individual,218593.41,TIER 3
rajasthan,75.04,KTM,RC 390,317115,2017,520,Petrol,56.92,3rd,2021,Expired,  Dealer  ,185629.82,tier 3
WEST BENGAL,30.18,Royal Enfield,Himalayan,218237,2023,978,Hybrid,67.83,second owner,2023,Not Available,Dealer,155049.26,Tier 1
gujarat,17.1,Kawasaki,Ninja 400,190019,2018,427,hybrid,91.06,Second,2022,Expired,INDIVIDUAL,151016.18,tier 2
punjab,53.23,BAJAJ,Avenger 220,308548,2023,685,Hybrid,95.37,third owner,2024,  Active  ,Individual,167206.27,tier 2
Karnataka,36.19,KTM,390 Adventure,154694,2023,324,Petrol,30.52,second owner,2024,Active,Dealer,69295.89,Tier 2
WEST BENGAL,61.11,Bajaj,Avenger 220,279310,2015,593,electric,81.87,Second,2021,Active,Individual,164017.68,TIER 3
punjab,56.99,Honda,CBR 650R,122152,2021,466,HYBRID,70.09,,2021,Not Available,Dealer,89952.53,TIER 2
Maharashtra,47.07,Royal Enfield,Interceptor 650,"₹103,593",2023,859,Hybrid,81.54,2nd,2024,EXPIRED,Dealer,50239.94,Metro
Uttar Pradesh,47.95,Kawasaki,Vulcan S,394766,2023,303,Petrol,57.33,third owner,2023,EXPIRED,Individual,186868.77,  Tier 2  
west bengal,8.91,Royal Enfield,Classic 350,195446,2023,612,  Petrol  ,26.47,First,2023,Active,DEALER,107643.08,Metro
Maharashtra,10.84,Yamaha,Ray ZR,300057,2024,391,Petrol,57.74,FIRST,2024,  Active  ,  Individual  ,,Metro
Punjab,5.93,kawasaki,Versys 650,321206,2021,385,  Hybrid  ,87.57,2nd,2024,Expired,Dealer,219324.45,Metro
Madhya Pradesh,21.35,Honda,Shine,118069,2024,392,Hybrid,66.72,Second,2024,EXPIRED,dealer,93032.51,METRO
Tamil Nadu,78.43,  Royal Enfield  ,Hunter 350,208943,2020,884,PETROL,29.19,Third,2022,Expired,  Dealer  ,86672.35,TIER 3
  Gujarat  ,25.0,Hero,HF Deluxe,367075,2021,545,Petrol,28.32,SECOND,2024,Not Available,  Dealer  ,218550.23,Tier 2
Gujarat,69.34,KTM,250 Duke,333361,2024,575,Petrol,38.69,second owner,2024,Not Available,  Individual  ,178756.01,metro
  West Bengal  ,40.01,Royal Enfield,Interceptor 650,396064,2021,670,PETROL,36.63,Third,2022,NOT AVAILABLE,INDIVIDUAL,273269.77,METRO
  Uttar Pradesh  ,44.33,bajaj,CT 100,268011,2018,925,Hybrid,74.4,second owner,2021,Active,Dealer,114208.49,Tier 1
Rajasthan,44.83,Yamaha,Ray ZR,289838,2022,921,Hybrid,77.29,1st,2022,Expired,  Individual  ,230502.82,Tier 3
Uttar Pradesh,70.67,  Hero  ,Xtreme 160R,188822,2022,469,petrol,43.86,second owner,2023,Active,Dealer,106089.37,Tier 3
  Madhya Pradesh  ,64.73,KAWASAKI,Ninja 300,248268,2021,374,hybrid,64.3,3rd,2024,Active,Individual,147654.72,tier 2
West Bengal,44.75,hero,Xtreme 160R,349825,2024,989,Petrol,50.47,THIRD,2024,EXPIRED,  Individual  ,156482.06,metro
  Karnataka  ,67.44,Yamaha,Fascino 125,153541,2022,264,  Electric  ,82.59,third owner,2024,active,INDIVIDUAL,117022.06,Tier 2
Tamil Nadu,40.26,TVS,Sport,260418,2017,236,hybrid,97.73,Second,2022,Not Available,  Individual  ,151691.23,Tier 3
Maharashtra,29.74,Royal Enfield,Interceptor 650,217757,2016,709,Hybrid,98.41,,2022,Not Available,Dealer,122441.77,Metro
Delhi,38.78,Royal Enfield,Interceptor 650,220047,2024,859,Petrol,47.4,first owner,2024,,dealer,170994.63,Metro
Punjab,57.3,Honda,CBR 650R,148173,2021,560,hybrid,74.51,second owner,2024,expired,Individual,104561.41,  Tier 3  
Punjab,61.66,Royal Enfield,Classic 350,70655,2016,763,Petrol,30.69,THIRD,2021,EXPIRED,individual,38220.26,TIER 3
KARNATAKA,54.13,  Honda  ,Shine,"₹204,900",2021,983,Electric,62.3,THIRD,2023,  Not Available  ,  Dealer  ,144266.15,Metro
West Bengal,58.52,Honda,CBR 650R,246437,2023,867,Hybrid,65.75,first owner,2023,EXPIRED,Individual,142013.88,Tier 3
DELHI,79.41,  Yamaha  ,MT-15,361167,2021,791,Petrol,49.51,First,2021,EXPIRED,Individual,259462.47,tier 1
Punjab,67.62,Hero,HF Deluxe,268390,2021,130,Electric,70.76,2nd,2023,,individual,156784.52,tier 1
DELHI,31.57,Hero,HF Deluxe,283040,2022,257,  Hybrid  ,78.69,THIRD,2022,Not Available,DEALER,217740.96,Metro
RAJASTHAN,13.71,Bajaj,CT 100,303446,2023,175,Petrol,40.47,,2023,not available,Dealer,143211.99,Metro
Tamil Nadu,30.12,Kawasaki,Versys 650,96675,2017,851,Hybrid,71.06,Second,2021,Not Available,Dealer,76336.85,Tier 1
delhi,37.01,Kawasaki,Ninja 300,373159,2024,960,Electric,70.58,2nd,2024,active,individual,272530.16,Metro
madhya pradesh,62.81,Yamaha,Fascino 125,115096,2022,996,Electric,89.44,second owner,2023,EXPIRED,Dealer,76685.47,Tier 2
punjab,7.79,Bajaj,Platina 110,139297,2020,574,Hybrid,86.96,,2022,Active,Individual,91384.65,tier 1
rajasthan,26.73,ROYAL ENFIELD,Meteor 350,241852,2023,886,  Petrol  ,,Third,2024,NOT AVAILABLE,Dealer,136848.07,Metro
Rajasthan,30.19,KTM,250 Duke,74167,2020,815,electric,85.68,second owner,2023,Active,Dealer,55589.31,METRO
karnataka,67.74,kawasaki,Ninja 300,82374,2023,977,electric,87.19,FIRST,2023,expired,individual,52070.3,Tier 1
Gujarat,61.3,  Kawasaki  ,Ninja 300,101791,2024,838,  Petrol  ,28.85,first owner,2024,Not Available,Dealer,,metro
Tamil Nadu,18.46,BAJAJ,Platina 110,238202,2024,926,  Hybrid  ,69.96,Third,2024,Expired,dealer,186188.66,Tier 3
  Karnataka  ,21.82,Bajaj,Dominar 400,355590,2024,466,Electric,62.97,First,2024,Not Available,DEALER,196052.38,Tier 3
  Maharashtra  ,28.0,TVS,Ronin,243872,2019,354,Hybrid,92.99,second owner,2021,ACTIVE,Dealer,136128.8,Tier 2
Karnataka,17.3,Bajaj,Pulsar 150,99305,2022,675,  Electric  ,78.04,Third,2024,active,Individual,51720.95,Tier 2
Punjab,49.72,Royal Enfield,Interceptor 650,116144,2019,513,petrol,26.28,THIRD,2024,Expired,Dealer,59574.93,Tier 3
Maharashtra,68.54,TVS,NTorq 125,152833,2015,437,electric,75.54,Third,2022,Expired,DEALER,107605.24,Metro
DELHI,6.33,kawasaki,Vulcan S,80488,2023,961,Hybrid,65.2,3rd,2023,NOT AVAILABLE,dealer,35907.88,Tier 1
West Bengal,37.81,Honda,Activa,211310,2024,348,Hybrid,82.21,second owner,2024,,individual,102122.06,Tier 2
Delhi,9.87,KTM,390 Adventure,100389,2024,117,Petrol,34.46,Second,2024,  Active  ,Dealer,63724.51,Tier 1
  Delhi  ,56.15,Hero,Passion Pro,181203,2020,500,hybrid,72.94,THIRD,2022,,dealer,110589.64,  Metro  
KARNATAKA,79.41,yamaha,Ray ZR,82095,2019,745,hybrid,69.58,Second,2022,Not Available,Dealer,33337.11,TIER 3
UTTAR PRADESH,25.87,HONDA,CBR 650R,113470,2020,157,Hybrid,82.87,Second,2023,Not Available,INDIVIDUAL,58378.63,Tier 2
tamil nadu,5.77,Hero,HF Deluxe,69621,2022,789,Petrol,43.67,,2022,NOT AVAILABLE,DEALER,31496.58,  Metro  
West Bengal,6.41,  Royal Enfield  ,Interceptor 650,191966,2023,659,Hybrid,88.53,second owner,2023,  Not Available  ,Dealer,132482.72,Tier 1
  Madhya Pradesh  ,64.19,  Kawasaki  ,Vulcan S,174704,2021,449,ELECTRIC,77.54,,2022,NOT AVAILABLE,Individual,132813.91,Tier 3
Uttar Pradesh,43.48,Royal Enfield,Interceptor 650,281135,2024,397,Petrol,46.71,THIRD,2024,  Not Available  ,Dealer,173570.1,TIER 1
tamil nadu,34.41,  Royal Enfield  ,Classic 350,157109,2024,987,Electric,68.57,1st,2024,NOT AVAILABLE,INDIVIDUAL,97722.23,tier 2
MADHYA PRADESH,67.74,TVS,NTorq 125,343323,2015,844,Electric,66.04,THIRD,2023,Not Available,Dealer,141063.35,Metro
Madhya Pradesh,57.87,kawasaki,Vulcan S,301878,2021,849,Electric,84.58,THIRD,2024,Active,INDIVIDUAL,127048.24,Metro
Maharashtra,15.5,  Bajaj  ,Platina 110,387571,2022,716,hybrid,82.84,3rd,2023,Expired,  Dealer  ,163735.0,metro
  Madhya Pradesh  ,62.48,Kawasaki,Versys 650,199105,2022,652,Electric,77.5,first owner,2022,Expired,individual,125795.2,Tier 1
Gujarat,52.47,hero,Splendor Plus,66080,2019,748,Petrol,43.9,second owner,2024,Expired,DEALER,28815.437101794676,metro
  Maharashtra  ,48.0,Honda,CBR 650R,248289,2020,991,Petrol,29.85,Third,2024,EXPIRED,Individual,140102.42,Tier 2
gujarat,49.4,BAJAJ,Platina 110,165104,2022,265,  Electric  ,69.28,first owner,2022,Active,Dealer,125209.75,Tier 1
tamil nadu,77.17,Royal Enfield,Hunter 350,370226,2024,656,ELECTRIC,87.68,,2024,Expired,Dealer,155187.8,Tier 1
  Delhi  ,54.79,Ktm,125 Duke,296622,2021,453,  Hybrid  ,63.06,third owner,2021,Active,Individual,132567.49,Tier 3
Gujarat,8.55,hero,Passion Pro,328639,2018,214,  Electric  ,93.37,SECOND,2024,not available,individual,188122.49,Tier 3
Delhi,52.66,  Honda  ,Dio,357348,2020,487,  Hybrid  ,97.13,,2024,Active,individual,174253.67,Tier 3
Uttar Pradesh,22.0,bajaj,Platina 110,367133,2020,966,Petrol,47.66,second owner,2024,  Expired  ,DEALER,182160.19,METRO
rajasthan,41.96,KTM,390 Adventure,366519,2024,552,Electric,91.51,THIRD,2024,ACTIVE,dealer,149230.83,metro
Maharashtra,26.24,kawasaki,Z650,"₹55,028",2022,158,petrol,27.67,third owner,2023,  Expired  ,Individual,34164.77,Tier 1
karnataka,36.88,YAMAHA,Ray ZR,297401,2022,988,PETROL,27.57,3rd,2024,  Not Available  ,Dealer,202038.73,Tier 2
Delhi,61.53,TVS,Jupiter,179917,2024,643,ELECTRIC,86.37,2nd,2024,  Not Available  ,Individual,97233.01731563038,Tier 3
Karnataka,76.48,  TVS  ,Ronin,176433,2023,312,Hybrid,95.29,third owner,2024,EXPIRED,Individual,80615.23,TIER 1
uttar pradesh,64.65,Kawasaki,Vulcan S,307923,2022,958,Hybrid,62.66,First,2022,NOT AVAILABLE,  Individual  ,213706.46,Tier 1
Tamil Nadu,9.0,ktm,390 Adventure,285832,2020,201,petrol,39.95,Second,2021,Not Available,Individual,220322.48,tier 3
Maharashtra,78.58,Yamaha,MT-15,170581,2021,754,petrol,40.37,SECOND,2021,Expired,  Dealer  ,72574.43,Tier 1
Karnataka,70.97,Hero,Splendor Plus,286358,2015,222,  Hybrid  ,94.37,3rd,2023,Expired,Dealer,166845.96,tier 2
Punjab,77.93,Royal Enfield,Classic 350,308972,2019,413,Petrol,,third owner,2023,  Not Available  ,DEALER,211248.62,  Tier 1  
  Punjab  ,47.37,Tvs,Apache RTR 160,156572,2024,765,Petrol,46.63,third owner,2024,Expired,Dealer,119449.63,Tier 3
Uttar Pradesh,77.03,Bajaj,CT 100,217400,2020,783,Hybrid,96.3,Second,2021,Not Available,Individual,97334.55,tier 3
Punjab,33.93,Kawasaki,Ninja 300,320346,2024,237,Electric,92.91,1st,2024,Active,  Dealer  ,245489.45,tier 3
  Uttar Pradesh  ,56.72,  Royal Enfield  ,Himalayan,351675,2021,761,electric,69.28,1st,2021,Not Available,Individual,261916.65,metro
UTTAR PRADESH,17.17,Royal Enfield,Himalayan,220093,2022,627,petrol,43.41,3rd,2023,not available,dealer,114182.39,tier 2
Punjab,850.0,Yamaha,Ray ZR,381238,2017,453,Hybrid,85.09,,2022,not available,  Individual  ,258589.2,Metro
Delhi,60.52,HONDA,Activa,154391,2018,313,  Petrol  ,42.67,Second,2024,Active,Individual,121559.96,METRO
  Tamil Nadu  ,53.56,Honda,Dio,396194,2018,548,hybrid,88.72,,2021,Active,Individual,165686.83,  Metro  
Uttar Pradesh,74.91,Royal Enfield,Himalayan,53183,2023.0,823,PETROL,46.03,first owner,2023,not available,  Individual  ,26593.82,Tier 2
gujarat,57.76,Kawasaki,Z650,178475,2024,847,  Electric  ,83.54,second owner,2024,Active,dealer,86175.85,Tier 2
Uttar Pradesh,50.09,Bajaj,Dominar 400,86047,2023,355,Petrol,49.95,3rd,2024,ACTIVE,Individual,66570.91,Tier 1
Maharashtra,32.93,Ktm,Duke 200,247152,2021,713,Petrol,30.33,THIRD,2023,Not Available,Individual,184920.72,tier 2
  Rajasthan  ,79.82,Honda,CBR 650R,393686,2022,424,Petrol,43.58,Third,2022,Not Available,  Dealer  ,302653.3,TIER 2
Gujarat,67.84,Ktm,390 Adventure,120543,2024,282,HYBRID,-15.0,third owner,2024,Active,INDIVIDUAL,60521.34,Tier 3
Maharashtra,68.65,HONDA,Shine,105915,2021,692,  Hybrid  ,80.78,SECOND,2024,Not Available,Individual,62853.44,Tier 2
Punjab,27.1,  Bajaj  ,Dominar 400,302096,2016,678,petrol,,Third,2024,Not Available,DEALER,240224.37,Tier 3
West Bengal,17.9,ROYAL ENFIELD,Interceptor 650,227271,2017,975,  Electric  ,72.67,2nd,2024,Expired,Individual,,TIER 1
  Tamil Nadu  ,60.31,Bajaj,Platina 110,194652,2024,713,Petrol,,First,2024,Expired,Individual,,Metro
MAHARASHTRA,17.31,  Honda  ,Shine,126215,2018,861,  Petrol  ,28.45,SECOND,2023,Expired,Dealer,67280.87,TIER 2
  Gujarat  ,70.35,Hero,Glamour,317984,2022,307,Electric,64.83,second owner,2024,expired,Dealer,176476.06,METRO
Tamil Nadu,42.55,YAMAHA,R15 V4,245586,2021,901,  Petrol  ,32.24,1st,2021,Expired,Dealer,101268.08134841156,Tier 3
Punjab,60.24,Yamaha,FZ V3,286185,2022,829,Hybrid,95.91,THIRD,2022,Expired,individual,170608.14,Tier 2
  Uttar Pradesh  ,58.02,Hero,Splendor Plus,365236,2017.0,9999,hybrid,94.91,SECOND,2022,Expired,Dealer,174083.37,tier 2
Karnataka,75.35,  Royal Enfield  ,Interceptor 650,223158,2022,221,electric,81.15,1st,2022,Active,Dealer,123980.53,Tier 3
Tamil Nadu,68.64,Bajaj,Pulsar 150,147893,2022,342,Petrol,40.4,,2024,Expired,individual,,TIER 2
Karnataka,20.83,Hero,HF Deluxe,216914,2023,220,hybrid,68.65,second owner,2024,  Expired  ,Dealer,103759.77,Tier 3
Delhi,57.83,TVS,Sport,202549,2023,419,  Electric  ,87.31,THIRD,2024,  Expired  ,  Dealer  ,102469.86,TIER 2
west bengal,37.71,Royal Enfield,Interceptor 650,366114,2024,762,Electric,79.35,Second,2024,Not Available,individual,,Tier 2
Madhya Pradesh,62.19,hero,Splendor Plus,240011,2019,378,Electric,91.12,2nd,2023,EXPIRED,INDIVIDUAL,98939.03,Tier 2
Punjab,57.47,TVS,Jupiter,351498,2021,544,Petrol,55.49,Third,2021,,  Dealer  ,192727.81,metro
delhi,47.69,ktm,390 Adventure,121290,2023,577,Petrol,59.51,First,2023,Not Available,Individual,78887.03,Tier 2
  Maharashtra  ,11.84,KTM,RC 390,379899,2022,508,Hybrid,66.66,third owner,2022,Not Available,  Dealer  ,228179.65,Tier 1
Rajasthan,23.12,YAMAHA,FZ V3,59215,2018,534,Petrol,30.88,,2023,ACTIVE,  Dealer  ,44320.06,Metro
RAJASTHAN,15.53,Hero,HF Deluxe,313855,2022,518,Electric,,First,2022,Active,  Individual  ,249975.03,TIER 2
Gujarat,69.59,BAJAJ,Platina 110,288971,2015,758,  Petrol  ,25.72,3rd,2023,Not Available,individual,137973.74,  Tier 2  
  Delhi  ,16.27,Royal Enfield,Classic 350,75749,2021,773,Petrol,35.04,THIRD,2021,  Active  ,Individual,32576.39,Tier 2
Gujarat,41.79,Honda,Unicorn,332876,2022,406,petrol,38.85,first owner,2022,Active,Individual,165005.82,METRO
  Rajasthan  ,79.47,Yamaha,Fascino 125,235310,2021,813,  Hybrid  ,87.58,Second,2022,expired,  Individual  ,186700.59,Tier 2
Gujarat,69.45,BAJAJ,Dominar 400,383730,2015,655,electric,62.33,Second,2023,Expired,Dealer,303017.21,  Tier 2  
TAMIL NADU,20.8,royal enfield,Himalayan,329320,2024,311,Hybrid,72.47,First,2024,  Active  ,  Dealer  ,168647.7,tier 3
  Madhya Pradesh  ,70.67,Kawasaki,Ninja 300,375104,2021,298,Hybrid,85.13,Third,2022,Expired,DEALER,180804.13,tier 2
  Madhya Pradesh  ,14.29,Hero,Splendor Plus,193561,2021,704,HYBRID,84.71,FIRST,2021,Not Available,individual,89879.54,Tier 1
Delhi,58.05,Hero,Glamour,63775,2018,505,electric,94.53,SECOND,2024,ACTIVE,individual,26801.24,tier 2
TAMIL NADU,33.77,Bajaj,CT 100,121087,2022,151,PETROL,37.81,second owner,2023,Expired,INDIVIDUAL,55965.1,Tier 2
West Bengal,6.39,tvs,Ronin,102697,2023,983,Electric,99.03,1st,2023,Expired,Dealer,46968.48,  Metro  
Madhya Pradesh,59.59,YAMAHA,R15 V4,398816,2020,421,petrol,39.68,2nd,2023,Expired,dealer,289931.74,Tier 1
West Bengal,65.4,  Kawasaki  ,Z650,111016,2021,798,  Electric  ,94.46,,2021,Expired,dealer,74196.23,tier 3
Maharashtra,41.11,Bajaj,CT 100,245266,2024,778,ELECTRIC,93.76,3rd,2024,Active,Dealer,133061.81,Tier 1
WEST BENGAL,37.48,Royal Enfield,Interceptor 650,332712,2021,918,HYBRID,83.24,third owner,2023,Expired,  Dealer  ,226461.93,Tier 1
Uttar Pradesh,45.03,kawasaki,Ninja 300,334216,2020,368,  Hybrid  ,63.11,2nd,2024,ACTIVE,Individual,200157.62,metro
west bengal,41.64,Royal Enfield,Classic 350,224234,2023,705,Hybrid,91.48,THIRD,2023,Not Available,Dealer,148952.18,Metro
UTTAR PRADESH,34.0,Tvs,Jupiter,180740,2022,477,HYBRID,84.76,1st,2022,  Active  ,dealer,136258.96,Tier 2
punjab,69.06,bajaj,CT 100,378201,2023,273,PETROL,52.66,FIRST,2023,Not Available,Individual,263859.19,Tier 3
Gujarat,26.69,TVS,Sport,303407,2024,197,PETROL,28.81,FIRST,2024,Expired,Dealer,144319.09,Tier 3
RAJASTHAN,60.35,Honda,Activa,65885,2022,759,Hybrid,72.82,,2023,Expired,individual,29174.51,tier 3
MAHARASHTRA,55.32,Bajaj,Pulsar 150,242303,2024,444,hybrid,80.62,SECOND,2024,Active,DEALER,121833.29,TIER 1
  Punjab  ,36.57,Yamaha,Fascino 125,303600,2021,769,Petrol,32.69,THIRD,2021,Expired,dealer,137220.69,  Metro  
Madhya Pradesh,36.31,kawasaki,Z650,301779,2024,884,ELECTRIC,86.21,Second,2024,Active,individual,,Metro
  Gujarat  ,43.46,Royal Enfield,Meteor 350,129947,2022,889,hybrid,62.6,third owner,2022,Active,DEALER,73045.88,METRO
Punjab,42.05,Hero,Passion Pro,96973,2022,482,Petrol,31.9,THIRD,2024,Not Available,individual,52273.844465417176,  Tier 3  
Punjab,42.91,KTM,390 Adventure,"₹151,381",2023,370,HYBRID,86.12,Second,2024,Expired,individual,105362.3,TIER 2
Madhya Pradesh,32.07,tvs,Apache RTR 160,247666,2023,705,  Hybrid  ,91.13,SECOND,2024,EXPIRED,DEALER,120051.15,TIER 1
Madhya Pradesh,62.79,Ktm,125 Duke,142698,2015,398,Petrol,28.92,third owner,2024,ACTIVE,  Dealer  ,112153.11,TIER 2
DELHI,79.89,Tvs,Ronin,104899,2022,639,ELECTRIC,88.48,3rd,2022,not available,  Individual  ,60975.26,TIER 1
  Rajasthan  ,19.33,KTM,390 Adventure,325441,2021,387,Hybrid,92.85,2nd,2022,not available,Dealer,131545.23,Tier 1
Gujarat,67.01,  KTM  ,390 Adventure,247194,2024,962,hybrid,93.13,First,2024,  Expired  ,Individual,144959.51,Tier 2
tamil nadu,69.98,Royal Enfield,Hunter 350,216113,2017,501,ELECTRIC,77.83,2nd,2024,Expired,Individual,89151.83,Tier 2
DELHI,65.12,Yamaha,R15 V4,"₹253,665",2016,386,Hybrid,87.63,second owner,2023,  Not Available  ,Dealer,103625.0,metro
  Maharashtra  ,67.87,KTM,390 Adventure,315060,2020,963,Petrol,44.03,Second,2024,EXPIRED,Dealer,218450.87,Tier 3
gujarat,26.83,Kawasaki,Versys 650,118442,2018,883,petrol,53.72,THIRD,2023,Expired,  Individual  ,70991.64,Tier 3
Uttar Pradesh,53.18,  Royal Enfield  ,Interceptor 650,370280,2021,219,petrol,54.46,3rd,2024,Not Available,INDIVIDUAL,172156.79,metro
Gujarat,42.52,Bajaj,Avenger 220,361503,2023,159,Electric,,second owner,2023,NOT AVAILABLE,Dealer,216550.84,Tier 3
tamil nadu,34.86,kawasaki,Versys 650,57464,2024,563,electric,96.23,third owner,2024,Active,  Dealer  ,24950.7,TIER 2
MAHARASHTRA,65.17,Tvs,Sport,104026,2020,871,Electric,99.55,Third,2022,ACTIVE,Dealer,43486.65,Metro
  Delhi  ,28.41,TVS,NTorq 125,122201,2022,293,Electric,73.84,SECOND,2024,Not Available,Dealer,91563.77,Metro
Rajasthan,33.37,  Hero  ,Xtreme 160R,263758,2019,475,  Hybrid  ,73.14,3rd,2023,Not Available,Individual,200132.99791521224,  Metro  
Delhi,31.31,TVS,Jupiter,69175,2022,201,hybrid,65.57,third owner,2023,Active,Individual,40460.09,Metro
West Bengal,40.11,ktm,Duke 200,232166,2019,719,hybrid,72.41,3rd,2021,Expired,dealer,157406.64,METRO
Tamil Nadu,71.46,  Bajaj  ,Pulsar 150,"₹250,134",2023,127,petrol,44.4,,2023,  Active  ,Dealer,122039.03,tier 1
Punjab,36.99,Kawasaki,Versys 650,154074,2022,814,Electric,77.18,SECOND,2023,Not Available,  Dealer  ,71533.13,Metro
Madhya Pradesh,9.97,  Yamaha  ,Ray ZR,284146,2024.0,859,Petrol,31.22,first owner,2024,active,  Dealer  ,173217.06,Tier 1
Delhi,77.57,YAMAHA,Fascino 125,169660,2018,204,Electric,61.92,2nd,2021,Active,dealer,,Metro
Karnataka,16.56,Hero,Splendor Plus,379162,2023,569,petrol,27.65,2nd,2023,expired,Dealer,206753.86,  Tier 1  
Madhya Pradesh,18.05,Kawasaki,Versys 650,59315,2022,991,HYBRID,67.24,THIRD,2023,Expired,DEALER,45794.0,Metro
maharashtra,6.13,BAJAJ,Dominar 400,75005,2016,1000,  Petrol  ,33.31,third owner,2024,expired,Dealer,43649.97,tier 1
  West Bengal  ,64.31,Honda,Activa,171182,2021,905,Petrol,54.39,2nd,2022,Not Available,  Individual  ,89476.48,Metro
Karnataka,25.74,TVS,Jupiter,170356,2021,935,Hybrid,77.46,2nd,2024,Expired,Dealer,89960.82,  Metro  
MAHARASHTRA,58.49,TVS,Sport,98867,2023,457,  Hybrid  ,66.85,FIRST,2023,Active,Dealer,71751.46,METRO
Punjab,41.47,  KTM  ,Duke 200,150764,2024,164,  Petrol  ,,Third,2024,active,Dealer,77671.05,Tier 3
Madhya Pradesh,38.33,Bajaj,Avenger 220,309871,2019,700,Petrol,34.67,2nd,2021,Expired,Individual,223324.22,TIER 2
Uttar Pradesh,35.56,Royal Enfield,Hunter 350,355199,2022,806,  Hybrid  ,64.91,Third,2022,NOT AVAILABLE,Dealer,262795.16,tier 2
Punjab,57.74,hero,Splendor Plus,202225,2015.0,218,Electric,67.25,SECOND,2024,Expired,Dealer,83380.89,Tier 1
Rajasthan,45.17,  Royal Enfield  ,Himalayan,393036,2022,295,Petrol,44.92,second owner,2024,Active,Dealer,289889.86,TIER 1
karnataka,18.82,Bajaj,CT 100,376605,2017,498,Electric,74.32,3rd,2022,expired,Dealer,247209.78,Tier 3
tamil nadu,50.91,Yamaha,R15 V4,374594,2023,422,Petrol,51.61,,2023,Expired,INDIVIDUAL,189731.45,Metro
  Maharashtra  ,35.55,BAJAJ,Pulsar 150,167460,2022,604,Hybrid,93.93,1st,2022,expired,Individual,121901.48,Metro
delhi,50.5,Bajaj,Pulsar 150,378066,2018,540,Petrol,,Second,2023,Not Available,dealer,198437.93,METRO
madhya pradesh,60.5,Ktm,250 Duke,317847,2022,268,Hybrid,92.73,2nd,2023,Active,DEALER,205179.05,Tier 1
  Delhi  ,34.51,YAMAHA,MT-15,163794,2015,568,  Petrol  ,,SECOND,2024,Not Available,DEALER,68128.56,  Tier 2  
MADHYA PRADESH,13.72,Kawasaki,Ninja 400,222446,2021,546,PETROL,35.06,third owner,2021,Expired,Individual,147529.45,Tier 2
Maharashtra,56.16,HERO,Passion Pro,209379,2015,865,ELECTRIC,,second owner,2021,Expired,  Individual  ,104398.25,  Metro  
  West Bengal  ,45.83,Royal Enfield,Himalayan,332859,2022,936,  Hybrid  ,,,2022,Expired,Dealer,147248.06,Tier 2
Gujarat,12.04,ROYAL ENFIELD,Meteor 350,271365,2023,290,Electric,71.83,second owner,2023,Expired,Individual,110029.03,  Tier 3  
Punjab,43.02,Royal Enfield,Classic 350,361918,2018,831,petrol,25.99,Third,2023,expired,individual,227492.65,Tier 3
GUJARAT,69.89,Yamaha,Fascino 125,289529,2020,475,PETROL,41.07,2nd,2022,Active,Individual,219773.32,Tier 2
Delhi,67.84,Hero,Glamour,251739,2023,714,petrol,58.96,,2024,Active,Dealer,154454.15,metro
Madhya Pradesh,40.93,royal enfield,Classic 350,73769,2018,452,Hybrid,64.15,3rd,2023,  Expired  ,Dealer,31119.82,tier 2
Rajasthan,9.27,BAJAJ,Pulsar 150,122027,2023,251,Electric,71.12,3rd,2023,active,Individual,93141.86,Metro
punjab,30.2,Hero,HF Deluxe,81194,2016,934,petrol,43.07,,2024,Expired,INDIVIDUAL,44770.84,Metro
Madhya Pradesh,19.31,  KTM  ,250 Duke,110759,2019,364,PETROL,53.27,third owner,2023,  Not Available  ,dealer,,Tier 1
  Uttar Pradesh  ,77.2,ROYAL ENFIELD,Hunter 350,203048,2021,398,  Electric  ,90.19,FIRST,2021,Active,Dealer,133152.74,METRO
  Delhi  ,59.34,Yamaha,MT-15,214451,2022,699,petrol,55.96,Second,2022,Expired,Individual,86133.53,Tier 3
gujarat,58.56,Hero,Xtreme 160R,107028,2021,166,  Petrol  ,59.28,Second,2024,Not Available,Dealer,76021.19,Tier 2
maharashtra,79.52,TVS,Apache RTR 160,304346,2016,908,  Hybrid  ,75.53,Third,2021,  Expired  ,Dealer,127786.19,Metro
Karnataka,8.35,HERO,Glamour,247072,2024,865,Electric,68.56,third owner,2024,Active,Individual,133579.37,  Tier 1  
Maharashtra,31.6,KTM,125 Duke,179479,2021,320,Electric,79.66,2nd,2022,active,Individual,102295.43,TIER 2
  West Bengal  ,47.83,honda,CBR 650R,396994,2023,627,  Electric  ,83.9,3rd,2024,  Not Available  ,dealer,314367.89,  Tier 3  
  Karnataka  ,41.43,  KTM  ,390 Adventure,171630,2020,431,  Petrol  ,,second owner,2024,Expired,dealer,126039.33,  Tier 1  
Tamil Nadu,56.72,HONDA,Shine,172833,2015,761,Electric,60.13,,2022,active,dealer,,Tier 2
Maharashtra,70.82,Royal Enfield,Interceptor 650,202139,2022,330,petrol,31.33,3rd,2024,Expired,  Dealer  ,84327.76,TIER 1
west bengal,38.77,yamaha,Fascino 125,286160,2021,255,ELECTRIC,85.39,First,2021,Active,Individual,165932.41,Metro
tamil nadu,75.55,Royal Enfield,Interceptor 650,287698,2023,982,Electric,91.63,3rd,2024,Expired,Individual,171609.43,Tier 1
  Maharashtra  ,60.25,kawasaki,Ninja 300,73773,2019,786,  Hybrid  ,69.11,second owner,2021,active,Individual,37115.22,METRO
Madhya Pradesh,77.49,  Kawasaki  ,Ninja 300,189221,2023,781,PETROL,49.87,first owner,2023,active,DEALER,95322.81,Tier 1
Uttar Pradesh,7.06,Yamaha,Ray ZR,279619,2019,925,HYBRID,71.08,Third,2022,EXPIRED,Individual,188241.5,TIER 1
Rajasthan,48.04,Yamaha,R15 V4,118398,2018,999,ELECTRIC,94.0,third owner,2021,Active,dealer,77638.43,Metro
Uttar Pradesh,78.39,KTM,RC 390,375537,2015,933,  Electric  ,93.78,,2021,Not Available,Individual,195909.67,metro
Punjab,29.81,KTM,Duke 200,98410,2023,348,  Petrol  ,42.34,first owner,2023,Not Available,Dealer,42579.96,  Metro  
TAMIL NADU,16.48,ROYAL ENFIELD,Interceptor 650,301542,2015,289,Electric,97.14,third owner,2024,active,  Individual  ,180897.18,Tier 1
Rajasthan,46.78,ktm,390 Adventure,316509,2019,233,petrol,33.45,SECOND,2021,Expired,Individual,203958.7,Tier 1
tamil nadu,28.15,bajaj,Dominar 400,346191,2020,787,Electric,73.24,3rd,2023,Not Available,Dealer,271221.57,METRO
Rajasthan,59.96,BAJAJ,Dominar 400,151010,2023,684,  Electric  ,73.32,3rd,2023,  Expired  ,Dealer,89098.58,Tier 1
TAMIL NADU,35.28,Kawasaki,Ninja 400,172782,2023,535,Petrol,36.37,Second,2023,EXPIRED,INDIVIDUAL,74027.35,Tier 2
Delhi,41.49,KAWASAKI,Vulcan S,190779,2023,446,Electric,61.56,2nd,2023,  Active  ,Dealer,132889.8,Metro
West Bengal,69.91,Honda,Dio,94293,2016,360,Hybrid,71.32,3rd,2021,  Not Available  ,dealer,58031.59,Tier 2
Rajasthan,70.1,TVS,Sport,388577,2022,778,Hybrid,67.32,Second,2023,,Dealer,255376.14,Tier 3
Maharashtra,16.67,Yamaha,FZ V3,326191,2023,369,  Hybrid  ,71.56,third owner,2024,  Not Available  ,INDIVIDUAL,173018.5,Metro
MADHYA PRADESH,10.48,Yamaha,MT-15,169614,2021,180,electric,94.26,1st,2021,Active,individual,128576.27,metro
Rajasthan,25.92,KAWASAKI,Vulcan S,317350,2020,257,  Petrol  ,59.6,3rd,2024,,INDIVIDUAL,218092.08,Tier 2
Maharashtra,24.17,Honda,CBR 650R,367042,2024,936,Hybrid,72.21,Second,2024,  Expired  ,Individual,149896.54,Tier 2
Uttar Pradesh,46.32,kawasaki,Ninja 400,274867,2022,749,PETROL,42.19,Third,2022,Active,Dealer,203123.73,  Tier 2  
karnataka,45.38,KTM,125 Duke,80238,2021,917,PETROL,36.87,THIRD,2021,ACTIVE,Individual,48311.05,Tier 1
Maharashtra,33.9,bajaj,Platina 110,101183,2021,913,petrol,43.15,second owner,2021,Expired,Individual,72778.95,Tier 2
rajasthan,20.53,TVS,Apache RTR 160,58797,2022.0,332,Petrol,47.99,Third,2022,not available,Dealer,28813.35,Tier 3
Gujarat,71.7,KTM,125 Duke,266198,2017,242,Hybrid,,2nd,2022,Not Available,dealer,174176.06,tier 3
PUNJAB,61.13,Royal Enfield,Meteor 350,272711,2019,506,Electric,72.99,Second,2021,Not Available,DEALER,142595.33,tier 2
Gujarat,5.17,Yamaha,R15 V4,159492,2022,951,PETROL,41.82,third owner,2022,  Expired  ,Dealer,93516.01,  Tier 1  
Maharashtra,62.83,KAWASAKI,Z650,166759,2024,930,  Electric  ,72.91,3rd,2024,Active,Dealer,104003.53,TIER 1
delhi,73.69,Hero,Xtreme 160R,153058,2023,661,electric,91.47,FIRST,2023,ACTIVE,DEALER,61607.42,Tier 3
West Bengal,69.04,bajaj,Avenger 220,88031,2016,464,Hybrid,75.76,3rd,2024,Not Available,  Individual  ,38675.89,  Tier 1  
punjab,49.35,  Hero  ,Passion Pro,98000,2024,402,Electric,92.34,First,2024,active,Dealer,39342.94,  Tier 2  
RAJASTHAN,42.54,HONDA,Shine,320441,2022,227,Petrol,34.67,Second,2023,Active,Individual,137956.13,TIER 1
WEST BENGAL,31.34,  Hero  ,HF Deluxe,326445,2023,144,Hybrid,79.03,Third,2024,Not Available,Individual,154426.39,  Metro  
  Maharashtra  ,26.65,Ktm,250 Duke,337856,2015,101,  Petrol  ,41.33,SECOND,2022,  Expired  ,Individual,209641.69,TIER 3
UTTAR PRADESH,6.71,  Bajaj  ,Dominar 400,207609,2017,777,PETROL,28.53,Second,2023,,  Individual  ,147051.27,Metro
Delhi,52.23,Royal Enfield,Hunter 350,383311,2018,344,Hybrid,64.78,second owner,2021,Expired,individual,160415.23,TIER 1
Madhya Pradesh,66.07,Hero,Passion Pro,346804,2016,334,hybrid,85.73,third owner,2022,Active,dealer,,Tier 2
  West Bengal  ,73.34,Kawasaki,Ninja 300,"₹354,307",2023,818,Hybrid,,Third,2024,ACTIVE,Individual,233552.08,Tier 1
West Bengal,46.54,BAJAJ,CT 100,71651,2024,716,Petrol,27.57,2nd,2024,NOT AVAILABLE,Individual,31654.57,Metro
RAJASTHAN,26.57,  Bajaj  ,Platina 110,125367,2023,744,  Hybrid  ,73.32,Third,2023,Expired,Individual,80894.28,TIER 3
west bengal,67.62,  KTM  ,Duke 200,263816,2019,819,ELECTRIC,96.05,third owner,2024,Expired,Individual,112880.56,  Metro  
Maharashtra,50.37,Royal Enfield,Himalayan,269774,2024,263,Petrol,33.96,SECOND,2024,  Expired  ,Individual,173708.08,TIER 1
Gujarat,50.78,royal enfield,Classic 350,271930,2018,379,Electric,71.94,Second,2022,Active,dealer,,  Tier 1  
west bengal,65.73,TVS,Ronin,281744,2022,297,Hybrid,,1st,2022,EXPIRED,INDIVIDUAL,198586.39,Metro
punjab,62.76,HERO,Passion Pro,138788,2023,526,Petrol,46.5,THIRD,2023,active,DEALER,102702.95,Tier 1
Delhi,53.14,honda,CBR 650R,376717,2020,329,Electric,61.98,SECOND,2022,Active,Dealer,268679.66,Tier 2
Tamil Nadu,14.14,Yamaha,R15 V4,353511,2022,233,Electric,62.62,2nd,2022,Expired,individual,156072.52,Metro
  Delhi  ,66.75,Yamaha,Ray ZR,155064,2024,173,Petrol,33.71,FIRST,2024,Not Available,Dealer,110432.08,Tier 3
  Uttar Pradesh  ,27.66,Kawasaki,Ninja 300,188757,2020,437,Petrol,42.19,second owner,2022,Not Available,Individual,99143.09,TIER 2
Tamil Nadu,65.63,  Honda  ,CBR 650R,386919,2023,890,Electric,,1st,2023,Active,INDIVIDUAL,173869.68,tier 2
  Madhya Pradesh  ,55.46,  Yamaha  ,Fascino 125,363432,2018,227,  Petrol  ,40.25,SECOND,2023,EXPIRED,Dealer,189906.07,Tier 1
PUNJAB,55.43,YAMAHA,MT-15,376925,2017,718,petrol,32.43,Second,2021,Expired,Individual,244358.37,METRO
DELHI,26.14,tvs,NTorq 125,351820,2021,834,Hybrid,66.97,THIRD,2021,Expired,INDIVIDUAL,236315.24,tier 3
tamil nadu,65.09,tvs,NTorq 125,131264,2018,528,Hybrid,94.43,Third,2022,  Active  ,Dealer,80491.39,Tier 1
KARNATAKA,7.81,  Kawasaki  ,Ninja 300,298468,2017,988,PETROL,51.6,SECOND,2022,Active,Individual,179439.22,Tier 2
Karnataka,40.53,Hero,Glamour,334548,2018,601,petrol,25.42,,2024,EXPIRED,Dealer,220788.58,tier 3
TAMIL NADU,53.25,Kawasaki,Ninja 400,66661,2016,509,Electric,87.03,,2022,active,Individual,38617.72,  Metro  
Gujarat,63.66,Hero,Passion Pro,289530,2024,264,Hybrid,61.04,second owner,2024,Active,Individual,212409.79,Tier 3
Maharashtra,68.68,royal enfield,Classic 350,387708,2024,562,  Electric  ,69.72,First,2024,,Individual,199831.47,tier 1
uttar pradesh,52.81,Hero,Xtreme 160R,170406,2022,809,Hybrid,64.19,Second,2023,Active,Individual,88432.05,Tier 1
  Uttar Pradesh  ,52.91,Kawasaki,Vulcan S,108540,2015,170,Electric,80.62,,2024,not available,Individual,81793.87,Metro
Madhya Pradesh,44.49,  Royal Enfield  ,Interceptor 650,236291,2023,862,Petrol,35.57,First,2023,Expired,INDIVIDUAL,106704.21,tier 2
Tamil Nadu,72.71,Honda,Unicorn,171473,2023,498,petrol,53.93,,2023,ACTIVE,Individual,124503.64,Metro
Gujarat,34.43,  Honda  ,Dio,231452,2016,989,petrol,30.97,third owner,2024,,Dealer,137583.91,Tier 2
Delhi,62.66,Kawasaki,Z650,206027,2019,307,  Hybrid  ,,Second,2021,EXPIRED,  Dealer  ,116107.98,Tier 3
GUJARAT,71.23,Honda,Dio,319732,2018,767,Hybrid,67.43,Second,2023,active,DEALER,161452.18,Tier 1
Karnataka,62.47,Yamaha,MT-15,272725,2019,606,Electric,93.5,2nd,2021,not available,DEALER,118937.18,Metro
Rajasthan,61.04,Royal Enfield,Meteor 350,92980,2017,454,Electric,71.68,2nd,2022,Active,  Individual  ,68091.97,Metro
MAHARASHTRA,75.92,  Bajaj  ,CT 100,337287,2020,902,HYBRID,81.53,third owner,2021,  Expired  ,Dealer,254276.66,TIER 3
  Uttar Pradesh  ,40.24,hero,Splendor Plus,177863,2015,292,HYBRID,72.12,Third,2022,  Not Available  ,dealer,96632.56,TIER 2
Uttar Pradesh,54.07,  Kawasaki  ,Ninja 300,77015,2018,758,Hybrid,67.16,2nd,2024,Expired,Dealer,32804.7,TIER 3
rajasthan,8.15,Tvs,NTorq 125,138666,2015,490,electric,87.01,Third,2021,Active,Dealer,104991.97,  Metro  
Maharashtra,70.31,Kawasaki,Ninja 300,85748,2023,480,Petrol,50.75,First,2023,Expired,Individual,,  Tier 3  
DELHI,48.65,Bajaj,CT 100,121642,2018,382,Hybrid,91.54,3rd,2023,not available,Individual,78650.36,Metro
Maharashtra,11.97,TVS,Sport,189878,2019,789,Hybrid,85.93,SECOND,2022,expired,Dealer,86953.17,Tier 2
maharashtra,47.51,KTM,250 Duke,373932,2023,832,electric,63.28,Third,2023,EXPIRED,Individual,149717.9,METRO
Gujarat,52.31,  Bajaj  ,Pulsar 150,64874,2021,174,Hybrid,78.49,,2022,Expired,Dealer,46420.16,Tier 3
Madhya Pradesh,58.12,KAWASAKI,Ninja 300,172464,2018,738,HYBRID,81.05,THIRD,2022,expired,  Individual  ,82896.41,Tier 3
  Gujarat  ,20.61,Hero,HF Deluxe,255210,2021,258,PETROL,41.56,3rd,2024,Expired,dealer,147417.32,Metro
  West Bengal  ,76.55,Honda,Dio,340637,2023,767,electric,70.55,1st,2023,EXPIRED,individual,,Tier 1
Rajasthan,17.1,KTM,390 Adventure,62850,2023,993,  Electric  ,60.74,3rd,2023,Active,dealer,,METRO
Madhya Pradesh,70.48,YAMAHA,MT-15,150201,2021,245,  Petrol  ,49.53,First,2021,  Not Available  ,Dealer,85576.72,Metro
Tamil Nadu,48.38,Kawasaki,Ninja 300,109969,2021,935,  Electric  ,,1st,2021,active,Individual,83763.22,Tier 1
Karnataka,77.93,Hero,Glamour,312874,2023,971,Hybrid,,SECOND,2023,Active,individual,238645.14,  Tier 1  
Delhi,52.25,  Bajaj  ,Platina 110,277106,2020,212,ELECTRIC,86.83,third owner,2022,Not Available,dealer,136391.4,tier 3
Delhi,56.89,  Hero  ,Xtreme 160R,368710,2021,647,Hybrid,74.21,3rd,2023,expired,INDIVIDUAL,231180.63,METRO
  Delhi  ,15.34,  Honda  ,Dio,282733,2022,203,Petrol,47.97,Second,2024,Not Available,  Dealer  ,150743.45,tier 1
RAJASTHAN,66.03,Honda,CBR 650R,99044,2021,833,Electric,94.64,Second,2024,Expired,  Individual  ,41969.94,TIER 2
west bengal,69.3,Yamaha,R15 V4,179072,2021,770,hybrid,72.14,First,2021,NOT AVAILABLE,individual,90647.64,TIER 2
West Bengal,36.0,Hero,Passion Pro,320012,2023,882,Hybrid,86.12,first owner,2023,Active,  Dealer  ,189300.68,  Tier 3  
GUJARAT,46.71,kawasaki,Z650,"₹369,213",2023,293,Hybrid,97.22,Second,2024,Not Available,Dealer,235922.19,Tier 2
Rajasthan,76.39,Yamaha,Ray ZR,348419,2018,788,Hybrid,79.44,third owner,2024,ACTIVE,INDIVIDUAL,154251.1,Metro
karnataka,11.74,hero,Splendor Plus,171688,2021,152,Hybrid,97.3,2nd,2024,Expired,Dealer,129373.94,  Tier 2  
Punjab,50.29,Honda,Unicorn,116257,2024,135,ELECTRIC,77.91,3rd,2024,Expired,Dealer,73210.17,Metro
  Madhya Pradesh  ,31.6,TVS,Apache RTR 160,352618,2024,585,  Petrol  ,54.41,First,2024,Active,Dealer,210982.5,Tier 1
  Punjab  ,37.01,Kawasaki,Versys 650,367379,2021,312,Electric,88.1,Third,2022,Active,  Dealer  ,198184.47,tier 2
Punjab,50.55,  Hero  ,HF Deluxe,87689,2021,955,hybrid,77.52,first owner,2021,expired,dealer,61124.4,Tier 2
  Uttar Pradesh  ,56.21,Hero,Glamour,"₹82,840",2023,928,Electric,86.33,Second,2024,expired,  Individual  ,62370.52,Metro
DELHI,33.93,Yamaha,R15 V4,"₹289,007",2019,536,Hybrid,61.5,3rd,2022,NOT AVAILABLE,Individual,186301.76,METRO
Punjab,70.7,Royal Enfield,Himalayan,278527,2021,994,Petrol,48.2,Second,2022,  Not Available  ,Individual,,Tier 2
Gujarat,28.06,TVS,Jupiter,373317,2018,615,Electric,,3rd,2024,Active,Individual,239260.9,Tier 1
Gujarat,75.61,  Bajaj  ,Pulsar 150,106628,2023,785,Petrol,39.36,Second,2024,Expired,  Individual  ,65421.87,Metro
Maharashtra,23.12,Yamaha,FZ V3,"₹116,504",2017,699,HYBRID,90.02,3rd,2022,Expired,  Individual  ,53430.47,Tier 2
Maharashtra,57.08,TVS,NTorq 125,135488,2016,362,Petrol,59.57,Third,2022,expired,Individual,95677.6,Metro
Tamil Nadu,66.08,TVS,NTorq 125,146977,2024,920,  Electric  ,94.18,Third,2024,NOT AVAILABLE,  Individual  ,101399.89,Tier 3
MAHARASHTRA,30.31,Kawasaki,Z650,152079,2021,443,Hybrid,65.78,third owner,2021,NOT AVAILABLE,dealer,104809.55,tier 1
Punjab,26.72,TVS,NTorq 125,108218,2017,707,HYBRID,92.82,3rd,2024,Expired,DEALER,73777.01,Tier 2
Karnataka,7.05,tvs,Ronin,"₹236,836",2024,832,Hybrid,70.85,third owner,2024,Expired,dealer,164819.57,Tier 3
Maharashtra,56.49,yamaha,Fascino 125,286876,2018,539,HYBRID,92.15,third owner,2023,Active,dealer,210590.97,tier 3
MAHARASHTRA,29.76,Bajaj,Dominar 400,62932,2023,135,Electric,66.61,SECOND,2023,Expired,Dealer,33135.25,TIER 3
Gujarat,11.07,TVS,NTorq 125,210577,2022,451,Petrol,29.8,Third,2024,NOT AVAILABLE,Dealer,120041.51,TIER 1
UTTAR PRADESH,50.42,TVS,Sport,196953,2023,785,  Petrol  ,31.94,first owner,2023,Not Available,Dealer,93736.03,Tier 2
Delhi,43.77,ktm,Duke 200,377333,2017,144,Hybrid,65.12,THIRD,2022,Not Available,Individual,255886.03,tier 1
Delhi,69.83,KTM,390 Adventure,197335,2023,227,Petrol,35.33,first owner,2023,EXPIRED,Individual,154109.62,Tier 1
  Madhya Pradesh  ,67.01,  Honda  ,Activa,283701,2020,452,Petrol,53.39,3rd,2024,  Expired  ,Dealer,132988.02,Tier 3
DELHI,36.85,KTM,250 Duke,215891,2024,391,Petrol,30.84,first owner,2024,active,DEALER,98200.5,Tier 1
Gujarat,66.33,BAJAJ,Pulsar 150,207078,2023,322,Petrol,26.13,2nd,2024,EXPIRED,INDIVIDUAL,86955.37,Metro
RAJASTHAN,19.6,KTM,Duke 200,103684,2024,1000,  Hybrid  ,60.47,first owner,2024,Not Available,Dealer,46999.31,Metro
Punjab,65.92,Hero,Glamour,269081,2021,887,electric,69.09,3rd,2024,  Expired  ,individual,180150.68,  Metro  
  Rajasthan  ,21.56,royal enfield,Meteor 350,341789,2022,774,Hybrid,73.24,,2022,active,Individual,177728.29,Metro
Punjab,38.6,Honda,Activa,253988,2018,205,Hybrid,71.57,Third,2024,Active,Individual,172006.15,Tier 1
delhi,78.88,Yamaha,Fascino 125,386630,2020,946,  Hybrid  ,97.92,second owner,2024,ACTIVE,dealer,307751.33,Tier 2
rajasthan,11.02,HONDA,Unicorn,375933,2019,628,Petrol,53.86,second owner,2021,Not Available,Dealer,216315.83,Tier 2
WEST BENGAL,31.73,royal enfield,Himalayan,357858,2024,496,electric,71.78,first owner,2024,NOT AVAILABLE,Dealer,170546.85,  Tier 1  
Madhya Pradesh,26.96,HONDA,Dio,385316,2022,755,ELECTRIC,70.5,THIRD,2024,EXPIRED,Dealer,157446.85,tier 3
Gujarat,77.75,bajaj,Pulsar 150,102635,2024,791,Electric,80.34,Third,2024,  Expired  ,INDIVIDUAL,79078.91,tier 1
karnataka,72.58,Bajaj,CT 100,317834,2022,570,Electric,64.15,SECOND,2022,Expired,Individual,157283.36,Metro
MAHARASHTRA,46.76,  Kawasaki  ,Vulcan S,76657,2023,125,Electric,64.27,THIRD,2024,  Active  ,DEALER,31998.83,  Tier 1  
KARNATAKA,47.52,honda,Shine,397305,2023,920,Hybrid,,Third,2023,Expired,Individual,240634.45,Tier 3
gujarat,31.57,KTM,RC 390,114735,2022,671,Petrol,40.05,SECOND,2024,Not Available,  Individual  ,68682.22,Tier 3
tamil nadu,38.96,Yamaha,MT-15,224751,2022,485,hybrid,67.98,First,2022,  Active  ,Individual,139248.27,  Tier 2  
UTTAR PRADESH,11.22,Honda,Activa,110907,2021,655,Electric,91.05,THIRD,2022,Active,individual,,Tier 1
punjab,51.75,KTM,Duke 200,338066,2024,859,Hybrid,87.06,first owner,2024,Active,Dealer,238810.17,Metro
  Punjab  ,7.7,Bajaj,Platina 110,227619,2024,591,Petrol,56.78,FIRST,2024,Expired,Individual,145212.42,Tier 1
madhya pradesh,21.2,Hero,Xtreme 160R,83880,2022,208,HYBRID,62.87,3rd,2024,Not Available,Dealer,65242.12,Metro
Tamil Nadu,19.33,kawasaki,Ninja 300,160378,2018,310,Petrol,49.44,third owner,2022,Not Available,Dealer,104974.44,TIER 2
Delhi,46.18,ROYAL ENFIELD,Interceptor 650,307046,2023,334,Electric,71.03,First,2023,Not Available,INDIVIDUAL,132516.39,Tier 1
rajasthan,38.24,Bajaj,CT 100,124923,2015,376,Petrol,38.13,Third,2021,,DEALER,92318.02,Tier 1
  Punjab  ,69.17,Tvs,Apache RTR 160,104697,2021,543,Petrol,28.21,FIRST,2021,Not Available,Individual,70163.12,Tier 2
Gujarat,56.0,Royal Enfield,Classic 350,230194,2019,642,Petrol,44.5,SECOND,2023,EXPIRED,Dealer,157496.89,  Metro  
DELHI,6.57,KTM,390 Adventure,54061,2022,961,Hybrid,69.99,FIRST,2022,Expired,Dealer,39512.9,TIER 2
Tamil Nadu,67.17,Royal Enfield,Himalayan,385732,2020,135,ELECTRIC,82.3,third owner,2022,Expired,individual,286595.51,Metro
Punjab,53.41,hero,Splendor Plus,326169,2018,383,Electric,63.35,3rd,2023,Expired,Dealer,189691.17,metro
MAHARASHTRA,78.03,Bajaj,CT 100,169164,2015,954,petrol,27.25,2nd,2022,not available,Individual,79750.91,Metro
West Bengal,14.26,KTM,Duke 200,68970,2023,933,Electric,94.1,first owner,2023,Not Available,Dealer,50542.94,Metro
Tamil Nadu,18.76,TVS,Jupiter,"₹179,984",2023,936,Electric,70.12,Second,2024,active,Dealer,87009.31,Tier 1
Rajasthan,73.23,Kawasaki,Ninja 300,399424,2023,731,Petrol,40.51,SECOND,2023,Active,DEALER,257383.93,Metro
Rajasthan,69.14,Ktm,250 Duke,380086,2019,175,Hybrid,89.43,2nd,2023,EXPIRED,individual,228000.07,Tier 2
West Bengal,31.88,YAMAHA,R15 V4,67031,2015,206,hybrid,74.12,second owner,2023,Not Available,Individual,34942.5,Tier 1
Punjab,19.04,KTM,390 Adventure,344384,2021,228,Electric,60.65,FIRST,2021,Active,dealer,236710.87,  Tier 1  
Delhi,20.87,Hero,Xtreme 160R,159907,2024,9999,Electric,83.01,1st,2024,  Not Available  ,Dealer,84072.18,Metro
  Punjab  ,21.48,YAMAHA,R15 V4,375474,2024,262,Hybrid,67.88,second owner,2024,Active,Individual,188029.8,Tier 2
Karnataka,70.39,Honda,Dio,102554,2022,911,Electric,82.11,third owner,2023,Not Available,Dealer,47118.73,  Tier 2  
Maharashtra,70.87,  Honda  ,CBR 650R,391387,2022,700,Petrol,56.27,third owner,2023,not available,  Individual  ,239052.0,Metro
  Uttar Pradesh  ,41.98,  Kawasaki  ,Z650,357588,2021,0,electric,61.76,THIRD,2022,Not Available,Individual,147714.27,  Tier 1  
GUJARAT,70.08,Yamaha,MT-15,167364,2024,164,Petrol,,FIRST,2024,active,dealer,132751.85,tier 2
Punjab,64.09,Bajaj,CT 100,119036,2018,209,Hybrid,,Second,2023,Expired,Dealer,85305.12,  Tier 1  
Gujarat,15.56,  Kawasaki  ,Vulcan S,257731,2024,649,hybrid,67.18,second owner,2024,Active,Dealer,203094.45,TIER 3
Uttar Pradesh,9.99,Hero,HF Deluxe,219013,2019,687,Hybrid,70.34,SECOND,2021,Expired,Dealer,166800.02,metro
rajasthan,21.55,Tvs,Sport,234040,2024,877,Petrol,33.32,Second,2024,Expired,  Dealer  ,167909.0619130434,Tier 2
  Delhi  ,42.6,Honda,Unicorn,216533,2023,654,Hybrid,68.44,second owner,2023,  Not Available  ,Individual,172898.42,  Tier 1  
West Bengal,75.42,tvs,NTorq 125,307139,2021,404,electric,98.17,SECOND,2023,Expired,Individual,127103.62,Metro
Maharashtra,40.26,Honda,Activa,278177,2022,9999,Hybrid,87.52,FIRST,2022,Not Available,  Individual  ,183999.58,tier 1
PUNJAB,70.5,Hero,Xtreme 160R,363559,2022,688,Electric,99.47,First,2022,Expired,dealer,218047.24,Tier 2
MAHARASHTRA,41.17,hero,Xtreme 160R,365129,2019,221,Petrol,59.44,third owner,2022,Expired,Individual,286850.83,  Tier 1  
Punjab,15.16,KTM,390 Adventure,58188,2021,160,Hybrid,73.33,2nd,2022,  Not Available  ,  Individual  ,41718.62,Tier 3
Rajasthan,25.1,Royal Enfield,Classic 350,95245,2023,546,HYBRID,93.77,THIRD,2023,active,  Dealer  ,69232.59,Tier 1
  Rajasthan  ,59.89,  Royal Enfield  ,Interceptor 650,261628,2020,830,Petrol,54.36,second owner,2021,Not Available,dealer,172684.71,TIER 2
West Bengal,12.9,TVS,Sport,250977,2022,939,  Hybrid  ,97.34,Third,2023,ACTIVE,INDIVIDUAL,170163.75,Metro
delhi,66.33,yamaha,FZ V3,254936,2021,170,Petrol,58.5,First,2021,Expired,individual,161478.07,Tier 3
West Bengal,7.77,Bajaj,Avenger 220,88220,2020,745,Electric,74.79,Third,2023,Not Available,Dealer,62788.34,Metro
rajasthan,64.04,Ktm,125 Duke,320230,2024,131,  Electric  ,78.33,3rd,2024,,Dealer,218714.2,Tier 1
Uttar Pradesh,76.52,kawasaki,Versys 650,311445,2016,176,PETROL,55.86,second owner,2021,Expired,Individual,212109.24,tier 2
RAJASTHAN,75.57,Bajaj,Dominar 400,127668,2021,497,hybrid,67.0,second owner,2021,  Not Available  ,Dealer,96913.52,Tier 1
Karnataka,44.02,Bajaj,Pulsar 150,249323,2021,981,electric,95.24,1st,2021,  Expired  ,Individual,168214.66,Tier 2
  Maharashtra  ,75.61,ktm,250 Duke,350243,2019,134,  Petrol  ,40.46,Second,2024,Not Available,individual,168639.55,Tier 2
Maharashtra,13.61,Honda,Activa,105104,2024,712,ELECTRIC,61.22,First,2024,Expired,DEALER,53851.4,Metro
  West Bengal  ,13.64,TVS,Ronin,85196,2015,523,Electric,65.21,third owner,2023,Expired,Dealer,47220.41,TIER 1
  Karnataka  ,77.22,  Hero  ,Splendor Plus,211399,2023,530,petrol,56.83,Second,2023,expired,Individual,95030.83,  Tier 2  
Maharashtra,42.27,Bajaj,Dominar 400,91160,2022,266,Hybrid,76.48,second owner,2024,active,INDIVIDUAL,68559.15,  Tier 1  
MAHARASHTRA,73.56,KTM,125 Duke,306029,2023,861,HYBRID,62.63,3rd,2023,ACTIVE,Dealer,166968.39,Tier 2
West Bengal,38.97,YAMAHA,FZ V3,227450,2016,229,Hybrid,97.09,Third,2022,  Active  ,Individual,174678.62,Tier 1
  Madhya Pradesh  ,14.07,Royal Enfield,Classic 350,104167,2017,359,hybrid,71.07,Third,2023,Not Available,  Individual  ,81825.56,tier 3
TAMIL NADU,68.47,Kawasaki,Ninja 400,67918,2024,893,petrol,34.54,First,2024,  Active  ,Individual,47854.39,Metro
  Uttar Pradesh  ,15.28,  Kawasaki  ,Versys 650,171730,2021,160,Hybrid,93.39,1st,2021,Not Available,Individual,91205.69,  Tier 1  
punjab,77.52,Bajaj,Pulsar 150,221644,2016.0,452,Petrol,28.09,SECOND,2022,  Not Available  ,  Individual  ,99480.08,Metro
  West Bengal  ,71.64,HERO,Glamour,208478,2016,790,Hybrid,88.34,third owner,2022,Not Available,Individual,125221.68,  Metro  
KARNATAKA,45.4,HONDA,Dio,240199,2019,726,electric,95.09,second owner,2022,Active,Individual,138357.51,Tier 3
Tamil Nadu,15.45,Hero,Glamour,"₹237,363",2024,756,Hybrid,78.06,FIRST,2024,  Active  ,Individual,132592.98,tier 1
  Gujarat  ,75.45,tvs,Jupiter,355861,2019,105,Petrol,26.33,second owner,2024,Not Available,Dealer,278340.26,Tier 3
West Bengal,27.77,  Bajaj  ,Dominar 400,309777,2024,861,Petrol,35.42,first owner,2024,Active,Dealer,203563.41,tier 3
GUJARAT,62.12,Hero,Glamour,279276,2019,730,Electric,75.05,Third,2023,,dealer,197776.91,Metro
Karnataka,75.35,royal enfield,Interceptor 650,365106,2022,790,HYBRID,62.85,THIRD,2023,EXPIRED,  Dealer  ,196203.41,  Tier 3  
Delhi,6.4,Royal Enfield,Meteor 350,227963,2023,107,Hybrid,70.2,,2023,Active,  Individual  ,127229.75,Tier 2
Gujarat,70.43,YAMAHA,Fascino 125,168307,2018,350,Hybrid,74.02,2nd,2021,ACTIVE,Dealer,,  Tier 3  
Rajasthan,38.11,Bajaj,Avenger 220,302734,2020,900,hybrid,72.7,SECOND,2021,Expired,Individual,209148.69,Metro
MAHARASHTRA,74.31,Hero,Splendor Plus,153525,2021,698,Hybrid,72.81,Second,2022,Expired,Dealer,,TIER 2
MADHYA PRADESH,57.46,Royal Enfield,Himalayan,388196,2023,593,Petrol,37.39,SECOND,2023,Expired,Dealer,193895.2877136267,Tier 1
UTTAR PRADESH,72.03,Kawasaki,Versys 650,253575,2023,506,Electric,81.81,,2024,  Expired  ,  Individual  ,190417.68,Tier 3
Gujarat,51.82,hero,Splendor Plus,190252,2023,815,Petrol,37.41,second owner,2023,ACTIVE,dealer,123339.32,TIER 3
punjab,42.33,Hero,Glamour,278771,2018,785,Hybrid,81.15,third owner,2022,expired,individual,126136.11,tier 3
punjab,43.01,Bajaj,Dominar 400,291326,2023,678,Electric,82.18,Second,2024,Not Available,dealer,129558.12,METRO
Uttar Pradesh,72.2,Royal Enfield,Hunter 350,100849,2021,165,  Electric  ,83.02,Second,2023,Expired,Dealer,53584.11,Metro
  Uttar Pradesh  ,76.0,KAWASAKI,Vulcan S,261344,2021,144,electric,82.97,First,2021,Active,INDIVIDUAL,201547.89,tier 2
Maharashtra,67.32,Kawasaki,Versys 650,389820,2020,161,ELECTRIC,71.45,THIRD,2022,Expired,individual,193302.32,  Metro  
Tamil Nadu,10.16,Hero,Splendor Plus,249427,2017,803,Petrol,28.58,third owner,2024,active,  Individual  ,190008.0,tier 3
Uttar Pradesh,79.91,KTM,125 Duke,185647,2020,249,Petrol,32.7,SECOND,2024,Not Available,Dealer,85572.62,  Tier 2  
Gujarat,52.47,hero,Splendor Plus,66080,2019,748,Petrol,43.9,second owner,2024,Expired,DEALER,28992.61,metro
Rajasthan,8.2,Yamaha,Ray ZR,86675,2021,770,  Hybrid  ,62.79,,2021,Not Available,  Individual  ,39483.61,  Metro  
uttar pradesh,30.58,Bajaj,Pulsar 150,352499,2023,897,electric,79.32,2nd,2023,Active,Individual,251490.45,Metro
Tamil Nadu,38.92,Kawasaki,Ninja 400,91955,2022,339,Hybrid,64.47,FIRST,2022,  Not Available  ,Dealer,45075.03,Tier 2
Gujarat,57.4,KTM,250 Duke,62259,2020,239,  Petrol  ,51.28,second owner,2023,NOT AVAILABLE,Dealer,45302.86,Tier 2
Karnataka,74.86,KTM,390 Adventure,258613,2021,329,Petrol,46.01,second owner,2022,Active,INDIVIDUAL,112812.66,  Tier 1  
Gujarat,19.47,TVS,NTorq 125,308433,2023,173,petrol,56.6,Third,2024,Active,Dealer,213409.6,Metro
Maharashtra,14.35,Kawasaki,Ninja 400,171249,2023,0,Hybrid,96.46,,2024,Expired,Individual,80908.01,Tier 2
Delhi,26.25,Hero,HF Deluxe,227467,2015,136,  Petrol  ,26.54,Third,2021,  Expired  ,dealer,175103.3,Tier 2
  Tamil Nadu  ,33.88,tvs,Jupiter,169822,2023,465,ELECTRIC,61.77,2nd,2024,Active,INDIVIDUAL,75797.51,Tier 3
karnataka,69.77,Bajaj,Pulsar 150,"₹101,930",2020,332,Hybrid,91.45,third owner,2023,Expired,Dealer,41717.82,Tier 2
  Uttar Pradesh  ,43.06,Tvs,Apache RTR 160,56090,2022,491,  Hybrid  ,85.95,FIRST,2022,expired,dealer,,tier 1
Rajasthan,57.87,BAJAJ,Dominar 400,228777,2021,707,hybrid,88.01,first owner,2021,Not Available,Individual,166954.64,METRO
  West Bengal  ,22.75,bajaj,Platina 110,285400,2019,656,Hybrid,69.86,third owner,2022,Not Available,Dealer,169255.26,Tier 3
Karnataka,9.89,TVS,Ronin,385993,2018,771,petrol,42.83,,2023,Not Available,Individual,277658.98,TIER 3
  Madhya Pradesh  ,6.02,Kawasaki,Ninja 300,269015,2023,796,PETROL,37.84,,2023,Expired,individual,172204.97,METRO
Uttar Pradesh,30.49,Royal Enfield,Himalayan,209522,2017,387,Electric,73.11,,2021,not available,Individual,109305.63,Tier 2
MAHARASHTRA,47.05,KTM,RC 390,257190,2024,310,Electric,91.37,Third,2024,Active,individual,165949.48,Metro
Madhya Pradesh,79.88,  Hero  ,Xtreme 160R,196981,2018,477,Electric,66.14,THIRD,2021,ACTIVE,Individual,,Metro
Gujarat,77.26,Bajaj,CT 100,343015,2017,455,petrol,30.41,third owner,2022,Expired,Dealer,223686.47,Tier 2
West Bengal,70.16,royal enfield,Classic 350,83112,2022,753,  Petrol  ,38.89,Second,2023,expired,  Individual  ,40559.7,Metro
  Rajasthan  ,6.15,Royal Enfield,Himalayan,288178,2022,316,  Electric  ,67.26,Third,2022,  Not Available  ,DEALER,127710.3,  Tier 2  
Uttar Pradesh,67.99,Kawasaki,Vulcan S,375468,2017,325,HYBRID,64.33,THIRD,2023,  Not Available  ,Dealer,256631.52,  Tier 1  
Maharashtra,32.87,Bajaj,Pulsar 150,191773,2023,828,hybrid,98.66,first owner,2023,Expired,Individual,140421.62,Tier 1
rajasthan,34.8,Kawasaki,Ninja 400,138290,2023,360,electric,82.39,1st,2023,expired,Dealer,102266.47,Tier 1
Karnataka,38.94,Hero,HF Deluxe,199734,2022,764,Hybrid,76.73,1st,2022,EXPIRED,  Dealer  ,118345.74,  Metro  
  Karnataka  ,19.14,Royal Enfield,Meteor 350,58453,2022,207,PETROL,,,2024,EXPIRED,  Dealer  ,33831.95,Metro
West Bengal,79.42,Bajaj,Pulsar 150,116618,2024,211,Petrol,58.28,second owner,2024,active,Individual,79975.76,TIER 2
Gujarat,28.83,ROYAL ENFIELD,Hunter 350,202597,2021,137,Hybrid,60.99,second owner,2023,,Individual,110949.31,Tier 2
UTTAR PRADESH,77.57,Hero,Xtreme 160R,86646,2022,456,Electric,97.24,Second,2022,  Active  ,Individual,53962.81,tier 2
  Punjab  ,26.81,  Yamaha  ,R15 V4,327249,2022,408,  Electric  ,70.5,first owner,2022,  Active  ,Dealer,134081.48,Tier 2
TAMIL NADU,63.79,Yamaha,Ray ZR,106819,2021,600,Petrol,54.05,second owner,2023,active,  Individual  ,53086.14,tier 3
madhya pradesh,17.6,Honda,Unicorn,205380,2021,851,Hybrid,88.23,Second,2023,not available,  Individual  ,114388.65,Tier 3
Maharashtra,64.97,Tvs,Jupiter,174073,2024,785,Petrol,26.85,first owner,2024,ACTIVE,individual,103502.21,Tier 2
rajasthan,77.15,HONDA,Dio,184462,2016,164,Hybrid,63.06,Third,2024,Active,  Dealer  ,85499.66,Tier 1
Uttar Pradesh,16.65,  KTM  ,RC 390,216081,2021,740,hybrid,64.02,third owner,2023,  Active  ,Dealer,143612.78,Tier 3
MAHARASHTRA,57.11,Yamaha,Ray ZR,147924,2021,232,Hybrid,76.58,first owner,2021,Expired,dealer,92030.41,metro
  Tamil Nadu  ,51.99,Honda,Dio,348475,2017,942,electric,86.02,third owner,2024,active,individual,249092.13,Tier 2
punjab,54.98,kawasaki,Ninja 300,256374,2019,864,Petrol,40.23,second owner,2024,  Not Available  ,  Dealer  ,199430.89,tier 1
Tamil Nadu,34.37,HERO,Xtreme 160R,301291,2021,340,ELECTRIC,86.56,First,2021,Active,Dealer,160539.52,tier 3
Karnataka,22.5,Honda,CBR 650R,261202,2018,565,PETROL,33.3,third owner,2023,Active,dealer,112257.83,TIER 2
MADHYA PRADESH,51.6,BAJAJ,Platina 110,225943,2024,105,Electric,75.38,2nd,2024,  Active  ,Dealer,129464.34,TIER 1
Delhi,9.54,KTM,RC 390,"₹217,872",2023,999,ELECTRIC,79.84,2nd,2023,Active,INDIVIDUAL,154307.29919878958,Tier 1
Rajasthan,40.59,Hero,HF Deluxe,193281,2018,613,Petrol,50.52,THIRD,2023,Not Available,Individual,140711.77,Tier 3
Punjab,62.5,KTM,Duke 200,360490,2015,295,  Petrol  ,44.17,2nd,2024,  Expired  ,individual,270405.78,Tier 1
Karnataka,37.37,Yamaha,Ray ZR,207242,2016,772,Petrol,46.27,second owner,2023,Not Available,dealer,148540.83,  Tier 3  
Punjab,37.35,hero,Passion Pro,265584,2023,687,Petrol,36.28,second owner,2024,NOT AVAILABLE,Individual,124469.99,TIER 2
Karnataka,27.68,KAWASAKI,Z650,212442,2024,701,Petrol,47.75,2nd,2024,Not Available,Dealer,,TIER 2
Tamil Nadu,69.36,  TVS  ,Sport,375772,2021,388,Petrol,25.13,2nd,2023,NOT AVAILABLE,Individual,175595.17,TIER 3
MAHARASHTRA,44.04,Honda,CBR 650R,64276,2022,588,hybrid,94.24,first owner,2022,  Active  ,DEALER,46691.14,Tier 2
UTTAR PRADESH,78.81,Hero,Splendor Plus,354204,2022,883,PETROL,42.85,First,2022,Active,dealer,179951.45,Tier 1
  Karnataka  ,60.23,Kawasaki,Ninja 400,103548,2020,478,  Hybrid  ,64.74,2nd,2024,expired,Dealer,42146.48,Tier 2
madhya pradesh,78.1,royal enfield,Classic 350,186723,2023,455,hybrid,94.96,FIRST,2023,Not Available,Dealer,74936.79,metro
Uttar Pradesh,60.69,Royal Enfield,Meteor 350,248790,2022,730,Petrol,44.91,1st,2022,expired,Dealer,153747.46,Tier 2
tamil nadu,38.65,  Yamaha  ,Ray ZR,229713,2022,660,electric,,FIRST,2022,active,Individual,132662.61,Tier 3
West Bengal,49.96,kawasaki,Z650,122920,2020,285,HYBRID,68.89,Second,2024,Active,Dealer,66328.36,  Tier 2  
Punjab,7.89,Bajaj,Platina 110,253555,2021,716,  Hybrid  ,93.94,second owner,2022,Active,Individual,104032.53,Tier 2
west bengal,66.87,Yamaha,MT-15,384522,2023,265,PETROL,,1st,2023,ACTIVE,Individual,297786.96,Metro
GUJARAT,17.53,Hero,HF Deluxe,124264,2021,294,Electric,70.11,3rd,2024,Not Available,Dealer,82195.29,  Tier 3  
uttar pradesh,75.01,Hero,Passion Pro,114629,2022,580,Electric,85.1,SECOND,2024,NOT AVAILABLE,Individual,82135.65,TIER 2
Punjab,5.34,TVS,NTorq 125,244728,2023,500,  Electric  ,99.75,FIRST,2023,Not Available,Individual,122400.06,METRO
Maharashtra,58.31,HONDA,Unicorn,138886,2022,203,Petrol,58.69,THIRD,2022,Active,Dealer,,  Tier 3  
Rajasthan,10.09,  KTM  ,390 Adventure,174687,2015,487,petrol,58.08,3rd,2024,Not Available,DEALER,73257.6,  Tier 1  
Tamil Nadu,14.88,Yamaha,Ray ZR,378589,2015,803,HYBRID,78.42,THIRD,2022,Not Available,Dealer,286964.58,Tier 2
Gujarat,52.94,  Honda  ,Dio,170094,2024,480,Petrol,30.03,3rd,2024,Not Available,DEALER,101953.09,Tier 2
Gujarat,52.53,KTM,Duke 200,266871,2024,176,hybrid,75.76,,2024,EXPIRED,  Individual  ,155859.54,tier 1
Rajasthan,27.05,Yamaha,R15 V4,162171,2024,986,  Petrol  ,56.2,THIRD,2024,  Active  ,  Individual  ,118704.36,Tier 2
  Uttar Pradesh  ,6.03,Honda,Shine,343393,2016,256,  Hybrid  ,81.4,2nd,2021,Expired,individual,243901.27,Tier 3
  Rajasthan  ,34.74,  Yamaha  ,MT-15,365853,2023,154,  Hybrid  ,69.35,second owner,2023,Active,Individual,277049.78,  Tier 1  
WEST BENGAL,74.46,BAJAJ,Platina 110,185068,2022,574,Petrol,,SECOND,2023,Expired,Individual,,  Tier 1  
Maharashtra,36.27,Yamaha,FZ V3,380797,2023.0,736,HYBRID,87.51,third owner,2023,  Active  ,Individual,155400.65,Tier 1
Gujarat,44.57,  Bajaj  ,Avenger 220,104944,2023,917,HYBRID,71.97,First,2023,active,Dealer,51341.84,Tier 3
Delhi,43.07,Hero,Glamour,287314,2018,189,electric,87.1,second owner,2022,not available,Dealer,135508.21,Tier 1
rajasthan,66.06,Kawasaki,Vulcan S,295225,2024,658,Hybrid,89.97,THIRD,2024,ACTIVE,Dealer,178808.26,Tier 3
  Gujarat  ,65.14,ktm,RC 390,240166,2023,500,Electric,85.67,first owner,2023,Active,Dealer,171465.79,tier 2
Karnataka,46.77,Tvs,Apache RTR 160,309657,2019,691,PETROL,30.5,SECOND,2024,,INDIVIDUAL,171116.5,Metro
Uttar Pradesh,45.25,  Kawasaki  ,Ninja 300,211015,2015,899,  Hybrid  ,83.06,Third,2022,EXPIRED,Individual,132101.72,  Tier 2  
RAJASTHAN,65.82,Royal Enfield,Interceptor 650,"₹67,135",2015,554,Petrol,27.51,SECOND,2022,NOT AVAILABLE,Dealer,40124.81,Tier 1
Karnataka,58.49,  TVS  ,Apache RTR 160,123667,2021,118,hybrid,78.3,second owner,2024,expired,INDIVIDUAL,66627.93,TIER 2
West Bengal,68.05,  Yamaha  ,R15 V4,132695,2023,546,petrol,50.75,First,2023,Not Available,individual,,Tier 1
Maharashtra,78.55,  Honda  ,CBR 650R,116871,2021,530,Electric,81.54,First,2021,EXPIRED,Individual,69753.06,Tier 3
rajasthan,71.83,KTM,RC 390,344896,2019,858,Hybrid,90.78,,2022,not available,Individual,275429.67,metro
  Delhi  ,54.4,KTM,390 Adventure,244232,2021,553,Hybrid,84.22,Third,2023,  Active  ,Individual,141541.03,Tier 1
Punjab,29.99,Bajaj,Pulsar 150,203110,2018,189,  Electric  ,66.14,3rd,2023,  Expired  ,INDIVIDUAL,81284.47,tier 2
PUNJAB,22.75,TVS,Apache RTR 160,143450,2024,520,  Petrol  ,41.5,third owner,2024,EXPIRED,Dealer,64269.41,Metro
tamil nadu,61.06,Bajaj,Platina 110,331587,2024,223,Hybrid,65.96,1st,2024,Expired,Individual,195844.69,tier 3
Uttar Pradesh,25.09,Royal Enfield,Hunter 350,321319,2018,428,Hybrid,93.07,2nd,2024,Expired,  Dealer  ,,Tier 3
  Maharashtra  ,18.35,tvs,NTorq 125,51815,2021,805,Electric,69.48,second owner,2023,  Active  ,Dealer,29936.85,TIER 2
Gujarat,68.84,Royal Enfield,Classic 350,124672,2024,888,PETROL,59.72,second owner,2024,  Not Available  ,INDIVIDUAL,70749.82,Tier 1
Madhya Pradesh,10.91,hero,Xtreme 160R,395847,2016,810,hybrid,93.44,Second,2021,Expired,  Dealer  ,307486.93,Metro
Maharashtra,59.27,Kawasaki,Versys 650,258902,2021,453,Hybrid,89.46,SECOND,2022,Not Available,Dealer,,Tier 2
Gujarat,10.41,Honda,Unicorn,77451,2024,757,HYBRID,,SECOND,2024,EXPIRED,Individual,33970.14,Tier 3
West Bengal,38.23,Hero,HF Deluxe,256561,2024,859,petrol,38.62,Second,2024,Not Available,Dealer,141163.85,Tier 2
DELHI,41.6,KTM,250 Duke,"₹310,707",2023,115,Hybrid,82.75,Third,2023,Active,  Dealer  ,206700.97,Metro
Madhya Pradesh,5.23,  Hero  ,Splendor Plus,151116,2023,983,  Petrol  ,54.27,THIRD,2023,active,DEALER,101015.11,Tier 2
Delhi,37.91,Royal Enfield,Meteor 350,182597,2022,702,ELECTRIC,64.05,THIRD,2022,  Not Available  ,Individual,144542.26,Metro
Delhi,34.58,  Yamaha  ,Fascino 125,129706,2023,643,Hybrid,84.16,Third,2023,Not Available,Individual,,tier 1
  Madhya Pradesh  ,10.49,Tvs,Ronin,60333,2020,898,Hybrid,98.32,Second,2024,Not Available,Dealer,25574.42,Tier 2
Gujarat,47.35,Royal Enfield,Hunter 350,72588,2021,575,Petrol,25.57,third owner,2024,Expired,INDIVIDUAL,,Metro
Karnataka,52.04,honda,Activa,338560,2021,890,petrol,45.08,third owner,2021,Not Available,  Dealer  ,220667.06,Metro
Tamil Nadu,50.37,Kawasaki,Vulcan S,369629,2023,979,petrol,39.04,SECOND,2023,  Not Available  ,dealer,190323.93,Tier 1
Punjab,79.81,TVS,Jupiter,247206,2021,284,Hybrid,94.86,Third,2024,Not Available,dealer,163006.91,Tier 2
Punjab,79.81,TVS,Jupiter,247206,2021,284,Hybrid,94.86,Third,2024,Not Available,dealer,160857.95357528934,Tier 2
Punjab,6.82,TVS,Apache RTR 160,129669,2018,221,ELECTRIC,72.06,third owner,2021,Expired,Individual,82744.09,tier 3
Uttar Pradesh,70.56,hero,Splendor Plus,356495,2019,342,electric,,2nd,2024,Active,dealer,148024.89,Tier 1
punjab,72.34,hero,Passion Pro,129928,2017,480,  Petrol  ,43.34,Second,2023,NOT AVAILABLE,Individual,,Tier 1
west bengal,34.87,Bajaj,Dominar 400,245677,2023,629,Hybrid,60.94,THIRD,2023,expired,individual,150352.53,Tier 1
Karnataka,44.68,Yamaha,MT-15,343353,2024,676,Electric,82.07,THIRD,2024,Not Available,Individual,181513.16,tier 3
Delhi,33.18,  Yamaha  ,MT-15,260252,2023,401,Petrol,29.33,first owner,2023,Expired,INDIVIDUAL,130234.34,TIER 2
Madhya Pradesh,26.79,Tvs,Apache RTR 160,112568,2021,538,Petrol,33.05,2nd,2024,Expired,Individual,,Tier 2
West Bengal,73.88,Honda,Shine,188563,2024,966,Electric,93.99,SECOND,2024,Expired,Individual,143742.33,Tier 3
West Bengal,25.1,Yamaha,R15 V4,363492,2019,738,  Electric  ,85.7,,2021,Active,Dealer,169517.7,TIER 3
Rajasthan,44.23,Kawasaki,Ninja 300,158318,2024,153,PETROL,41.97,FIRST,2024,  Expired  ,Individual,64621.86,tier 2
UTTAR PRADESH,8.05,Kawasaki,Vulcan S,122925,2023,700,Hybrid,77.67,,2023,  Active  ,Dealer,60086.47,Tier 1
Tamil Nadu,78.4,  KTM  ,390 Adventure,285803,2024,644,Hybrid,70.22,third owner,2024,expired,  Individual  ,181287.29,Tier 3
DELHI,74.73,BAJAJ,Platina 110,398179,2024,769,PETROL,50.41,second owner,2024,active,Individual,297987.66,Tier 3
Uttar Pradesh,44.4,Honda,CBR 650R,271038,2020,703,Petrol,52.24,Second,2021,Expired,Individual,138786.64,  Tier 3  
Rajasthan,54.35,HERO,Passion Pro,395912,2020,141,ELECTRIC,88.88,THIRD,2023,NOT AVAILABLE,DEALER,254989.32,Tier 3
Karnataka,74.3,TVS,Apache RTR 160,193805,2023.0,747,ELECTRIC,81.62,FIRST,2023,EXPIRED,Individual,104380.93,  Tier 1  
  Rajasthan  ,36.24,HONDA,Dio,67814,2023,967,electric,90.99,1st,2023,Not Available,  Individual  ,44198.33,METRO
tamil nadu,13.31,TVS,Sport,394487,2023,567,  Hybrid  ,67.93,3rd,2023,Expired,  Individual  ,215594.12,Tier 2
Delhi,23.64,Royal Enfield,Hunter 350,322693,2023,965,  Hybrid  ,71.94,,2023,  Active  ,Dealer,252513.68,Tier 1
tamil nadu,43.18,  Kawasaki  ,Z650,300905,2023,454,hybrid,96.67,Third,2024,NOT AVAILABLE,Individual,230959.79,  Metro  
gujarat,26.42,Kawasaki,Versys 650,389105,2021,554,ELECTRIC,81.16,Second,2023,expired,INDIVIDUAL,215292.95,Tier 1
gujarat,72.91,  KTM  ,Duke 200,"₹228,616",2023,199,Hybrid,78.26,2nd,2024,ACTIVE,Dealer,146217.88,TIER 3
  Tamil Nadu  ,9.82,Yamaha,R15 V4,288949,2018,360,  Petrol  ,46.29,third owner,2022,Expired,Dealer,186801.33,metro
  Punjab  ,75.81,Bajaj,Avenger 220,"₹196,407",2020,499,Hybrid,72.65,SECOND,2024,not available,  Individual  ,121990.7,Tier 1
RAJASTHAN,52.51,yamaha,R15 V4,103906,2024,605,Petrol,,First,2024,Not Available,Individual,47612.58,METRO
RAJASTHAN,22.94,Hero,HF Deluxe,227055,2024,626,  Hybrid  ,,third owner,2024,Active,Individual,,Tier 3
Tamil Nadu,57.89,KAWASAKI,Ninja 300,117022,2017,430,Hybrid,68.76,,2023,Not Available,DEALER,55060.38,Tier 3
Rajasthan,40.75,Kawasaki,Vulcan S,69523,2017,101,Electric,,second owner,2022,Active,Dealer,49121.35,Tier 1
maharashtra,73.55,Bajaj,CT 100,245009,2017,886,  Petrol  ,56.7,2nd,2023,NOT AVAILABLE,Individual,136676.84,Tier 1
Gujarat,36.56,  KTM  ,125 Duke,381487,2017,726,Electric,99.14,2nd,2021,  Expired  ,Dealer,176301.14,tier 1
Uttar Pradesh,15.94,  Kawasaki  ,Versys 650,145216,2020,931,petrol,45.99,third owner,2024,  Not Available  ,  Individual  ,99485.8,Tier 3
Madhya Pradesh,32.91,Kawasaki,Vulcan S,394386,2024,329,Hybrid,77.98,Second,2024,EXPIRED,Individual,192347.65,  Tier 2  
  Punjab  ,5.17,  Bajaj  ,Pulsar 150,269364,2021,874,Petrol,25.82,third owner,2021,Active,Dealer,206047.87,Tier 2
  Tamil Nadu  ,12.94,Honda,Activa,297464,2024,210,Hybrid,64.35,first owner,2024,ACTIVE,Dealer,206877.58,Tier 3
Tamil Nadu,60.58,YAMAHA,R15 V4,334267,2022,748,  Hybrid  ,81.43,3rd,2024,ACTIVE,DEALER,139613.05,TIER 3
West Bengal,27.66,Hero,Splendor Plus,273646,2024,956,Petrol,37.71,,2024,ACTIVE,Individual,218432.7,Metro
Maharashtra,54.16,tvs,Ronin,113411,2023,650,PETROL,51.16,1st,2023,  Not Available  ,Individual,80127.61,Tier 3
karnataka,59.67,Bajaj,CT 100,228259,2020,880,PETROL,56.82,Second,2021,Expired,Individual,106903.99,  Tier 3  
madhya pradesh,61.45,kawasaki,Ninja 300,"₹205,708",2023,680,Petrol,51.81,first owner,2023,Expired,Individual,88921.82,  Metro  
  Tamil Nadu  ,9.2,Royal Enfield,Interceptor 650,"₹372,120",2023,344,Electric,93.55,FIRST,2023,,Individual,,Metro
Punjab,53.01,royal enfield,Meteor 350,"₹311,437",2023,273,  Hybrid  ,73.28,,2024,not available,Dealer,132983.36,Tier 1
Delhi,73.98,Honda,CBR 650R,136524,2024,628,petrol,58.84,third owner,2024,Not Available,dealer,58826.44410748381,Tier 3
Madhya Pradesh,78.74,  KTM  ,125 Duke,246256,2022,338,  Petrol  ,31.86,first owner,2022,not available,  Dealer  ,,Tier 3
delhi,64.54,Bajaj,Pulsar 150,395607,2022,136,Hybrid,91.96,First,2022,Not Available,Dealer,,  Metro  
Madhya Pradesh,18.19,Yamaha,Fascino 125,284766,2018,652,electric,86.22,THIRD,2022,  Expired  ,  Dealer  ,133698.85,metro
Uttar Pradesh,70.45,ROYAL ENFIELD,Interceptor 650,169376,2022,820,HYBRID,66.65,3rd,2022,Active,Dealer,122257.54,tier 2
Maharashtra,75.77,Bajaj,Platina 110,206783,2022,682,Hybrid,95.23,FIRST,2022,  Not Available  ,Individual,94811.98,METRO
Karnataka,79.14,Hero,Glamour,289032,2022,438,Hybrid,60.79,SECOND,2023,Not Available,individual,,Metro
Punjab,45.65,Royal Enfield,Classic 350,302266,2023,676,Hybrid,87.55,Third,2024,Not Available,Individual,205584.73,  Tier 1  
  Madhya Pradesh  ,58.32,TVS,Sport,256926,2023,314,  Electric  ,67.51,1st,2023,Active,individual,129284.52,Tier 3
GUJARAT,71.03,  Hero  ,Splendor Plus,185485,2023,407,Electric,85.31,1st,2023,EXPIRED,INDIVIDUAL,93733.61,tier 3
West Bengal,12.79,KTM,RC 390,262246,2017,229,Electric,61.7,,2024,Expired,Dealer,178669.78,tier 1
Rajasthan,57.12,Hero,HF Deluxe,175457,2020,212,Petrol,34.08,2nd,2022,Not Available,  Individual  ,126203.63,  Metro  
Madhya Pradesh,53.99,KTM,250 Duke,296698,2019,662,petrol,33.27,3rd,2018,NOT AVAILABLE,DEALER,215187.12,  Tier 2  
Madhya Pradesh,26.26,Tvs,Ronin,112446,2024,981,Hybrid,98.0,3rd,2024,active,dealer,62554.64,Metro
Gujarat,48.78,  Royal Enfield  ,Hunter 350,93752,2020,610,HYBRID,64.31,THIRD,2021,expired,Individual,67713.8,TIER 2
Karnataka,41.82,Bajaj,Platina 110,173532,2021,9999,Petrol,48.08,third owner,2024,Active,Individual,122543.83,Tier 3
tamil nadu,62.21,kawasaki,Z650,222577,2023,418,  Electric  ,70.81,FIRST,2023,,  Individual  ,132074.88,Tier 2
DELHI,10.1,Hero,HF Deluxe,344387,2022,333,  Petrol  ,31.41,Third,2024,expired,Dealer,265311.71,  Tier 3  
Rajasthan,8.73,Yamaha,FZ V3,106320,2016,411,Hybrid,91.94,third owner,2024,Expired,Dealer,43075.79,Tier 1
  Rajasthan  ,7.45,Yamaha,Fascino 125,392594,2017,659,  Electric  ,82.19,Third,2023,Active,  Individual  ,163506.51,  Tier 2  
west bengal,67.94,Hero,Glamour,189144,2015,424,PETROL,25.22,THIRD,2024,not available,Individual,99774.72,Tier 1
  Tamil Nadu  ,13.77,Yamaha,Fascino 125,307644,2023,936,Hybrid,61.84,FIRST,2023,Active,Individual,229472.83,TIER 2
PUNJAB,31.68,hero,HF Deluxe,268001,2024,499,HYBRID,90.63,Second,2024,Expired,  Dealer  ,120349.23,Metro
punjab,65.18,  Royal Enfield  ,Hunter 350,"₹302,929",2024,891,electric,99.63,3rd,2024,  Active  ,Individual,122432.5,  Tier 1  
karnataka,27.58,yamaha,FZ V3,77585,2021,734,  Hybrid  ,86.92,,2021,not available,Individual,49203.58,Tier 1
Punjab,61.48,  Royal Enfield  ,Classic 350,343018,2021,409,HYBRID,71.18,FIRST,2021,Expired,Dealer,233731.94,Tier 1
PUNJAB,56.08,Honda,Shine,62106,2016,384,Petrol,,Second,2021,  Not Available  ,Individual,48438.74,TIER 1
Delhi,42.98,Hero,Passion Pro,394295,2022,798,electric,72.4,First,2022,  Not Available  ,Individual,204958.98,Tier 3
Delhi,48.32,  Honda  ,Activa,65357,2022,239,  Hybrid  ,79.82,2nd,2024,EXPIRED,  Individual  ,30032.35,METRO
gujarat,38.57,Bajaj,CT 100,369029,2019,926,Petrol,43.33,3rd,2023,,Individual,148698.59,Tier 2
Delhi,36.45,TVS,Apache RTR 160,327248,2018,327,petrol,40.42,,2022,  Expired  ,DEALER,208708.35,Metro
delhi,54.8,  Kawasaki  ,Z650,398699,2017,354,Electric,,3rd,2023,Expired,individual,200577.65,tier 1
Madhya Pradesh,47.19,KTM,RC 390,"₹323,481",2024,933,PETROL,36.27,third owner,2024,Not Available,dealer,196176.15,Metro
Uttar Pradesh,10.06,Hero,Passion Pro,242110,2022,849,  Hybrid  ,96.05,Second,2022,Not Available,dealer,165672.84,TIER 1
Karnataka,38.47,ROYAL ENFIELD,Interceptor 650,347115,2024,330,  Electric  ,90.16,3rd,2024,Active,DEALER,209420.64,TIER 1
  West Bengal  ,27.63,  Honda  ,Dio,112916,2021,788,Electric,86.74,1st,2021,active,dealer,63461.02,Tier 1
Maharashtra,35.65,Yamaha,R15 V4,195543,2021,146,Hybrid,76.99,,2021,Not Available,Dealer,120580.62,TIER 3
punjab,29.02,BAJAJ,CT 100,381606,2020,700,Electric,88.2,2nd,2021,Not Available,  Dealer  ,193229.5,Tier 1
RAJASTHAN,52.07,HERO,HF Deluxe,295735,2017,996,Electric,,second owner,2022,Not Available,Individual,230208.09,Tier 1
Uttar Pradesh,41.44,yamaha,R15 V4,300933,2021,696,Hybrid,65.1,first owner,2021,  Expired  ,Dealer,225273.11,metro
Rajasthan,44.5,KTM,250 Duke,389265,2022,990,Hybrid,92.24,first owner,2022,Not Available,dealer,224465.71,Metro
Karnataka,76.42,Kawasaki,Ninja 300,"₹230,696",2022,832,Hybrid,76.38,2nd,2022,ACTIVE,Dealer,150708.61,Tier 3
MADHYA PRADESH,38.41,Bajaj,Dominar 400,204014,2022.0,586,Petrol,27.0,THIRD,2024,active,Individual,96455.6,Tier 3
Punjab,69.86,Yamaha,Ray ZR,306155,2020,663,  Electric  ,79.34,2nd,2023,not available,INDIVIDUAL,190042.83,tier 2
West Bengal,78.72,KTM,Duke 200,130186,2018,220,HYBRID,91.09,2nd,2021,Active,Individual,84440.58,tier 1
Karnataka,70.34,Bajaj,Platina 110,162868,2024,676,Electric,79.25,Third,2024,  Expired  ,  Dealer  ,89041.02,Tier 3
Delhi,65.76,Royal Enfield,Hunter 350,275772,2022,207,Petrol,,second owner,2023,Expired,individual,188261.03,Tier 1
Karnataka,8.35,Hero,Glamour,247072,2024,865,  Electric  ,68.56,THIRD,2024,ACTIVE,Individual,133579.37,Tier 1
Rajasthan,78.48,Honda,Dio,50277,2023,590,Hybrid,88.89,Third,2024,ACTIVE,  Dealer  ,33983.42,metro
Punjab,14.3,honda,CBR 650R,312303,2022,391,Petrol,54.38,2nd,2024,Not Available,DEALER,209824.62,Metro
uttar pradesh,17.39,BAJAJ,Platina 110,148170,2022,466,Electric,,first owner,2022,Active,Dealer,110115.96,  Metro  
Karnataka,15.27,HERO,Passion Pro,330497,2023,876,Petrol,55.93,third owner,2024,ACTIVE,INDIVIDUAL,199760.08,tier 3
Punjab,50.2,Honda,Shine,374851,2020,426,Petrol,48.79,third owner,2023,  Expired  ,Dealer,173386.8,Tier 2
Tamil Nadu,34.26,Royal Enfield,Classic 350,173583,2018,401,Electric,92.28,,2022,Not Available,Dealer,96795.69,Tier 3
Gujarat,15.81,Honda,Activa,311522,2021,908,Petrol,28.63,1st,2021,ACTIVE,Individual,165149.0,TIER 1
karnataka,19.24,Yamaha,R15 V4,109899,2021,605,ELECTRIC,92.05,Second,2023,expired,dealer,78843.96,tier 2
Uttar Pradesh,46.82,Yamaha,Ray ZR,306905,2018,809,Petrol,35.77,Third,2023,not available,INDIVIDUAL,227868.88,  Tier 1  
Karnataka,35.35,Hero,Glamour,210693,2019,102,  Electric  ,66.75,SECOND,2024,active,Individual,154113.36,TIER 2
Uttar Pradesh,22.08,HERO,Xtreme 160R,367307,2022,455,Hybrid,70.79,third owner,2022,,INDIVIDUAL,290109.6,Tier 2
  Gujarat  ,52.93,Royal Enfield,Interceptor 650,212007,2023,662,Electric,75.67,third owner,2023,  Not Available  ,DEALER,145683.25,  Tier 3  
Rajasthan,77.65,BAJAJ,CT 100,241907,2024,530,Hybrid,77.05,1st,2024,NOT AVAILABLE,Individual,,Tier 2
Delhi,59.8,tvs,Apache RTR 160,175709,2018,120,HYBRID,67.23,Second,2024,not available,Individual,97026.37,Tier 3
RAJASTHAN,17.54,  Hero  ,Xtreme 160R,57062,2024,365,  Electric  ,79.77,Second,2024,Active,Dealer,24058.31,METRO
PUNJAB,77.21,Kawasaki,Z650,230014,2024,616,Electric,97.35,THIRD,2024,Expired,  Individual  ,,Tier 3
Madhya Pradesh,9.02,  Yamaha  ,R15 V4,187893,2022,777,  Electric  ,80.77,1st,2022,Not Available,  Dealer  ,140113.15,Tier 3
Punjab,23.86,  Yamaha  ,R15 V4,148656,2019,796,PETROL,59.36,3rd,2022,Expired,Individual,66806.39,Tier 1
Madhya Pradesh,78.17,Yamaha,Fascino 125,124319,2021,370,  Petrol  ,33.15,3rd,2022,,Dealer,57652.94,tier 3
West Bengal,31.96,TVS,Apache RTR 160,100271,2024,354,petrol,37.42,First,2024,active,Dealer,67466.86,Tier 2
Karnataka,31.22,Yamaha,Fascino 125,98164,2023,704,Hybrid,87.74,First,2023,Expired,DEALER,61855.89,TIER 1
KARNATAKA,76.19,Yamaha,Ray ZR,86466,2023,316,Hybrid,80.7,2nd,2024,Active,Individual,57055.89,tier 2
  Maharashtra  ,35.0,  Yamaha  ,Ray ZR,254734,2023,909,Electric,97.94,FIRST,2023,  Active  ,DEALER,200389.6,Tier 2
Maharashtra,15.57,Yamaha,Ray ZR,181784,2024,815,HYBRID,81.15,FIRST,2024,Active,Individual,95320.57,Tier 2
  Gujarat  ,75.47,hero,Passion Pro,120605,2023,927,Hybrid,94.23,third owner,2023,Active,Individual,95623.81,Metro
Uttar Pradesh,14.76,ktm,390 Adventure,198398,2022,358,petrol,40.1,2nd,2024,Expired,  Dealer  ,147277.41,Tier 1
rajasthan,12.38,Hero,Xtreme 160R,215325,2021,991,Petrol,31.08,second owner,2022,Not Available,Individual,133868.6,Tier 2
UTTAR PRADESH,24.33,Yamaha,R15 V4,311259,2021,629,Petrol,59.99,second owner,2022,EXPIRED,Dealer,141514.88,Metro
Rajasthan,29.71,Royal Enfield,Meteor 350,390924,2023,123,ELECTRIC,64.69,,2023,NOT AVAILABLE,dealer,232874.33,Tier 3
Gujarat,69.98,honda,Shine,356498,2024,803,hybrid,72.58,second owner,2024,Expired,Individual,262965.44,tier 1
Madhya Pradesh,25.08,Tvs,Jupiter,142972,2018,976,Hybrid,66.36,second owner,2022,Expired,INDIVIDUAL,109859.36,Tier 2
Karnataka,25.84,hero,Splendor Plus,"₹397,125",2020,419,Hybrid,96.79,3rd,2023,  Expired  ,Individual,191478.1887284064,Tier 2
PUNJAB,9.7,  Yamaha  ,R15 V4,105850,2022,807,  Electric  ,80.99,1st,2022,Active,Dealer,52423.96,tier 2
Rajasthan,5.89,TVS,NTorq 125,197267,2023,498,Hybrid,61.92,2nd,2024,  Active  ,Dealer,,Tier 2
karnataka,5.36,Royal Enfield,Hunter 350,289406,2023,650,Hybrid,79.49,first owner,2023,expired,Dealer,180935.77,Tier 3
RAJASTHAN,39.45,KTM,125 Duke,176197,2022,101,Petrol,45.81,THIRD,2022,Active,Dealer,120012.8,Metro
tamil nadu,20.8,royal enfield,Himalayan,329320,2024,311,Hybrid,72.47,1st,2024,Active,DEALER,168647.7,Tier 3
  Madhya Pradesh  ,31.11,Bajaj,Avenger 220,105988,2024,299,electric,69.67,1st,2024,EXPIRED,DEALER,42702.81,tier 2
uttar pradesh,69.26,Kawasaki,Ninja 400,371551,2019,651,Petrol,25.61,third owner,2022,Expired,Dealer,272332.01,  Tier 3  
Gujarat,16.89,Bajaj,Platina 110,314409,2020,490,  Petrol  ,32.69,Second,2022,Expired,Individual,152029.42,tier 1
  Karnataka  ,52.39,YAMAHA,R15 V4,340683,2023,304,ELECTRIC,60.75,2nd,2024,not available,Individual,212271.95,  Tier 2  
Tamil Nadu,8.25,  Kawasaki  ,Versys 650,235700,2016,499,Hybrid,60.93,Second,2022,Active,Dealer,140874.69,  Tier 3  
Madhya Pradesh,68.3,royal enfield,Meteor 350,197356,2023,399,Hybrid,81.54,2nd,2023,Expired,  Individual  ,102491.22,Tier 2
West Bengal,11.58,KTM,RC 390,169049,2015,598,Hybrid,94.83,Third,2024,EXPIRED,Individual,85503.75,Metro
Karnataka,73.64,yamaha,R15 V4,345195,2022,355,  Hybrid  ,83.41,SECOND,2023,  Active  ,Individual,175081.62,  Tier 1  
West Bengal,68.53,HERO,Xtreme 160R,316989,2020,962,Hybrid,80.19,Second,2021,Expired,Dealer,216476.6,METRO
maharashtra,45.89,Honda,Dio,86691,2016,182,Electric,92.66,Third,2023,Not Available,Individual,65010.22,Tier 1
Tamil Nadu,55.35,  TVS  ,Jupiter,181416,2023,609,  Hybrid  ,97.13,FIRST,2023,Not Available,Individual,109626.6,  Tier 2  
MAHARASHTRA,50.99,Royal Enfield,Interceptor 650,147053,2020,973,Electric,75.32,third owner,2023,Active,dealer,78770.13,metro
Karnataka,16.6,HERO,Xtreme 160R,156821,2024,852,Hybrid,66.25,FIRST,2024,expired,dealer,122646.56,Tier 2
Delhi,76.08,Ktm,250 Duke,97145,2021,357,Hybrid,81.45,Second,2021,Not Available,DEALER,47962.44,Tier 3
  Gujarat  ,65.8,Ktm,390 Adventure,202009,2016,980,Petrol,31.23,second owner,2022,,Individual,85967.48,tier 2
Uttar Pradesh,33.03,Kawasaki,Vulcan S,263056,2022,617,ELECTRIC,93.67,,2023,ACTIVE,Individual,162611.4,METRO
Maharashtra,34.54,  Hero  ,HF Deluxe,145382,2021,784,PETROL,36.14,Third,2021,Expired,  Individual  ,108314.19,Metro
Rajasthan,29.47,tvs,Apache RTR 160,274005,2018,543,Hybrid,79.15,3rd,2023,Active,Individual,153905.53,  Tier 2  
Tamil Nadu,21.43,Royal Enfield,Classic 350,353280,2023,129,Petrol,38.66,2nd,2024,NOT AVAILABLE,Individual,155618.71,Metro
west bengal,10.06,Hero,Xtreme 160R,75113,2015,403,Electric,99.66,3rd,2023,EXPIRED,individual,46509.9,Tier 3
GUJARAT,35.11,Yamaha,R15 V4,133900,2023,205,Hybrid,90.31,FIRST,2023,  Expired  ,Dealer,85025.27,tier 3
Tamil Nadu,31.97,Kawasaki,Ninja 300,129983,2022,477,Electric,67.52,FIRST,2022,  Not Available  ,Dealer,79108.84,  Tier 1  
Punjab,67.99,Royal Enfield,Classic 350,372925,2021,222,Electric,69.13,SECOND,2021,Expired,Dealer,235814.91,METRO
Uttar Pradesh,32.92,  TVS  ,Ronin,180467,2022,151,HYBRID,72.04,2nd,2024,EXPIRED,Individual,90834.87,Tier 3
Delhi,30.06,Royal Enfield,Hunter 350,365204,2021,469,electric,96.37,SECOND,2021,ACTIVE,Dealer,245824.44,TIER 2
GUJARAT,8.85,bajaj,Avenger 220,308215,2020,911,hybrid,62.48,Third,2021,Not Available,Individual,229543.02,Metro
  Maharashtra  ,58.69,ROYAL ENFIELD,Himalayan,52836,2020,105,Petrol,36.9,third owner,2021,,individual,,TIER 2
West Bengal,66.12,Tvs,NTorq 125,55654,2024,218,  Electric  ,85.99,1st,2024,Active,INDIVIDUAL,,TIER 2
Madhya Pradesh,72.63,Kawasaki,Z650,239001,2020,315,Petrol,38.0,3rd,2024,Active,Individual,110339.56,tier 3
gujarat,46.83,royal enfield,Meteor 350,83677,2018,210,Petrol,26.01,second owner,2023,Not Available,Dealer,53718.48,Tier 2
Gujarat,13.28,Hero,Xtreme 160R,293205,2024,498,hybrid,72.89,First,2024,Not Available,Dealer,190259.65,Tier 1
  Madhya Pradesh  ,53.31,  Honda  ,Activa,327381,2022,916,  Petrol  ,45.99,third owner,2023,EXPIRED,Dealer,,  Metro  
Karnataka,32.66,HERO,Glamour,318368,2023,858,  Electric  ,79.52,first owner,2023,Active,  Dealer  ,226301.4,Tier 3
KARNATAKA,9.89,TVS,Ronin,385993,2018,771,Petrol,42.83,,2023,Not Available,individual,277658.98,Tier 3
Karnataka,29.33,TVS,Apache RTR 160,125179,2024,593,HYBRID,96.29,First,2024,Expired,dealer,54536.15,Tier 3
Uttar Pradesh,28.55,Kawasaki,Ninja 400,"₹336,517",2021,554,petrol,34.71,1st,2021,NOT AVAILABLE,DEALER,143609.85,Tier 2
MAHARASHTRA,79.46,Royal Enfield,Meteor 350,171111,2020,543,Petrol,31.52,second owner,2023,active,  Dealer  ,109855.18,TIER 3
Punjab,54.47,bajaj,Avenger 220,399627,2019,202,HYBRID,92.53,Second,2021,Expired,Dealer,293271.063007683,  Metro  
tamil nadu,21.68,Yamaha,R15 V4,282334,2023,583,petrol,33.15,,2024,Not Available,Dealer,,Tier 3
  Tamil Nadu  ,23.05,Kawasaki,Versys 650,254067,2016,481,Electric,75.93,2nd,2023,Active,individual,146123.13,Tier 3
West Bengal,45.67,tvs,Apache RTR 160,68261,2020,626,  Petrol  ,36.0,2nd,2022,active,individual,48645.78,  Tier 1  
Delhi,40.43,ktm,390 Adventure,82095,2023,808,Petrol,46.01,third owner,2023,NOT AVAILABLE,Individual,52645.51,METRO
Maharashtra,64.25,hero,Glamour,330685,2021,864,Electric,95.65,FIRST,2021,Active,DEALER,136113.76,Tier 2
  Uttar Pradesh  ,78.57,Royal Enfield,Classic 350,282638,2022,943,Petrol,39.83,First,2022,,Dealer,166357.24,Tier 1
Madhya Pradesh,67.57,honda,CBR 650R,91805,2021,762,Electric,72.49,1st,2021,EXPIRED,Dealer,55278.21,Metro
West Bengal,52.23,Tvs,NTorq 125,107850,2020,109,Electric,,SECOND,2024,Active,Individual,81194.34,Tier 2
Madhya Pradesh,17.16,KTM,390 Adventure,365338,2017,621,Electric,75.29,Third,2023,Expired,Dealer,287204.07,Tier 3
punjab,51.76,KAWASAKI,Ninja 400,352185,2023,458,Electric,60.38,SECOND,2024,Not Available,dealer,187795.11,Tier 3
  Delhi  ,51.86,BAJAJ,Pulsar 150,175753,2024,885,Petrol,46.2,third owner,2024,Active,Individual,95118.85,Tier 2
Rajasthan,6.42,Royal Enfield,Interceptor 650,112435,2021,543,  Hybrid  ,82.94,Third,2024,Not Available,Dealer,47540.16,Tier 3
Gujarat,6.1,Royal Enfield,Himalayan,154944,2020,592,petrol,42.17,Second,2022,  Expired  ,Individual,117673.24,tier 2
tamil nadu,70.02,TVS,NTorq 125,234446,2022,473,Hybrid,74.1,,2022,Not Available,INDIVIDUAL,179409.48,Tier 3
Punjab,42.18,ktm,250 Duke,103552,2018,580,Hybrid,90.41,3rd,2022,Active,dealer,42920.79,  Metro  
RAJASTHAN,37.58,Bajaj,Avenger 220,"₹315,543",2015,853,Electric,77.89,second owner,2023,Active,INDIVIDUAL,176178.81,Metro
Tamil Nadu,21.24,  Hero  ,HF Deluxe,213014,2020,307,  Petrol  ,45.34,3rd,2022,  Active  ,Dealer,129141.47,Tier 3
Delhi,28.49,ROYAL ENFIELD,Classic 350,176974,2021,342,Hybrid,79.59,Third,2023,  Active  ,DEALER,77489.5,Tier 2
Karnataka,62.85,Kawasaki,Ninja 300,132482,2021,556,Petrol,51.73,Third,2021,Active,Dealer,56057.22,TIER 1
Uttar Pradesh,9.72,Hero,Splendor Plus,"₹131,752",2017,140,HYBRID,94.38,2nd,2021,active,individual,60410.82,Metro
Delhi,58.63,KTM,RC 390,174103,2024,369,Petrol,46.84,first owner,2024,NOT AVAILABLE,Individual,80636.51,tier 1
Maharashtra,44.78,ktm,250 Duke,216728,2021,957,Electric,74.79,third owner,2020,Not Available,Dealer,,Metro
Maharashtra,48.35,Royal Enfield,Classic 350,59207,2023,413,electric,73.99,Second,2023,Active,Individual,36431.14,Metro
Gujarat,56.7,  Royal Enfield  ,Classic 350,388057,2023,485,Electric,83.64,third owner,2023,not available,Individual,156725.91,TIER 3
  Gujarat  ,72.58,Hero,Splendor Plus,378229,2018,228,Electric,87.64,second owner,2023,,  Dealer  ,183705.9,Tier 3
uttar pradesh,59.06,KTM,390 Adventure,359311,2022,155,Petrol,33.43,second owner,2023,active,DEALER,248534.72,Tier 3
Punjab,65.0,Kawasaki,Z650,123586,2024,701,Petrol,53.74,THIRD,2024,Active,Dealer,80861.25,METRO
Madhya Pradesh,9.02,  Yamaha  ,R15 V4,187893,2022,777,  Electric  ,80.77,1st,2022,Not Available,  Dealer  ,136338.07056826793,Tier 3
Delhi,25.81,Kawasaki,Vulcan S,82449,2021,999,petrol,27.09,Third,2024,Expired,Individual,55828.35,Tier 3
Gujarat,73.67,TVS,Jupiter,172817,2022,438,hybrid,75.78,third owner,2022,  Expired  ,Dealer,84359.21,Tier 1
UTTAR PRADESH,77.26,KTM,125 Duke,106374,2023,860,Petrol,57.35,Third,2024,Active,individual,63334.3,Metro
UTTAR PRADESH,16.97,hero,Passion Pro,80541,2018,273,petrol,49.03,Second,2024,Not Available,DEALER,38047.48,Tier 3
Uttar Pradesh,77.74,  Yamaha  ,FZ V3,206703,2022,608,Hybrid,86.09,3rd,2024,Expired,Dealer,148367.47,Tier 3
  Tamil Nadu  ,46.75,Honda,Unicorn,397436,2019,329,Hybrid,98.43,Second,2021,Expired,Dealer,168706.09,Tier 2
maharashtra,67.6,KTM,390 Adventure,281393,2022,122,  Petrol  ,49.68,,2022,active,DEALER,116206.25,  Metro  
Maharashtra,77.57,KTM,390 Adventure,238893,2023,225,Electric,87.08,,2024,Not Available,  Dealer  ,180585.77,  Tier 2  
Madhya Pradesh,19.47,TVS,Jupiter,191002,2024,740,HYBRID,64.8,2nd,2024,Not Available,Dealer,151522.81,Tier 1
Rajasthan,73.86,Royal Enfield,Classic 350,388727,2022,464,petrol,28.68,second owner,2022,Active,  Dealer  ,286839.36,Metro
  Gujarat  ,54.09,ktm,250 Duke,230249,2018,608,  Petrol  ,26.49,second owner,2022,Expired,Dealer,155779.5,metro
  Tamil Nadu  ,48.72,royal enfield,Himalayan,289403,2020,653,petrol,39.76,third owner,2023,not available,Dealer,179882.02,Tier 1
  Uttar Pradesh  ,76.7,Yamaha,Fascino 125,57886,2022,121,Petrol,43.73,3rd,2023,Expired,  Dealer  ,30496.65,Metro
Maharashtra,62.87,tvs,Sport,186666,2016,252,PETROL,45.9,Second,2023,Expired,Individual,106036.69,METRO
MADHYA PRADESH,38.1,Ktm,Duke 200,97907,2022,584,petrol,49.89,1st,2022,Not Available,individual,75643.32,Metro
DELHI,11.95,Bajaj,Platina 110,331421,2015,348,PETROL,45.5,THIRD,2022,  Expired  ,Dealer,164000.96,Tier 3
  Gujarat  ,46.8,KAWASAKI,Ninja 300,50255,2021,668,Electric,90.13,3rd,2023,Active,  Individual  ,35798.05,  Metro  
Punjab,16.39,honda,Activa,197180,2020,303,electric,79.21,second owner,2024,  Expired  ,Individual,105423.99,TIER 1
  Delhi  ,8.19,Royal Enfield,Himalayan,286402,2021,850,Electric,85.62,3rd,2022,  Active  ,INDIVIDUAL,157813.92,TIER 3
Karnataka,28.85,Honda,Shine,281543,2023,455,PETROL,33.6,first owner,2023,not available,Dealer,193943.23,  Tier 1  
madhya pradesh,16.41,Royal Enfield,Himalayan,53331,2022,375,Petrol,,1st,2022,  Expired  ,individual,28029.26,Tier 2
delhi,58.43,  Honda  ,CBR 650R,321787,2022,408,Petrol,58.28,2nd,2024,  Active  ,Dealer,143010.78,Metro
Tamil Nadu,29.91,Hero,Xtreme 160R,229777,2021,255,Electric,98.07,,2021,EXPIRED,INDIVIDUAL,172178.71,Tier 1
Madhya Pradesh,49.92,  Royal Enfield  ,Classic 350,276458,2022,853,  Petrol  ,59.42,3rd,2022,  Expired  ,INDIVIDUAL,190346.56,Tier 2
Tamil Nadu,57.66,Ktm,Duke 200,130461,2017,234,Petrol,,THIRD,2023,EXPIRED,Individual,75706.51,Metro
Maharashtra,45.36,Kawasaki,Versys 650,333136,2023,847,Electric,69.13,first owner,2023,expired,dealer,182182.39,Tier 1
Karnataka,51.67,Bajaj,Pulsar 150,92008,2018,225,Electric,75.37,2nd,2023,EXPIRED,Dealer,61439.18,tier 2
Rajasthan,25.74,TVS,Jupiter,218145,2016,643,hybrid,,2nd,2023,,Individual,161974.1,TIER 2
Rajasthan,25.87,TVS,Sport,168867,2020,445,Electric,98.28,,2024,Active,Individual,131290.9,Tier 1
rajasthan,70.8,KTM,250 Duke,107754,2020,863,Hybrid,82.29,2nd,2024,Not Available,dealer,52369.65,Tier 2
Uttar Pradesh,79.4,  Hero  ,Glamour,174807,2021,502,  Petrol  ,53.48,FIRST,2021,Not Available,Dealer,133429.95,  Tier 3  
  Karnataka  ,36.73,  Yamaha  ,Fascino 125,136836,2019,261,Electric,86.0,2nd,2023,Expired,dealer,108601.25,METRO
Maharashtra,5.28,HERO,Xtreme 160R,260145,2019,593,Hybrid,66.06,third owner,2024,  Expired  ,DEALER,164749.94,TIER 1
MADHYA PRADESH,33.18,  Honda  ,Shine,"₹167,497",2018,768,Petrol,33.11,Third,2022,Expired,DEALER,75685.11,Tier 2
Gujarat,60.5,  Hero  ,Passion Pro,305749,2024,948,electric,,FIRST,2024,NOT AVAILABLE,Dealer,,tier 3
Rajasthan,52.04,HONDA,Dio,191746,2023,316,electric,93.09,THIRD,2023,Expired,DEALER,91732.8,Tier 1
Punjab,55.5,  KTM  ,250 Duke,393303,2024,317,hybrid,72.93,third owner,2024,EXPIRED,Individual,163232.03,Tier 2
KARNATAKA,20.9,yamaha,MT-15,390111,2023,766,Petrol,25.15,third owner,2023,Expired,Individual,185397.94,tier 3
Tamil Nadu,16.45,Royal Enfield,Meteor 350,231577,2021,620,  Electric  ,89.47,FIRST,2021,Expired,  Dealer  ,144435.44,tier 1
Maharashtra,32.18,Kawasaki,Ninja 400,53528,2024,391,Petrol,59.86,,2024,EXPIRED,Dealer,22697.05,TIER 2
  Uttar Pradesh  ,75.38,Kawasaki,Z650,140031,2016,155,Hybrid,77.84,THIRD,2023,  Not Available  ,  Dealer  ,69610.71,METRO
Maharashtra,10.5,tvs,Apache RTR 160,134475,2023,995,Petrol,48.09,SECOND,2024,active,dealer,66458.54,Tier 3
West Bengal,6.69,KAWASAKI,Z650,291500,2017,340,PETROL,32.96,3rd,2021,not available,Individual,173476.12,Tier 2
Gujarat,79.38,Bajaj,Pulsar 150,172867,2019,533,Hybrid,61.54,Third,2021,  Active  ,INDIVIDUAL,98757.76,Tier 2
Karnataka,59.7,Royal Enfield,Hunter 350,205007,2021,965,HYBRID,95.34,1st,2021,Active,Individual,145153.8,Tier 3
KARNATAKA,63.26,TVS,NTorq 125,266786,2020,903,electric,60.35,second owner,2024,  Not Available  ,dealer,181534.29,  Metro  
West Bengal,75.69,Bajaj,Dominar 400,178751,2023,707,Petrol,56.19,Third,2023,active,Dealer,108593.04,Tier 3
Rajasthan,14.88,Yamaha,FZ V3,279231,2024,547,electric,98.53,3rd,2024,expired,dealer,117482.60230745526,tier 1
WEST BENGAL,32.97,Hero,Glamour,360592,2022,797,Hybrid,62.82,First,2022,expired,Dealer,159836.63,Tier 1
RAJASTHAN,15.49,Yamaha,Ray ZR,322296,2019,903,Electric,78.43,Third,2023,  Active  ,Individual,208215.84,Tier 1
West Bengal,20.94,Ktm,250 Duke,190042,2023,778,HYBRID,76.69,first owner,2023,,DEALER,123025.24,Tier 1
Maharashtra,30.89,Royal Enfield,Interceptor 650,140229,2022.0,932,ELECTRIC,,,2023,  Expired  ,Individual,59213.54,Metro
Punjab,61.32,KTM,125 Duke,187811,2022,804,hybrid,68.54,Second,2023,Not Available,Dealer,113090.52,Tier 2
Karnataka,63.92,Bajaj,Avenger 220,188617,2015,748,Petrol,50.71,Third,2024,Not Available,dealer,135530.91,TIER 2
  Punjab  ,73.89,  Yamaha  ,R15 V4,163245,2015,891,Electric,70.45,third owner,2024,Expired,Individual,122051.75,Metro
Punjab,56.56,Yamaha,FZ V3,326624,2024,314,PETROL,38.12,SECOND,2024,ACTIVE,Dealer,205691.06,  Metro  
delhi,73.96,Hero,HF Deluxe,276711,2023,209,Electric,61.69,second owner,2023,NOT AVAILABLE,Dealer,166081.14,Tier 3
Madhya Pradesh,31.24,Yamaha,R15 V4,241252,2020,789,Electric,78.92,second owner,2023,expired,Dealer,163819.74,tier 1
Gujarat,27.68,KTM,RC 390,376230,2024,156,Electric,78.5,3rd,2024,Active,Dealer,300715.14,TIER 3
DELHI,44.41,Honda,Activa,321025,2021,801,Hybrid,72.98,THIRD,2024,Active,Dealer,252540.36,Tier 2
Gujarat,44.24,Yamaha,Ray ZR,197924,2020,482,Electric,97.55,third owner,2024,Active,Dealer,105101.03,Tier 1
Madhya Pradesh,9.88,Hero,Passion Pro,85872,2019,922,  Petrol  ,28.17,THIRD,2024,Expired,Dealer,54563.55,Tier 1
MADHYA PRADESH,73.13,  Hero  ,Glamour,378391,2024,129,Hybrid,68.81,2nd,2024,Not Available,dealer,274749.14,Metro
  Maharashtra  ,73.85,KTM,250 Duke,361307,2018,860,Hybrid,72.08,second owner,2022,NOT AVAILABLE,Dealer,207493.31,METRO
  Delhi  ,52.46,TVS,Ronin,106028,2015,148,Petrol,49.22,Second,2024,active,Dealer,62485.99,Tier 2
Maharashtra,56.44,KTM,Duke 200,80591,2016,109,HYBRID,79.64,2nd,2024,  Expired  ,INDIVIDUAL,58170.53,METRO
  Madhya Pradesh  ,60.36,Bajaj,Avenger 220,338124,2021,854,hybrid,,Second,2022,Not Available,Dealer,266201.55,Metro
Maharashtra,27.71,Hero,Passion Pro,50296,2020.0,649,ELECTRIC,83.78,THIRD,2021,Expired,Individual,32095.15,Tier 1
DELHI,31.32,KTM,250 Duke,303968,2023,701,Hybrid,99.81,1st,2023,expired,dealer,169713.78,tier 1
Madhya Pradesh,59.38,Bajaj,Platina 110,200238,2023,202,  Electric  ,91.48,3rd,2023,  Expired  ,INDIVIDUAL,142209.66,TIER 3
delhi,7.47,Kawasaki,Ninja 400,328987,2024,271,Petrol,,Third,2024,Expired,Individual,162784.55,TIER 1
uttar pradesh,50.01,  Hero  ,Passion Pro,375260,2023,113,electric,72.71,Second,2024,Active,  Dealer  ,288857.31,Tier 3
RAJASTHAN,31.31,Honda,Dio,390334,2020,441,Hybrid,96.63,third owner,2021,Expired,individual,250759.48,TIER 2
West Bengal,61.11,KTM,390 Adventure,354601,2024,637,HYBRID,78.92,FIRST,2024,active,Dealer,175691.5,Tier 1
Tamil Nadu,28.03,HERO,Xtreme 160R,70058,2019,446,Electric,86.83,second owner,2021,EXPIRED,Individual,35004.1,TIER 2
West Bengal,48.58,royal enfield,Hunter 350,121856,2022,335,Hybrid,,second owner,2024,Active,  Individual  ,51815.91,Tier 3
Uttar Pradesh,58.92,Kawasaki,Versys 650,322814,2023,896,electric,82.59,THIRD,2023,,DEALER,181236.99,tier 2
Delhi,24.09,Bajaj,CT 100,192295,2015,966,Hybrid,99.8,Second,2023,Expired,individual,119542.56,Tier 3
Maharashtra,25.21,Hero,Xtreme 160R,361668,2023,699,Petrol,33.58,First,2023,Active,Individual,151850.52,  Tier 3  
  Punjab  ,72.3,Royal Enfield,Himalayan,235727,2018,489,Hybrid,73.57,second owner,2024,Expired,DEALER,131607.93,Tier 3
Uttar Pradesh,57.41,BAJAJ,Dominar 400,368233,2023,687,Electric,,3rd,2024,  Active  ,dealer,242784.36,TIER 1
Maharashtra,66.78,KTM,250 Duke,89182,2024,882,Electric,66.61,2nd,2024,ACTIVE,Dealer,,  Tier 1  
  West Bengal  ,75.96,royal enfield,Interceptor 650,215197,2022,128,petrol,34.7,3rd,2023,Not Available,Dealer,150778.15,TIER 2
delhi,8.96,Royal Enfield,Hunter 350,214715,2024,469,Hybrid,67.19,,2024,NOT AVAILABLE,  Dealer  ,,  Tier 2  
Uttar Pradesh,11.79,TVS,Jupiter,144822,2021,583,Petrol,47.8,Third,2023,Active,individual,61209.64,Tier 1
Tamil Nadu,61.2,Kawasaki,Z650,119252,2015,580,petrol,33.07,THIRD,2021,Not Available,dealer,63450.18,  Metro  
  Punjab  ,22.51,Bajaj,CT 100,175521,2019,181,petrol,41.47,SECOND,2024,  Active  ,Individual,86466.79,Metro
Karnataka,60.33,BAJAJ,Pulsar 150,298778,2021,927,  Hybrid  ,79.75,3rd,2021,expired,Dealer,179513.65,Metro
Gujarat,66.55,KTM,250 Duke,201723,2016,247,Petrol,51.73,2nd,2023,Not Available,individual,82629.68,  Tier 1  
Uttar Pradesh,7.05,Royal Enfield,Classic 350,69367,2021,532,Petrol,34.87,first owner,2021,ACTIVE,Individual,54376.21,  Tier 3  
PUNJAB,32.59,Hero,Splendor Plus,255192,2023,477,Electric,87.08,First,2023,ACTIVE,Individual,160470.41,Tier 3
Tamil Nadu,57.55,KTM,125 Duke,216984,2024,355,Petrol,49.89,THIRD,2024,Expired,  Individual  ,114101.48,  Tier 2  
Punjab,22.23,TVS,Apache RTR 160,55550,2021,432,Electric,97.32,first owner,2021,  Active  ,Dealer,22507.4,TIER 3
Punjab,53.7,Hero,Passion Pro,156401,2021,808,Petrol,49.84,2nd,2023,,Individual,80407.01890933637,metro
Karnataka,16.27,Tvs,Apache RTR 160,371610,2018,523,electric,79.77,Third,2024,expired,Individual,285084.03,tier 2
Rajasthan,24.53,  Royal Enfield  ,Classic 350,181448,2021,367,Petrol,46.77,first owner,2021,Expired,  Individual  ,110343.71,Metro
Madhya Pradesh,26.21,Royal Enfield,Interceptor 650,169151,2022,439,  Petrol  ,49.93,1st,2022,EXPIRED,  Dealer  ,88384.97,Metro
  Gujarat  ,61.5,KTM,RC 390,197223,2016,528,Hybrid,77.76,THIRD,2023,Expired,  Individual  ,,  Tier 3  
Tamil Nadu,18.76,TVS,Jupiter,179984,2023,936,Electric,70.12,Second,2024,  Active  ,Dealer,87009.31,Tier 1
  Delhi  ,55.88,  Bajaj  ,Avenger 220,234157,2024,793,  Petrol  ,34.71,2nd,2024,  Not Available  ,  Individual  ,103734.43,METRO
Tamil Nadu,32.5,KTM,Duke 200,226406,2022,713,ELECTRIC,93.57,Second,2023,Expired,individual,155942.01,Tier 2
UTTAR PRADESH,22.43,royal enfield,Meteor 350,62623,2020,195,Petrol,45.34,Second,2022,  Expired  ,dealer,40859.16,TIER 3
West Bengal,52.39,Honda,Activa,198683,2019,949,Hybrid,78.74,,2022,Not Available,Dealer,147330.52,TIER 2
Rajasthan,76.41,ROYAL ENFIELD,Interceptor 650,59041,2024,364,Electric,94.34,1st,2024,  Not Available  ,Dealer,,Tier 2
Gujarat,59.63,Bajaj,Pulsar 150,"₹188,591",2022,806,Electric,73.52,FIRST,2022,not available,INDIVIDUAL,107083.73,metro
west bengal,36.48,honda,Dio,65211,2019,131,PETROL,28.89,SECOND,2021,Expired,Individual,41192.83,  Tier 1  
Karnataka,60.66,Kawasaki,Versys 650,164397,2024,636,Electric,91.71,THIRD,2024,ACTIVE,INDIVIDUAL,99215.22,Tier 3
Madhya Pradesh,69.42,royal enfield,Classic 350,115466,2019,708,Electric,60.68,3rd,2024,Active,  Dealer  ,61932.76,Tier 1
Rajasthan,24.13,ktm,250 Duke,141361,2016,876,  Hybrid  ,96.66,SECOND,2022,  Active  ,Dealer,70237.79,Metro
  Maharashtra  ,50.64,  KTM  ,390 Adventure,334654,2019,710,Petrol,50.14,third owner,2021,Active,DEALER,213107.84,Tier 3
  Maharashtra  ,10.32,Bajaj,Pulsar 150,331978,2018,849,HYBRID,65.33,SECOND,2022,Expired,INDIVIDUAL,151755.42,metro
GUJARAT,42.19,  Kawasaki  ,Vulcan S,391220,2022,849,hybrid,72.32,third owner,2024,not available,INDIVIDUAL,299158.83,metro
  Rajasthan  ,35.46,  KTM  ,250 Duke,141191,2015,342,ELECTRIC,77.11,3rd,2024,NOT AVAILABLE,Dealer,85027.82,Tier 3
madhya pradesh,59.42,Yamaha,Ray ZR,258085,2023,874,  Petrol  ,45.09,3rd,2023,  Active  ,Dealer,189241.06,TIER 3
West Bengal,28.12,KTM,Duke 200,209468,2022,999,Hybrid,93.38,First,2022,Not Available,Individual,100270.77582420681,Metro
Rajasthan,20.59,Tvs,Apache RTR 160,227649,2022,987,Petrol,35.37,second owner,2022,Expired,  Individual  ,134395.16,Tier 1
Madhya Pradesh,75.85,HERO,Xtreme 160R,155362,2021,184,Hybrid,93.97,3rd,2023,Active,dealer,117499.07,tier 1
delhi,56.75,KTM,125 Duke,296918,2022,203,electric,72.35,first owner,2022,active,Individual,,  Metro  
West Bengal,56.16,KTM,250 Duke,371542,2023,183,Petrol,50.58,Third,2024,NOT AVAILABLE,Individual,285791.17,Metro
madhya pradesh,59.18,royal enfield,Hunter 350,386618,2024,916,HYBRID,71.47,FIRST,2024,  Active  ,  Dealer  ,257615.75,Tier 3
Tamil Nadu,18.56,Honda,Unicorn,63028,2023,589,Hybrid,92.87,second owner,2023,Expired,Individual,37465.8,Metro
RAJASTHAN,75.99,yamaha,Ray ZR,150148,2023,657,Petrol,32.09,third owner,2024,  Active  ,INDIVIDUAL,,Metro
  Rajasthan  ,30.39,Honda,Activa,63691,2019,291,Petrol,30.45,SECOND,2024,expired,Individual,32011.54,Tier 1
Gujarat,15.15,KTM,Duke 200,86521,2021,490,Hybrid,89.81,3rd,2024,expired,Individual,49785.95,Metro
delhi,5.32,Kawasaki,Ninja 300,226577,2024,338,HYBRID,79.41,2nd,2024,,dealer,160641.62,  Tier 1  
TAMIL NADU,7.52,Ktm,250 Duke,227246,2022,161,HYBRID,81.21,SECOND,2024,Active,Individual,111111.3,Tier 1
Maharashtra,22.69,Honda,Activa,332533,2023,561,hybrid,63.04,3rd,2024,NOT AVAILABLE,Individual,140453.05,Tier 2
  Maharashtra  ,48.3,TVS,NTorq 125,61628,2018,813,  Hybrid  ,77.37,Second,2023,expired,dealer,28986.45,Metro
Karnataka,69.34,honda,Unicorn,89427,2021,828,  Petrol  ,57.71,,2022,not available,Dealer,49072.55,TIER 1
GUJARAT,23.33,Kawasaki,Vulcan S,366948,2023,575,Electric,81.89,second owner,2024,Active,Dealer,221170.1,Metro
Gujarat,44.53,tvs,Ronin,355589,2021,961,Hybrid,64.12,,2023,Not Available,DEALER,271077.02,metro
karnataka,52.82,hero,Passion Pro,82549,2023,387,hybrid,98.62,second owner,2023,ACTIVE,dealer,41239.11,Tier 3
  Tamil Nadu  ,65.78,YAMAHA,R15 V4,235174,2024,826,Petrol,27.3,SECOND,2024,  Not Available  ,individual,,Tier 1
  Madhya Pradesh  ,75.06,Kawasaki,Z650,347789,2023,264,HYBRID,84.62,,2023,ACTIVE,Dealer,260959.95,Tier 1
Tamil Nadu,7.77,TVS,Apache RTR 160,368732,2023,542,HYBRID,79.1,FIRST,2023,Active,Dealer,213812.93,metro
Punjab,55.8,Tvs,Jupiter,152438,2022,542,ELECTRIC,88.38,2nd,2023,active,individual,118606.81,  Tier 1  
Madhya Pradesh,44.11,Royal Enfield,Meteor 350,358321,2024,792,electric,72.71,1st,2024,Active,individual,,Tier 2
gujarat,51.9,BAJAJ,Avenger 220,137263,2023,678,HYBRID,75.32,,2024,Not Available,individual,82611.32,Tier 1
  Punjab  ,60.32,HONDA,CBR 650R,234927,2021,187,Petrol,28.66,SECOND,2022,Expired,DEALER,101819.2,Tier 2
WEST BENGAL,15.93,BAJAJ,Platina 110,297971,2023,742,HYBRID,64.04,second owner,2024,expired,Individual,121660.47,Tier 3
Punjab,18.13,KTM,390 Adventure,204721,2022,921,Hybrid,86.24,Third,2022,not available,Dealer,114843.62,tier 3
  Rajasthan  ,32.26,Kawasaki,Ninja 400,117893,2019,200,electric,86.8,Third,2021,active,Individual,66086.03,Tier 3
DELHI,65.92,Ktm,390 Adventure,367889,2023,672,Petrol,32.24,second owner,2023,EXPIRED,Dealer,229342.72,TIER 3
PUNJAB,46.09,  Honda  ,Dio,95206,2016,228,Hybrid,84.64,,2022,ACTIVE,individual,40798.46,Tier 3
Maharashtra,69.65,Yamaha,MT-15,230550,2021,406,  Electric  ,86.52,Second,2021,,INDIVIDUAL,137664.83,Metro
Maharashtra,36.5,  Honda  ,Activa,147636,2023,158,Electric,77.98,first owner,2023,Active,  Dealer  ,91774.38,TIER 2
  Punjab  ,45.53,yamaha,Ray ZR,257212,2023,310,Electric,89.77,first owner,2023,NOT AVAILABLE,Dealer,203987.17,Tier 2
Punjab,9.41,ktm,RC 390,52450,2016,616,petrol,53.55,THIRD,2023,expired,Individual,21567.03,Tier 2
gujarat,67.72,  Hero  ,Passion Pro,95040,2024,297,  Electric  ,88.03,Third,2024,Not Available,  Dealer  ,62025.2,Tier 1
Maharashtra,69.96,Kawasaki,Z650,176362,2024,191,Petrol,56.3,First,2024,ACTIVE,  Individual  ,105929.9,Tier 2
Uttar Pradesh,57.55,YAMAHA,Ray ZR,369086,2021,770,Electric,93.99,SECOND,2024,  Active  ,dealer,289924.39,Tier 1
Maharashtra,9.44,Honda,CBR 650R,256763,2024,259,hybrid,80.19,SECOND,2024,Expired,Individual,118958.66,Tier 2
Karnataka,19.9,  Honda  ,Dio,238502,2022,986,  Hybrid  ,81.34,second owner,2023,Active,Dealer,121783.15,Tier 1
rajasthan,65.03,Hero,Glamour,379121,2022,205,electric,69.59,Second,2023,EXPIRED,Individual,231307.26,Tier 2
West Bengal,9.17,Honda,Dio,117032,2024,265,Electric,,THIRD,2024,NOT AVAILABLE,Individual,81219.18,Tier 1
Madhya Pradesh,9.69,Kawasaki,Versys 650,201390,2018,105,hybrid,92.95,Second,2023,Not Available,Individual,153146.12,Tier 3
Rajasthan,28.4,TVS,Ronin,52665,2015,997,  Petrol  ,,THIRD,2023,Not Available,Dealer,21814.81,Tier 2
Karnataka,51.67,  KTM  ,390 Adventure,176529,2021,243,ELECTRIC,71.88,,2021,  Expired  ,Dealer,76436.96,  Tier 2  
Gujarat,20.96,kawasaki,Vulcan S,196620,2020,604,Electric,92.67,2nd,2021,active,Individual,121754.41,tier 3
GUJARAT,6.48,TVS,Jupiter,226810,2016,406,Electric,95.71,second owner,2021,  Expired  ,INDIVIDUAL,160020.18,Tier 3
Rajasthan,36.16,TVS,Sport,93719,2018,314,Petrol,34.97,SECOND,2023,Active,individual,38449.0,Tier 3
Delhi,41.96,TVS,Apache RTR 160,389657,2017,634,PETROL,39.52,THIRD,2024,Active,Dealer,,  Metro  
West Bengal,24.07,BAJAJ,Platina 110,57220,2021,158,  Electric  ,80.25,third owner,2021,NOT AVAILABLE,DEALER,45483.9,  Tier 3  
  Tamil Nadu  ,17.0,tvs,NTorq 125,134847,2024,872,Electric,86.8,Third,2024,Not Available,  Individual  ,71702.7,  Tier 2  
Delhi,28.99,Kawasaki,Versys 650,268743,2024,304,electric,76.4,THIRD,2024,Expired,DEALER,161832.38,Tier 2
RAJASTHAN,78.86,  Honda  ,Activa,223617,2024,840,Electric,,2nd,2024,Not Available,Individual,106367.4,TIER 3
Punjab,67.89,KTM,125 Duke,223735,2020,997,  Hybrid  ,,THIRD,2023,EXPIRED,dealer,118067.0,Tier 2
Tamil Nadu,69.5,Yamaha,Fascino 125,295921,2024,746,petrol,,Second,2024,expired,  Dealer  ,119780.32,TIER 2
Gujarat,5.66,Royal Enfield,Meteor 350,183695,2024,903,Electric,69.72,SECOND,2024,EXPIRED,DEALER,81221.81,Tier 1
Delhi,53.96,Kawasaki,Ninja 300,66504,2019,877,  Electric  ,92.87,2nd,2017,,individual,39417.83,TIER 1
Madhya Pradesh,54.61,  Royal Enfield  ,Classic 350,187839,2020,918,hybrid,69.09,THIRD,2023,Not Available,Individual,86475.42,Tier 3
Madhya Pradesh,71.22,ktm,125 Duke,126359,2019,759,Hybrid,86.51,third owner,2022,Expired,  Individual  ,71939.83,Tier 2
  Maharashtra  ,55.64,  KTM  ,Duke 200,"₹227,660",2023,184,Petrol,31.86,third owner,2023,  Active  ,Dealer,163246.68,METRO
Karnataka,75.41,Royal Enfield,Himalayan,"₹105,444",2020,685,Electric,88.28,3rd,2024,Active,Individual,68932.34,  Tier 3  
Punjab,60.34,Bajaj,Platina 110,231711,2020,233,Hybrid,61.54,THIRD,2023,Expired,Individual,182746.87,  Tier 3  
delhi,31.4,Tvs,NTorq 125,67632,2023,839,PETROL,,THIRD,2023,Not Available,Individual,28975.91,TIER 3
Madhya Pradesh,33.12,Hero,Splendor Plus,323554,2017,717,Hybrid,99.35,Second,2024,Expired,Dealer,240460.9,  Tier 1  
Punjab,27.25,Bajaj,Avenger 220,396791,2022,893,ELECTRIC,87.97,First,2022,expired,Dealer,221961.03,Tier 3
  Delhi  ,45.88,Honda,CBR 650R,273310,2024,643,Petrol,25.41,FIRST,2024,Not Available,  Individual  ,157927.56,Metro
PUNJAB,12.83,Ktm,Duke 200,110198,2023,925,Petrol,25.44,1st,2023,Not Available,dealer,75156.19,Tier 1
Karnataka,36.26,  Bajaj  ,CT 100,69336,2024,316,Electric,63.04,FIRST,2024,  Not Available  ,dealer,44989.45,  Tier 2  
  Maharashtra  ,13.87,TVS,Apache RTR 160,127183,2023,286,Hybrid,81.86,THIRD,2023,Expired,  Dealer  ,87580.71,tier 1
Karnataka,42.24,yamaha,Ray ZR,196511,2024,714,Electric,66.0,THIRD,2024,Active,individual,88658.61,TIER 2
  Delhi  ,11.71,Kawasaki,Z650,139434,2024,687,Electric,99.59,THIRD,2024,expired,INDIVIDUAL,89031.07,Tier 3
DELHI,35.6,  Yamaha  ,R15 V4,125864,2022,759,hybrid,76.54,Second,2024,Not Available,Individual,57106.82,Tier 2
West Bengal,37.54,TVS,Sport,385671,2019,369,  Hybrid  ,,SECOND,2024,active,DEALER,229843.47,Tier 2
Delhi,69.4,Yamaha,Ray ZR,229594,2024,800,Electric,74.63,2nd,2024,  Active  ,Dealer,177755.05,  Tier 3  
PUNJAB,24.93,Hero,Glamour,112012,2020,423,  Hybrid  ,97.33,3rd,2024,NOT AVAILABLE,Dealer,68604.17,Tier 1
Rajasthan,49.23,  Royal Enfield  ,Interceptor 650,226769,2020,243,Hybrid,74.15,3rd,2023,NOT AVAILABLE,individual,104706.56,tier 3
Tamil Nadu,74.34,Honda,Unicorn,213066,2023,335,HYBRID,,Second,2023,Not Available,Dealer,120534.88,Tier 2
tamil nadu,46.38,Kawasaki,Ninja 400,66132,2020,963,Electric,99.64,Third,2024,Not Available,DEALER,31857.87,Tier 1
Maharashtra,75.3,  Kawasaki  ,Ninja 400,80147,2021,741,  Hybrid  ,93.04,,2024,  Active  ,Dealer,61493.67,tier 2
West Bengal,30.37,KTM,250 Duke,221688,2023,943,PETROL,57.75,SECOND,2023,ACTIVE,Dealer,118320.5,Tier 2
Uttar Pradesh,64.22,Kawasaki,Ninja 300,321199,2022,930,HYBRID,,first owner,2022,expired,Individual,170793.99,TIER 3
Tamil Nadu,35.05,HERO,HF Deluxe,184381,2016,379,Hybrid,,third owner,2024,expired,INDIVIDUAL,105140.82,METRO
  Uttar Pradesh  ,45.88,KTM,Duke 200,184273,2023,588,Electric,90.72,first owner,2023,expired,Dealer,130216.44,Tier 1
gujarat,20.25,ktm,250 Duke,251953,2022,751,Hybrid,91.75,FIRST,2022,  Not Available  ,Individual,187262.21,Tier 2
  Uttar Pradesh  ,36.57,BAJAJ,Pulsar 150,201485,2024,291,Electric,92.77,2nd,2024,active,INDIVIDUAL,137698.55,Tier 1
Punjab,56.77,Bajaj,Pulsar 150,210785,2017,204,Hybrid,61.97,THIRD,2023,Active,dealer,127845.31,Metro
TAMIL NADU,36.12,  TVS  ,Apache RTR 160,129341,2022,503,Electric,62.6,First,2022,Not Available,Dealer,58766.71,Tier 3
WEST BENGAL,29.29,  Yamaha  ,Fascino 125,362044,2022,920,Hybrid,99.29,Third,2023,  Expired  ,Individual,275600.05,Tier 3
Maharashtra,75.65,YAMAHA,R15 V4,159958,2020,449,Petrol,26.41,third owner,2021,Active,Dealer,74124.0,  Tier 1  
Rajasthan,62.09,  Yamaha  ,Fascino 125,88624,2017,958,  Hybrid  ,82.05,3rd,2024,Not Available,Dealer,59620.42,Tier 1
Gujarat,48.28,TVS,Sport,191329,2021,781,ELECTRIC,60.97,1st,2021,Expired,Individual,81230.21,Tier 2
  West Bengal  ,15.47,  Honda  ,Activa,"₹333,399",2022,729,PETROL,41.07,First,2022,Active,Individual,147857.42,Tier 2
tamil nadu,50.67,KTM,Duke 200,79497,2021,644,Electric,78.13,third owner,2023,Active,Individual,36275.79,  Metro  
Punjab,54.52,BAJAJ,Platina 110,340372,2021,455,Hybrid,93.97,SECOND,2023,  Expired  ,Dealer,257756.62,tier 1
GUJARAT,64.78,royal enfield,Interceptor 650,354480,2016,212,Hybrid,93.67,THIRD,2023,,DEALER,190537.81,Tier 3
Karnataka,59.92,TVS,Sport,83220,2022,295,Petrol,37.34,FIRST,2022,,INDIVIDUAL,49331.58,Metro
  Punjab  ,62.84,TVS,Apache RTR 160,50437,2023.0,145,Petrol,30.53,Third,2023,EXPIRED,Individual,21628.19,Tier 3
gujarat,11.53,  Yamaha  ,FZ V3,354820,2022,505,Hybrid,,second owner,2024,EXPIRED,  Dealer  ,201246.41,metro
Tamil Nadu,70.64,Royal Enfield,Hunter 350,297146,2020,813,electric,96.68,3rd,2021,Expired,Dealer,144421.07,Tier 3
Maharashtra,58.88,TVS,Jupiter,203805,2015,979,Electric,60.96,2nd,2022,ACTIVE,  Dealer  ,141970.73,TIER 2
Punjab,75.47,yamaha,R15 V4,391180,2024,600,Petrol,26.09,first owner,2024,  Active  ,individual,160922.51,  Metro  
KARNATAKA,70.86,BAJAJ,CT 100,357496,2022,654,ELECTRIC,79.23,first owner,2022,Expired,  Dealer  ,180906.84,  Metro  
Karnataka,49.32,Yamaha,FZ V3,97780,2024,273,Hybrid,82.0,3rd,2024,Active,Dealer,70372.0,Tier 1
West Bengal,40.32,TVS,Sport,213681,2021,864,  Petrol  ,54.62,1st,2021,Active,Individual,141674.8,  Metro  
Madhya Pradesh,68.02,Yamaha,Ray ZR,55191,2021,325,  Hybrid  ,94.68,Third,2022,Expired,Individual,,TIER 2
PUNJAB,39.35,Royal Enfield,Interceptor 650,62077,2022,433,electric,87.2,Second,2022,Expired,  Dealer  ,48255.58,Metro
Delhi,27.9,TVS,Sport,162688,2021,402,PETROL,59.33,1st,2021,EXPIRED,INDIVIDUAL,105455.94,Tier 2
Tamil Nadu,22.8,Hero,Glamour,236378,2022,829,Electric,94.39,Second,2023,Active,dealer,102288.64,Tier 1
WEST BENGAL,39.19,Royal Enfield,Classic 350,215989,2016,766,Electric,90.82,3rd,2024,expired,Individual,93619.67,Tier 3
Rajasthan,30.42,TVS,NTorq 125,392844,2020,282,Petrol,45.51,third owner,2021,Not Available,Dealer,251228.71,Tier 1
Karnataka,43.44,TVS,Apache RTR 160,237239,2022,528,Hybrid,79.59,,2022,  Expired  ,Individual,185954.12,Tier 1
rajasthan,8.85,Bajaj,CT 100,166413,2022,109,Petrol,,Third,2023,Active,DEALER,107972.2,  Tier 1  
Madhya Pradesh,58.75,  Royal Enfield  ,Classic 350,50187,2022,916,Hybrid,91.97,Second,2024,Expired,Individual,30535.86,Tier 1
delhi,31.39,  Hero  ,Glamour,320683,2021,323,Hybrid,79.68,second owner,2024,Expired,Dealer,254377.0,Tier 1
Maharashtra,16.29,Bajaj,Pulsar 150,80570,2020,997,Hybrid,85.69,Second,2021,Not Available,individual,37623.13,Tier 2
Maharashtra,74.16,Tvs,Sport,396547,2021,529,HYBRID,75.77,First,2021,Expired,  Dealer  ,239395.82,Metro
Punjab,15.31,TVS,NTorq 125,366885,2021.0,881,  Hybrid  ,75.5,FIRST,2021,Expired,dealer,264483.64,metro
UTTAR PRADESH,62.58,royal enfield,Meteor 350,298523,2016,305,electric,81.18,Second,2023,Active,  Dealer  ,124587.13,Metro
Delhi,20.09,  Bajaj  ,Avenger 220,373467,2024,454,Hybrid,71.0,Third,2024,Active,Dealer,162935.79,Tier 3
Gujarat,76.16,Royal Enfield,Hunter 350,89628,2019,393,Hybrid,69.7,2nd,2018,Not Available,Dealer,37174.88,Metro
Gujarat,40.07,KTM,Duke 200,"₹250,185",2019,741,Petrol,55.59,SECOND,2024,active,individual,171279.54,Tier 2
KARNATAKA,33.44,Yamaha,Ray ZR,152292,2024,117,Petrol,30.53,third owner,2024,active,  Dealer  ,110686.93,Metro
Madhya Pradesh,21.8,  Kawasaki  ,Vulcan S,360022,2024,694,Electric,,2nd,2024,Expired,  Dealer  ,261383.07,tier 2
Madhya Pradesh,52.26,Yamaha,FZ V3,78670,2022,767,Petrol,49.7,THIRD,2024,not available,Individual,34544.61,Tier 3
gujarat,62.39,yamaha,R15 V4,113940,2020,314,HYBRID,76.36,2nd,2022,active,Dealer,85779.82,Tier 3
  Karnataka  ,79.63,Bajaj,Pulsar 150,282789,2024,684,electric,86.51,2nd,2024,Expired,  Dealer  ,190614.58,  Tier 2  
karnataka,16.41,honda,Unicorn,59331,2022,724,electric,,Third,2022,Expired,individual,45682.29,TIER 1
Karnataka,52.79,Honda,Activa,178772,2023,903,Hybrid,89.1,FIRST,2023,  Expired  ,DEALER,87840.42,TIER 2
West Bengal,71.61,Hero,Passion Pro,71005,2022,402,electric,,FIRST,2022,Expired,Individual,37788.59,Tier 2
Rajasthan,69.6,Honda,Shine,165514,2021,854,petrol,51.32,3rd,2021,  Not Available  ,dealer,112587.94,Metro
Delhi,35.66,ktm,250 Duke,71632,2024,886,Petrol,51.32,first owner,2024,not available,Individual,45541.9,Metro
  West Bengal  ,42.08,Kawasaki,Versys 650,264224,2022,660,Electric,88.42,second owner,2022,  Expired  ,  Individual  ,,tier 1
Maharashtra,65.97,  Hero  ,Passion Pro,77186,2024,307,Hybrid,91.47,THIRD,2024,Expired,dealer,41693.21,Tier 3
  Uttar Pradesh  ,64.83,Honda,Unicorn,202495,2016,960,Petrol,40.31,3rd,2024,Expired,Dealer,113488.91,Tier 3
Gujarat,49.37,  KTM  ,125 Duke,61171,2018,458,Petrol,59.04,THIRD,2021,Active,Dealer,32789.37,METRO
Uttar Pradesh,29.01,Honda,Activa,291164,2023,958,electric,94.11,SECOND,2024,,individual,,  Tier 1  
uttar pradesh,46.01,Hero,Passion Pro,221366,2021,548,  Hybrid  ,65.05,THIRD,2024,Active,dealer,,  Metro  
Gujarat,40.81,HERO,Passion Pro,134565,2021,430,PETROL,44.07,THIRD,2024,  Not Available  ,dealer,92111.58,Tier 1
TAMIL NADU,61.93,Kawasaki,Ninja 300,351364,2022,616,petrol,41.59,THIRD,2023,  Expired  ,  Individual  ,188383.57,Tier 3
Karnataka,61.5,bajaj,Avenger 220,341272,2022,626,  Electric  ,999.0,Third,2022,Active,INDIVIDUAL,,METRO
DELHI,11.94,KAWASAKI,Z650,275199,2019,350,Hybrid,82.78,third owner,2023,  Expired  ,INDIVIDUAL,154888.66,Tier 3
rajasthan,11.31,Kawasaki,Vulcan S,52226,2022,976,HYBRID,62.56,SECOND,2022,expired,Individual,39913.59,Metro
West Bengal,8.97,ktm,250 Duke,243231,2022,927,hybrid,97.49,2nd,2022,NOT AVAILABLE,DEALER,184753.64,  Metro  
  Karnataka  ,35.16,Royal Enfield,Interceptor 650,215700,2021,609,Petrol,46.99,First,2021,Not Available,Individual,108204.89,Tier 3
West Bengal,75.14,royal enfield,Interceptor 650,188892,2024,559,electric,60.51,Third,2024,ACTIVE,  Dealer  ,125203.91,Tier 1
  Madhya Pradesh  ,6.55,KTM,250 Duke,52023,2023,558,  Hybrid  ,63.67,first owner,2023,Active,Dealer,35212.35,tier 3
Maharashtra,78.93,  TVS  ,Apache RTR 160,313333,2021,203,HYBRID,99.31,SECOND,2022,Active,  Dealer  ,,tier 2
rajasthan,39.09,TVS,Apache RTR 160,77684,2023,406,Petrol,58.53,,2023,EXPIRED,  Dealer  ,39973.55,Metro
  Madhya Pradesh  ,12.78,  Kawasaki  ,Ninja 300,104324,2022,592,  Hybrid  ,66.91,Second,2023,Active,Individual,83356.36,Tier 2
  Gujarat  ,75.98,Hero,Glamour,302699,2016,523,Electric,86.42,THIRD,2021,expired,  Dealer  ,202309.7,Tier 2
Tamil Nadu,65.28,Hero,Xtreme 160R,67541,2022,924,Petrol,49.93,,2022,Active,  Dealer  ,48668.39,  Tier 3  
punjab,21.56,Kawasaki,Ninja 400,342544,2023,629,Petrol,54.64,Third,2023,Active,Individual,184670.86,Tier 1
Punjab,30.65,BAJAJ,Pulsar 150,144831,2023,972,electric,72.81,2nd,2024,  Active  ,individual,60942.92,metro
west bengal,47.63,Yamaha,Fascino 125,242791,2023,580,hybrid,71.89,second owner,2023,Expired,INDIVIDUAL,172073.06,Tier 2
MAHARASHTRA,57.7,Hero,Xtreme 160R,207085,2015,195,Electric,62.21,THIRD,2024,Active,DEALER,,Tier 2
West Bengal,31.23,Hero,Glamour,389149,2023,777,hybrid,75.48,Second,2023,not available,INDIVIDUAL,208225.43,Tier 3
Karnataka,69.11,Hero,Passion Pro,191662,2023,529,Hybrid,66.47,first owner,2023,EXPIRED,Dealer,92747.91,Tier 3
MADHYA PRADESH,60.78,Royal Enfield,Hunter 350,157189,2024,206,HYBRID,65.59,Second,2024,Not Available,dealer,108322.07,  Tier 2  
Gujarat,9.27,Royal Enfield,Hunter 350,125583,2021,720,Hybrid,,second owner,2024,EXPIRED,INDIVIDUAL,56969.82,tier 1
Delhi,35.53,KTM,RC 390,190997,2023,437,Petrol,,second owner,2023,not available,Individual,94398.71,METRO
West Bengal,6.09,royal enfield,Classic 350,205353,2023,302,Hybrid,68.78,Second,2024,Expired,individual,113157.58,tier 2
madhya pradesh,17.46,Bajaj,Dominar 400,"₹284,433",2023,650,Electric,94.12,first owner,2023,Not Available,individual,145249.38,  Tier 3  
Karnataka,67.37,Tvs,Apache RTR 160,228320,2023,330,  Hybrid  ,91.04,Second,2024,Not Available,Dealer,172340.9,Tier 1
Rajasthan,61.25,Hero,Xtreme 160R,"₹58,805",2022.0,878,petrol,26.21,SECOND,2022,Not Available,DEALER,41163.67,Tier 3
karnataka,22.89,  Honda  ,Shine,61786,2020,516,Electric,97.89,THIRD,2024,Expired,Dealer,33427.81,Tier 3
Punjab,52.71,KAWASAKI,Vulcan S,354634,2023,339,Electric,70.77,,2024,EXPIRED,  Individual  ,176074.26,TIER 3
Uttar Pradesh,14.5,hero,Glamour,74095,2019,965,Hybrid,90.34,second owner,2021,Expired,Individual,,Metro
maharashtra,47.38,Ktm,390 Adventure,262491,2024,635,Petrol,45.97,1st,2024,not available,Individual,201684.49,Tier 3
Gujarat,25.94,KTM,250 Duke,323010,2020,698,  Electric  ,82.63,Third,2024,Expired,dealer,164456.19,Metro
Rajasthan,31.56,Royal Enfield,Meteor 350,72922,2022,986,Petrol,25.47,THIRD,2023,Active,Individual,54089.91,Tier 1
Madhya Pradesh,40.8,KTM,390 Adventure,304432,2019,347,electric,95.02,Third,2021,Active,Dealer,171009.45,Tier 3
Punjab,53.95,royal enfield,Classic 350,264113,2021,533,hybrid,88.87,1st,2021,Expired,INDIVIDUAL,135171.47,METRO
Rajasthan,64.64,  Bajaj  ,Platina 110,292591,2024,625,Electric,73.34,Second,2024,active,Dealer,130298.13,TIER 2
Delhi,45.74,HERO,Glamour,150842,2022,386,ELECTRIC,82.26,Third,2023,Not Available,  Dealer  ,60979.21,Metro
Uttar Pradesh,50.73,Kawasaki,Ninja 300,130066,2022,539,electric,62.28,Second,2024,Active,Individual,,Tier 1
Uttar Pradesh,11.92,yamaha,Ray ZR,218134,2018,779,Petrol,38.07,SECOND,2022,Active,Dealer,150235.49,metro
Rajasthan,56.64,Hero,Glamour,206659,2023,925,Hybrid,76.41,First,2023,EXPIRED,Dealer,141820.29,Metro
DELHI,78.66,KTM,250 Duke,"₹362,054",2020,422,ELECTRIC,91.4,second owner,2024,Active,Dealer,156941.43,tier 3
MADHYA PRADESH,14.56,  Hero  ,HF Deluxe,304954,2024,127,Petrol,48.68,1st,2024,Not Available,Individual,,Metro
GUJARAT,41.85,honda,Unicorn,270038,2023,223,Hybrid,91.47,FIRST,2023,Expired,individual,132613.98,Tier 1
GUJARAT,26.11,  Bajaj  ,Platina 110,347106,2020,567,Electric,83.35,THIRD,2021,Expired,dealer,252911.37,  Tier 1  
tamil nadu,79.61,Bajaj,Pulsar 150,210806,2022,375,Petrol,31.61,first owner,2022,Active,dealer,152463.25,Metro
MADHYA PRADESH,12.15,KTM,Duke 200,"₹169,841",2016,538,Electric,65.51,SECOND,2024,Expired,dealer,109105.92,Tier 1
Rajasthan,63.04,HONDA,Dio,"₹253,319",2022,173,  Petrol  ,999.0,Third,2023,Not Available,DEALER,140046.49,tier 2
Karnataka,14.36,  Yamaha  ,Ray ZR,325662,2017,865,electric,96.32,THIRD,2021,Expired,Dealer,251202.95,Metro
maharashtra,63.18,yamaha,R15 V4,278282,2024,794,PETROL,40.77,first owner,2024,Expired,Dealer,117164.19,TIER 3
KARNATAKA,50.5,Honda,Dio,379014,2022,435,PETROL,32.9,THIRD,2022,ACTIVE,Dealer,198932.63,Tier 2
karnataka,27.36,kawasaki,Versys 650,"₹339,023",2021,229,Petrol,27.58,Third,2024,active,Dealer,235591.26,Metro
  Rajasthan  ,71.43,Royal Enfield,Himalayan,"₹91,038",2018,454,Hybrid,82.11,THIRD,2021,Not Available,individual,67023.57,Metro
Gujarat,10.84,Hero,Xtreme 160R,324942,2021,811,Electric,82.56,FIRST,2021,Expired,Dealer,243992.88,metro
Tamil Nadu,52.44,Bajaj,Dominar 400,51964,2023,910,Petrol,45.26,1st,2023,Not Available,individual,25849.78,Tier 2
Punjab,48.0,KTM,Duke 200,241140,2020,448,Petrol,39.82,3rd,2024,Not Available,dealer,141384.56,tier 1
west bengal,46.02,KTM,RC 390,94014,2024,224,Petrol,37.77,third owner,2024,EXPIRED,Dealer,52808.63,Metro
Uttar Pradesh,28.68,ROYAL ENFIELD,Himalayan,379476,2024,906,  Hybrid  ,95.9,,2024,Active,Dealer,282735.43,  Tier 1  
WEST BENGAL,18.43,Ktm,390 Adventure,"₹334,901",2017,608,Hybrid,84.34,THIRD,2023,Expired,  Individual  ,149306.64,TIER 3
gujarat,19.5,Honda,Dio,313526,2021,500,hybrid,78.59,First,2021,  Expired  ,  Dealer  ,156374.61,TIER 3
TAMIL NADU,68.78,TVS,Apache RTR 160,129095,2023,291,ELECTRIC,83.18,First,2023,Not Available,  Individual  ,91406.13,Tier 1
UTTAR PRADESH,52.63,KTM,390 Adventure,286906,2021,346,electric,74.32,SECOND,2021,Not Available,INDIVIDUAL,165967.9,Tier 1
Tamil Nadu,22.7,Royal Enfield,Hunter 350,378224,2023,515,Petrol,39.57,3rd,2024,Not Available,DEALER,168213.93,Tier 1
West Bengal,67.97,Yamaha,Ray ZR,395678,2024,684,Petrol,36.94,2nd,2024,Not Available,  Dealer  ,275000.8,TIER 2
Uttar Pradesh,12.36,KTM,390 Adventure,127888,2023,743,Petrol,30.88,second owner,2024,  Not Available  ,Dealer,62776.54,Tier 1
  Tamil Nadu  ,41.75,Yamaha,FZ V3,251858,2024,193,Hybrid,92.66,,2024,ACTIVE,Individual,185017.03,Tier 1
RAJASTHAN,33.03,Bajaj,Avenger 220,301300,2019,202,Electric,97.13,3rd,2024,Active,Individual,193118.8404641659,Tier 1
Tamil Nadu,9.49,TVS,NTorq 125,299856,2024,256,Hybrid,61.82,THIRD,2024,not available,  Individual  ,,Tier 3
RAJASTHAN,15.23,kawasaki,Z650,96103,2022,993,ELECTRIC,64.01,Second,2023,  Expired  ,Individual,53180.46,tier 2
  Punjab  ,36.53,KTM,Duke 200,256544,2024,876,Hybrid,69.12,THIRD,2024,  Active  ,  Individual  ,174574.26,Tier 1
RAJASTHAN,69.68,ROYAL ENFIELD,Hunter 350,160351,2023,787,Electric,90.55,Second,2024,Not Available,dealer,124528.98,Tier 3
DELHI,5.8,kawasaki,Z650,240096,2019,533,Petrol,45.07,second owner,2021,expired,dealer,178293.5,Tier 2
Gujarat,66.23,bajaj,CT 100,269171,2021,757,Electric,99.04,1st,2021,expired,dealer,171313.31,Tier 1
  Punjab  ,12.85,Honda,Dio,168566,2020,181,Electric,81.8,Third,2018,  Expired  ,individual,120651.45,Tier 2
  Punjab  ,54.36,Hero,Splendor Plus,221020,2021,183,HYBRID,63.0,FIRST,2021,Not Available,Individual,119754.56,metro
  West Bengal  ,34.25,Hero,Passion Pro,195637,2017,510,PETROL,,Second,2024,Active,Dealer,140292.73,TIER 3
TAMIL NADU,76.88,Royal Enfield,Hunter 350,135068,2015,560,PETROL,39.72,second owner,2024,Expired,Individual,87301.59,Tier 1
Rajasthan,21.86,TVS,Apache RTR 160,132158,2024,908,PETROL,49.42,3rd,2024,Active,Individual,89920.76,Tier 3
Karnataka,67.2,Honda,Shine,"₹281,691",2016,872,HYBRID,91.95,third owner,2021,Active,individual,115623.56,Metro
madhya pradesh,18.9,  Kawasaki  ,Ninja 400,133944,2023,136,ELECTRIC,71.93,FIRST,2023,active,Dealer,60395.13,metro
West Bengal,74.69,Yamaha,Fascino 125,393467,2019,931,  Petrol  ,26.17,third owner,2023,Not Available,dealer,184463.0,Tier 2
  West Bengal  ,42.75,YAMAHA,Ray ZR,252630,2020,624,Electric,72.81,third owner,2024,Expired,individual,120012.16,Metro
  Karnataka  ,67.79,tvs,Ronin,66106,2023,287,Hybrid,95.65,SECOND,2024,  Expired  ,individual,33248.04,Tier 3
Rajasthan,78.6,HONDA,CBR 650R,84706,2019,260,Hybrid,96.92,second owner,2024,  Expired  ,Dealer,35051.56,Tier 3
Uttar Pradesh,13.93,Ktm,390 Adventure,376352,2021,342,electric,99.9,FIRST,2021,active,DEALER,242920.78,TIER 3
Tamil Nadu,78.58,TVS,Jupiter,309850,2022,549,  Electric  ,,third owner,2024,Expired,DEALER,171427.32,Tier 3
maharashtra,46.56,  TVS  ,Apache RTR 160,89452,2022,926,Petrol,,Second,2023,active,individual,63769.97,Tier 1
madhya pradesh,60.59,Royal Enfield,Classic 350,133263,2020,900,HYBRID,80.07,2nd,2023,Active,Dealer,65880.76,metro
Gujarat,78.2,KAWASAKI,Vulcan S,179892,2023,773,Hybrid,80.45,second owner,2023,Not Available,Individual,76992.63,  Metro  
Madhya Pradesh,68.98,HERO,Glamour,336606,2021,660,Electric,62.99,second owner,2023,Expired,Individual,214528.9,Metro
tamil nadu,46.82,KTM,125 Duke,394672,2019,113,Petrol,56.46,THIRD,2021,active,Dealer,190986.92,Tier 3
karnataka,15.11,Yamaha,Ray ZR,284754,2023,853,  Electric  ,67.26,THIRD,2024,,Dealer,181829.44,Metro
Karnataka,36.19,Kawasaki,Ninja 400,346710,2019,740,petrol,37.32,third owner,2024,Active,  Dealer  ,186110.63,TIER 2
WEST BENGAL,69.97,Hero,Splendor Plus,87153,2024,991,Hybrid,75.1,second owner,2024,Active,INDIVIDUAL,43972.94,Tier 2
West Bengal,62.34,ROYAL ENFIELD,Hunter 350,309214,2017,736,Hybrid,98.11,Second,2023,,dealer,179729.39,Tier 2
Rajasthan,8.82,Kawasaki,Ninja 300,57447,2017,884,Hybrid,84.55,second owner,2024,Not Available,Individual,27689.19,  Tier 2  
TAMIL NADU,28.82,  Yamaha  ,Ray ZR,172093,2015,491,Electric,65.07,SECOND,2023,Active,Individual,97258.49,  Tier 1  
Rajasthan,74.21,KTM,RC 390,394778,2024,239,  Electric  ,84.49,FIRST,2024,  Active  ,Dealer,197201.62,Metro
tamil nadu,22.76,  Honda  ,CBR 650R,144264,2021,269,PETROL,32.87,2nd,2023,Not Available,DEALER,87218.76,  Tier 3  
  Madhya Pradesh  ,42.04,  TVS  ,Jupiter,223657,2017,895,ELECTRIC,92.09,Second,2024,  Not Available  ,Individual,135217.7,Metro
  Karnataka  ,56.2,Honda,Activa,350255,2024,657,Hybrid,88.95,SECOND,2024,EXPIRED,Individual,249809.11,Tier 3
  Rajasthan  ,56.88,Hero,HF Deluxe,190004,2020,274,petrol,25.18,Second,2024,Expired,Dealer,109426.94,Tier 3
Uttar Pradesh,19.38,royal enfield,Himalayan,362773,2017,882,hybrid,79.71,2nd,2024,Expired,Individual,169158.79,TIER 3
Tamil Nadu,13.51,Ktm,250 Duke,171696,2024,402,Hybrid,93.14,THIRD,2024,Expired,INDIVIDUAL,90657.63,Metro
WEST BENGAL,56.43,KTM,390 Adventure,144741,2022,810,HYBRID,60.87,,2022,Not Available,Dealer,63529.32,TIER 3
DELHI,44.5,HERO,Passion Pro,"₹348,927",2021,657,Hybrid,94.18,FIRST,2021,  Expired  ,dealer,193088.5,TIER 2
Madhya Pradesh,54.07,ktm,RC 390,156428,2021,600,Hybrid,63.29,3rd,2023,Active,INDIVIDUAL,72298.23,Tier 1
Tamil Nadu,24.71,Kawasaki,Ninja 300,75188,2023,648,ELECTRIC,84.53,second owner,2024,Not Available,individual,56651.82,tier 3
  Gujarat  ,47.56,KTM,Duke 200,309254,2024,906,Hybrid,83.15,first owner,2024,Not Available,Dealer,230618.03,tier 3
Maharashtra,35.51,Hero,Passion Pro,78360,2016,802,  Electric  ,72.49,THIRD,2024,Expired,DEALER,46673.21,  Metro  
UTTAR PRADESH,41.48,Bajaj,Platina 110,234526,2024,753,petrol,35.85,SECOND,2024,Not Available,DEALER,112870.32,Metro
RAJASTHAN,31.71,Bajaj,Platina 110,339088,2019,136,Petrol,,third owner,2022,Expired,dealer,175531.29,METRO
  West Bengal  ,10.54,KTM,250 Duke,247008,2022,400,Electric,77.97,Second,2023,NOT AVAILABLE,INDIVIDUAL,128583.13,Tier 2
Maharashtra,15.51,TVS,Jupiter,199373,2022,119,electric,60.03,second owner,2024,NOT AVAILABLE,Individual,122780.1,Tier 3
  Uttar Pradesh  ,29.81,  Kawasaki  ,Versys 650,349726,2021,993,Hybrid,76.8,Second,2023,Active,Individual,171905.07,  Tier 1  
Delhi,45.64,Royal Enfield,Himalayan,240333,2020,851,Electric,87.89,,2021,  Not Available  ,Individual,186137.36,METRO
delhi,14.94,Yamaha,Ray ZR,84526,2016,685,HYBRID,85.79,second owner,2024,active,Individual,45844.78,metro
  West Bengal  ,55.16,royal enfield,Hunter 350,107249,2021,473,Hybrid,86.16,second owner,2022,Not Available,Individual,57556.18,Tier 1
  Rajasthan  ,34.19,  TVS  ,NTorq 125,170354,2016,307,Electric,,3rd,2021,Not Available,Individual,99169.79409848012,tier 2
West Bengal,62.67,KTM,390 Adventure,"₹308,439",2020,549,ELECTRIC,95.12,third owner,2022,Not Available,Individual,157523.54,Tier 2
maharashtra,18.08,Honda,Dio,136354,2022,552,Electric,92.75,THIRD,2024,expired,INDIVIDUAL,68227.36,Tier 2
rajasthan,29.86,Kawasaki,Z650,75904,2023,937,  Petrol  ,37.87,third owner,2024,Active,  Dealer  ,33510.6,Metro
Madhya Pradesh,23.74,Hero,Glamour,172916,2021,172,Hybrid,95.74,second owner,2023,Expired,  Individual  ,109833.65503772076,METRO
GUJARAT,12.56,Royal Enfield,Classic 350,325493,2023,387,  Hybrid  ,61.26,3rd,2024,expired,Dealer,142774.67,Tier 1
Gujarat,24.76,  TVS  ,Ronin,124580,2020,578,  Petrol  ,28.16,Third,2023,Active,Dealer,63847.11,Metro
Madhya Pradesh,55.2,HERO,Glamour,346503,2024,215,  Petrol  ,58.34,FIRST,2024,NOT AVAILABLE,  Individual  ,164299.28,Tier 3
  Maharashtra  ,29.39,TVS,Ronin,305024,2023,620,  Electric  ,98.11,SECOND,2023,Active,Dealer,178871.52,Tier 3
Punjab,37.55,Honda,Shine,294171,2023,544,  Hybrid  ,69.68,3rd,2024,Expired,Individual,206483.71,Tier 2
Uttar Pradesh,77.03,Royal Enfield,Himalayan,334773,2022,118,Petrol,41.8,First,2022,Not Available,DEALER,141209.42,tier 3
KARNATAKA,39.84,Honda,Activa,212856,2024,241,  Electric  ,91.36,Third,2024,not available,individual,88084.1,TIER 3
  Gujarat  ,31.04,TVS,Ronin,"₹71,922",2021,522,  Hybrid  ,66.8,,2023,EXPIRED,  Dealer  ,30318.23,Tier 2
RAJASTHAN,48.33,hero,HF Deluxe,50336,2021,815,  Petrol  ,32.6,first owner,2021,active,INDIVIDUAL,38207.21,Tier 2
Madhya Pradesh,53.4,TVS,Jupiter,73680,2019.0,9999,Petrol,53.5,third owner,2022,Not Available,Individual,29769.73,Metro
Tamil Nadu,45.96,Hero,Xtreme 160R,202815,2022,313,ELECTRIC,96.77,1st,2022,Expired,  Dealer  ,145029.61,METRO
Punjab,13.05,HONDA,Unicorn,226933,2020,949,  Electric  ,86.33,third owner,2021,Active,Dealer,,Tier 1
Punjab,73.04,ktm,390 Adventure,139214,2024,929,PETROL,33.55,3rd,2024,not available,Dealer,107620.79,Metro
Gujarat,27.1,KTM,250 Duke,265041,2018,225,Electric,69.74,Third,2024,active,Individual,153574.37,Tier 3
Tamil Nadu,67.96,Yamaha,Fascino 125,160977,2021,536,  Petrol  ,43.8,3rd,2024,Active,individual,98280.56,Metro
Gujarat,42.09,  Kawasaki  ,Vulcan S,367555,2024,966,Petrol,56.92,1st,2024,active,  Dealer  ,185340.6,TIER 1
Maharashtra,28.41,HONDA,CBR 650R,248058,2023,637,Petrol,42.2,,2023,EXPIRED,Dealer,182001.0,TIER 1
MADHYA PRADESH,74.0,Royal Enfield,Hunter 350,361926,2021,123,Hybrid,,Second,2021,NOT AVAILABLE,Dealer,225623.82,Tier 3
Delhi,20.51,Honda,Dio,323942,2018,418,Hybrid,,Third,2022,Not Available,Individual,250013.39,Tier 2
Delhi,61.53,TVS,Jupiter,179917,2024,643,ELECTRIC,86.37,2nd,2024,  Not Available  ,Individual,97303.45,Tier 3
Rajasthan,51.87,royal enfield,Meteor 350,136474,2023,451,Petrol,37.06,2nd,2024,Expired,dealer,69869.98,METRO
West Bengal,47.74,Yamaha,MT-15,308408,2016,678,Hybrid,64.16,,2022,  Not Available  ,Dealer,133013.77,  Tier 3  
punjab,78.0,Bajaj,Dominar 400,80110,2024,803,Petrol,40.15,second owner,2024,Expired,Dealer,40481.43,  Tier 2  
Rajasthan,56.18,kawasaki,Versys 650,194204,2021,382,hybrid,,SECOND,2023,not available,dealer,97664.91,Tier 2
  Punjab  ,67.67,TVS,Ronin,133844,2024,617,Electric,63.25,third owner,2024,not available,Dealer,66018.44,TIER 1
Rajasthan,62.96,ROYAL ENFIELD,Himalayan,308925,2023,581,ELECTRIC,72.81,THIRD,2023,ACTIVE,individual,201265.66,  Metro  
delhi,56.75,KTM,250 Duke,197810,2021,114,Petrol,51.43,first owner,2021,Not Available,Dealer,,  Metro  
  Delhi  ,68.65,kawasaki,Ninja 300,"₹191,915",2022,300,Petrol,32.72,SECOND,2023,Expired,individual,127445.95,Tier 3
PUNJAB,58.52,Honda,CBR 650R,350344,2021,661,  Hybrid  ,69.31,2nd,2021,expired,Dealer,223348.92,Tier 2
Punjab,17.83,  TVS  ,Sport,340066,2021,742,Electric,86.51,third owner,2023,Active,Individual,183784.12,Tier 2
madhya pradesh,26.69,Honda,Shine,106030,2016,152,  Hybrid  ,88.45,2nd,2022,Expired,Dealer,48713.77,Tier 1
rajasthan,69.8,  Kawasaki  ,Ninja 300,265550,2023,629,Petrol,29.87,FIRST,2023,Active,Individual,154214.5,Tier 1
UTTAR PRADESH,60.34,Bajaj,Dominar 400,83577,2022,849,  Petrol  ,26.9,third owner,2024,Active,Individual,63061.88,Tier 2
Punjab,42.38,KTM,390 Adventure,393332,2023,790,Petrol,47.15,1st,2022,Expired,dealer,259619.57,tier 3
Delhi,47.49,Kawasaki,Vulcan S,363447,2021,380,petrol,59.72,FIRST,2021,ACTIVE,Individual,269149.56,Tier 2
Rajasthan,45.21,Hero,HF Deluxe,95565,2024,463,Petrol,50.67,SECOND,2024,Expired,Dealer,45065.13,Metro
Uttar Pradesh,77.99,TVS,Apache RTR 160,227065,2016,580,Petrol,30.79,THIRD,2024,active,Dealer,151705.94,TIER 1
  Punjab  ,23.41,Royal Enfield,Interceptor 650,254012,2024,866,petrol,57.45,third owner,2024,expired,Dealer,188256.28,metro
Maharashtra,56.74,Kawasaki,Vulcan S,270916,2021,191,Electric,97.34,,2021,Active,INDIVIDUAL,129563.68,Tier 3
  Madhya Pradesh  ,52.73,Tvs,Ronin,212059,2021,286,Electric,85.53,First,2021,Not Available,Individual,95130.11,tier 2
PUNJAB,47.3,  Royal Enfield  ,Classic 350,319566,2021,728,Petrol,53.13,1st,2021,  Not Available  ,Dealer,234889.37866365316,Tier 3
Maharashtra,65.58,Honda,Dio,381163,2021,499,Hybrid,74.47,,2022,Not Available,INDIVIDUAL,248398.63,Tier 1
  Tamil Nadu  ,17.11,Bajaj,Dominar 400,301837,2018,787,Petrol,43.1,Second,2021,  Not Available  ,Dealer,138476.55,Tier 1
  Tamil Nadu  ,54.51,Yamaha,Fascino 125,"₹217,400",2021,263,ELECTRIC,78.34,SECOND,2022,NOT AVAILABLE,Dealer,115257.29,  Tier 3  
West Bengal,6.75,Yamaha,R15 V4,100483,2015,591,PETROL,41.54,THIRD,2021,  Active  ,Individual,43600.38,TIER 1
Uttar Pradesh,43.65,TVS,Jupiter,308031,2017,552,Petrol,57.62,THIRD,2022,NOT AVAILABLE,individual,136870.05,tier 1
Uttar Pradesh,24.03,Yamaha,Fascino 125,289722,2023,136,PETROL,32.77,Third,2024,EXPIRED,Dealer,124279.06,  Tier 1  
MAHARASHTRA,43.03,  Hero  ,Xtreme 160R,74653,2024,611,petrol,34.08,1st,2024,Active,  Individual  ,50553.94,Tier 2
Madhya Pradesh,79.88,  Hero  ,Xtreme 160R,196981,2018,477,Electric,66.14,THIRD,2021,ACTIVE,Individual,,Metro
WEST BENGAL,25.78,  Yamaha  ,Ray ZR,"₹378,493",2020,920,Electric,93.43,3rd,2024,Expired,  Dealer  ,286926.92,Tier 2
Punjab,38.23,  Yamaha  ,FZ V3,188824,2024,520,petrol,40.88,3rd,2024,Not Available,Individual,78415.97,TIER 1
tamil nadu,23.46,ktm,RC 390,52478,2016,553,  Electric  ,78.12,SECOND,2021,expired,dealer,23506.38,Metro
MAHARASHTRA,61.73,  Royal Enfield  ,Himalayan,335418,2023,376,  Hybrid  ,73.31,FIRST,2021,Active,Dealer,160887.49,Tier 3
Karnataka,53.1,Kawasaki,Ninja 400,292451,2018,772,  Petrol  ,28.78,Third,2024,Expired,Dealer,134973.74,TIER 2
  Tamil Nadu  ,12.1,YAMAHA,FZ V3,68042,2019,630,Hybrid,88.62,3rd,2024,Expired,  Individual  ,39152.78,Metro
PUNJAB,47.71,Honda,CBR 650R,293723,2024,328,Hybrid,83.15,Second,2024,NOT AVAILABLE,individual,159374.23,Tier 1
MAHARASHTRA,12.72,Honda,Unicorn,240106,2022,675,  Electric  ,76.67,third owner,2023,  Not Available  ,Dealer,176786.67,Metro
Punjab,11.77,KTM,Duke 200,229309,2024,805,petrol,35.4,SECOND,2024,NOT AVAILABLE,INDIVIDUAL,157112.95,  Tier 2  
  Karnataka  ,19.34,Royal Enfield,Himalayan,163979,2023.0,885,Petrol,31.99,SECOND,2024,Active,DEALER,125024.66,TIER 1
Tamil Nadu,61.19,Honda,Shine,327879,2022,891,  Hybrid  ,83.74,SECOND,2023,  Active  ,  Individual  ,135581.06,Tier 3
Karnataka,33.03,Royal Enfield,Himalayan,179879,2024,113,petrol,,3rd,2024,Expired,  Individual  ,122356.35,Tier 3
Karnataka,78.38,ktm,RC 390,316278,2022,554,Petrol,30.59,3rd,2024,NOT AVAILABLE,Individual,187392.42,Tier 3
Punjab,24.74,ROYAL ENFIELD,Himalayan,55844,2020,372,Petrol,28.91,second owner,2023,not available,Individual,27329.24,TIER 1
Maharashtra,20.89,  Kawasaki  ,Z650,"₹124,405",2024,265,  Hybrid  ,74.82,3rd,2024,Not Available,Dealer,78764.25,  Tier 2  
Punjab,69.42,HONDA,Shine,316099,2023.0,887,Petrol,52.19,,2023,EXPIRED,Individual,221186.67,  Tier 1  
  Madhya Pradesh  ,71.83,Kawasaki,Ninja 400,86938,2022,930,electric,61.21,FIRST,2022,Not Available,  Dealer  ,44689.35,Tier 3
Maharashtra,14.45,  Royal Enfield  ,Interceptor 650,96704,2020,782,  Electric  ,72.61,3rd,2024,Active,Dealer,69578.19,  Tier 1  
Maharashtra,51.77,HERO,HF Deluxe,369185,2024,766,ELECTRIC,66.06,THIRD,2024,active,Dealer,253762.06,Metro
Uttar Pradesh,60.22,Yamaha,Fascino 125,291756,2021,627,Hybrid,,First,2021,Not Available,Dealer,185103.37,Tier 2
  Madhya Pradesh  ,41.39,HERO,Xtreme 160R,216840,2015,705,  Hybrid  ,80.65,3rd,2022,Expired,Dealer,154093.12,Tier 3
Rajasthan,64.87,  KTM  ,390 Adventure,397676,2021,136,ELECTRIC,92.68,1st,2021,Active,individual,255288.45,TIER 2
West Bengal,25.65,Honda,Unicorn,261209,2017,351,Hybrid,78.96,THIRD,2024,Not Available,Dealer,206077.5,Tier 2
Gujarat,22.24,  Royal Enfield  ,Himalayan,276463,2020,600,  Petrol  ,,second owner,2021,Not Available,Individual,169450.68,Tier 3
tamil nadu,74.53,Yamaha,FZ V3,294647,2024,454,Electric,97.84,THIRD,2024,Expired,dealer,,  Tier 3  
  West Bengal  ,27.22,bajaj,Dominar 400,140272,2021,178,HYBRID,82.47,2nd,2021,Active,  Individual  ,69444.72,tier 2
maharashtra,5.39,royal enfield,Classic 350,265511,2021,391,petrol,40.98,THIRD,2021,,INDIVIDUAL,167970.0,Tier 1
Karnataka,50.18,Hero,Passion Pro,124914,2022,100,electric,96.91,First,2021,Active,Individual,97067.86,  Metro  
Punjab,34.12,TVS,Apache RTR 160,95034,2021,706,Hybrid,97.39,FIRST,2021,Expired,Individual,43397.51,tier 2
  Rajasthan  ,10.27,TVS,Sport,363737,2023,339,Petrol,36.1,Third,2024,  Not Available  ,  Dealer  ,,TIER 1
west bengal,60.83,Bajaj,Avenger 220,284594,2024,711,  Electric  ,63.9,1st,2024,expired,DEALER,221537.82,Tier 1
Tamil Nadu,53.3,Yamaha,R15 V4,99533,2021,410,Electric,63.37,second owner,2024,ACTIVE,Individual,50860.56,Metro
PUNJAB,51.16,YAMAHA,MT-15,280320,2019.0,433,hybrid,78.56,2nd,2024,,  Dealer  ,178357.51,Tier 3
maharashtra,53.56,kawasaki,Ninja 400,379129,2023,589,petrol,46.08,second owner,2024,  Not Available  ,Dealer,257664.4,Metro
  Karnataka  ,46.98,TVS,NTorq 125,"₹129,948",2021,485,ELECTRIC,74.33,SECOND,2021,  Not Available  ,  Individual  ,58647.19,Tier 2
West Bengal,26.26,honda,Activa,227822,2023,324,electric,75.23,Third,2024,Active,Individual,123106.53,Metro
Tamil Nadu,10.49,TVS,Apache RTR 160,50520,2023,564,ELECTRIC,80.69,Second,2023,not available,DEALER,26479.3,  Metro  
tamil nadu,7.27,  TVS  ,Ronin,340198,2023,779,  Hybrid  ,93.75,2nd,2023,EXPIRED,Dealer,222802.83,  Tier 3  
Gujarat,60.03,Kawasaki,Versys 650,306097,2022,838,Petrol,50.84,,2022,expired,Dealer,234504.5,  Tier 3  
  Maharashtra  ,28.57,ROYAL ENFIELD,Meteor 350,197629,2022,294,petrol,50.68,Third,2023,Active,Dealer,146250.16,Tier 3
Rajasthan,27.36,Honda,CBR 650R,167067,2020,911,Electric,,THIRD,2021,Expired,  Dealer  ,100210.43,  Tier 2  
Rajasthan,13.92,Honda,Unicorn,171628,2017,843,Electric,90.41,,2024,  Not Available  ,Dealer,111462.68439007257,  Tier 2  
West Bengal,60.01,hero,Xtreme 160R,306747,2019,535,hybrid,99.88,2nd,2021,expired,Dealer,140083.73,Tier 3
Rajasthan,14.08,Royal Enfield,Classic 350,159249,2021,409,  Electric  ,63.7,2nd,2023,EXPIRED,dealer,115996.88,Tier 3
  West Bengal  ,12.54,HERO,HF Deluxe,85586,2020,572,petrol,37.6,Third,2021,Not Available,Individual,47864.98,TIER 1
  Karnataka  ,67.11,Yamaha,Fascino 125,382953,2024,425,Hybrid,,,2024,expired,Dealer,289883.96,TIER 1
  Maharashtra  ,77.19,honda,Dio,101640,2020,489,hybrid,,2nd,2023,not available,  Dealer  ,69014.3,Tier 1
Delhi,54.74,yamaha,Fascino 125,360926,2024,986,Hybrid,99.37,1st,2024,Active,Individual,163351.98,  Tier 2  
gujarat,70.61,KTM,250 Duke,218063,2023,897,Hybrid,96.16,first owner,2023,Not Available,individual,102800.01,METRO
Delhi,76.79,HONDA,CBR 650R,324556,2024,333,HYBRID,79.42,1st,2024,Not Available,individual,190833.22,  Tier 2  
west bengal,24.02,ktm,390 Adventure,285484,2023,969,Hybrid,77.6,FIRST,2023,Expired,INDIVIDUAL,122625.27,Metro
  Rajasthan  ,64.68,Royal Enfield,Hunter 350,331099,2016,252,  Electric  ,61.22,second owner,2023,Expired,dealer,,Tier 1
Karnataka,19.46,Royal Enfield,Classic 350,213271,2021,500,Electric,87.5,3rd,2021,Expired,Individual,,tier 3
Maharashtra,70.82,ROYAL ENFIELD,Interceptor 650,202139,2022,330,PETROL,31.33,third owner,2024,Expired,DEALER,84327.76,Tier 1
Maharashtra,6.23,Bajaj,Platina 110,86198,2024,988,  Petrol  ,,2nd,2024,active,  Individual  ,68472.93,  Tier 3  
Rajasthan,38.98,kawasaki,Versys 650,221895,2022,284,hybrid,71.44,second owner,2023,Not Available,  Dealer  ,130574.96,  Metro  
Tamil Nadu,18.65,Honda,Shine,365635,2021,272,  Hybrid  ,70.31,Second,2021,,Dealer,206288.4,tier 2
  Delhi  ,61.62,Bajaj,Avenger 220,281356,2021,371,Electric,63.3,3rd,2024,Expired,Individual,152274.54,Tier 2
Karnataka,46.01,Honda,Unicorn,192786,2015,193,ELECTRIC,72.97,SECOND,2022,Active,  Individual  ,131693.81,TIER 2
TAMIL NADU,66.79,TVS,NTorq 125,95019,2024,780,Hybrid,67.75,3rd,2024,ACTIVE,INDIVIDUAL,,Tier 1
Karnataka,77.94,Ktm,Duke 200,159208,2022,605,Petrol,39.93,first owner,2022,ACTIVE,Dealer,74286.32,Metro
  Rajasthan  ,40.48,Bajaj,Dominar 400,153930,2020,261,ELECTRIC,,2nd,2023,Expired,  Dealer  ,112310.42,TIER 1
  West Bengal  ,66.05,Royal Enfield,Himalayan,184871,2016,294,Hybrid,79.95,Third,2022,NOT AVAILABLE,Dealer,,TIER 3
Maharashtra,51.37,kawasaki,Ninja 400,137479,2022,243,Petrol,30.96,SECOND,2024,Not Available,Dealer,93483.87,Tier 3
  Tamil Nadu  ,63.31,Honda,Shine,388753,2024,831,PETROL,49.49,SECOND,2024,active,Individual,,METRO
madhya pradesh,26.82,Honda,Activa,210692,2018.0,563,Petrol,44.36,third owner,2022,Active,Individual,145539.08,Tier 3
MAHARASHTRA,5.52,Bajaj,Pulsar 150,329117,2021,353,  Hybrid  ,94.58,second owner,2024,Expired,  Individual  ,160238.0,tier 1
punjab,51.95,Yamaha,R15 V4,124051,2022,242,HYBRID,60.44,Third,2024,Not Available,individual,96175.3,TIER 3
MADHYA PRADESH,19.35,Yamaha,FZ V3,297148,2022,751,petrol,54.57,THIRD,2020,ACTIVE,Individual,209599.61,TIER 2
  Delhi  ,74.52,  TVS  ,Sport,390704,2022,841,Hybrid,94.34,third owner,2022,not available,dealer,195656.28,tier 2
  West Bengal  ,38.54,Yamaha,MT-15,99222,2021,918,Electric,96.54,First,2021,Expired,Dealer,56695.57,METRO
west bengal,62.46,ktm,Duke 200,283851,2022,936,  Hybrid  ,82.75,third owner,2022,Expired,Dealer,197259.57,Tier 2
MAHARASHTRA,9.12,royal enfield,Meteor 350,278745,2017,614,Electric,61.86,Second,2022,Active,Dealer,134549.41,Tier 2
  Madhya Pradesh  ,54.7,Kawasaki,Ninja 300,325210,2023,939,PETROL,34.82,FIRST,2023,Not Available,Individual,252524.87,Tier 3
  Madhya Pradesh  ,62.85,TVS,Apache RTR 160,143687,2015,618,Petrol,54.93,,2022,NOT AVAILABLE,dealer,109795.41,Metro
Delhi,56.03,TVS,NTorq 125,154990,2021,899,petrol,48.59,THIRD,2022,Expired,DEALER,106715.17,tier 2
maharashtra,22.07,TVS,Apache RTR 160,209473,2023,502,hybrid,97.4,Second,2024,  Expired  ,dealer,149494.00704958854,TIER 3
  Delhi  ,43.77,Bajaj,Avenger 220,150685,2017,224,Hybrid,71.5,second owner,2023,Active,Dealer,,metro
uttar pradesh,58.08,kawasaki,Vulcan S,226972,2020,640,Hybrid,71.75,THIRD,2021,  Not Available  ,Dealer,129343.32,Tier 3
Gujarat,19.17,tvs,Ronin,"₹234,842",2022,139,  Petrol  ,33.47,first owner,2022,Not Available,Dealer,140011.72,Tier 3
  Madhya Pradesh  ,65.87,  Bajaj  ,CT 100,109406,2021,605,  Hybrid  ,82.28,Second,2021,  Expired  ,Individual,70443.84,metro
KARNATAKA,74.43,ROYAL ENFIELD,Interceptor 650,102684,2024,662,Hybrid,84.82,THIRD,2024,NOT AVAILABLE,INDIVIDUAL,74667.96,TIER 2
rajasthan,50.66,Bajaj,Dominar 400,259648,2020,422,Petrol,48.87,Third,2024,,individual,151396.76,metro
Rajasthan,49.86,kawasaki,Versys 650,223492,2022,828,HYBRID,75.84,first owner,2022,Not Available,Dealer,119949.14,tier 1
  Tamil Nadu  ,59.84,  Hero  ,Xtreme 160R,265278,2021,287,petrol,26.37,1st,2021,ACTIVE,Dealer,115638.71,Metro
Karnataka,79.62,  Bajaj  ,Avenger 220,78373,2021,691,electric,65.53,THIRD,2023,  Active  ,Dealer,47807.02,metro
punjab,46.61,TVS,Sport,99544,2022,739,  Hybrid  ,87.92,,2022,Not Available,Dealer,40319.3,Tier 2
Maharashtra,50.06,KTM,125 Duke,198063,2024,741,Electric,,First,2024,Expired,Individual,105793.81,METRO
Tamil Nadu,79.61,Bajaj,Pulsar 150,210806,2022,375,Petrol,31.61,FIRST,2022,Active,Dealer,152463.25,Metro
Rajasthan,23.8,Bajaj,Dominar 400,131100,2020,769,Hybrid,89.98,THIRD,2023,,  Individual  ,66960.3,  Tier 3  
Madhya Pradesh,38.59,TVS,Apache RTR 160,"₹143,013",2023,606,  Hybrid  ,88.02,2nd,2024,  Expired  ,Dealer,82704.86,  Tier 1  
Uttar Pradesh,62.56,  Yamaha  ,Ray ZR,368101,2015,371,Petrol,47.21,Second,2021,Active,  Individual  ,204876.57,Tier 2
Gujarat,24.8,TVS,Jupiter,364784,2022,408,HYBRID,78.34,First,2022,expired,  Dealer  ,273452.37,Metro
Tamil Nadu,52.78,  Royal Enfield  ,Interceptor 650,224236,2023,112,Hybrid,67.33,2nd,2023,Active,Individual,174969.77,  Tier 3  
Punjab,26.93,KTM,390 Adventure,394084,2023,993,Hybrid,89.96,second owner,2023,active,DEALER,173899.0,METRO
DELHI,25.74,KTM,250 Duke,234788,2020,701,Petrol,41.02,SECOND,2021,expired,Individual,166760.27,TIER 3
  Delhi  ,63.27,  Yamaha  ,Ray ZR,80916,2017,818,hybrid,86.86,third owner,2024,  Not Available  ,  Dealer  ,47241.27,Tier 1
Punjab,25.1,  Kawasaki  ,Ninja 400,112674,2021,733,Hybrid,83.4,3rd,2024,Not Available,Individual,87367.08,Tier 1
Delhi,59.65,Kawasaki,Z650,320388,2022,680,Electric,65.63,,2022,  Not Available  ,Individual,139114.13,Tier 1
Uttar Pradesh,78.29,  Royal Enfield  ,Himalayan,313267,2018,395,hybrid,93.17,SECOND,2023,Not Available,Individual,222140.47,Tier 3
Delhi,63.72,YAMAHA,R15 V4,375951,2021,536,Petrol,39.11,first owner,2021,expired,INDIVIDUAL,285390.23,tier 2
Rajasthan,8.05,Kawasaki,Ninja 400,326850,2022,196,  Hybrid  ,64.54,3rd,2022,Expired,Dealer,159144.33,Metro
  Delhi  ,33.86,TVS,Ronin,157641,2020,103,ELECTRIC,75.41,2nd,2022,,Dealer,99372.17779775998,  Tier 3  
tamil nadu,72.35,KTM,125 Duke,160497,2023,757,Electric,96.29,,2023,Expired,DEALER,70520.61,TIER 3
Karnataka,65.38,honda,Dio,93102,2020,411,petrol,25.55,Third,2023,  Active  ,Dealer,63698.32,Tier 2
Gujarat,-5.0,Honda,Dio,261343,2022,841,Petrol,45.28,First,2022,active,Individual,196904.02,Tier 3
MAHARASHTRA,22.91,Bajaj,Avenger 220,101359,2021,445,hybrid,99.54,Third,2022,  Active  ,  Individual  ,66949.76,Tier 2
Punjab,25.62,Hero,Xtreme 160R,280860,2017,281,Electric,75.06,third owner,2024,  Expired  ,INDIVIDUAL,179876.89,Tier 2
TAMIL NADU,66.1,tvs,Apache RTR 160,123360,2021,166,Electric,91.24,second owner,2022,ACTIVE,Dealer,85224.79,Tier 3
karnataka,61.94,  Kawasaki  ,Vulcan S,395318,2024,329,Petrol,49.35,second owner,2024,Active,dealer,204416.83,Tier 3
tamil nadu,44.74,Bajaj,CT 100,"₹115,952",2023,435,PETROL,49.35,Second,2022,,Dealer,59595.78,Metro
MADHYA PRADESH,34.46,Yamaha,Ray ZR,61653,2018,343,Hybrid,66.75,,2021,expired,Dealer,38703.0,Metro
west bengal,27.56,tvs,Apache RTR 160,188472,2016,836,Hybrid,78.34,2nd,2024,not available,  Individual  ,141633.45,  Tier 2  
TAMIL NADU,49.59,ROYAL ENFIELD,Hunter 350,340023,2024,244,HYBRID,,Second,2024,EXPIRED,Dealer,242110.22,METRO
Tamil Nadu,32.1,bajaj,Dominar 400,68008,2023,214,HYBRID,65.4,First,2023,,dealer,,Tier 1
tamil nadu,63.51,Royal Enfield,Meteor 350,347659,2018,948,petrol,44.93,3rd,2022,Active,Individual,182421.13,Tier 2
Tamil Nadu,39.74,Bajaj,CT 100,267946,2019,786,Hybrid,96.65,Third,2024,Not Available,Individual,112839.28,Tier 1
Gujarat,8.25,TVS,Ronin,92637,2024,239,HYBRID,73.95,FIRST,2024,Expired,DEALER,62607.8,Tier 2
Delhi,75.2,  Honda  ,Dio,370227,2022,995,Hybrid,67.05,3rd,2024,  Active  ,dealer,149237.8,Tier 3
Maharashtra,61.34,yamaha,MT-15,148939,2024,897,  Electric  ,68.87,Second,2024,  Expired  ,Dealer,95866.88,Metro
Rajasthan,43.18,TVS,Ronin,391793,2023,205,PETROL,32.63,2nd,2023,  Active  ,dealer,204965.85679814135,Tier 1
WEST BENGAL,44.97,TVS,NTorq 125,78433,2022,108,HYBRID,88.82,First,2022,Expired,dealer,59243.11,Tier 1
Madhya Pradesh,66.82,ktm,Duke 200,273665,2023,985,Petrol,57.08,Second,2023,  Active  ,Dealer,167003.4,  Tier 2  
Rajasthan,18.07,Yamaha,MT-15,242740,2020,285,Hybrid,68.53,SECOND,2022,not available,Individual,184711.04,tier 1
GUJARAT,15.86,Tvs,NTorq 125,55688,2021,118,Petrol,51.8,second owner,2023,  Not Available  ,DEALER,32877.57,  Metro  
Maharashtra,72.0,Bajaj,Avenger 220,198651,2020,233,PETROL,42.35,2nd,2022,expired,Individual,81149.62,tier 2
punjab,10.49,  KTM  ,125 Duke,154031,2023,312,HYBRID,96.42,2nd,2023,Expired,dealer,106303.81,TIER 1
Rajasthan,21.13,Bajaj,Platina 110,341938,2023,855,HYBRID,68.42,THIRD,2024,Active,Dealer,145893.67,  Tier 3  
Tamil Nadu,7.89,Honda,Activa,382223,2020,984,Hybrid,62.03,THIRD,2023,  Expired  ,  Dealer  ,179213.78,TIER 1
punjab,66.91,royal enfield,Himalayan,86023,2022,567,Hybrid,72.15,2nd,2022,  Active  ,  Dealer  ,36843.26,Tier 2
Punjab,40.4,Hero,Splendor Plus,355146,2022,326,Petrol,56.98,1st,2022,NOT AVAILABLE,INDIVIDUAL,163971.02,Tier 1
TAMIL NADU,72.93,Hero,Passion Pro,68770,2021,906,  Hybrid  ,63.89,SECOND,2022,,Dealer,39518.43,Tier 3
TAMIL NADU,61.91,Royal Enfield,Interceptor 650,79777,2023,629,petrol,50.65,1st,2023,Active,  Dealer  ,55183.77,Metro
Uttar Pradesh,13.93,ktm,390 Adventure,376352,2021,342,ELECTRIC,99.9,first owner,2021,Active,Dealer,242920.78,TIER 3
Gujarat,44.83,  Kawasaki  ,Vulcan S,178160,2024,190,hybrid,,first owner,2024,Not Available,individual,132349.12,Tier 1
punjab,47.98,Yamaha,MT-15,362211,2021,467,Electric,77.95,Third,2024,Expired,  Dealer  ,232646.75,Tier 2
punjab,26.81,Kawasaki,Z650,354157,2020,831,Petrol,,second owner,2024,  Active  ,Individual,280800.95,Tier 3
Punjab,72.92,KTM,250 Duke,138246,2018,186,Electric,77.48,3rd,2021,Not Available,  Individual  ,93256.17,Metro
Punjab,61.09,Yamaha,MT-15,258775,2016,249,Petrol,40.78,Third,2024,Expired,INDIVIDUAL,,TIER 2
Rajasthan,73.18,HONDA,CBR 650R,227205,2023,209,Electric,62.14,SECOND,2023,Not Available,  Individual  ,99955.5,Tier 2
Gujarat,65.31,HONDA,Activa,220104,2015,468,Petrol,40.87,third owner,2021,expired,Dealer,98141.53,Tier 3
punjab,48.84,  Hero  ,Glamour,388052,2024,881,Petrol,45.39,third owner,2024,  Expired  ,DEALER,293659.66,METRO
Uttar Pradesh,30.93,honda,Activa,139485,2022,810,Hybrid,99.06,third owner,2022,active,Individual,60402.72,Tier 1
UTTAR PRADESH,67.13,Hero,HF Deluxe,295292,2020,279,Electric,98.74,SECOND,2023,Not Available,INDIVIDUAL,235207.33,Metro
Maharashtra,28.76,  KTM  ,RC 390,261095,2023,509,Hybrid,75.41,THIRD,2024,Active,individual,141720.09,Tier 3
Rajasthan,41.75,Ktm,125 Duke,128823,2017,997,Petrol,37.34,THIRD,2023,  Expired  ,DEALER,68996.61,metro
Tamil Nadu,67.34,BAJAJ,CT 100,114658,2023,572,ELECTRIC,96.57,first owner,2023,  Not Available  ,Dealer,64320.82,Tier 2
karnataka,20.25,  Honda  ,Dio,253160,2023,926,  Petrol  ,48.36,first owner,2023,,INDIVIDUAL,155007.94,METRO
Gujarat,63.63,Bajaj,Pulsar 150,"₹314,313",2023,824,  Hybrid  ,81.88,third owner,2023,Expired,dealer,164523.1,metro
WEST BENGAL,71.23,Yamaha,FZ V3,114889,2023,143,Petrol,31.99,third owner,2023,active,dealer,87753.67,Tier 3
tamil nadu,35.85,HERO,Glamour,137288,2022,704,  Electric  ,81.08,First,2022,expired,  Individual  ,98495.08,Metro
Delhi,55.08,Yamaha,Fascino 125,149753,2015,421,hybrid,98.05,,2023,expired,dealer,74379.93,  Metro  
West Bengal,50.35,KTM,Duke 200,287707,2016,243,  Petrol  ,26.63,SECOND,2023,Active,dealer,119648.68,metro
delhi,46.97,hero,Xtreme 160R,143370,2024,800,  Petrol  ,36.52,FIRST,2024,active,Individual,64267.18,Tier 1
MADHYA PRADESH,71.27,Hero,Passion Pro,302586,2021,432,ELECTRIC,93.76,Second,2022,not available,Dealer,193338.67,  Tier 3  
  Delhi  ,79.75,Hero,Glamour,303277,2019,344,Hybrid,68.26,3rd,2022,active,dealer,186000.9,tier 2
gujarat,26.94,Yamaha,Fascino 125,135012,2020,260,Hybrid,83.31,Second,2023,expired,Dealer,63944.87,Tier 3
DELHI,33.47,Kawasaki,Vulcan S,297343,2021,600,  Petrol  ,54.94,First,2021,expired,Individual,195201.55,Tier 3
GUJARAT,76.55,  Bajaj  ,Dominar 400,114740,2023,423,hybrid,64.35,Second,2023,  Expired  ,DEALER,69142.47,METRO
PUNJAB,18.83,  Kawasaki  ,Ninja 400,221949,2021,845,HYBRID,69.55,Second,2021,Not Available,Dealer,111384.18,Metro
madhya pradesh,19.8,TVS,Sport,96498,2015,424,  Electric  ,96.12,,2023,Not Available,  Dealer  ,55750.43,  Metro  
  Madhya Pradesh  ,32.27,Honda,Shine,224083,2019,1000,  Petrol  ,34.19,,2021,Active,Dealer,172777.77,  Tier 3  
Gujarat,28.75,Bajaj,Pulsar 150,90986,2021,421,Petrol,30.65,First,2021,not available,Individual,44021.34,  Tier 3  
Gujarat,70.83,bajaj,Platina 110,366567,2019,807,Electric,97.48,second owner,2023,  Active  ,Individual,253162.95,Tier 3
Maharashtra,14.21,HERO,Glamour,349976,2023,607,electric,83.36,,2023,,Dealer,162049.17,Metro
Uttar Pradesh,41.52,KTM,125 Duke,298060,2016,419,Electric,93.37,3rd,2021,Not Available,Individual,229329.7,Tier 1
MAHARASHTRA,16.87,kawasaki,Z650,218792,2020,926,Petrol,44.63,second owner,2021,  Expired  ,Dealer,171319.78,TIER 3
WEST BENGAL,6.65,Yamaha,MT-15,164432,2022,421,Electric,83.55,Third,2023,Expired,Dealer,121011.49,Tier 3
Tamil Nadu,42.66,Honda,Activa,"₹89,052",2016,183,hybrid,95.17,SECOND,2022,,Individual,64904.73,Tier 3
gujarat,51.5,Royal Enfield,Interceptor 650,134386,2021,270,HYBRID,99.25,First,2021,ACTIVE,INDIVIDUAL,89015.11,  Tier 3  
MADHYA PRADESH,51.83,yamaha,R15 V4,114138,2022,334,Electric,81.67,Second,2024,  Expired  ,  Individual  ,71700.15,Tier 2
  West Bengal  ,72.4,  Yamaha  ,Fascino 125,77073,2019,656,Hybrid,84.97,3rd,2024,Active,Dealer,33284.29,Tier 3
  Karnataka  ,60.74,KTM,390 Adventure,61526,2016,598,  Electric  ,81.38,SECOND,2022,Not Available,Individual,27992.34,Metro
maharashtra,42.17,Yamaha,FZ V3,281941,2017,977,Petrol,38.29,second owner,2023,Expired,Dealer,151060.59,METRO
Tamil Nadu,6.1,Honda,Shine,270756,2023,600,PETROL,29.98,1st,2023,NOT AVAILABLE,Individual,179771.87,Tier 1
karnataka,20.35,Bajaj,CT 100,196884,2022,126,hybrid,89.17,,2022,ACTIVE,Dealer,112148.05,tier 3
PUNJAB,9.95,Hero,Passion Pro,221715,2020,603,Electric,72.75,THIRD,2023,Expired,Individual,109856.05,Tier 3
Tamil Nadu,13.37,Kawasaki,Ninja 300,248112,2021,970,Petrol,37.42,3rd,2024,  Expired  ,individual,134000.33,TIER 1
Gujarat,37.05,Kawasaki,Ninja 400,79732,2024,624,Electric,73.05,,2024,,DEALER,60305.07,Tier 3
GUJARAT,56.88,  Hero  ,Xtreme 160R,375931,2016,748,  Hybrid  ,80.84,2nd,2024,active,dealer,220215.59,Tier 1
MAHARASHTRA,71.13,Kawasaki,Ninja 400,"₹56,620",2022,203,electric,71.07,3rd,2022,NOT AVAILABLE,INDIVIDUAL,38574.4,Tier 3
Punjab,65.92,TVS,Ronin,257631,2022,945,Petrol,32.68,SECOND,2022,Not Available,Dealer,135359.93,Tier 1
  Karnataka  ,78.3,Royal Enfield,Meteor 350,238208,2024,725,electric,63.72,Second,2024,Not Available,Dealer,147401.27,Tier 1
  Rajasthan  ,54.29,honda,Shine,160125,2017,266,electric,80.59,Second,2024,not available,dealer,98857.75,tier 2
Madhya Pradesh,77.84,Bajaj,Platina 110,95870,2021,360,  Electric  ,62.88,2nd,2023,,  Dealer  ,63766.75,TIER 3
karnataka,70.96,KTM,RC 390,261738,2019,190,Electric,61.31,third owner,2017,  Expired  ,Dealer,,Metro
Uttar Pradesh,-5.0,BAJAJ,Pulsar 150,202659,2021,939,Hybrid,88.66,3rd,2021,Not Available,  Dealer  ,114352.22,Tier 1
madhya pradesh,76.95,  Honda  ,Activa,307480,2024,644,Electric,92.69,second owner,2024,Expired,Individual,194065.91,metro
  Punjab  ,33.26,KTM,125 Duke,367520,2018,858,  Hybrid  ,78.44,Third,2021,NOT AVAILABLE,Individual,271911.16,metro
West Bengal,75.88,Hero,HF Deluxe,211565,2023,746,Petrol,32.27,first owner,2023,ACTIVE,Dealer,143430.19,METRO
West Bengal,53.84,  Bajaj  ,Platina 110,336423,2017,431,Petrol,33.01,3rd,2022,Expired,Dealer,262762.48187627277,  Tier 2  
  Uttar Pradesh  ,19.46,  Honda  ,Dio,143391,2017,758,ELECTRIC,60.7,SECOND,2021,  Active  ,  Individual  ,75735.08,Tier 3
PUNJAB,60.55,  Yamaha  ,R15 V4,131290,2020,847,hybrid,74.35,,2022,Not Available,individual,80645.72,Tier 2
TAMIL NADU,58.82,Hero,Glamour,85570,2019,739,  Electric  ,63.61,Second,2024,Active,INDIVIDUAL,66715.56,  Tier 3  
  Tamil Nadu  ,45.3,TVS,Ronin,"₹384,386",2019,430,  Electric  ,87.44,Second,2024,Expired,Individual,220812.99,TIER 1
Tamil Nadu,26.17,honda,Dio,"₹356,765",2024,276,  Petrol  ,34.67,FIRST,2024,not available,Individual,218747.52,METRO
KARNATAKA,63.01,  Bajaj  ,Dominar 400,203359,2019,144,Hybrid,92.53,Third,2023,Active,Individual,122570.15,Tier 3
GUJARAT,71.69,Royal Enfield,Interceptor 650,381299,2017,914,HYBRID,94.16,,2022,Expired,  Individual  ,247911.15,Tier 3
  Rajasthan  ,50.37,  Bajaj  ,Pulsar 150,256995,2022,700,electric,74.55,SECOND,2023,expired,individual,194452.64,Tier 3
west bengal,9.94,Royal Enfield,Interceptor 650,225007,2016,260,Petrol,31.8,second owner,2022,EXPIRED,DEALER,106826.92,Tier 2
  Punjab  ,9.28,Bajaj,CT 100,"₹287,728",2020,887,Petrol,57.05,3rd,2023,Active,Dealer,230139.75,Tier 2
Delhi,55.05,Bajaj,Avenger 220,193745,2018,948,hybrid,97.33,SECOND,2022,Active,Dealer,96319.54,tier 1
DELHI,16.74,Yamaha,R15 V4,318860,2022,601,Hybrid,96.43,2nd,2022,Expired,DEALER,226215.44,Tier 2
rajasthan,54.59,Bajaj,Avenger 220,114390,2021,192,Hybrid,86.05,second owner,2023,NOT AVAILABLE,dealer,79747.16,TIER 1
Gujarat,13.36,KTM,Duke 200,328348,2021,732,Hybrid,88.09,second owner,2022,not available,Individual,250192.69,Tier 1
Maharashtra,11.48,Kawasaki,Vulcan S,284629,2023,448,Electric,62.32,Second,2024,Not Available,Dealer,186638.19,Tier 1
WEST BENGAL,39.52,  Honda  ,Unicorn,334528,2016,575,Petrol,30.64,3rd,2023,EXPIRED,Individual,244608.37,TIER 3
RAJASTHAN,57.07,  TVS  ,Sport,372092,2020,651,PETROL,,SECOND,2021,  Active  ,DEALER,168522.31,Metro
Rajasthan,54.96,  Yamaha  ,MT-15,158719,2023,844,HYBRID,91.08,1st,2023,Not Available,Individual,112603.15,TIER 1
west bengal,74.72,TVS,NTorq 125,319237,2024,512,Hybrid,84.97,2nd,2024,Not Available,individual,186415.12,Tier 1
Karnataka,61.49,TVS,NTorq 125,109222,2023,918,PETROL,27.12,SECOND,2023,Active,INDIVIDUAL,65677.06,Metro
RAJASTHAN,59.86,  KTM  ,250 Duke,221026,2024,482,  Hybrid  ,75.11,first owner,2024,,DEALER,,METRO
PUNJAB,34.5,hero,HF Deluxe,373225,2022,900,Electric,96.8,2nd,2024,  Not Available  ,Individual,156920.44,  Metro  
Gujarat,50.75,tvs,Ronin,295314,2021,380,Petrol,27.19,THIRD,2021,Expired,Dealer,147998.64,Metro
UTTAR PRADESH,73.63,Yamaha,MT-15,291615,2018,668,Petrol,58.13,2nd,2023,Active,individual,220795.37,Tier 2
West Bengal,17.41,Honda,Activa,57344,2019,104,PETROL,42.88,second owner,2024,active,Dealer,35278.19,Tier 2
Rajasthan,24.58,kawasaki,Z650,195174,2023,830,HYBRID,91.38,First,2023,NOT AVAILABLE,Individual,143057.28,TIER 3
uttar pradesh,68.8,Hero,Passion Pro,255201,2019,949,Electric,99.4,Third,2024,Active,Individual,145166.27630301053,Tier 1
Uttar Pradesh,56.11,Hero,Passion Pro,204534,2015,410,PETROL,31.12,2nd,2023,NOT AVAILABLE,DEALER,135763.85,tier 3
Maharashtra,54.33,royal enfield,Himalayan,56240,2020,730,Electric,60.77,Second,2023,Not Available,INDIVIDUAL,24252.2,Tier 3
Punjab,30.24,  TVS  ,Jupiter,312634,2021,664,Petrol,27.58,Second,2021,Expired,INDIVIDUAL,240537.22,Tier 1
GUJARAT,62.6,YAMAHA,MT-15,134480,2023,595,Hybrid,74.46,THIRD,2024,Not Available,Individual,54416.28,Tier 3
maharashtra,5.53,TVS,Sport,166363,2023,547,Petrol,32.84,,2023,  Not Available  ,Dealer,87881.71,Tier 2
gujarat,41.05,Ktm,RC 390,114055,2024,914,PETROL,28.12,SECOND,2024,Active,Dealer,50724.17,Tier 2
Gujarat,48.65,  TVS  ,NTorq 125,113703,2019,672,HYBRID,91.38,SECOND,2022,active,individual,46951.92,tier 3
Madhya Pradesh,57.5,yamaha,Ray ZR,59308,2023,620,Electric,97.66,2nd,2023,expired,DEALER,37722.745352131446,  Tier 3  
Madhya Pradesh,60.36,royal enfield,Interceptor 650,278869,2021,205,Electric,,SECOND,2021,Not Available,Dealer,204981.35,tier 3
Maharashtra,76.66,HONDA,Unicorn,51296,2024,250,PETROL,40.44,First,2024,  Active  ,Individual,26818.54,tier 2
Rajasthan,55.09,  Honda  ,CBR 650R,"₹210,116",2023,804,Hybrid,77.8,SECOND,2024,Expired,Individual,141350.59,Tier 2
  Maharashtra  ,67.52,ktm,390 Adventure,195392,2023,633,Petrol,39.13,THIRD,2023,Active,individual,118879.57,TIER 1
uttar pradesh,50.24,HERO,Glamour,74462,2020,987,petrol,27.56,2nd,2024,NOT AVAILABLE,  Individual  ,44253.53,Tier 2
Delhi,40.85,  Kawasaki  ,Z650,75425,2021,328,electric,88.14,3rd,2024,,INDIVIDUAL,50205.33,TIER 2
Rajasthan,50.04,  TVS  ,NTorq 125,166875,2024,283,ELECTRIC,86.54,2nd,2024,Expired,dealer,129970.02,Metro
Rajasthan,64.85,HERO,Glamour,349107,2022,892,Electric,90.9,SECOND,2023,Active,Dealer,177687.62,Tier 2
  Tamil Nadu  ,5.93,  Yamaha  ,MT-15,383747,2020,569,hybrid,81.77,3rd,2022,Not Available,  Dealer  ,297382.68,Tier 3
Uttar Pradesh,65.15,Honda,Unicorn,213028,2017,149,Petrol,32.1,Third,2021,active,Dealer,141111.15,TIER 3
MADHYA PRADESH,32.7,Bajaj,Pulsar 150,72848,2023,829,Petrol,50.87,2nd,2024,Expired,Dealer,35317.54,Tier 3
  Tamil Nadu  ,30.94,KTM,125 Duke,87494,2024,357,PETROL,34.35,first owner,2024,EXPIRED,Dealer,60309.36,Tier 2
Karnataka,52.93,HONDA,Activa,188838,2023,194,HYBRID,78.83,Third,2023,Active,Dealer,106336.33,Tier 1
Punjab,8.6,KTM,250 Duke,130464,2021,717,Electric,68.52,FIRST,2021,Not Available,  Dealer  ,79743.49,tier 1
  Karnataka  ,72.49,HERO,HF Deluxe,309627,2021,412,electric,99.36,First,2021,Not Available,Individual,172150.24,Tier 3
Rajasthan,43.82,Yamaha,R15 V4,"₹244,594",2023,291,ELECTRIC,81.73,Second,2024,  Active  ,dealer,157914.5,TIER 1
Rajasthan,52.16,Yamaha,R15 V4,83182,2024,999,Electric,95.56,first owner,2024,Active,Individual,61686.3,  Tier 1  
delhi,33.73,Bajaj,CT 100,58674,2019,430,Hybrid,66.16,3rd,2021,  Not Available  ,dealer,42827.65,Tier 1
Uttar Pradesh,32.0,royal enfield,Hunter 350,97010,2017,986,Electric,,Third,2023,not available,dealer,,Tier 3
Punjab,75.34,HERO,Xtreme 160R,396426,2024,375,  Hybrid  ,78.87,second owner,2024,Active,Individual,,Tier 2
maharashtra,25.6,Honda,CBR 650R,251747,2024,225,Electric,83.22,1st,2024,Expired,Individual,139296.59,metro
Uttar Pradesh,43.64,TVS,Apache RTR 160,57232,2016,725,hybrid,98.42,SECOND,2021,Not Available,Dealer,31919.96,tier 3
  Tamil Nadu  ,47.4,Bajaj,Dominar 400,314848,2022,272,  Electric  ,82.86,2nd,2024,Expired,Dealer,203245.68,Metro
  Rajasthan  ,46.32,Hero,Passion Pro,345024,2023,540,Electric,64.3,Second,2024,Active,Dealer,186819.61,tier 1
GUJARAT,65.95,Royal Enfield,Interceptor 650,241259,2018,386,Petrol,41.85,Second,2021,Expired,dealer,162197.07,TIER 1
Maharashtra,38.16,tvs,NTorq 125,219182,2024,731,  Hybrid  ,72.47,second owner,2024,  Not Available  ,  Dealer  ,169050.21,Tier 3
maharashtra,45.12,  Hero  ,Passion Pro,310675,2020,628,Petrol,0.0,,2024,,Individual,167624.4,tier 3
Madhya Pradesh,74.16,TVS,Apache RTR 160,144394,2022,653,Electric,62.43,3rd,2022,Expired,DEALER,109811.81,Tier 1
maharashtra,61.9,Ktm,390 Adventure,197919,2021,580,Petrol,36.53,1st,2021,active,dealer,157730.62,TIER 3
Maharashtra,66.96,Bajaj,Platina 110,101764,2022,754,  Petrol  ,41.52,first owner,2022,ACTIVE,Dealer,,  Tier 2  
Maharashtra,37.16,KTM,Duke 200,293741,2024,574,hybrid,79.96,Third,2024,  Active  ,Dealer,149178.28,tier 3
West Bengal,78.47,Royal Enfield,Classic 350,378265,2022,967,PETROL,51.45,First,2022,expired,Dealer,191895.98,Metro
Punjab,38.0,Bajaj,Platina 110,348867,2022,953,Electric,80.92,SECOND,2022,not available,  Dealer  ,232935.81,Tier 2
  Maharashtra  ,74.47,hero,HF Deluxe,361909,2015,621,Hybrid,82.54,second owner,2022,ACTIVE,individual,188887.7837486305,Tier 1
West Bengal,47.21,TVS,Apache RTR 160,273626,2021,174,Hybrid,86.24,SECOND,2022,Not Available,Dealer,159189.26,Tier 2
west bengal,13.03,  Kawasaki  ,Ninja 300,51350,2023,961,Electric,65.87,Third,2023,Active,INDIVIDUAL,37058.28,Metro
Punjab,47.1,Kawasaki,Vulcan S,397871,2021,459,Petrol,43.21,first owner,2021,active,Individual,210620.44,Tier 1
rajasthan,45.12,yamaha,Fascino 125,206233,2023,105,Electric,62.88,1st,2023,not available,Individual,94143.61,  Tier 1  
Gujarat,33.53,  Kawasaki  ,Ninja 400,283961,2019,994,  Electric  ,68.77,third owner,2024,not available,INDIVIDUAL,126589.58,METRO
gujarat,16.93,  Royal Enfield  ,Meteor 350,384103,2019,183,electric,85.6,,2021,  Not Available  ,Dealer,266442.67,tier 2
Punjab,66.75,tvs,Jupiter,389683,2021,321,HYBRID,66.22,first owner,2021,  Expired  ,Individual,190856.18,Tier 2
  Delhi  ,15.81,Tvs,Sport,367934,2020,830,Electric,72.83,third owner,2024,Expired,dealer,241432.72,  Tier 2  
Rajasthan,39.4,  TVS  ,NTorq 125,380792,2023,395,Electric,99.0,,2024,Expired,  Individual  ,281522.45,Tier 1
  Maharashtra  ,55.06,kawasaki,Z650,157129,2021,714,Electric,74.92,Third,2022,Not Available,Dealer,117676.13,Tier 2
madhya pradesh,27.09,Hero,Splendor Plus,310995,2024,218,Electric,76.49,,2024,NOT AVAILABLE,  Dealer  ,200935.39,Metro
Delhi,9.66,TVS,Ronin,78190,2022,749,hybrid,75.48,SECOND,2024,Not Available,Individual,61770.45,metro
karnataka,50.73,KTM,250 Duke,330157,2023,686,Hybrid,87.08,,2023,  Expired  ,Dealer,208574.66,METRO
West Bengal,76.3,  Royal Enfield  ,Meteor 350,364133,2018,613,hybrid,98.78,second owner,2024,Active,individual,222305.02,TIER 2
uttar pradesh,9.25,KTM,125 Duke,96766,2023,912,Electric,88.69,2nd,2024,Not Available,Dealer,,tier 1
Madhya Pradesh,18.37,ROYAL ENFIELD,Hunter 350,196488,2016,259,Petrol,39.46,THIRD,2022,NOT AVAILABLE,Individual,100571.53,  Tier 1  
Uttar Pradesh,67.62,  Yamaha  ,FZ V3,315893,2022,343,petrol,37.99,2nd,2023,Expired,DEALER,228287.03,Tier 3
West Bengal,66.74,Hero,Passion Pro,398052,2018,130,petrol,30.55,3rd,2023,NOT AVAILABLE,Individual,169231.66,Tier 3
Maharashtra,62.39,  Hero  ,Glamour,114688,2021,528,ELECTRIC,87.97,first owner,2021,  Active  ,  Dealer  ,72426.47,Tier 1
Uttar Pradesh,6.65,royal enfield,Himalayan,71972,2021,745,ELECTRIC,86.07,First,2021,expired,Individual,54321.74,tier 2
WEST BENGAL,49.93,KTM,125 Duke,209687,2022,578,Hybrid,79.41,First,2022,Active,Individual,122725.37,  Metro  
Karnataka,5.02,  Kawasaki  ,Ninja 400,"₹234,978",2018,952,Petrol,52.21,2nd,2024,,Dealer,157273.45,Metro
Maharashtra,9.34,Kawasaki,Z650,307851,2023,641,Electric,99.78,3rd,2024,Not Available,Individual,136408.92,tier 3
Madhya Pradesh,31.24,  Kawasaki  ,Vulcan S,80411,2023,182,Hybrid,93.79,third owner,2024,Not Available,  Individual  ,40136.35,Metro
madhya pradesh,25.36,  TVS  ,Ronin,141136,2023,893,Hybrid,60.27,First,2023,Active,INDIVIDUAL,62812.97,TIER 1
  Uttar Pradesh  ,54.71,ktm,390 Adventure,239741,2021,719,electric,63.34,THIRD,2021,Expired,Dealer,170706.86,Metro
MADHYA PRADESH,13.7,ktm,250 Duke,122175,2022,257,HYBRID,81.83,third owner,2022,expired,Dealer,71240.21,Tier 2
Tamil Nadu,17.01,ROYAL ENFIELD,Classic 350,114134,2019,478,Electric,60.94,third owner,2022,not available,dealer,84330.99,Metro
Punjab,19.9,Yamaha,MT-15,338018,2021,369,Electric,79.21,SECOND,2021,EXPIRED,Dealer,270226.14,Tier 3
karnataka,5.31,TVS,Ronin,106083,2016,946,  Hybrid  ,72.74,SECOND,2021,active,Dealer,62930.34,TIER 1
madhya pradesh,59.34,TVS,Apache RTR 160,356435,2024,662,  Electric  ,65.06,third owner,2024,NOT AVAILABLE,Dealer,250941.57,tier 2
UTTAR PRADESH,19.76,Hero,Xtreme 160R,102004,2021,702,electric,64.35,2nd,2023,Expired,Individual,51234.88,Tier 1
madhya pradesh,31.67,honda,Activa,113254,2021.0,946,petrol,33.23,FIRST,2021,Active,Dealer,61775.01,Tier 3
  Tamil Nadu  ,18.45,Honda,Unicorn,"₹318,130",2023,958,Petrol,31.74,first owner,2023,expired,  Dealer  ,137402.17,Tier 1
Rajasthan,69.56,HONDA,Shine,119476,2022,544,Electric,66.51,second owner,2022,,Dealer,55522.98,Tier 1
Punjab,43.55,Royal Enfield,Hunter 350,237877,2023,793,Hybrid,95.87,1st,2023,  Expired  ,DEALER,110365.32,Metro
Uttar Pradesh,24.3,KTM,390 Adventure,311753,2023,525,  Petrol  ,27.65,2nd,2024,  Not Available  ,Dealer,198185.74,Tier 3
RAJASTHAN,12.12,KTM,390 Adventure,364520,2023,649,  Electric  ,74.39,THIRD,2024,Expired,Individual,228305.3,TIER 3
Punjab,15.43,  Royal Enfield  ,Meteor 350,203767,2022,383,Hybrid,62.33,FIRST,2022,NOT AVAILABLE,Individual,135831.75,Tier 2
  Rajasthan  ,78.7,Yamaha,Fascino 125,312607,2024,253,ELECTRIC,98.49,FIRST,2024,  Active  ,dealer,146622.0,METRO
Tamil Nadu,23.44,HERO,HF Deluxe,66642,2018,948,Petrol,36.76,third owner,2024,Active,Dealer,41994.89,tier 3
rajasthan,60.0,kawasaki,Ninja 400,70599,2024,161,Hybrid,67.24,FIRST,2024,not available,INDIVIDUAL,43201.37,Tier 1
  West Bengal  ,65.24,HERO,Splendor Plus,50727,2017,867,Hybrid,69.38,,2022,active,Individual,30780.4,  Metro  
WEST BENGAL,43.4,TVS,Jupiter,230457,2020,971,  Electric  ,65.25,Third,2022,not available,  Dealer  ,183975.79,tier 2
Rajasthan,21.89,Ktm,RC 390,296803,2021,836,Hybrid,77.91,,2023,  Not Available  ,Dealer,124226.83,tier 2
Gujarat,32.5,Honda,CBR 650R,165112,2018,559,  Petrol  ,56.4,,2023,Active,INDIVIDUAL,124608.87,tier 1
West Bengal,18.68,Hero,HF Deluxe,52194,2022,889,Hybrid,88.98,,2022,Expired,Dealer,22586.01,  Tier 1  
uttar pradesh,50.71,HONDA,Unicorn,327789,2017,514,Electric,94.49,third owner,2023,  Expired  ,Individual,206413.16,tier 2
Tamil Nadu,30.12,YAMAHA,FZ V3,320480,2016,981,ELECTRIC,93.93,Second,2022,Not Available,INDIVIDUAL,,Tier 2
karnataka,56.18,KAWASAKI,Z650,138891,2024,895,Electric,62.78,3rd,2024,Active,individual,77396.55,Tier 2
punjab,73.39,  Royal Enfield  ,Interceptor 650,350384,2015,459,PETROL,30.67,Second,2024,Not Available,  Dealer  ,,Tier 3
West Bengal,8.92,Ktm,Duke 200,118404,2017,626,Petrol,50.8,,2023,active,DEALER,82187.98,metro
Tamil Nadu,78.58,Yamaha,MT-15,325048,2022,223,  Electric  ,74.76,2nd,2023,Not Available,  Dealer  ,151142.51,Tier 1
Gujarat,24.82,honda,Activa,354989,2021,178,hybrid,72.94,Third,2021,active,  Individual  ,236034.15,Tier 3
Maharashtra,44.92,Honda,CBR 650R,107497,2023,111,hybrid,,THIRD,2024,EXPIRED,dealer,67474.42,TIER 3
madhya pradesh,33.33,Honda,CBR 650R,308938,2020,331,Petrol,36.95,Second,2023,active,Individual,146890.36,Metro
Uttar Pradesh,27.4,  Hero  ,Splendor Plus,362198,2023,774,electric,62.15,second owner,2024,  Active  ,Individual,191120.67,Tier 1
Uttar Pradesh,74.23,kawasaki,Ninja 300,159622,2022,690,Hybrid,78.21,Third,2022,  Not Available  ,DEALER,120198.01,Metro
punjab,37.1,TVS,Sport,360954,2020,872,Petrol,33.31,THIRD,2021,  Not Available  ,  Individual  ,164586.62,Tier 1
Karnataka,26.92,Hero,Glamour,145281,2015,735,HYBRID,82.87,2nd,2023,ACTIVE,Dealer,99271.4,Tier 3
Maharashtra,71.27,HONDA,CBR 650R,94018,2023,590,hybrid,68.97,First,2023,Expired,dealer,50205.73,TIER 1
RAJASTHAN,16.18,ktm,125 Duke,170535,2022,153,Electric,63.35,First,2022,ACTIVE,Individual,114801.07,tier 1
Uttar Pradesh,74.76,Hero,Passion Pro,131731,2023,892,Petrol,41.15,2nd,2023,Active,Individual,90970.9,Tier 3
karnataka,33.69,Honda,CBR 650R,150900,2021,936,Electric,75.74,2nd,2021,Expired,Individual,84773.49,tier 1
WEST BENGAL,71.93,Bajaj,Pulsar 150,353841,2023,507,Hybrid,99.04,First,2023,Active,DEALER,144505.96,Metro
Uttar Pradesh,41.22,Bajaj,Avenger 220,153275,2023,675,  Petrol  ,47.44,FIRST,2023,  Not Available  ,Dealer,73657.72,Tier 3
TAMIL NADU,25.06,TVS,Sport,215529,2022,365,Hybrid,97.28,FIRST,2022,  Expired  ,Individual,145174.72,Tier 2
Rajasthan,34.84,Kawasaki,Ninja 300,159451,2024,342,PETROL,47.81,First,2024,EXPIRED,INDIVIDUAL,122663.81,  Tier 2  
Gujarat,22.89,bajaj,Avenger 220,61067,2020,879,ELECTRIC,91.23,THIRD,2023,,Dealer,40261.46,Metro
  Delhi  ,13.94,tvs,NTorq 125,285453,2023,100,Electric,97.84,THIRD,2023,Active,  Dealer  ,189359.75,Tier 3
punjab,67.22,Ktm,125 Duke,114907,2023,527,Hybrid,90.98,Second,2023,ACTIVE,Dealer,49679.23,Metro
  Maharashtra  ,30.21,KAWASAKI,Z650,345666,2024,608,  Electric  ,,SECOND,2024,Active,Dealer,,Tier 3
maharashtra,55.53,Royal Enfield,Meteor 350,81223,2020,950,Petrol,27.43,Second,2023,Expired,Dealer,59929.19,TIER 3
DELHI,20.63,Ktm,125 Duke,210577,2019,803,Petrol,43.77,third owner,2022,Expired,  Individual  ,148405.56,Tier 1
delhi,68.1,Yamaha,FZ V3,353261,2024,961,Hybrid,84.84,THIRD,2024,Not Available,individual,270497.77,Tier 2
  Rajasthan  ,57.39,Tvs,NTorq 125,214668,2022,526,petrol,50.91,first owner,2022,Not Available,Individual,93401.88,Tier 1
maharashtra,58.23,ROYAL ENFIELD,Hunter 350,376863,2016,304,Petrol,55.41,second owner,2022,active,  Individual  ,251667.0,TIER 3
Punjab,36.63,TVS,Sport,111613,2023,503,Hybrid,73.1,THIRD,2024,ACTIVE,Dealer,64848.08,Tier 2
Gujarat,37.41,Bajaj,CT 100,60482,2024,870,  Electric  ,94.41,1st,2024,Not Available,Dealer,26923.11,Metro
  Maharashtra  ,9.23,ktm,390 Adventure,322699,2021,478,electric,90.53,3rd,2024,  Active  ,Individual,255970.46,Tier 3
MADHYA PRADESH,57.96,honda,CBR 650R,253143,2016,954,Petrol,36.96,third owner,2024,Expired,Dealer,,Metro
madhya pradesh,51.72,KTM,250 Duke,179562,2022,276,ELECTRIC,65.47,Third,2024,EXPIRED,  Dealer  ,121592.18,Tier 1
Punjab,20.62,kawasaki,Z650,53111,2021,330,  Hybrid  ,70.99,1st,2021,active,Dealer,36172.87,Tier 3
Tamil Nadu,67.05,TVS,NTorq 125,283718,2022,555,  Electric  ,76.97,2nd,2022,not available,  Dealer  ,130361.4,metro
  Rajasthan  ,74.87,HERO,Xtreme 160R,127337,2020,575,Petrol,41.08,3rd,2024,not available,  Dealer  ,85987.59,Tier 1
DELHI,35.59,Yamaha,Fascino 125,"₹201,114",2018,956,Hybrid,76.14,Third,2021,Active,Individual,135290.25,Tier 3
Punjab,27.68,Kawasaki,Z650,210266,2018,135,  Electric  ,75.65,third owner,2022,not available,Individual,98108.94,  Tier 1  
Tamil Nadu,43.21,Hero,Splendor Plus,376481,2015,485,HYBRID,85.67,,2024,Active,Dealer,237190.11,Metro
Tamil Nadu,11.48,HERO,HF Deluxe,389218,2023,965,Petrol,-15.0,First,2023,not available,dealer,294870.04,metro
  Karnataka  ,58.43,Yamaha,FZ V3,166408,2017,561,HYBRID,88.46,3rd,2023,NOT AVAILABLE,Individual,71846.12,metro
Tamil Nadu,42.45,Royal Enfield,Meteor 350,287704,2022,645,  Electric  ,95.66,THIRD,2023,  Not Available  ,DEALER,197118.88,Tier 1
  Tamil Nadu  ,32.92,Bajaj,Dominar 400,393217,2024,759,  Petrol  ,37.1,SECOND,2024,  Not Available  ,  Dealer  ,199874.17,Metro
  Uttar Pradesh  ,51.92,Bajaj,Dominar 400,97434,2018,355,Petrol,28.31,SECOND,2021,Active,  Individual  ,66477.6,Metro
Rajasthan,44.78,Honda,Activa,134209,2021,457,  Electric  ,63.44,SECOND,2021,Active,DEALER,103428.35,Tier 3
West Bengal,51.45,honda,Activa,"₹215,582",2022,751,  Petrol  ,54.69,First,2022,NOT AVAILABLE,Dealer,172121.26,Tier 3
MADHYA PRADESH,62.86,honda,Shine,194497,2023,170,Petrol,51.16,SECOND,2024,Expired,Individual,94758.7,Tier 1
Karnataka,46.7,Royal Enfield,Classic 350,308391,2019,872,PETROL,41.7,THIRD,2021,EXPIRED,Individual,140645.0,Tier 2
Delhi,25.25,YAMAHA,Fascino 125,312621,2021,532,Hybrid,93.18,FIRST,2021,Expired,Individual,155687.03,Tier 2
delhi,76.34,ROYAL ENFIELD,Interceptor 650,371996,2023,230,HYBRID,61.87,SECOND,2024,Active,dealer,214388.22,  Tier 2  
Uttar Pradesh,38.65,TVS,Jupiter,70763,2022,595,  Hybrid  ,89.36,First,2022,Expired,Dealer,41701.52,TIER 3
Delhi,55.54,Kawasaki,Ninja 300,325123,2017,566,petrol,39.7,2nd,2022,  Not Available  ,individual,198820.91,TIER 2
UTTAR PRADESH,24.32,  Kawasaki  ,Vulcan S,154381,2023,646,  Hybrid  ,83.1,THIRD,2023,Active,Dealer,98209.32,Metro
Madhya Pradesh,37.43,yamaha,FZ V3,315919,2023,471,  Electric  ,80.68,SECOND,2024,expired,DEALER,153144.88,Tier 3
Punjab,39.98,KTM,RC 390,395971,2018,413,Electric,62.64,2nd,2024,NOT AVAILABLE,  Dealer  ,218500.46,METRO
Gujarat,66.99,Kawasaki,Vulcan S,278416,2018,163,  Electric  ,75.81,2nd,2023,active,  Individual  ,181857.82,TIER 1
Madhya Pradesh,43.46,Honda,Activa,304573,2017,352,petrol,40.77,SECOND,2024,Not Available,Dealer,,TIER 1
Karnataka,40.7,  Honda  ,Shine,190116,2015,313,Hybrid,89.57,Second,2022,Not Available,Dealer,133640.99,tier 2
GUJARAT,57.93,Hero,HF Deluxe,324282,2021,162,Hybrid,99.37,second owner,2024,Active,Individual,152194.9,Metro
Madhya Pradesh,24.9,  Bajaj  ,Pulsar 150,263883,2022,691,  Petrol  ,37.96,2nd,2024,Not Available,  Dealer  ,178253.65,Metro
West Bengal,73.3,ROYAL ENFIELD,Classic 350,261569,2023,480,Petrol,53.48,FIRST,2023,Active,Dealer,110931.54,Metro
GUJARAT,75.92,  TVS  ,Jupiter,174691,2019,266,  Petrol  ,30.95,SECOND,2023,expired,dealer,136988.8,TIER 1
Gujarat,38.66,Kawasaki,Versys 650,296431,2023,903,Electric,66.11,1st,2023,Active,DEALER,142558.78,Metro
  Delhi  ,72.16,Yamaha,R15 V4,168707,2023,470,ELECTRIC,80.79,Third,2023,  Expired  ,individual,72222.05,Tier 2
madhya pradesh,65.0,Kawasaki,Versys 650,360036,2024,728,Hybrid,74.91,Third,2024,NOT AVAILABLE,individual,247404.18,Tier 3
Maharashtra,73.08,Honda,Activa,309667,2023,101,Electric,89.0,second owner,2023,,  Dealer  ,214995.64,Tier 3
DELHI,27.9,BAJAJ,Avenger 220,301065,2024,374,ELECTRIC,75.32,First,2024,Active,INDIVIDUAL,177318.59,Metro
Karnataka,33.11,HERO,Xtreme 160R,64222,2015,311,Electric,71.84,THIRD,2021,Active,Individual,37478.65,Tier 1
Madhya Pradesh,11.83,  Bajaj  ,Pulsar 150,111427,2018,580,  Hybrid  ,73.42,Second,2022,Not Available,  Dealer  ,66090.34,Metro
rajasthan,37.59,Royal Enfield,Hunter 350,326565,2024,758,Hybrid,70.85,first owner,2024,  Not Available  ,individual,158207.22,  Metro  
Maharashtra,50.55,HONDA,Unicorn,308676,2020,989,  Electric  ,80.59,2nd,2024,Expired,Dealer,177782.78,Tier 3
  Delhi  ,18.07,TVS,Ronin,361035,2024,930,  Petrol  ,59.77,FIRST,2024,expired,Dealer,159577.79,Tier 2
RAJASTHAN,77.3,kawasaki,Ninja 300,52995,2021,718,petrol,45.43,Second,2021,Active,Individual,25302.59,  Tier 2  
Maharashtra,66.93,Kawasaki,Ninja 400,316698,2023,338,Electric,85.81,2nd,2023,Active,dealer,148921.28,Tier 1
karnataka,35.32,TVS,Sport,252259,2020,599,Electric,61.0,2nd,2022,  Not Available  ,  Dealer  ,175822.46,Tier 2
Maharashtra,34.86,yamaha,MT-15,102267,2023,466,  Petrol  ,32.14,third owner,2024,Active,Individual,49510.03,  Tier 3  
West Bengal,60.29,KTM,250 Duke,355392,2020,447,petrol,32.7,SECOND,2022,NOT AVAILABLE,dealer,195219.55,Tier 2
karnataka,6.64,Bajaj,CT 100,284896,2015,302,electric,96.29,,2022,NOT AVAILABLE,DEALER,185003.89,Metro
  Rajasthan  ,49.12,  Hero  ,Passion Pro,318959,2023,195,HYBRID,65.02,Second,2023,Not Available,INDIVIDUAL,181718.63,Tier 3
Madhya Pradesh,79.51,Royal Enfield,Meteor 350,306184,2023,203,Hybrid,77.79,3rd,2023,active,individual,189096.19,Tier 1
MADHYA PRADESH,51.45,royal enfield,Interceptor 650,312839,2024,710,Petrol,44.06,1st,2024,NOT AVAILABLE,  Individual  ,150567.55,Tier 2
Maharashtra,59.36,Royal Enfield,Hunter 350,284598,2015,661,Petrol,55.09,second owner,2024,NOT AVAILABLE,Individual,224097.87,Metro
Madhya Pradesh,69.13,Bajaj,Platina 110,136004,2022,232,  Hybrid  ,64.05,2nd,2023,active,Dealer,,METRO
TAMIL NADU,26.61,  Yamaha  ,FZ V3,"₹283,844",2022,967,  Petrol  ,44.15,second owner,2022,Active,dealer,216039.28,  Tier 2  
West Bengal,55.92,Honda,Unicorn,249764,2023,358,Hybrid,78.34,first owner,2023,Active,Dealer,132214.14,tier 1
Karnataka,29.17,Yamaha,FZ V3,269787,2022,646,Electric,95.65,2nd,2023,Not Available,Individual,,METRO
  Maharashtra  ,26.04,TVS,NTorq 125,76742,2022,893,Petrol,34.9,second owner,2024,Active,Individual,41348.36,TIER 3
Madhya Pradesh,17.78,  Bajaj  ,Dominar 400,352340,2023,468,PETROL,51.58,3rd,2024,expired,DEALER,281552.62,Tier 3
Uttar Pradesh,30.57,Hero,Glamour,305162,2017,196,hybrid,81.77,Third,2022,Active,  Individual  ,201622.88,metro
Gujarat,16.1,ROYAL ENFIELD,Hunter 350,353397,2020,876,  Petrol  ,,3rd,2024,Expired,Individual,170240.94,Metro
DELHI,45.88,Yamaha,FZ V3,256201,2022,263,Hybrid,,FIRST,2022,Active,  Individual  ,111077.71,Metro
Karnataka,25.97,Yamaha,MT-15,244919,2022,247,Electric,94.74,Third,2024,Expired,DEALER,117413.7,  Tier 3  
Rajasthan,28.94,Royal Enfield,Meteor 350,376144,2024,947,PETROL,32.91,Third,2024,Active,dealer,274298.37,TIER 3
Karnataka,43.65,KTM,125 Duke,321926,2024,332,HYBRID,79.01,Third,2024,Expired,  Dealer  ,208635.66,Tier 2
Madhya Pradesh,51.56,  Royal Enfield  ,Classic 350,179417,2023,136,HYBRID,61.54,third owner,2023,active,individual,106022.76,tier 1
west bengal,57.95,royal enfield,Hunter 350,276694,2022,924,petrol,41.82,FIRST,2022,  Not Available  ,dealer,131949.78,Tier 3
karnataka,36.85,Kawasaki,Z650,71035,2021,698,HYBRID,89.8,2nd,2024,not available,Individual,41300.95,Tier 1
Punjab,38.56,tvs,Apache RTR 160,152301,2017,974,Petrol,59.82,Second,2016,not available,INDIVIDUAL,83409.07,tier 3
gujarat,52.83,Kawasaki,Ninja 300,133046,2023,935,hybrid,70.99,Second,2023,  Expired  ,Dealer,59994.5,Tier 3
Tamil Nadu,27.27,yamaha,Ray ZR,151290,2017,351,hybrid,98.5,THIRD,2024,Not Available,Individual,113088.67,  Tier 3  
Uttar Pradesh,22.98,hero,Glamour,92797,2020,217,Petrol,31.95,Second,2024,  Active  ,  Dealer  ,39939.14,Metro
Karnataka,40.37,Hero,Glamour,291412,2022,333,Hybrid,71.69,First,2022,ACTIVE,Individual,145480.95,Tier 2
Gujarat,63.03,  TVS  ,NTorq 125,211610,2018,976,electric,83.89,Third,2022,NOT AVAILABLE,dealer,97110.65,Metro
Gujarat,10.68,tvs,Jupiter,129154,2018,844,Electric,71.51,third owner,2024,Expired,Individual,59567.31,tier 2
Karnataka,23.43,Hero,Xtreme 160R,316069,2019,365,Electric,91.15,third owner,2021,Not Available,Individual,246234.79,Tier 1
Uttar Pradesh,67.61,Hero,HF Deluxe,54907,2023,210,hybrid,74.69,second owner,2023,expired,Individual,34277.97,  Tier 3  
Gujarat,35.24,ROYAL ENFIELD,Himalayan,336217,2024,863,Petrol,26.77,first owner,2024,  Active  ,Dealer,255952.14,Metro
Tamil Nadu,53.55,BAJAJ,Avenger 220,137455,2018,576,hybrid,60.59,2nd,2021,Expired,Individual,,  Tier 1  
Maharashtra,61.09,KTM,125 Duke,107133,2020,352,ELECTRIC,69.48,3rd,2022,ACTIVE,individual,,tier 2
  Karnataka  ,57.49,Yamaha,Ray ZR,"₹83,201",2023,499,Petrol,59.46,1st,2023,active,Dealer,64544.63,  Tier 3  
Gujarat,19.51,honda,Unicorn,51690,2018,691,Petrol,51.86,third owner,2023,not available,Dealer,36883.21,tier 1
delhi,18.07,Royal Enfield,Himalayan,381316,2023,756,Electric,83.21,SECOND,2024,EXPIRED,Dealer,187644.65,metro
Punjab,22.31,Honda,Shine,84699,2023,104,Electric,87.16,3rd,2024,Active,Dealer,61042.96,tier 1
maharashtra,74.1,Ktm,RC 390,317928,2022,638,ELECTRIC,98.32,1st,2022,active,DEALER,141976.94,tier 3
  Maharashtra  ,33.9,  Bajaj  ,CT 100,76240,2024,299,Electric,80.76,second owner,2024,NOT AVAILABLE,individual,51550.09,tier 3
WEST BENGAL,47.46,KAWASAKI,Vulcan S,233499,2021,959,Hybrid,90.59,Second,2023,Active,individual,124715.75,Tier 1
Punjab,23.21,Bajaj,Dominar 400,119762,2023,130,Hybrid,68.03,,2024,Not Available,Dealer,75663.16,metro
Punjab,29.64,Bajaj,CT 100,236118,2020,144,PETROL,45.3,THIRD,2021,Not Available,Dealer,187329.02,  Metro  
  Tamil Nadu  ,69.47,TVS,Ronin,213510,2021,550,  Hybrid  ,64.33,,2024,EXPIRED,dealer,151252.37,Tier 1
Uttar Pradesh,47.06,KTM,390 Adventure,222608,2022,432,petrol,54.83,second owner,2023,expired,individual,171541.04,Tier 3
DELHI,23.15,YAMAHA,FZ V3,220664,2023,984,Electric,69.16,first owner,2023,Expired,individual,89850.34,TIER 1
Gujarat,9.69,Yamaha,FZ V3,215484,2015,879,PETROL,54.62,3rd,2021,  Expired  ,Individual,87859.0,Tier 1
Maharashtra,35.4,tvs,NTorq 125,253732,2024,583,PETROL,27.99,3rd,2024,Not Available,DEALER,148502.56,tier 1
Uttar Pradesh,54.39,Yamaha,Fascino 125,247230,2023,441,Petrol,26.07,second owner,2024,,  Individual  ,104847.63,Tier 2
Uttar Pradesh,9.43,hero,Xtreme 160R,201232,2024,270,Hybrid,77.95,third owner,2024,NOT AVAILABLE,  Dealer  ,83602.9,Metro
West Bengal,31.06,Bajaj,Platina 110,283873,2019,703,PETROL,54.57,3rd,2022,expired,Dealer,154072.52,metro
rajasthan,16.67,Royal Enfield,Classic 350,260833,2024,583,  Hybrid  ,80.24,First,2024,expired,individual,179696.7,  Tier 3  
delhi,77.67,bajaj,Platina 110,56937,2024,194,electric,82.7,,2024,Not Available,Dealer,33936.05,Tier 1
Maharashtra,57.0,kawasaki,Ninja 400,275434,2019,615,Petrol,56.24,,2024,Active,INDIVIDUAL,172761.43,metro
west bengal,33.46,  Hero  ,Passion Pro,276587,2021,150,petrol,36.48,First,2021,,Individual,143465.98,Tier 3
GUJARAT,33.8,  Hero  ,Splendor Plus,171459,2015,210,Hybrid,97.2,2nd,2024,Active,  Dealer  ,123294.77,tier 2
tamil nadu,29.51,KTM,250 Duke,205919,2023,798,Electric,92.69,first owner,2023,ACTIVE,Dealer,128255.74,tier 2
Uttar Pradesh,24.77,Yamaha,Fascino 125,210635,2017,283,ELECTRIC,91.98,third owner,2023,EXPIRED,Dealer,125680.31,  Tier 3  
  Gujarat  ,57.82,KTM,Duke 200,281144,2019,753,Hybrid,75.65,third owner,2021,active,dealer,223241.81,Tier 3
Tamil Nadu,62.55,  Yamaha  ,MT-15,70255,2024,715,Electric,98.93,SECOND,2024,ACTIVE,Individual,34630.62,Metro
Gujarat,40.64,HONDA,CBR 650R,81705,2017,276,Hybrid,65.84,,2024,Active,INDIVIDUAL,56200.54,Tier 1
West Bengal,24.09,  KTM  ,250 Duke,143809,2020.0,826,  Petrol  ,40.33,SECOND,2023,Not Available,individual,85768.87,  Tier 1  
Uttar Pradesh,19.87,Hero,Passion Pro,347462,2023.0,729,electric,99.07,THIRD,2023,NOT AVAILABLE,individual,251694.52,Tier 2
Punjab,26.9,Yamaha,FZ V3,55321,2015,351,petrol,53.62,third owner,2024,Expired,Individual,23759.29,  Tier 2  
Delhi,10.57,Kawasaki,Vulcan S,267063,2023,103,Electric,,second owner,2023,Active,Individual,175230.24,  Tier 1  
Karnataka,5.51,HONDA,Unicorn,266407,2019,394,  Hybrid  ,,3rd,2021,  Expired  ,Individual,189230.05,Tier 1
GUJARAT,40.19,Ktm,125 Duke,341492,2024,428,electric,84.84,SECOND,2024,Expired,Dealer,191932.03,TIER 3
rajasthan,54.32,  Hero  ,Glamour,324515,2022,644,  Electric  ,90.68,3rd,2022,Active,Dealer,174378.64,metro
Rajasthan,33.89,TVS,Ronin,118604,2024,218,Electric,97.41,First,2024,Not Available,dealer,87647.33,Tier 1
Delhi,45.92,Yamaha,MT-15,184987,2024,918,Electric,99.01,SECOND,2024,  Active  ,Dealer,132384.44,tier 3
tamil nadu,58.24,bajaj,Dominar 400,87726,2024,943,Hybrid,65.83,3rd,2024,EXPIRED,  Dealer  ,44181.5,TIER 1
West Bengal,47.55,HONDA,Shine,391585,2023,634,PETROL,30.3,Second,2023,NOT AVAILABLE,Dealer,218327.65,Tier 2
west bengal,72.37,  Hero  ,Glamour,278492,2022,842,Hybrid,95.94,3rd,2023,  Active  ,Dealer,199033.91,  Tier 2  
  Delhi  ,36.71,TVS,Apache RTR 160,56938,2023,945,Hybrid,94.62,Second,2023,not available,dealer,39769.58,Metro
rajasthan,71.85,tvs,Ronin,212917,2020,734,Electric,,SECOND,2022,Active,Individual,109683.58,METRO
madhya pradesh,45.11,Yamaha,FZ V3,170625,2019,771,Hybrid,77.16,THIRD,2023,not available,dealer,,  Tier 3  
Gujarat,31.62,Honda,Dio,134332,2023,686,Petrol,48.69,First,2023,NOT AVAILABLE,Individual,71925.07,Tier 2
tamil nadu,33.25,Yamaha,R15 V4,253328,2016,772,Electric,67.33,third owner,2021,  Active  ,Dealer,173272.85,Tier 1
DELHI,26.16,  Royal Enfield  ,Meteor 350,60158,2015,405,Petrol,,2nd,2024,Not Available,Individual,40651.32,Tier 3
Punjab,25.33,tvs,Ronin,258648,2015,570,electric,97.46,2nd,2023,Active,  Dealer  ,162935.86,TIER 2
Madhya Pradesh,30.5,Kawasaki,Vulcan S,236714,2023,977,electric,65.17,3rd,2023,active,  Dealer  ,,Tier 1
  Gujarat  ,65.31,Honda,Activa,220104,2015,468,PETROL,40.87,3rd,2021,Expired,Dealer,98141.53,TIER 3
madhya pradesh,29.36,Hero,Glamour,227568,2022,105,Electric,87.57,3rd,2022,Not Available,dealer,,metro
karnataka,70.31,yamaha,Ray ZR,247472,2015,892,Hybrid,82.43,Second,2021,Active,individual,160041.09,metro
karnataka,23.5,yamaha,MT-15,357116,2022,215,  Electric  ,79.33,3rd,2023,Not Available,individual,213456.66,Tier 3
  Gujarat  ,20.29,  KTM  ,390 Adventure,74168,2022,170,Petrol,33.92,SECOND,2024,Not Available,INDIVIDUAL,33957.0,Tier 2
  Tamil Nadu  ,8.81,Tvs,Sport,229729,2018,714,ELECTRIC,63.03,Second,2022,Not Available,Individual,139643.62,TIER 1
Gujarat,66.78,BAJAJ,Platina 110,75961,2019,878,Hybrid,,3rd,2023,Not Available,  Dealer  ,51280.09,tier 1
Tamil Nadu,62.06,HONDA,Shine,104252,2023,115,  Hybrid  ,73.57,1st,2023,Active,Individual,62856.72,Tier 2
DELHI,72.37,TVS,Jupiter,308688,2018,195,hybrid,65.41,,2024,Active,Individual,191387.04,METRO
west bengal,52.16,Bajaj,CT 100,335650,2016,598,Petrol,50.97,third owner,2022,active,Dealer,225571.8,Tier 2
Karnataka,67.81,Hero,Splendor Plus,353209,2016,444,Petrol,34.87,SECOND,2021,Active,Dealer,260678.02,tier 3
Madhya Pradesh,46.04,royal enfield,Meteor 350,316068,2023,280,ELECTRIC,85.62,third owner,2024,NOT AVAILABLE,  Dealer  ,214802.6,Tier 3
gujarat,40.55,Hero,Xtreme 160R,200755,2019,831,Hybrid,85.58,THIRD,2024,Active,DEALER,145172.41,Metro
UTTAR PRADESH,72.73,Kawasaki,Ninja 400,331503,2019,179,ELECTRIC,90.57,3rd,2021,  Expired  ,Individual,156866.85,METRO
Rajasthan,43.28,KTM,390 Adventure,256163,2023,235,Electric,66.17,first owner,2023,Active,Dealer,202146.64,TIER 3
Tamil Nadu,52.45,Royal Enfield,Interceptor 650,112747,2016,516,Hybrid,71.36,third owner,2023,,Dealer,47298.94,Tier 3
TAMIL NADU,60.99,Royal Enfield,Himalayan,239337,2019,299,Hybrid,98.78,THIRD,2022,Expired,Individual,127794.71,Tier 1
Delhi,16.8,Tvs,Apache RTR 160,223889,2024,197,HYBRID,73.8,third owner,2024,Expired,dealer,,tier 3
Karnataka,63.42,Kawasaki,Ninja 400,346940,2021,567,ELECTRIC,89.74,THIRD,2024,Not Available,Dealer,,tier 3
Rajasthan,44.78,Royal Enfield,Hunter 350,164410,2019,880,  Hybrid  ,61.72,third owner,2021,Active,individual,103136.4,  Tier 3  
tamil nadu,11.47,TVS,Ronin,364131,2022,1000,  Petrol  ,53.21,second owner,2022,Expired,Dealer,249730.69,Tier 1
Gujarat,64.06,KAWASAKI,Ninja 300,134696,2020,713,hybrid,71.05,third owner,2023,  Expired  ,dealer,76309.45,Metro
Gujarat,60.25,  Hero  ,HF Deluxe,255680,2017,338,Hybrid,81.64,Third,2022,expired,Individual,176278.95,  Tier 1  
  Punjab  ,31.62,Hero,Passion Pro,285446,2023,886,ELECTRIC,70.66,second owner,2023,Not Available,Dealer,150205.35,Metro
Rajasthan,44.8,TVS,Apache RTR 160,54265,2019,680,Petrol,52.19,Third,2021,Active,Individual,29300.52,Tier 2
  Gujarat  ,68.52,honda,CBR 650R,332253,2021,439,Electric,99.25,1st,2021,Active,  Dealer  ,154768.66,Tier 2
KARNATAKA,47.68,Bajaj,Platina 110,150919,2018,785,Electric,65.45,third owner,2023,Active,Individual,65188.48,Tier 1
Rajasthan,35.4,Yamaha,FZ V3,243386,2024,577,Petrol,41.99,SECOND,2024,expired,  Individual  ,143787.46,TIER 3
MADHYA PRADESH,55.98,  Bajaj  ,CT 100,216288,2022,531,Hybrid,60.17,Third,2024,Active,individual,103902.97,  Tier 1  
punjab,11.36,  Kawasaki  ,Versys 650,117411,2024,877,Hybrid,76.1,First,2024,Expired,DEALER,77809.96,METRO
karnataka,11.9,HERO,Glamour,209093,2020,717,Hybrid,75.73,second owner,2023,Not Available,Individual,159516.14,metro
west bengal,13.01,  Yamaha  ,Fascino 125,258995,2022,489,Electric,97.13,1st,2022,Not Available,individual,124352.71,METRO
  West Bengal  ,62.54,Bajaj,Dominar 400,180575,2022,275,Petrol,56.64,Second,2023,Expired,Individual,79788.94,Metro
Delhi,8.35,Bajaj,CT 100,284871,2024,579,petrol,56.57,FIRST,2024,Not Available,Dealer,195522.13,Tier 3
Madhya Pradesh,49.18,YAMAHA,MT-15,165430,2023,918,Petrol,41.69,third owner,2024,  Active  ,  Dealer  ,125664.5,tier 1
  Tamil Nadu  ,64.58,  TVS  ,NTorq 125,301325,2015,855,HYBRID,66.15,2nd,2024,Active,INDIVIDUAL,190544.92,  Metro  
Delhi,35.5,  KTM  ,125 Duke,399701,2016,249,  Electric  ,62.56,,2021,Active,Individual,228219.77,tier 2
UTTAR PRADESH,29.91,ROYAL ENFIELD,Himalayan,168474,2016,480,  Hybrid  ,84.55,,2022,EXPIRED,  Dealer  ,121299.28,  Tier 3  
Madhya Pradesh,9.05,Ktm,RC 390,221020,2017,258,petrol,59.31,Second,2024,  Expired  ,Dealer,111340.16,Tier 3
Punjab,5.11,Yamaha,FZ V3,85322,2021,741,Hybrid,87.23,1st,2021,  Expired  ,Dealer,50483.55,metro
Tamil Nadu,21.29,KAWASAKI,Versys 650,231953,2021,546,Petrol,,1st,2021,  Not Available  ,individual,93890.06,  Tier 1  
Punjab,32.66,  Bajaj  ,Platina 110,134296,2020,544,  Hybrid  ,77.52,second owner,2023,Active,  Individual  ,97560.55,Tier 2
delhi,49.5,hero,Glamour,62415,2022,963,ELECTRIC,83.38,First,2022,,Individual,39647.74,TIER 3
West Bengal,6.73,Hero,Glamour,390598,2021,746,hybrid,93.29,Third,2024,Not Available,Dealer,251907.11,Metro
maharashtra,7.01,Hero,Glamour,117366,2022,671,petrol,33.61,SECOND,2023,,  Individual  ,54023.76,TIER 1
KARNATAKA,26.02,yamaha,Ray ZR,67919,2024,933,PETROL,,FIRST,2024,Expired,Individual,53169.69,METRO
maharashtra,57.08,Hero,Passion Pro,142460,2022,565,Electric,75.27,FIRST,2022,Active,Individual,93731.05,  Tier 1  
Karnataka,69.77,Bajaj,Pulsar 150,101930,2020,332,  Hybrid  ,91.45,3rd,2023,  Expired  ,DEALER,41717.82,Tier 2
west bengal,28.6,kawasaki,Ninja 300,148025,2015,258,Petrol,,Second,2021,Active,INDIVIDUAL,,metro
MAHARASHTRA,42.78,bajaj,CT 100,209342,2023,941,ELECTRIC,67.18,Third,2024,Not Available,Individual,105320.28,  Tier 2  
Tamil Nadu,45.76,TVS,NTorq 125,289899,2018,995,Petrol,50.42,Second,2024,  Not Available  ,  Individual  ,141323.82,Tier 2
rajasthan,61.35,KTM,125 Duke,"₹139,792",2022,419,Electric,64.46,third owner,2024,not available,Dealer,89722.57,Tier 2
Maharashtra,24.9,HONDA,CBR 650R,306378,2023,895,  Hybrid  ,,FIRST,2023,expired,Dealer,158665.9,Metro
West Bengal,62.01,Bajaj,CT 100,108715,2020,239,  Hybrid  ,78.56,third owner,2024,  Active  ,Individual,50873.59,Metro
Rajasthan,7.12,Bajaj,Avenger 220,"₹160,282",2019,981,Hybrid,71.83,third owner,2022,Active,Dealer,113673.11,tier 1
Delhi,67.62,Yamaha,Fascino 125,180496,2019,876,Electric,64.37,second owner,2024,NOT AVAILABLE,Dealer,110765.63,TIER 2
Delhi,10.54,royal enfield,Hunter 350,251458,2022,648,Petrol,42.31,third owner,2022,EXPIRED,Individual,189929.49,Tier 2
UTTAR PRADESH,24.17,BAJAJ,CT 100,147533,2024,821,petrol,47.84,Second,2024,Active,Dealer,112579.0,Tier 2
Punjab,20.77,Hero,Splendor Plus,234756,2018,708,Hybrid,66.0,second owner,2024,,  Individual  ,178216.21,Metro
  Rajasthan  ,73.74,  Royal Enfield  ,Hunter 350,397894,2017,756,Hybrid,63.21,,2023,Not Available,Individual,,TIER 2
  Uttar Pradesh  ,29.55,Tvs,Apache RTR 160,172431,2021,229,Electric,66.4,First,2021,not available,DEALER,115332.52,tier 3
punjab,19.87,TVS,Ronin,105558,2018,694,Petrol,55.67,SECOND,2024,Expired,Individual,57593.48,  Tier 1  
RAJASTHAN,41.76,Hero,HF Deluxe,138911,2024,510,Hybrid,93.46,SECOND,2024,,  Individual  ,97022.27,TIER 1
  Punjab  ,55.77,Honda,Unicorn,136982,2021,402,Petrol,52.23,Second,2023,Not Available,DEALER,73863.28,  Tier 2  
  Delhi  ,61.62,bajaj,Avenger 220,281356,2021,371,electric,63.3,Third,2024,  Expired  ,Individual,152274.54,Tier 2
  Karnataka  ,5.77,  TVS  ,Ronin,394917,2022,683,Hybrid,67.93,1st,2022,NOT AVAILABLE,dealer,,Tier 1
  Rajasthan  ,49.84,  Honda  ,Shine,315789,2022,806,Electric,78.24,Second,2022,Not Available,dealer,247361.59,metro
  Uttar Pradesh  ,6.78,Kawasaki,Vulcan S,104328,2023,252,electric,83.69,First,2023,active,Individual,68226.0,Metro
  Punjab  ,79.38,ROYAL ENFIELD,Hunter 350,126128,2015,199,  Hybrid  ,93.51,THIRD,2022,Expired,Dealer,58444.01,Metro
  Maharashtra  ,7.66,Royal Enfield,Himalayan,107787,2023,722,Hybrid,95.15,THIRD,2023,ACTIVE,dealer,60520.99,  Tier 3  
Maharashtra,14.63,Honda,Unicorn,336886,2016,411,  Petrol  ,49.18,second owner,2021,Active,Individual,,Tier 1
Karnataka,37.78,Ktm,125 Duke,360137,2023,265,Electric,67.26,FIRST,2023,Not Available,dealer,158679.08,Tier 1
WEST BENGAL,68.11,tvs,Jupiter,293003,2023,709,Electric,79.4,Second,2024,not available,DEALER,230292.28,Metro
  Gujarat  ,51.4,KTM,RC 390,70494,2024,302,  Electric  ,93.82,THIRD,2024,active,Dealer,36148.05,metro
  Uttar Pradesh  ,78.29,KTM,RC 390,183707,2024,949,Petrol,57.24,first owner,2024,EXPIRED,Dealer,,  Metro  
Karnataka,30.38,ROYAL ENFIELD,Interceptor 650,378216,2023,143,Petrol,50.91,1st,2023,active,  Individual  ,198806.03,Tier 3
WEST BENGAL,77.93,HERO,Xtreme 160R,209927,2021,467,PETROL,59.7,SECOND,2021,Expired,Individual,,TIER 2
Madhya Pradesh,76.24,  Bajaj  ,Platina 110,275461,2024,455,Electric,70.88,First,2024,Expired,DEALER,147274.83,Metro
Karnataka,28.65,TVS,Sport,268908,2022,863,Hybrid,96.71,SECOND,2022,  Not Available  ,  Individual  ,118526.7,TIER 2
Rajasthan,45.71,ROYAL ENFIELD,Himalayan,103013,2016,593,Electric,81.96,Second,2021,expired,individual,76719.57,Metro
GUJARAT,33.89,TVS,Sport,291570,2022,672,Petrol,32.87,Third,2022,Active,INDIVIDUAL,150638.25,Tier 3
Madhya Pradesh,13.95,HONDA,Dio,103076,2019,364,petrol,49.85,3rd,2024,Expired,  Dealer  ,77827.42,Tier 1
  Uttar Pradesh  ,69.35,  Yamaha  ,Ray ZR,338022,2024,770,hybrid,91.11,1st,2024,NOT AVAILABLE,dealer,183477.34,Metro
West Bengal,62.45,hero,Glamour,390172,2022,474,Electric,97.44,3rd,2022,Expired,DEALER,205183.38,TIER 2
  Delhi  ,10.81,Kawasaki,Z650,292338,2020,429,petrol,35.72,third owner,2024,Active,Individual,172342.75,METRO
  Punjab  ,74.58,KTM,125 Duke,262059,2022,729,HYBRID,,THIRD,2022,Active,  Dealer  ,208425.88,metro
Tamil Nadu,56.1,KTM,390 Adventure,253364,2024,852,Hybrid,,Second,2024,EXPIRED,Dealer,193601.39,Tier 3
Rajasthan,64.54,Kawasaki,Ninja 300,250420,2021,382,Hybrid,81.6,SECOND,2022,ACTIVE,DEALER,184181.15,Metro
Karnataka,53.61,  TVS  ,Jupiter,129697,2023,563,Petrol,55.56,third owner,2023,Expired,  Dealer  ,57360.99,Tier 2
Punjab,25.81,Ktm,125 Duke,195606,2023,858,  Petrol  ,26.43,THIRD,2024,expired,Individual,109460.56,  Tier 3  
Maharashtra,46.7,Ktm,250 Duke,105167,2020,514,Petrol,30.62,THIRD,2021,  Not Available  ,DEALER,62744.79,  Tier 3  
Karnataka,14.66,KTM,RC 390,370986,2023,288,Petrol,44.65,second owner,2024,  Expired  ,Individual,188082.12,Tier 2
Gujarat,13.41,Royal Enfield,Hunter 350,79549,2020,434,petrol,43.55,second owner,2022,Expired,Individual,46793.97,Metro
tamil nadu,65.27,  Hero  ,Splendor Plus,101736,2022,626,Hybrid,91.48,second owner,2022,  Active  ,INDIVIDUAL,63460.08,tier 3
Delhi,28.49,Hero,Glamour,381550,2017,308,  Electric  ,61.32,,2024,not available,DEALER,169618.32,Tier 3
West Bengal,55.36,  Bajaj  ,Pulsar 150,380579,2018,788,HYBRID,72.16,SECOND,2024,ACTIVE,dealer,207990.55,Tier 1
Gujarat,13.96,  Yamaha  ,MT-15,216444,2021,375,Electric,92.48,2nd,2023,expired,INDIVIDUAL,168022.25,Metro
  Punjab  ,49.47,Kawasaki,Ninja 300,58114,2020,227,Petrol,43.79,SECOND,2023,,Dealer,25567.09,Metro
Tamil Nadu,75.37,  Royal Enfield  ,Hunter 350,390044,2020,810,Petrol,38.22,SECOND,2021,EXPIRED,  Dealer  ,205021.91,Metro
Maharashtra,53.91,Kawasaki,Versys 650,108617,2022,905,Electric,70.99,,2024,NOT AVAILABLE,Dealer,57089.23,TIER 2
MADHYA PRADESH,22.36,royal enfield,Meteor 350,259540,2016,927,Petrol,57.03,3rd,2023,Active,DEALER,110887.67,Tier 1
Madhya Pradesh,10.51,Bajaj,Avenger 220,"₹150,844",2023,277,Electric,76.67,,2023,Expired,Dealer,100826.7,Tier 1
  Tamil Nadu  ,65.59,Tvs,Apache RTR 160,258152,2023,973,HYBRID,62.61,Second,2023,  Expired  ,Individual,182265.18,tier 2
  Maharashtra  ,59.41,  Yamaha  ,Ray ZR,137593,2024,196,HYBRID,68.96,second owner,2024,  Active  ,dealer,64717.0,Tier 2
KARNATAKA,31.6,Honda,Shine,270700,2024,653,ELECTRIC,85.54,SECOND,2024,not available,Dealer,216438.31,Metro
uttar pradesh,21.34,  Royal Enfield  ,Hunter 350,278020,2023,786,Hybrid,67.92,3rd,2024,Active,  Dealer  ,207463.27,Tier 1
Maharashtra,11.77,Hero,Splendor Plus,338540,2022,734,electric,75.34,First,2022,Expired,Individual,162441.51,  Tier 3  
Delhi,57.44,kawasaki,Ninja 300,167783,2024,224,  Electric  ,95.43,Second,2024,  Active  ,Dealer,97869.43,Tier 3
Punjab,47.34,Hero,HF Deluxe,391809,2022,178,Hybrid,99.26,1st,2022,Active,dealer,213356.32,tier 2
Punjab,57.97,Bajaj,Avenger 220,122556,2022,486,Electric,79.57,1st,2022,,individual,65906.85,  Tier 1  
Tamil Nadu,37.62,  KTM  ,390 Adventure,225284,2021,628,HYBRID,61.61,Second,2022,  Active  ,Dealer,143546.33,Tier 3
Tamil Nadu,75.2,Yamaha,Fascino 125,92597,2020,775,Hybrid,74.33,Third,2022,Active,DEALER,,Tier 1
delhi,57.79,royal enfield,Hunter 350,133542,2024,965,Hybrid,60.26,FIRST,2024,Expired,Dealer,74939.98,Tier 2
tamil nadu,7.62,YAMAHA,Ray ZR,332245,2024,348,Petrol,30.23,FIRST,2024,  Expired  ,Individual,203998.43,Metro
Maharashtra,71.07,KTM,390 Adventure,220972,2021,191,Electric,67.16,Third,2024,Expired,dealer,134036.71,Metro
Punjab,25.48,Royal Enfield,Himalayan,298362,2017,139,Hybrid,90.78,Third,2022,Expired,individual,199869.85,Metro
Madhya Pradesh,12.21,royal enfield,Meteor 350,198753,2022,616,electric,,First,2022,  Expired  ,Individual,83923.92,Metro
Uttar Pradesh,29.2,ROYAL ENFIELD,Interceptor 650,369689,2022,800,Hybrid,97.46,,2023,Active,Individual,207338.93,METRO
Rajasthan,13.83,TVS,Sport,105989,2024,397,ELECTRIC,69.45,3rd,2024,EXPIRED,Individual,74519.44013424247,Tier 1
Maharashtra,63.5,yamaha,Ray ZR,216634,2024,980,Hybrid,85.16,second owner,2024,Expired,Individual,166486.97,Tier 1
Tamil Nadu,30.52,honda,Unicorn,391184,2021,438,hybrid,72.5,first owner,2021,ACTIVE,Dealer,239917.49,METRO
PUNJAB,62.85,Hero,Xtreme 160R,335052,2020,805,PETROL,57.52,,2022,  Expired  ,DEALER,202144.34,Tier 3
Uttar Pradesh,47.63,  Yamaha  ,Ray ZR,356884,2021,528,  Petrol  ,56.99,Second,2023,Active,Individual,270695.03,metro
uttar pradesh,37.2,  Yamaha  ,Fascino 125,356895,2023,569,Petrol,47.95,First,2023,Not Available,  Individual  ,248952.88,Metro
  Karnataka  ,59.83,Royal Enfield,Classic 350,297748,2023,975,Petrol,29.51,Second,2024,Not Available,Individual,227782.26,TIER 1
rajasthan,67.27,Bajaj,CT 100,120436,2023,772,Electric,78.12,First,2023,  Active  ,Individual,93693.59,Metro
Gujarat,45.4,ROYAL ENFIELD,Himalayan,187383,2019,620,petrol,26.9,Third,2023,Not Available,dealer,146291.97,Tier 3
  Karnataka  ,52.66,Hero,Splendor Plus,269237,2021,855,hybrid,79.22,,2022,Not Available,Individual,198645.22,TIER 1
  Rajasthan  ,23.73,Hero,HF Deluxe,156299,2023,743,Hybrid,86.52,first owner,2023,Expired,Individual,76825.47,Tier 2
Delhi,7.29,Kawasaki,Ninja 300,387742,2024,992,hybrid,,second owner,2024,  Not Available  ,Dealer,223368.1,  Metro  
Gujarat,69.75,KTM,250 Duke,122375,2024,558,PETROL,55.13,3rd,2024,  Active  ,individual,59128.88,Tier 2
tamil nadu,41.48,TVS,Jupiter,253566,2018,748,Petrol,48.78,second owner,2022,Expired,  Individual  ,198082.31,metro
karnataka,14.09,Yamaha,FZ V3,"₹283,897",2024,171,HYBRID,,first owner,2024,Active,  Dealer  ,168113.87,  Tier 3  
Uttar Pradesh,56.33,Yamaha,MT-15,285014,2022,459,petrol,42.17,FIRST,2022,active,  Dealer  ,139969.8,Tier 2
  Maharashtra  ,9.4,TVS,Sport,232581,2016,793,  Electric  ,70.94,second owner,2023,expired,Dealer,100298.09,METRO
Rajasthan,28.96,TVS,NTorq 125,252003,2021,567,Electric,61.3,second owner,2021,  Active  ,  Individual  ,196764.19,Tier 3
West Bengal,25.41,Honda,Dio,92620,2023,587,ELECTRIC,95.6,3rd,2024,Not Available,Individual,47775.09,Metro
WEST BENGAL,16.15,BAJAJ,Pulsar 150,366058,2021,960,Petrol,44.27,,2024,,Dealer,244179.32,Tier 1
Delhi,35.58,TVS,Ronin,349841,2024,834,ELECTRIC,62.22,1st,2024,Expired,Individual,,tier 2
madhya pradesh,5.96,ktm,390 Adventure,240737,2019,662,petrol,,SECOND,2024,Active,Dealer,174264.6,Tier 1
RAJASTHAN,34.17,KTM,125 Duke,58115,2017,718,Electric,83.19,,2022,NOT AVAILABLE,Dealer,35095.69,Tier 1
Uttar Pradesh,16.84,Royal Enfield,Hunter 350,316877,2016,650,Electric,62.91,Second,2021,Expired,INDIVIDUAL,171273.23,Tier 2
GUJARAT,18.48,Royal Enfield,Interceptor 650,54449,2021,203,Hybrid,80.63,THIRD,2021,Active,INDIVIDUAL,23782.7,Metro
West Bengal,78.18,Kawasaki,Versys 650,212667,2022,719,HYBRID,94.7,FIRST,2022,  Expired  ,dealer,,metro
  Uttar Pradesh  ,7.53,HONDA,Shine,95453,2016,294,Hybrid,82.74,third owner,2024,expired,Individual,68691.42,Tier 1
delhi,60.0,  KTM  ,RC 390,283279,2015,959,  Hybrid  ,85.87,THIRD,2022,  Expired  ,Individual,162317.53,Tier 3
PUNJAB,9.0,TVS,NTorq 125,286467,2018,243,Petrol,39.9,SECOND,2023,Expired,Individual,123350.38,  Metro  
Madhya Pradesh,40.84,Kawasaki,Versys 650,267969,2024,144,HYBRID,61.89,,2024,expired,Individual,208154.62,TIER 2
Punjab,57.02,hero,Xtreme 160R,173214,2015,751,Hybrid,92.14,Second,2022,  Not Available  ,Dealer,98212.45,Tier 1
Madhya Pradesh,61.66,HERO,Xtreme 160R,164670,2019,473,electric,,Second,2022,Expired,  Individual  ,88835.78,metro
Karnataka,38.46,  Royal Enfield  ,Classic 350,158988,2016,324,Petrol,35.3,Second,2024,  Expired  ,individual,111755.8,Tier 3
  West Bengal  ,47.15,Yamaha,R15 V4,387104,2023,226,Hybrid,,1st,2023,ACTIVE,INDIVIDUAL,264508.33,Tier 3
Karnataka,35.78,Honda,CBR 650R,141601,2017,621,Petrol,51.82,third owner,2022,expired,  Individual  ,105354.57,Tier 1
  Uttar Pradesh  ,33.0,KAWASAKI,Z650,353994,2021,103,Petrol,38.96,FIRST,2021,Not Available,Individual,258732.06,Tier 2
Delhi,12.04,  KTM  ,390 Adventure,"₹164,732",2017,658,Electric,62.29,SECOND,2022,Not Available,individual,85752.01,Tier 3
KARNATAKA,42.36,KTM,390 Adventure,288204,2016,641,Electric,66.27,2nd,2022,Not Available,dealer,197776.78,tier 1
  Uttar Pradesh  ,13.27,KAWASAKI,Versys 650,102711,2016,217,Hybrid,91.76,3rd,2022,  Expired  ,INDIVIDUAL,66647.71,Tier 3
Madhya Pradesh,40.83,royal enfield,Interceptor 650,189089,2018,354,  Petrol  ,54.92,SECOND,2021,expired,Individual,95754.72,Tier 1
Gujarat,8.38,Royal Enfield,Meteor 350,138444,2022,790,HYBRID,67.21,2nd,2024,EXPIRED,Individual,56987.36,Tier 3
madhya pradesh,61.19,TVS,Ronin,265036,2022,593,Hybrid,84.42,first owner,2022,Active,  Individual  ,202596.16,  Tier 3  
  West Bengal  ,27.02,TVS,Sport,200584,2023,918,Electric,61.09,THIRD,2023,Active,Individual,95444.44,Tier 2
Madhya Pradesh,13.96,Ktm,390 Adventure,"₹95,844",2022,707,HYBRID,68.21,first owner,2022,Expired,dealer,67532.39,TIER 2
Tamil Nadu,31.94,Yamaha,MT-15,169546,2017,373,Electric,95.04,3rd,2021,NOT AVAILABLE,Dealer,132075.24,TIER 3
Madhya Pradesh,11.2,Bajaj,Platina 110,321541,2015,683,hybrid,96.74,THIRD,2023,Not Available,DEALER,207379.4,Tier 2
DELHI,35.37,Royal Enfield,Interceptor 650,156461,2023,347,HYBRID,82.15,SECOND,2024,expired,  Dealer  ,89515.85,metro
Madhya Pradesh,24.69,Royal Enfield,Hunter 350,124902,2021,102,HYBRID,95.25,first owner,2021,active,Dealer,88131.92,TIER 3
Punjab,51.6,Honda,CBR 650R,116551,2020,361,Electric,82.43,third owner,2023,active,  Individual  ,78203.1,TIER 3
  Maharashtra  ,31.17,Bajaj,CT 100,107556,2024,824,PETROL,49.9,1st,2024,not available,Dealer,,Tier 3
uttar pradesh,18.78,honda,Activa,311035,2015,849,Petrol,30.9,third owner,2021,active,INDIVIDUAL,144895.6,Tier 3
RAJASTHAN,57.46,tvs,Sport,392885,2016,419,  Electric  ,99.36,,2022,ACTIVE,  Individual  ,199451.37,Tier 3
  Gujarat  ,5.64,  Kawasaki  ,Z650,91034,2019,9999,Petrol,36.02,Third,2021,Not Available,Individual,36463.79,  Tier 1  
rajasthan,12.62,yamaha,R15 V4,268680,2020,217,Hybrid,81.77,second owner,2022,expired,Dealer,197363.88,tier 1
KARNATAKA,57.68,  Yamaha  ,R15 V4,62764,2022,808,Petrol,35.46,FIRST,2022,Expired,DEALER,46358.03,Tier 1
Tamil Nadu,19.31,KTM,Duke 200,277203,2016,463,Electric,72.74,Third,2024,Not Available,Dealer,172038.54,TIER 3
TAMIL NADU,54.42,Tvs,NTorq 125,336275,2023,162,Electric,85.64,1st,2023,  Expired  ,dealer,159244.23,TIER 2
  Punjab  ,47.58,Kawasaki,Z650,350436,2016,783,Hybrid,80.04,Third,2022,  Active  ,Individual,209018.31,  Metro  
Rajasthan,35.84,Tvs,NTorq 125,"₹329,447",2022,493,Hybrid,,third owner,2023,ACTIVE,  Dealer  ,187838.37,Tier 2
madhya pradesh,51.07,Honda,Dio,293245,2019,304,Electric,92.66,2nd,2024,  Expired  ,  Dealer  ,,Tier 2
gujarat,45.27,honda,Unicorn,380396,2023,330,Hybrid,83.73,second owner,2023,ACTIVE,DEALER,255245.82,Metro
west bengal,64.46,Bajaj,Avenger 220,244335,2021,397,PETROL,41.64,1st,2021,,Dealer,136775.45,tier 1
Punjab,17.11,Bajaj,Pulsar 150,118374,2018,306,ELECTRIC,96.93,Second,2023,Expired,dealer,60418.6,Tier 1
Uttar Pradesh,5.87,Kawasaki,Ninja 300,166712,2024.0,233,Hybrid,93.16,1st,2024,Not Available,individual,101424.0,Tier 3
  West Bengal  ,63.04,  Kawasaki  ,Ninja 300,350461,2021,441,Petrol,57.71,2nd,2021,Expired,DEALER,247010.68,metro
Karnataka,65.0,Royal Enfield,Meteor 350,321582,2024,585,Hybrid,67.08,first owner,2024,Expired,Individual,,Tier 1
  West Bengal  ,38.59,Hero,Splendor Plus,62084,2023,274,Petrol,36.9,second owner,2024,Not Available,Individual,,Tier 3
Madhya Pradesh,31.95,Hero,Glamour,76270,2022,991,ELECTRIC,95.3,3rd,2023,Not Available,Dealer,35973.48,METRO
TAMIL NADU,53.38,Ktm,Duke 200,341728,2021,516,Hybrid,99.2,first owner,2021,expired,Dealer,143867.63,tier 3
West Bengal,43.65,TVS,Ronin,256609,2024,733,Electric,60.4,1st,2024,not available,DEALER,120648.01,Metro
MAHARASHTRA,71.97,Hero,Splendor Plus,"₹158,967",2020,603,Hybrid,70.44,second owner,2022,Not Available,dealer,90500.86,Tier 3
maharashtra,10.3,Bajaj,Pulsar 150,192520,2019,801,Electric,70.24,third owner,2023,ACTIVE,INDIVIDUAL,107734.93,Metro
RAJASTHAN,73.79,Kawasaki,Z650,134900,2023,209,  Hybrid  ,69.89,Second,2024,Not Available,Individual,,Tier 1
Karnataka,12.84,Hero,HF Deluxe,243257,2017,841,PETROL,30.99,third owner,2023,Not Available,Dealer,106630.2526716028,TIER 2
Maharashtra,38.16,TVS,NTorq 125,219182,2024,731,Hybrid,72.47,SECOND,2024,not available,Dealer,167321.74210148002,tier 3
Karnataka,15.47,Bajaj,Avenger 220,233236,2022,415,HYBRID,98.71,THIRD,2023,  Not Available  ,Individual,95536.19,Tier 2
delhi,72.86,Ktm,390 Adventure,310977,2021,459,Petrol,49.44,3rd,2022,Expired,Dealer,131971.47,Tier 2
Karnataka,29.51,Hero,Glamour,"₹120,025",2023,658,electric,69.31,Second,2023,Active,Individual,86848.85,TIER 1
Karnataka,10.35,kawasaki,Z650,347711,2023,639,Hybrid,62.49,1st,2023,Not Available,Dealer,201541.22,Tier 1
Tamil Nadu,43.05,  KTM  ,Duke 200,282125,2020,444,Electric,88.97,SECOND,2022,active,Individual,176808.61,  Tier 2  
Maharashtra,59.35,BAJAJ,Pulsar 150,310133,2021,820,HYBRID,69.06,first owner,2021,  Not Available  ,Dealer,162247.46,Metro
Delhi,7.08,KTM,RC 390,96695,2021,727,Electric,74.5,Third,2021,ACTIVE,dealer,55947.52,tier 2
maharashtra,6.42,Tvs,Apache RTR 160,137398,2024,756,PETROL,50.24,First,2024,active,  Individual  ,108161.47,metro
punjab,69.84,Bajaj,Dominar 400,185157,2016,791,HYBRID,68.49,Second,2022,Expired,  Individual  ,99332.34,  Tier 3  
Delhi,38.63,Royal Enfield,Hunter 350,381241,2023,985,Petrol,29.01,1st,2023,active,Individual,190216.27,metro
Punjab,57.5,royal enfield,Classic 350,50074,2022,378,Electric,69.7,Second,2023,Not Available,Dealer,,Tier 3
  Delhi  ,76.02,yamaha,Fascino 125,136327,2024,374,Electric,73.97,second owner,2024,Expired,Dealer,63299.65,Tier 3
punjab,8.37,Yamaha,Ray ZR,312575,2022,843,PETROL,39.29,FIRST,2022,expired,dealer,170844.69,METRO
  West Bengal  ,51.91,HERO,HF Deluxe,151719,2024,885,Hybrid,65.48,First,2024,  Expired  ,individual,109110.57,Metro
Uttar Pradesh,65.21,Honda,Shine,376541,2023,998,Petrol,27.96,THIRD,2023,Expired,dealer,210406.3616198621,  Metro  
  Madhya Pradesh  ,51.67,honda,Activa,88988,2020,196,petrol,31.42,Third,2021,  Expired  ,Individual,59399.4,tier 2
KARNATAKA,22.9,Yamaha,Fascino 125,333768,2021,494,PETROL,34.45,1st,2021,  Active  ,Dealer,149788.37,  Tier 1  
madhya pradesh,19.36,Royal Enfield,Meteor 350,83154,2021,373,Electric,65.46,third owner,2024,,  Individual  ,49974.24,Tier 3
  Rajasthan  ,36.17,Royal Enfield,Interceptor 650,82960,2019,433,Petrol,47.21,2nd,2023,active,DEALER,46476.38,Tier 3
  Maharashtra  ,14.61,HONDA,CBR 650R,165848,2021,349,Hybrid,77.46,2nd,2023,  Expired  ,  Dealer  ,,TIER 3
Delhi,58.79,Bajaj,Dominar 400,71762,2019,662,Petrol,33.99,Second,2022,Active,Individual,37093.45,Metro
Madhya Pradesh,59.81,kawasaki,Vulcan S,149904,2023,230,HYBRID,99.22,Third,2023,expired,Dealer,96461.1,  Metro  
punjab,27.25,  Hero  ,Xtreme 160R,242062,2019.0,524,Electric,99.66,2nd,2021,Not Available,individual,114986.54,Metro
Tamil Nadu,74.97,ROYAL ENFIELD,Himalayan,346806,2021,829,  Electric  ,83.27,FIRST,2021,Active,INDIVIDUAL,196124.43,TIER 1
Rajasthan,25.05,royal enfield,Himalayan,382108,2022,530,Electric,91.06,2nd,2024,Expired,Individual,269654.72,TIER 2
Delhi,74.06,KTM,RC 390,265355,2023,553,PETROL,36.87,3rd,2024,  Expired  ,  Individual  ,118151.61,Tier 1
Gujarat,13.62,Hero,Xtreme 160R,137787,2022,731,Petrol,44.1,third owner,2023,Expired,Individual,109513.6,tier 3
rajasthan,51.97,Honda,Unicorn,382975,2024,560,Electric,94.28,FIRST,2024,Not Available,Dealer,219774.67,Tier 3
  Maharashtra  ,13.03,Tvs,Ronin,358579,2023,492,HYBRID,60.5,2nd,2024,ACTIVE,DEALER,,Tier 2
Madhya Pradesh,56.83,Honda,Dio,"₹120,481",2017,289,Hybrid,99.3,second owner,2022,Active,Individual,56352.87,Tier 3
  Delhi  ,52.56,  Hero  ,Passion Pro,261854,2019,158,Petrol,57.88,THIRD,2024,Active,Individual,201549.33,Tier 2
Madhya Pradesh,75.82,Bajaj,Avenger 220,374559,2022,277,Electric,80.16,,2024,EXPIRED,Dealer,,TIER 1
Karnataka,56.07,Royal Enfield,Hunter 350,165867,2024,802,electric,65.24,,2024,not available,Dealer,88111.94,Tier 1
gujarat,19.82,Kawasaki,Z650,377738,2022,198,Electric,86.2,2nd,2022,Not Available,  Dealer  ,,Metro
Madhya Pradesh,75.84,HERO,Glamour,354292,2020,634,  Petrol  ,41.63,,2023,  Not Available  ,dealer,141918.22,TIER 1
Punjab,23.39,BAJAJ,Dominar 400,394978,2022,212,Hybrid,91.84,SECOND,2023,expired,Individual,229811.21,Tier 3
UTTAR PRADESH,6.09,Yamaha,MT-15,168121,2022,796,Hybrid,62.47,second owner,2022,ACTIVE,DEALER,77879.89,Tier 3
Punjab,13.32,KTM,250 Duke,259175,2023,801,electric,85.77,Second,2024,Expired,individual,103944.11,Tier 3
  Gujarat  ,12.2,  Royal Enfield  ,Himalayan,278934,2020,757,Petrol,59.14,third owner,2023,Active,dealer,210935.95,TIER 2
Karnataka,64.58,Hero,Glamour,284146,2023,988,hybrid,82.21,First,2023,Not Available,Individual,160252.78,Tier 3
MAHARASHTRA,49.47,Kawasaki,Versys 650,"₹189,778",2022,954,Electric,83.85,Second,2022,Not Available,Dealer,92441.27,Tier 3
GUJARAT,63.73,  Bajaj  ,Dominar 400,183830,2018,412,  Electric  ,95.27,THIRD,2021,Active,Dealer,112050.37,Tier 1
Rajasthan,68.34,TVS,Ronin,136951,2015,395,Petrol,51.93,,2021,not available,Individual,63880.42,Tier 2
West Bengal,20.0,KTM,RC 390,359578,2022,720,Electric,70.08,First,2022,EXPIRED,INDIVIDUAL,246538.17,Metro
Tamil Nadu,73.06,Yamaha,Ray ZR,323118,2023,961,Petrol,53.06,second owner,2024,not available,Individual,165125.77,Metro
Karnataka,13.45,ROYAL ENFIELD,Himalayan,220868,2024,141,Electric,80.63,2nd,2024,NOT AVAILABLE,INDIVIDUAL,97213.57,  Tier 3  
Maharashtra,30.01,Honda,Activa,88210,2021,425,Hybrid,83.12,SECOND,2023,  Not Available  ,DEALER,59273.31,  Tier 1  
Uttar Pradesh,37.91,hero,HF Deluxe,238510,2022,421,HYBRID,80.16,FIRST,2022,,Individual,138256.24,Tier 1
Gujarat,48.04,Royal Enfield,Interceptor 650,222350,2020,268,Electric,84.72,Third,2021,Active,DEALER,157645.27,Tier 2
Tamil Nadu,23.59,Hero,Glamour,392015,2017,590,electric,81.3,Second,2021,  Not Available  ,Individual,303709.03,  Metro  
Punjab,57.07,Hero,Passion Pro,248656,2023,394,Electric,94.86,Third,2023,Expired,Dealer,102385.7,METRO
West Bengal,42.91,Bajaj,Pulsar 150,86056,2022,326,  Electric  ,84.11,First,2022,Expired,Dealer,38071.7,tier 1
Rajasthan,37.91,ktm,250 Duke,192603,2015,494,HYBRID,,Third,2024,  Active  ,Individual,,Tier 2
  Karnataka  ,7.2,KTM,390 Adventure,239707,2022,725,HYBRID,82.69,2nd,2024,Not Available,  Individual  ,125815.9,Tier 2
delhi,29.41,Honda,Activa,274468,2024,969,Hybrid,77.86,,2024,  Not Available  ,DEALER,203024.94,Tier 2
Rajasthan,76.24,Bajaj,Avenger 220,217964,2023,599,electric,73.32,3rd,2023,Expired,dealer,174078.64,METRO
madhya pradesh,7.21,Bajaj,CT 100,390032,2015,521,Electric,70.91,Second,2022,Not Available,DEALER,156689.11,tier 2
  Madhya Pradesh  ,45.41,Honda,CBR 650R,138648,2022,418,petrol,44.18,1st,2022,Active,individual,91335.15,metro
Karnataka,74.87,Royal Enfield,Hunter 350,177812,2024,749,Petrol,55.63,THIRD,2024,Active,  Individual  ,109672.81,Tier 3
Tamil Nadu,49.16,Yamaha,Ray ZR,329956,2019,695,Hybrid,96.05,Third,2021,not available,Individual,234201.21,  Metro  
Uttar Pradesh,76.91,  Yamaha  ,Ray ZR,157823,2021,650,  Petrol  ,30.76,Second,2021,  Active  ,dealer,80807.15,Tier 1
gujarat,68.86,Royal Enfield,Interceptor 650,328158,2022,650,HYBRID,91.58,1st,2022,expired,DEALER,137703.68,Tier 1
Tamil Nadu,71.08,Honda,Dio,109881,2015,869,Electric,96.16,,2024,,Individual,73987.57,Tier 2
GUJARAT,43.27,Hero,Passion Pro,60749,2022,123,Electric,80.3,First,2022,not available,DEALER,44802.74,tier 2
RAJASTHAN,45.02,Hero,Passion Pro,371654,2024,468,electric,84.86,3rd,2024,Not Available,Individual,189388.87,Tier 2
Madhya Pradesh,9.08,KTM,250 Duke,199360,2022,919,petrol,37.97,first owner,2022,Not Available,Dealer,108091.11,Tier 2
karnataka,58.14,Tvs,Sport,215058,2019,367,  Hybrid  ,71.17,SECOND,2024,Active,dealer,,Tier 3
karnataka,33.04,Honda,Dio,393834,2018,303,  Hybrid  ,87.53,Third,2024,,  Individual  ,223534.31,TIER 3
GUJARAT,33.86,TVS,Sport,115462,2015,575,Petrol,58.02,Third,2021,  Not Available  ,  Individual  ,48087.41,Tier 1
Rajasthan,35.34,KTM,250 Duke,151923,2022,365,Petrol,59.54,second owner,2024,active,Dealer,86086.79,tier 3
Tamil Nadu,43.03,honda,CBR 650R,237672,2023,347,Electric,90.75,1st,2023,Expired,  Individual  ,103694.5,  Metro  
Karnataka,56.05,KTM,390 Adventure,148715,2020,432,Hybrid,74.58,third owner,2021,  Not Available  ,  Dealer  ,77760.88,tier 3
West Bengal,63.87,Kawasaki,Z650,195824,2016,490,  Electric  ,83.43,third owner,2021,Expired,Dealer,140257.89,  Tier 3  
west bengal,79.12,TVS,Ronin,159331,2024,758,Electric,94.0,THIRD,2024,Not Available,Dealer,99352.77,tier 2
Punjab,22.96,KTM,RC 390,178356,2022,523,Hybrid,79.53,First,2022,Active,Individual,83589.17,Metro
West Bengal,77.63,Hero,Glamour,328376,2021,880,Electric,71.64,second owner,2022,Not Available,Dealer,138617.05,Metro
MAHARASHTRA,77.57,Honda,CBR 650R,333414,2019,262,Petrol,28.53,Third,2021,active,dealer,229673.76,Tier 1
west bengal,5.02,Yamaha,MT-15,206069,2020,828,Electric,83.26,3rd,2024,,Individual,157366.63,metro
Tamil Nadu,8.92,kawasaki,Ninja 300,184955,2021,532,Hybrid,65.75,Second,2024,Not Available,Individual,144181.74,Tier 2
  Madhya Pradesh  ,67.56,ROYAL ENFIELD,Meteor 350,90917,2024,770,PETROL,44.29,3rd,2024,Expired,Dealer,50424.46,Metro
punjab,45.75,HERO,Passion Pro,357488,2021,901,petrol,38.97,First,2021,not available,individual,264165.37,Tier 1
  Madhya Pradesh  ,72.33,Honda,Activa,169289,2023,597,  Electric  ,,2nd,2023,Expired,DEALER,68410.47,  Tier 1  
MADHYA PRADESH,77.45,Tvs,Sport,329259,2021,139,Hybrid,64.46,first owner,2021,  Expired  ,  Individual  ,182321.31,Tier 2
  West Bengal  ,79.57,Tvs,Apache RTR 160,172421,2022,268,Petrol,27.31,Third,2024,Active,  Dealer  ,107347.08,Tier 1
GUJARAT,30.12,Honda,Dio,224643,2023,582,Electric,65.33,first owner,2023,Expired,DEALER,117908.98,Tier 2
  Uttar Pradesh  ,35.69,  TVS  ,Apache RTR 160,218011,2015,402,Electric,85.82,THIRD,2021,  Expired  ,Individual,90949.54,Metro
Punjab,73.67,  Yamaha  ,Fascino 125,322601,2024,876,PETROL,55.27,THIRD,2024,,Individual,179820.22,Tier 3
Maharashtra,78.71,Royal Enfield,Himalayan,77184,2023,673,Hybrid,82.25,second owner,2023,EXPIRED,Dealer,33532.42,Tier 3
  West Bengal  ,28.89,Hero,HF Deluxe,"₹169,645",2022,338,Electric,71.74,second owner,2024,Not Available,dealer,90992.18,  Metro  
Delhi,64.43,Honda,Dio,171834,2022,489,Electric,82.67,third owner,2024,NOT AVAILABLE,INDIVIDUAL,94573.48,  Metro  
Uttar Pradesh,56.06,Kawasaki,Versys 650,123347,2020,214,Petrol,27.93,second owner,2023,,Dealer,65008.12,  Metro  
karnataka,9.26,KAWASAKI,Vulcan S,91580,2017,767,Hybrid,86.95,THIRD,2024,Active,INDIVIDUAL,65667.94,TIER 3
Rajasthan,52.54,Honda,Activa,210669,2024,552,Hybrid,60.04,3rd,2024,Active,Individual,143302.45,Metro
KARNATAKA,25.28,hero,Passion Pro,126484,2016,433,petrol,39.99,Third,2021,not available,  Dealer  ,62713.79,Tier 1
Tamil Nadu,56.95,Bajaj,CT 100,387221,2020,636,Petrol,33.88,2nd,2023,EXPIRED,  Dealer  ,179850.48,Metro
Punjab,36.13,  TVS  ,NTorq 125,116059,2020,690,Electric,77.85,Third,2022,  Active  ,Individual,82992.13,  Metro  
gujarat,13.6,HERO,Xtreme 160R,144072,2022,568,Hybrid,80.76,THIRD,2022,  Expired  ,Individual,77777.88,Metro
Delhi,60.47,Kawasaki,Z650,130229,2015,717,Hybrid,67.82,Third,2023,Active,Individual,60188.81,Tier 1
MADHYA PRADESH,53.19,KTM,RC 390,159755,2021,554,  Hybrid  ,86.64,,2021,active,  Dealer  ,116565.58,Tier 3
Gujarat,74.24,Hero,Glamour,212483,2021,665,HYBRID,70.63,second owner,2023,Active,  Individual  ,105147.43,TIER 3
Rajasthan,39.93,KAWASAKI,Versys 650,"₹294,247",2018,609,electric,86.02,Third,2021,Expired,DEALER,209850.55,Tier 1
PUNJAB,40.2,  Bajaj  ,Platina 110,322058,2024,380,ELECTRIC,88.15,first owner,2024,  Expired  ,Dealer,176084.01,Tier 2
Punjab,20.29,KAWASAKI,Ninja 300,123498,2023,317,Hybrid,60.74,3rd,2024,expired,Dealer,66265.96,Tier 3
West Bengal,77.27,tvs,Jupiter,194218,2024,778,Hybrid,62.12,Third,2024,Active,Individual,96194.5,Tier 2
uttar pradesh,47.26,TVS,Ronin,82438,2017,687,  Hybrid  ,98.7,2nd,2024,Not Available,DEALER,41034.73,Tier 2
tamil nadu,39.42,  Bajaj  ,Avenger 220,196286,2022,197,PETROL,39.03,SECOND,2024,Expired,INDIVIDUAL,81857.85,metro
MAHARASHTRA,34.61,Royal Enfield,Meteor 350,293887,2024,736,Electric,87.54,SECOND,2024,Active,Individual,158620.43,Tier 2
  West Bengal  ,9.52,  Yamaha  ,R15 V4,208784,2019,881,Petrol,,second owner,2022,Not Available,individual,132004.2,Tier 2
Madhya Pradesh,67.67,  Kawasaki  ,Z650,199188,2021,999,Hybrid,89.91,3rd,2021,ACTIVE,dealer,137927.73,Metro
Madhya Pradesh,53.55,KTM,RC 390,297216,2016,883,hybrid,93.51,SECOND,2023,Active,Individual,174646.02,  Tier 3  
  Madhya Pradesh  ,75.72,TVS,NTorq 125,208277,2024,431,Hybrid,67.33,third owner,2024,Not Available,  Individual  ,93682.76,Metro
PUNJAB,21.19,KTM,250 Duke,250135,2022,726,ELECTRIC,75.92,third owner,2022,ACTIVE,Individual,107407.33,Tier 1
rajasthan,71.0,Honda,CBR 650R,359141,2016,537,  Petrol  ,37.31,Second,2021,Expired,  Individual  ,227185.61,Tier 3
Uttar Pradesh,37.74,Kawasaki,Versys 650,228948,2023,165,HYBRID,93.2,third owner,2023,  Not Available  ,DEALER,155107.99,Metro
delhi,60.36,Hero,Splendor Plus,383950,2024,964,Petrol,39.22,first owner,2024,NOT AVAILABLE,Individual,227872.17,TIER 3
Karnataka,26.51,Kawasaki,Vulcan S,151692,2022,975,Hybrid,85.89,First,2022,Active,  Individual  ,95425.93,Metro
Punjab,77.42,Yamaha,FZ V3,143407,2023,232,Petrol,45.11,2nd,2023,Expired,Individual,,metro
Karnataka,79.12,Honda,Activa,123749,2022,586,electric,94.76,,2022,  Expired  ,Dealer,50327.81,Metro
  Gujarat  ,24.81,HERO,HF Deluxe,161105,2023,105,  Hybrid  ,86.61,first owner,2023,Expired,Individual,91744.22,Tier 1
Rajasthan,29.51,Bajaj,Dominar 400,52516,2024,241,Electric,88.71,,2024,ACTIVE,Dealer,23126.65,Tier 1
delhi,6.41,Ktm,RC 390,"₹204,854",2022,268,ELECTRIC,66.95,First,2022,  Active  ,Dealer,93300.33,  Tier 3  
Maharashtra,19.86,  TVS  ,NTorq 125,58443,2023,276,Hybrid,71.3,third owner,2024,Not Available,Individual,42647.19,metro
Maharashtra,48.54,Bajaj,Dominar 400,126150,2023,333,Electric,82.03,Second,2023,Not Available,DEALER,,Tier 3
MADHYA PRADESH,61.79,  KTM  ,Duke 200,284467,2020,613,  Petrol  ,59.33,second owner,2024,Not Available,Dealer,132011.33,  Metro  
UTTAR PRADESH,8.34,  KTM  ,390 Adventure,87754,2024,519,Electric,,first owner,2024,active,individual,61093.34,  Tier 2  
Tamil Nadu,43.03,  Hero  ,Xtreme 160R,273961,2021,898,Electric,86.08,SECOND,2024,Expired,Individual,119914.87,TIER 3
Gujarat,61.03,  Hero  ,Passion Pro,235959,2020,338,  Electric  ,62.53,Third,2024,Not Available,Individual,127995.16,Tier 1
GUJARAT,47.76,Hero,Splendor Plus,380088,2018,379,HYBRID,,THIRD,2022,ACTIVE,Individual,291860.15,METRO
GUJARAT,52.81,KTM,Duke 200,177760,2024,935,  Electric  ,66.61,third owner,2024,  Not Available  ,Dealer,90458.36,Metro
Maharashtra,52.64,Bajaj,Dominar 400,120795,2023,104,  Petrol  ,58.81,Second,2023,,Dealer,,Tier 3
Madhya Pradesh,23.49,TVS,Ronin,50830,2021,663,Hybrid,75.78,SECOND,2019,Not Available,Individual,23126.61,Tier 2
KARNATAKA,13.78,  Hero  ,HF Deluxe,332984,2021,241,  Petrol  ,39.18,THIRD,2023,  Active  ,Dealer,199006.45,metro
  Maharashtra  ,60.01,  Bajaj  ,Avenger 220,369707,2024,999,  Petrol  ,50.34,first owner,2024,,individual,262812.55,Tier 1
Gujarat,37.6,HONDA,Shine,72497,2018,753,Hybrid,62.37,3rd,2024,Active,individual,50825.95,Tier 2
RAJASTHAN,23.16,Royal Enfield,Meteor 350,381626,2024,323,Hybrid,83.45,first owner,2024,Expired,DEALER,201745.72,metro
Maharashtra,12.86,KAWASAKI,Vulcan S,316117,2024,613,Petrol,53.97,Third,2024,Not Available,Dealer,192098.16,Tier 2
  Karnataka  ,69.08,Honda,Activa,116266,2024,634,ELECTRIC,63.57,THIRD,2024,EXPIRED,Dealer,71810.88,metro
uttar pradesh,47.83,Hero,Glamour,241617,2023,239,  Hybrid  ,75.05,3rd,2023,not available,INDIVIDUAL,153542.86,  Tier 2  
west bengal,62.46,KTM,Duke 200,283851,2022,936,Hybrid,82.75,third owner,2022,expired,Dealer,197259.57,TIER 2
  Madhya Pradesh  ,36.88,Bajaj,CT 100,260956,2017,634,Electric,84.02,SECOND,2024,ACTIVE,Dealer,139007.38,metro
Tamil Nadu,9.38,TVS,Apache RTR 160,142576,2016,705,Petrol,31.41,SECOND,2021,Not Available,INDIVIDUAL,77826.08,Metro
  Gujarat  ,60.0,Ktm,250 Duke,384055,2024.0,106,Electric,72.15,3rd,2024,Expired,Dealer,273880.31,Tier 1
  Maharashtra  ,36.53,Yamaha,Ray ZR,157338,2023,207,Electric,90.89,SECOND,2023,  Active  ,Individual,86969.11,Tier 2
Rajasthan,11.43,honda,Dio,243089,2022,727,Petrol,,,2022,expired,Individual,178805.48,Metro
GUJARAT,21.31,  Hero  ,Splendor Plus,209668,2022,405,ELECTRIC,78.07,1st,2022,  Active  ,Dealer,147445.03,Tier 2
west bengal,5.47,  Hero  ,Splendor Plus,294205,2022,614,Petrol,56.27,SECOND,2024,  Not Available  ,DEALER,146404.14,Tier 1
Madhya Pradesh,39.42,TVS,Ronin,344479,2024,842,Electric,66.62,THIRD,2024,Active,Individual,207574.4,Tier 2
Tamil Nadu,27.46,honda,Unicorn,97038,2021,960,  Hybrid  ,76.12,2nd,2021,active,INDIVIDUAL,65394.71,Metro
karnataka,77.09,yamaha,FZ V3,56271,2021,858,Hybrid,71.56,first owner,2021,NOT AVAILABLE,Dealer,41104.74,Metro
  Uttar Pradesh  ,21.28,kawasaki,Ninja 400,395598,2023,230,electric,95.13,Second,2024,NOT AVAILABLE,Dealer,208921.38,tier 1
DELHI,11.23,TVS,NTorq 125,262051,2019,412,Electric,95.82,,2022,EXPIRED,  Dealer  ,184509.52,Tier 3
madhya pradesh,17.59,YAMAHA,R15 V4,200843,2020,275,Petrol,25.1,,2024,,individual,107563.21,tier 3
Gujarat,74.7,Ktm,RC 390,273710,2015,982,Hybrid,,SECOND,2024,Expired,Individual,109971.0,Tier 2
uttar pradesh,7.81,Yamaha,MT-15,244170,2021,322,Hybrid,86.45,first owner,2021,ACTIVE,Dealer,98751.39,Tier 2
WEST BENGAL,16.15,Bajaj,Pulsar 150,366058,2021,960,Petrol,44.27,,2024,,DEALER,244179.32,TIER 1
GUJARAT,36.72,Kawasaki,Versys 650,313045,2017,732,HYBRID,78.87,second owner,2021,Active,individual,171588.51,Tier 2
gujarat,27.71,HERO,Glamour,243513,2023,209,Electric,64.62,SECOND,2023,ACTIVE,dealer,140683.05,tier 1
KARNATAKA,49.4,Hero,HF Deluxe,328068,2024,414,PETROL,45.45,third owner,2024,EXPIRED,DEALER,141165.59,Metro
UTTAR PRADESH,64.24,Honda,Shine,164909,2022,749,Petrol,47.63,third owner,2024,  Active  ,Dealer,88675.39,TIER 3
UTTAR PRADESH,74.7,tvs,Apache RTR 160,360333,2024,476,HYBRID,86.88,First,2024,  Not Available  ,Dealer,259281.55495795904,Tier 3
TAMIL NADU,68.29,kawasaki,Vulcan S,174369,2018,769,  Petrol  ,,2nd,2024,Active,Dealer,122974.47,Tier 3
Gujarat,52.31,  Bajaj  ,Pulsar 150,64874,2021,174,Hybrid,78.49,,2022,Expired,Dealer,45304.5529909125,Tier 3
Uttar Pradesh,48.01,TVS,Jupiter,351117,2022,158,  Hybrid  ,60.56,First,2022,Not Available,dealer,207255.15,Tier 2
Madhya Pradesh,21.28,TVS,Sport,113718,2018,815,Petrol,,3rd,2021,Active,INDIVIDUAL,50060.84,Tier 1
Punjab,13.86,Bajaj,Pulsar 150,359560,2017,605,Hybrid,64.91,Third,2024,Expired,DEALER,254851.67,tier 1
Delhi,53.41,Bajaj,Avenger 220,361523,2021,680,Petrol,29.47,1st,2021,Not Available,Individual,244473.6,TIER 2
Maharashtra,42.05,Kawasaki,Ninja 400,154598,2018,963,Hybrid,81.44,2nd,2024,expired,INDIVIDUAL,73708.23,Tier 2
rajasthan,42.68,  Bajaj  ,Pulsar 150,243240,2021,616,HYBRID,66.59,2nd,2022,,Individual,127874.75,tier 1
Punjab,53.7,Hero,Passion Pro,156401,2021,808,Petrol,49.84,2nd,2023,,Individual,78201.61,metro
PUNJAB,36.92,Tvs,NTorq 125,90788,2021,195,Petrol,34.3,First,2021,Expired,Individual,45510.15,METRO
KARNATAKA,6.68,TVS,Apache RTR 160,189730,2018,9999,Hybrid,91.67,THIRD,2023,Not Available,Dealer,144867.38,TIER 3
WEST BENGAL,77.51,Bajaj,CT 100,142975,2022,467,ELECTRIC,74.99,3rd,2022,Not Available,INDIVIDUAL,61329.89,Tier 2
delhi,17.86,tvs,Ronin,256058,2018,879,Electric,71.76,third owner,2022,Not Available,INDIVIDUAL,168827.54,Tier 2
MADHYA PRADESH,75.43,  KTM  ,Duke 200,380489,2023,304,PETROL,40.24,first owner,2023,EXPIRED,dealer,225095.67,TIER 2
Delhi,21.2,BAJAJ,Avenger 220,183974,2024,625,Petrol,45.19,,2024,Active,Dealer,93869.16,tier 1
Tamil Nadu,32.78,hero,Passion Pro,246506,2016,963,Hybrid,69.98,SECOND,2023,EXPIRED,Individual,191785.48,  Tier 3  
Delhi,65.71,KTM,250 Duke,176671,2021,955,HYBRID,77.29,second owner,2024,Active,Individual,131273.94894711298,tier 3
Rajasthan,29.25,Kawasaki,Vulcan S,199403,2017,789,PETROL,,2nd,2024,Expired,individual,101628.55,Metro
Rajasthan,33.37,  Hero  ,Xtreme 160R,263758,2019,475,  Hybrid  ,73.14,3rd,2023,Not Available,Individual,196514.41,  Metro  
Uttar Pradesh,26.36,Bajaj,Avenger 220,196014,2023,808,Hybrid,75.43,SECOND,2023,Expired,DEALER,89659.12,Tier 1
West Bengal,72.24,  Honda  ,Activa,133822,2022,606,Hybrid,,1st,2022,not available,Dealer,73737.56,Metro
  Uttar Pradesh  ,8.02,TVS,Sport,216704,2024,709,Hybrid,75.75,third owner,2024,  Expired  ,Dealer,141225.69,Tier 1
gujarat,60.14,Bajaj,Pulsar 150,"₹201,075",2019,491,Petrol,32.17,THIRD,2022,Not Available,Dealer,149756.83,Tier 2
  Delhi  ,59.56,Kawasaki,Z650,95414,2017,640,  Electric  ,94.8,third owner,2021,Expired,Dealer,,Tier 1
madhya pradesh,20.72,tvs,Ronin,387078,2018,801,Hybrid,78.73,,2023,Active,Dealer,244185.8,Tier 3
Gujarat,21.92,KTM,125 Duke,51199,2024,314,Petrol,43.54,3rd,2024,NOT AVAILABLE,dealer,38637.65,  Tier 1  
Rajasthan,39.35,Kawasaki,Vulcan S,358364,2024,286,Hybrid,64.69,SECOND,2024,EXPIRED,Dealer,230541.4,Tier 3
PUNJAB,66.3,HONDA,Unicorn,92867,2021,789,Hybrid,91.72,SECOND,2022,EXPIRED,Individual,63816.54,Metro
Rajasthan,43.98,KAWASAKI,Vulcan S,301186,2016,432,Petrol,39.01,3rd,2022,  Expired  ,Individual,173708.54,  Metro  
Karnataka,60.9,Royal Enfield,Himalayan,111745,2024,564,Petrol,,Second,2024,expired,Dealer,49803.86,tier 3
TAMIL NADU,20.98,Kawasaki,Z650,234609,2023,787,  Electric  ,87.76,first owner,2023,  Active  ,Individual,100779.01,  Tier 3  
Gujarat,37.05,  Honda  ,CBR 650R,101002,2021,911,Electric,62.84,Second,2024,  Not Available  ,DEALER,67049.54,  Tier 3  
west bengal,19.45,KTM,Duke 200,237128,2016,307,electric,84.18,THIRD,2022,Expired,Individual,178085.54,Tier 2
delhi,20.03,kawasaki,Ninja 300,149610,2024,196,Hybrid,83.23,Third,2024,ACTIVE,Individual,71708.4,Tier 2
Tamil Nadu,72.04,  Kawasaki  ,Ninja 400,373977,2023,291,PETROL,45.03,2nd,2024,Not Available,DEALER,205353.91,tier 3
Rajasthan,48.39,Bajaj,Pulsar 150,164159,2023,160,  Electric  ,69.64,2nd,2024,Active,Individual,,  Tier 2  
Gujarat,43.17,Honda,Dio,201454,2024,665,hybrid,95.63,Second,2024,,Dealer,,Tier 2
  Maharashtra  ,35.12,Kawasaki,Vulcan S,207621,2023,604,  Petrol  ,26.1,first owner,2023,ACTIVE,Individual,,tier 2
madhya pradesh,50.87,honda,CBR 650R,226623,2022,185,Electric,90.76,THIRD,2022,Expired,DEALER,108248.4,Tier 1
  Maharashtra  ,74.47,hero,HF Deluxe,361909,2015,621,Hybrid,82.54,second owner,2022,ACTIVE,individual,193102.14,Tier 1
Madhya Pradesh,31.35,Honda,Activa,212387,2019,535,  Electric  ,86.87,Third,2022,Active,Dealer,118501.48,  Tier 1  
Uttar Pradesh,71.64,Kawasaki,Z650,271711,2024,254,Electric,74.09,2nd,2024,ACTIVE,INDIVIDUAL,,tier 1
Madhya Pradesh,77.77,KAWASAKI,Z650,297119,2023,656,ELECTRIC,85.05,third owner,2024,  Expired  ,dealer,186439.84,tier 2
  Madhya Pradesh  ,19.35,HERO,Xtreme 160R,59078,2018,736,Electric,98.35,Third,2024,  Not Available  ,Individual,26023.67,Metro
rajasthan,12.38,Hero,Xtreme 160R,215325,2021,991,Petrol,31.08,second owner,2022,Not Available,Individual,131135.60402282406,Tier 2
  Madhya Pradesh  ,45.41,Honda,CBR 650R,138648,2022,418,petrol,44.18,1st,2022,Active,individual,90981.2536452451,metro
Delhi,23.83,  Bajaj  ,Avenger 220,149086,2016,891,Hybrid,75.56,SECOND,2023,,  Individual  ,112238.28,Tier 1
GUJARAT,7.34,ktm,RC 390,163231,2019,216,  Hybrid  ,99.61,3rd,2022,EXPIRED,INDIVIDUAL,86359.27,metro
Karnataka,69.62,  Kawasaki  ,Versys 650,71333,2017,477,hybrid,84.41,second owner,2024,Not Available,Dealer,34076.56,Metro
Karnataka,45.75,Bajaj,Platina 110,98451,2020,358,electric,87.31,2nd,2022,Expired,Dealer,65353.81,Tier 3
Karnataka,74.93,kawasaki,Ninja 300,70806,2018,473,Electric,82.97,SECOND,2021,not available,INDIVIDUAL,,Metro
Madhya Pradesh,69.4,Bajaj,Dominar 400,"₹115,483",2021,234,ELECTRIC,70.93,,2021,Not Available,  Individual  ,65960.94,Tier 1
PUNJAB,35.32,Bajaj,CT 100,178049,2021,520,Hybrid,87.18,First,2021,  Expired  ,Dealer,,Tier 3
Uttar Pradesh,34.58,Kawasaki,Z650,255769,2017,990,Electric,,Third,2021,  Active  ,Individual,143655.89,Tier 1
Gujarat,42.84,Honda,Activa,324628,2020,813,Petrol,55.49,second owner,2024,Expired,Dealer,208355.97,tier 2
Gujarat,27.45,HERO,HF Deluxe,192029,2023,719,Petrol,29.69,first owner,2023,Expired,Individual,110533.97,  Tier 3  
  Madhya Pradesh  ,77.53,Royal Enfield,Hunter 350,134194,2021,462,Electric,88.31,second owner,2024,Not Available,Individual,93525.95,Metro
Gujarat,31.11,  KTM  ,125 Duke,207390,2021,650,Petrol,41.74,second owner,2023,Active,Dealer,92509.12,Metro
  Rajasthan  ,52.73,ktm,Duke 200,318824,2021,550,electric,82.66,First,2021,expired,  Dealer  ,216437.54,Tier 3
Maharashtra,45.21,Honda,Unicorn,287780,2018,454,Petrol,48.85,2nd,2024,NOT AVAILABLE,Dealer,182487.16,Tier 3
Punjab,19.14,Hero,Glamour,399637,2023,823,  Hybrid  ,,THIRD,2024,Not Available,Individual,209079.2,metro
Gujarat,55.64,Honda,Activa,304314,2022,365,  Electric  ,98.45,Third,2024,Expired,INDIVIDUAL,188569.57,Tier 2
MADHYA PRADESH,69.43,Bajaj,Avenger 220,397543,2020,0,petrol,54.52,THIRD,2024,active,DEALER,286651.52,Tier 1
Uttar Pradesh,72.91,Hero,Xtreme 160R,350385,2021,151,petrol,49.11,,2022,Expired,dealer,174293.04,Tier 3
Gujarat,56.53,KTM,Duke 200,64139,2020,706,Hybrid,88.78,third owner,2021,,Dealer,30687.38381461382,Tier 3
  Gujarat  ,66.12,Hero,Splendor Plus,"₹278,587",2024,738,  Hybrid  ,,first owner,2024,Active,  Dealer  ,113298.12,Metro
west bengal,31.36,Hero,Splendor Plus,365951,2022,949,HYBRID,84.98,Third,2024,Not Available,Individual,241566.9,Tier 3
Uttar Pradesh,61.9,HONDA,Dio,391240,2021,826,petrol,33.57,1st,2021,  Expired  ,Individual,187548.05,TIER 1
  West Bengal  ,16.81,Yamaha,MT-15,197595,2023,942,  Electric  ,79.7,2nd,2023,Not Available,individual,115930.86,Tier 3
  Uttar Pradesh  ,23.47,KTM,RC 390,58125,2022,986,Electric,61.17,1st,2022,Not Available,Dealer,44475.56,Tier 2
Tamil Nadu,49.11,  Yamaha  ,Fascino 125,182320,2023,930,ELECTRIC,84.76,third owner,2023,NOT AVAILABLE,INDIVIDUAL,73749.09,Tier 1
West Bengal,43.07,Kawasaki,Versys 650,166232,2019,740,PETROL,55.07,second owner,2021,Not Available,individual,,tier 3
Rajasthan,50.51,Bajaj,CT 100,177176,2023,826,PETROL,27.78,2nd,2023,NOT AVAILABLE,Individual,86644.72,METRO
KARNATAKA,22.75,Yamaha,MT-15,"₹201,085",2022,990,  Petrol  ,47.02,Second,2024,Not Available,Dealer,,tier 1
Delhi,21.82,HONDA,Dio,359844,2022,306,Petrol,44.28,FIRST,2022,Not Available,Individual,158027.15,TIER 2
Tamil Nadu,36.13,Bajaj,Pulsar 150,242276,2019,183,HYBRID,89.49,SECOND,2021,active,  Individual  ,160085.84,  Tier 2  
Uttar Pradesh,43.3,KTM,390 Adventure,103902,2024,787,Hybrid,65.72,Third,2024,Not Available,Individual,57200.65,  Metro  
Madhya Pradesh,46.63,honda,Unicorn,85751,2018,909,  Hybrid  ,64.69,Third,2021,Expired,Individual,36426.66,Metro
MADHYA PRADESH,42.48,YAMAHA,MT-15,"₹276,936",2022,0,  Electric  ,91.29,THIRD,2024,  Not Available  ,Individual,213574.29,  Tier 3  
GUJARAT,6.65,Tvs,Jupiter,161063,2023.0,391,Hybrid,86.58,3rd,2023,Active,  Dealer  ,97937.67,Metro
Rajasthan,17.55,TVS,Sport,86785,2020,437,hybrid,95.83,third owner,2023,Expired,Dealer,53031.1,Metro
MAHARASHTRA,48.78,  Bajaj  ,Avenger 220,231855,2023,616,Electric,88.2,third owner,2023,Expired,individual,113904.88,Metro
MAHARASHTRA,34.41,Honda,Unicorn,284698,2024,415,PETROL,33.58,second owner,2024,NOT AVAILABLE,INDIVIDUAL,123960.19,Tier 2
PUNJAB,77.14,  Honda  ,Activa,180600,2018,110,ELECTRIC,76.43,2nd,2023,Not Available,Dealer,113690.58,Tier 2
West Bengal,9.93,Kawasaki,Z650,346936,2023,998,Petrol,52.71,third owner,2024,not available,individual,195009.01,Metro
maharashtra,19.28,Hero,Glamour,253009,2018,931,Petrol,25.7,SECOND,2021,Not Available,Dealer,118144.37,  Metro  
Delhi,74.23,ktm,250 Duke,372620,2024,336,petrol,39.68,First,2024,active,Individual,259414.66,Tier 1
Maharashtra,43.06,Honda,CBR 650R,285839,2015,267,HYBRID,87.08,third owner,2023,active,dealer,136257.27,Tier 3
Delhi,23.83,Hero,Splendor Plus,254801,2022,463,Electric,98.22,1st,2022,  Expired  ,individual,183682.5,Metro
  Gujarat  ,74.37,KTM,RC 390,99013,2020,247,ELECTRIC,89.18,Second,2022,expired,DEALER,67320.34,Tier 3
UTTAR PRADESH,8.03,kawasaki,Versys 650,263907,2020,797,Hybrid,75.21,SECOND,2022,expired,Dealer,165190.41,tier 3
Maharashtra,11.6,BAJAJ,Dominar 400,193068,2015,116,Petrol,55.8,Third,2022,Expired,Dealer,139480.26,Tier 1
Madhya Pradesh,39.62,BAJAJ,Dominar 400,329124,2020,368,Petrol,54.56,SECOND,2022,expired,Dealer,188423.58,  Tier 1  
madhya pradesh,62.93,Yamaha,MT-15,366511,2021,899,Petrol,41.69,3rd,2023,Active,dealer,176483.45,Tier 2
  Punjab  ,43.98,kawasaki,Vulcan S,256072,2024,998,Petrol,55.4,2nd,2024,,Dealer,120801.07,Metro
maharashtra,65.6,Honda,Dio,193468,2023,599,Hybrid,79.48,Third,2023,not available,DEALER,121609.17,Metro
KARNATAKA,10.05,ROYAL ENFIELD,Himalayan,294171,2021,651,  Petrol  ,43.91,THIRD,2022,Not Available,Dealer,172633.84,Tier 2
Madhya Pradesh,26.25,  TVS  ,Jupiter,364592,2018,170,Petrol,38.86,Third,2024,Not Available,individual,160492.29,Tier 2
Rajasthan,60.08,Royal Enfield,Hunter 350,62192,2018,632,Electric,97.54,Third,2021,Active,  Individual  ,38429.1,Tier 1
punjab,17.35,  TVS  ,Apache RTR 160,61250,2019,171,Electric,91.99,THIRD,2021,expired,Individual,27476.59,  Tier 2  
rajasthan,74.02,YAMAHA,MT-15,316817,2016,520,petrol,34.95,SECOND,2024,Not Available,Individual,218452.41,Metro
Madhya Pradesh,30.88,Yamaha,Fascino 125,88262,2015,556,Hybrid,74.31,second owner,2023,Expired,Individual,59187.39,tier 2
Punjab,38.87,KTM,RC 390,97091,2017,176,Electric,73.5,THIRD,2021,Expired,Individual,68989.14,Metro
Madhya Pradesh,57.81,Royal Enfield,Meteor 350,281649,2019,467,Electric,80.23,Second,2023,not available,Individual,213864.19,Metro
Madhya Pradesh,60.79,TVS,Ronin,122641,2024,729,  Electric  ,85.79,third owner,2024,Not Available,Dealer,,  Tier 2  
KARNATAKA,28.24,Kawasaki,Versys 650,120512,2018,562,Petrol,35.5,Third,2023,Active,Individual,,  Tier 3  
Delhi,68.95,Honda,Unicorn,"₹334,626",2019,151,  Petrol  ,,2nd,2021,  Active  ,Dealer,138477.2179933449,  Metro  
Tamil Nadu,13.04,kawasaki,Z650,353699,2020,469,Hybrid,,second owner,2021,expired,DEALER,237148.77,Tier 1
  Uttar Pradesh  ,38.6,Honda,Shine,231888,2022,536,Hybrid,93.3,second owner,2022,,INDIVIDUAL,157396.7,Metro
Uttar Pradesh,27.3,ktm,RC 390,83617,2023,998,  Electric  ,98.9,1st,2023,Expired,Individual,48259.08,TIER 3
Maharashtra,15.69,YAMAHA,R15 V4,196554,2024,810,Hybrid,63.42,FIRST,2024,not available,Individual,143835.71,Tier 1
Madhya Pradesh,44.65,Kawasaki,Vulcan S,369662,2021,310,ELECTRIC,60.72,SECOND,2022,Active,Dealer,294445.55,metro
punjab,73.06,honda,CBR 650R,296340,2016,934,Electric,78.14,3rd,2023,Not Available,individual,147275.83,Tier 3
KARNATAKA,51.45,Royal Enfield,Interceptor 650,192400,2021,322,Hybrid,82.5,3rd,2021,  Expired  ,Individual,,Tier 3
Maharashtra,38.26,Royal Enfield,Himalayan,235982,2020,794,Petrol,27.78,Third,2024,ACTIVE,individual,165768.46,Tier 1
Delhi,66.31,Kawasaki,Z650,260095,2021,171,hybrid,77.08,,2023,Not Available,INDIVIDUAL,200074.23,Tier 3
West Bengal,19.43,Tvs,Sport,73188,2016,377,ELECTRIC,76.22,2nd,2024,not available,Individual,39319.75,TIER 2
Karnataka,8.37,  Kawasaki  ,Vulcan S,305401,2022,354,electric,68.26,,2022,Active,Dealer,174055.32,Tier 3
maharashtra,44.11,  KTM  ,250 Duke,143740,2021,737,  Petrol  ,44.82,third owner,2024,Active,Individual,60855.66,Tier 2
TAMIL NADU,12.15,Royal Enfield,Himalayan,87795,2024,261,Petrol,53.46,Third,2024,Not Available,Dealer,50360.7,TIER 3
Uttar Pradesh,56.77,  TVS  ,Apache RTR 160,283111,2019,157,Electric,82.91,3rd,2022,not available,dealer,126686.01,Tier 2
RAJASTHAN,11.69,KAWASAKI,Z650,295309,2021,507,  Electric  ,81.39,first owner,2021,Not Available,Individual,233428.43,Tier 2
UTTAR PRADESH,22.09,bajaj,Platina 110,356938,2024,525,Electric,83.41,THIRD,2024,NOT AVAILABLE,INDIVIDUAL,234916.56,Tier 3
TAMIL NADU,69.96,Yamaha,FZ V3,78480,2021,563,Petrol,55.88,THIRD,2022,Not Available,  Dealer  ,,  Tier 2  
Madhya Pradesh,33.1,hero,Passion Pro,64277,2020,821,Petrol,46.42,3rd,2022,Active,  Individual  ,26530.23,Tier 1
  West Bengal  ,21.86,Honda,Activa,289424,2022,1000,petrol,31.37,,2023,expired,Dealer,121952.3960999084,Metro
Tamil Nadu,35.78,ROYAL ENFIELD,Classic 350,156632,2021,128,Electric,97.8,FIRST,2021,,Dealer,93244.23,Tier 2
punjab,48.2,bajaj,CT 100,353607,2016,551,Hybrid,67.75,Second,2022,  Active  ,  Individual  ,159318.03,Tier 3
West Bengal,47.47,bajaj,Dominar 400,106027,2020,878,Electric,64.33,3rd,2021,  Not Available  ,Individual,48946.7,Tier 1
  West Bengal  ,53.9,HONDA,Unicorn,347678,2023,180,Hybrid,77.01,1st,2023,Expired,  Dealer  ,,Tier 2
Tamil Nadu,64.66,Bajaj,Dominar 400,198473,2020,192,Petrol,32.17,Third,2022,Not Available,Dealer,123536.0,metro
  Uttar Pradesh  ,56.8,Honda,CBR 650R,305344,2024,120,Petrol,44.56,first owner,2024,  Not Available  ,Dealer,234153.58,Tier 3
Tamil Nadu,27.86,Hero,Xtreme 160R,"₹160,545",2020,435,hybrid,84.37,2nd,2022,Active,individual,96228.39,Tier 2
Punjab,71.93,hero,Splendor Plus,395100,2022,376,  Hybrid  ,77.51,third owner,2024,Active,DEALER,246436.37,  Metro  
Madhya Pradesh,35.52,  KTM  ,RC 390,298094,2024,258,PETROL,48.98,FIRST,2024,Expired,  Individual  ,127841.23,Tier 2
madhya pradesh,9.08,ktm,RC 390,375078,2022,998,ELECTRIC,,third owner,2023,not available,DEALER,222243.52,Metro
  Tamil Nadu  ,54.55,HERO,Xtreme 160R,89175,2022,977,Petrol,49.76,Second,2023,,Individual,37380.12,TIER 2
WEST BENGAL,18.18,Kawasaki,Ninja 400,182587,2020,587,hybrid,84.62,Third,2021,Active,Individual,78069.9,METRO
Gujarat,41.78,KTM,250 Duke,332877,2021,209,PETROL,55.8,1st,2021,Expired,INDIVIDUAL,164708.21,Metro
maharashtra,37.06,Kawasaki,Vulcan S,304448,2020,549,Petrol,48.22,Second,2024,Expired,Individual,219860.18,TIER 2
  Karnataka  ,65.59,Honda,Unicorn,317011,2023,170,Petrol,52.86,first owner,2023,EXPIRED,  Dealer  ,194185.7,Metro
Tamil Nadu,56.39,KAWASAKI,Versys 650,78623,2024,221,electric,64.07,THIRD,2024,active,Individual,46371.57,Tier 2
Punjab,65.55,ktm,250 Duke,262332,2023,581,  Petrol  ,41.98,Second,2023,  Not Available  ,individual,,Tier 3
Maharashtra,30.86,kawasaki,Z650,332376,2023,468,Electric,68.63,2nd,2023,Expired,Dealer,254907.45,Tier 2
West Bengal,72.76,Kawasaki,Ninja 400,290509,2017,182,Hybrid,,Third,2021,  Active  ,Individual,163183.92,Metro
West Bengal,38.7,  Yamaha  ,FZ V3,218069,2019,561,Electric,61.97,third owner,2024,Expired,Individual,139930.28,Tier 2
uttar pradesh,41.78,royal enfield,Classic 350,119813,2017,480,HYBRID,87.89,second owner,2023,Active,Individual,66933.53,Tier 3
Punjab,46.89,royal enfield,Himalayan,139189,2019,838,Electric,62.77,Second,2024,  Active  ,Individual,66937.35,tier 2
KARNATAKA,14.75,Bajaj,Avenger 220,374316,2018,490,ELECTRIC,72.76,THIRD,2024,Not Available,Individual,188453.93,TIER 1
PUNJAB,33.32,royal enfield,Hunter 350,328034,2023,331,hybrid,67.42,Third,2023,expired,  Individual  ,181210.31,Tier 1
Gujarat,24.11,Kawasaki,Versys 650,186034,2015,292,Hybrid,94.39,Second,2023,expired,Individual,139070.28,  Tier 1  
Delhi,38.19,Hero,HF Deluxe,192796,2024,630,PETROL,,1st,2024,  Not Available  ,Dealer,117611.84,  Tier 1  
uttar pradesh,76.74,  TVS  ,Ronin,345192,2015,601,HYBRID,63.95,3rd,2022,  Active  ,Dealer,220193.11,Tier 3
Rajasthan,5.88,HONDA,CBR 650R,254288,2022,828,Hybrid,60.07,1st,2022,Not Available,dealer,164084.17,METRO
west bengal,73.26,KTM,125 Duke,325905,2021,138,  Petrol  ,44.9,1st,2021,Not Available,individual,169274.38,Tier 3
Punjab,48.87,Royal Enfield,Himalayan,69376,2021,483,HYBRID,96.04,SECOND,2023,NOT AVAILABLE,Individual,35710.52,Tier 1
WEST BENGAL,63.31,royal enfield,Hunter 350,323401,2023,455,Hybrid,89.71,First,2023,Expired,  Dealer  ,207370.71,Tier 3
Punjab,55.37,  KTM  ,RC 390,316757,2019,894,  Petrol  ,45.42,Second,2024,Not Available,  Individual  ,236584.57,tier 3
Tamil Nadu,6.27,Royal Enfield,Himalayan,84078,2015,285,  Electric  ,96.47,THIRD,2024,Active,Dealer,63840.72,Metro
Rajasthan,23.25,Bajaj,Avenger 220,130318,2024,545,ELECTRIC,73.37,2nd,2024,Active,INDIVIDUAL,102150.53,METRO
Madhya Pradesh,63.69,Hero,HF Deluxe,144518,2023,800,Petrol,38.98,First,2023,not available,  Dealer  ,61969.73,tier 1
MADHYA PRADESH,41.57,Hero,Splendor Plus,91531,2020,805,PETROL,54.01,THIRD,2024,not available,individual,54842.24,tier 2
gujarat,69.94,TVS,Sport,158895,2017,153,  Hybrid  ,60.85,,2023,  Not Available  ,Individual,85377.36,tier 2
Rajasthan,55.95,Hero,Glamour,283824,2020,993,Electric,65.77,second owner,2024,Expired,Individual,123000.79,tier 2
Uttar Pradesh,26.29,Honda,Dio,242654,2022,364,petrol,50.96,Second,2023,  Active  ,dealer,157505.48,Tier 1
  Punjab  ,14.47,KTM,250 Duke,294491,2024,729,petrol,27.17,3rd,2024,expired,Individual,147247.44,TIER 1
  Maharashtra  ,38.37,Kawasaki,Z650,157420,2022,358,Electric,,FIRST,2022,EXPIRED,  Dealer  ,86866.27,tier 2
Punjab,21.31,Hero,Passion Pro,326966,2020,538,Hybrid,61.62,,2018,  Expired  ,DEALER,252121.48,Metro
PUNJAB,48.05,HONDA,CBR 650R,"₹368,545",2016,934,petrol,50.03,THIRD,2022,EXPIRED,Dealer,204751.68,  Tier 3  
MAHARASHTRA,10.77,Kawasaki,Versys 650,385022,2024,779,Petrol,28.81,SECOND,2024,Expired,Individual,286296.55,TIER 3
Tamil Nadu,56.64,Royal Enfield,Interceptor 650,192613,2024,612,ELECTRIC,85.1,SECOND,2024,not available,Individual,92340.95,Metro
TAMIL NADU,18.49,Yamaha,FZ V3,252345,2022,624,petrol,45.22,Second,2023,Active,Dealer,169430.72,TIER 2
GUJARAT,13.41,Royal Enfield,Hunter 350,79549,2020,434,Petrol,43.55,SECOND,2022,  Expired  ,Individual,46793.97,Metro
Gujarat,70.02,Honda,CBR 650R,204193,2021,734,hybrid,75.43,2nd,2022,Active,DEALER,96739.74,Tier 2
maharashtra,12.95,hero,Splendor Plus,263463,2017,115,Electric,67.91,THIRD,2024,  Not Available  ,  Individual  ,202946.67,  Tier 3  
Maharashtra,53.6,Yamaha,Fascino 125,232920,2023,830,Electric,,second owner,2024,Active,Dealer,138782.04,Tier 2
Maharashtra,45.07,  TVS  ,NTorq 125,176346,2019,410,Hybrid,68.02,SECOND,2023,  Not Available  ,Individual,,TIER 2
  Uttar Pradesh  ,38.37,Kawasaki,Ninja 300,134073,2024,513,Petrol,49.64,third owner,2024,Active,Individual,59613.59,Tier 3
Delhi,60.33,bajaj,Avenger 220,219871,2022,859,Hybrid,65.22,second owner,2023,Expired,individual,139733.07,Tier 1
rajasthan,34.11,BAJAJ,Platina 110,"₹89,400",2022,777,petrol,36.44,Second,2023,Not Available,dealer,38334.28,Metro
Uttar Pradesh,69.02,  Kawasaki  ,Versys 650,285856,2021,997,Electric,87.48,Third,2021,active,Dealer,169488.25,metro
Punjab,26.18,Honda,Dio,95985,2024,923,electric,61.83,First,2024,Not Available,DEALER,75134.38,Tier 1
PUNJAB,46.89,YAMAHA,Fascino 125,252428,2023,973,hybrid,99.06,first owner,2023,,Individual,187726.74,Tier 2
karnataka,26.15,KTM,RC 390,177806,2022,319,Electric,71.16,3rd,2024,Not Available,Individual,97863.42,metro
Madhya Pradesh,50.18,TVS,Jupiter,121024,2020,357,ELECTRIC,78.97,third owner,2022,Active,dealer,61035.4,  Tier 1  
  Maharashtra  ,9.2,TVS,Apache RTR 160,389881,2021,540,Electric,88.42,2nd,2021,active,individual,287531.03,Tier 3
Karnataka,74.18,Hero,Xtreme 160R,288733,2019,948,  Electric  ,66.38,third owner,2021,not available,Dealer,226083.0,Metro
Karnataka,32.66,hero,Xtreme 160R,352433,2022,900,Electric,71.3,FIRST,2022,NOT AVAILABLE,dealer,280134.39,tier 3
Rajasthan,65.21,Kawasaki,Ninja 300,260354,2019,981,  Electric  ,79.37,SECOND,2022,active,Individual,,Tier 3
Gujarat,48.88,  TVS  ,Sport,190162,2018,570,Hybrid,86.54,3rd,2021,expired,Dealer,84586.16,TIER 2
West Bengal,9.23,Yamaha,Fascino 125,237042,2021,278,Electric,84.35,FIRST,2021,  Expired  ,Individual,150242.92,Metro
Punjab,24.45,  Kawasaki  ,Versys 650,155044,2022,285,petrol,42.58,SECOND,2024,expired,DEALER,122652.98,Tier 2
Tamil Nadu,21.5,Honda,Shine,397047,2018,430,Petrol,44.9,,2023,  Active  ,Dealer,248980.0,  Tier 2  
GUJARAT,16.04,tvs,Sport,103425,2019,901,  Electric  ,69.64,Second,2024,,  Dealer  ,71477.59,Tier 2
Tamil Nadu,35.38,HERO,Passion Pro,160113,2023,633,Hybrid,64.17,third owner,2023,ACTIVE,Dealer,86715.72,Tier 3
Karnataka,43.4,Royal Enfield,Hunter 350,329784,2018,412,Electric,64.2,2nd,2021,Not Available,Individual,186714.09,Tier 3
  Delhi  ,44.78,KTM,Duke 200,252687,2021,616,  Petrol  ,44.24,SECOND,2023,  Expired  ,dealer,112635.98,Tier 3
Tamil Nadu,11.63,Hero,Glamour,114557,2021,346,HYBRID,75.46,SECOND,2022,ACTIVE,INDIVIDUAL,78722.93,metro
Karnataka,7.09,YAMAHA,Ray ZR,191895,2023,142,Hybrid,89.15,3rd,2023,  Not Available  ,  Dealer  ,151227.63,  Metro  
Tamil Nadu,79.87,Yamaha,R15 V4,255087,2021,960,ELECTRIC,91.7,FIRST,2021,EXPIRED,  Individual  ,134704.57,Tier 2
UTTAR PRADESH,20.96,Royal Enfield,Hunter 350,112737,2023,549,Petrol,27.66,Second,2024,active,Dealer,75113.33,  Tier 2  
Maharashtra,60.33,Bajaj,CT 100,"₹73,908",2023,370,  Petrol  ,37.17,3rd,2024,Not Available,Dealer,44940.75,tier 3
DELHI,19.35,Ktm,390 Adventure,371922,2024,484,Hybrid,68.31,FIRST,2024,  Active  ,Dealer,242246.8,Tier 3
madhya pradesh,48.77,KTM,RC 390,"₹69,822",2022,751,  Hybrid  ,,2nd,2023,Expired,Individual,53411.48,Tier 1
West Bengal,45.03,Hero,HF Deluxe,202593,2024,625,Hybrid,95.47,1st,2024,ACTIVE,Individual,156648.85,Tier 2
Punjab,62.02,HONDA,Dio,327874,2023,176,hybrid,78.48,SECOND,2023,Active,dealer,131663.19,tier 2
West Bengal,22.29,Ktm,125 Duke,206595,2024,810,Electric,68.83,Third,2024,NOT AVAILABLE,DEALER,165241.25,Tier 2
  Maharashtra  ,12.84,honda,Dio,270426,2018,898,Petrol,56.19,THIRD,2023,Not Available,  Dealer  ,203951.48,Tier 2
Gujarat,75.12,  Hero  ,HF Deluxe,88489,2023,463,Electric,76.07,2nd,2023,expired,Individual,55579.4,metro
Karnataka,24.6,HONDA,Unicorn,207380,2015,669,Electric,79.74,,2022,NOT AVAILABLE,Dealer,,Tier 2
punjab,79.52,KTM,RC 390,154613,2015,825,HYBRID,95.56,Second,2021,Active,  Individual  ,93652.63,Metro
Tamil Nadu,13.31,Tvs,Sport,394487,2023,567,Hybrid,67.93,3rd,2023,EXPIRED,individual,215594.12,tier 2
  West Bengal  ,65.46,Yamaha,R15 V4,179632,2016,762,Petrol,35.17,second owner,2023,  Active  ,Individual,108782.65,tier 3
Punjab,75.53,bajaj,Platina 110,"₹113,294",2022,243,Petrol,58.71,SECOND,2023,Expired,Individual,45490.26,Metro
Karnataka,44.8,honda,CBR 650R,50372,2023,820,Petrol,27.88,First,2023,Not Available,Individual,30495.43,Metro
Rajasthan,7.95,Hero,Glamour,84506,2024,596,hybrid,61.67,Third,2024,  Not Available  ,  Individual  ,47361.9,TIER 2
Punjab,51.37,yamaha,FZ V3,384758,2018,828,Hybrid,999.0,3rd,2021,Active,Individual,274325.23,tier 1
West Bengal,16.16,Yamaha,Fascino 125,338666,2021,322,Hybrid,67.3,third owner,2021,  Not Available  ,Individual,,TIER 1
Tamil Nadu,77.12,hero,Xtreme 160R,90459,2023,829,PETROL,52.25,THIRD,2023,Not Available,Dealer,48732.78,Tier 3
  Gujarat  ,8.35,  Kawasaki  ,Z650,207582,2024,738,  Hybrid  ,,first owner,2024,not available,Individual,121664.66,Tier 3
tamil nadu,72.77,KAWASAKI,Z650,123678,2022,317,Hybrid,94.77,1st,2022,Active,Dealer,96374.82,metro
Madhya Pradesh,5.62,YAMAHA,MT-15,69581,2022,644,petrol,25.25,first owner,2022,Active,INDIVIDUAL,54573.41,Tier 1
Karnataka,30.07,Kawasaki,Vulcan S,257920,2022,613,hybrid,79.03,2nd,2023,not available,Individual,156348.11,Tier 3
  Rajasthan  ,56.93,ROYAL ENFIELD,Classic 350,395080,2016,552,Petrol,,third owner,2021,Not Available,  Dealer  ,289983.6,Metro
Gujarat,76.95,Yamaha,FZ V3,365910,2022,656,  Hybrid  ,94.18,3rd,2024,Not Available,Individual,180553.32,TIER 1
Karnataka,75.48,  Royal Enfield  ,Hunter 350,345237,2021,841,petrol,37.55,second owner,2024,Active,Individual,152965.87,Tier 2
West Bengal,65.63,BAJAJ,CT 100,134121,2024,401,PETROL,32.55,Third,2024,  Expired  ,Dealer,78547.55,Metro
punjab,16.5,  Bajaj  ,CT 100,393660,2023,872,Electric,72.27,second owner,2023,EXPIRED,  Individual  ,,  Tier 1  
GUJARAT,56.82,yamaha,R15 V4,272986,2017,364,petrol,54.09,third owner,2024,Expired,Dealer,184834.52,Tier 1
West Bengal,25.84,Bajaj,Platina 110,84667,2020,273,Petrol,27.51,third owner,2024,active,Individual,48197.37,Tier 1
uttar pradesh,10.0,Honda,Shine,342869,2018,479,Electric,77.72,SECOND,2023,Not Available,individual,240583.32,tier 1
gujarat,44.63,Bajaj,CT 100,366348,2022,886,Electric,93.41,second owner,2022,Not Available,Dealer,282583.23,Tier 1
  Maharashtra  ,42.1,Royal Enfield,Interceptor 650,324000,2024,858,Electric,77.69,third owner,2024,Expired,Dealer,194954.41,METRO
  Karnataka  ,73.64,yamaha,R15 V4,345195,2022,355,  Hybrid  ,83.41,Second,2023,Active,Individual,175081.62,tier 1
Madhya Pradesh,5.25,yamaha,FZ V3,164919,2023,223,petrol,55.17,3rd,2024,Expired,Individual,75071.57,Tier 2
RAJASTHAN,63.46,TVS,NTorq 125,262469,2021,127,Electric,67.68,FIRST,2021,  Not Available  ,  Individual  ,115968.41,Tier 2
Madhya Pradesh,71.21,Royal Enfield,Classic 350,211394,2024,884,HYBRID,93.73,First,2024,Not Available,  Dealer  ,161882.72,  Tier 1  
MADHYA PRADESH,63.88,HERO,Splendor Plus,191695,2019,716,Petrol,59.91,second owner,2023,Not Available,Dealer,110814.32,  Tier 1  
Tamil Nadu,38.33,Royal Enfield,Hunter 350,73748,2021,313,  Electric  ,88.57,first owner,2021,,dealer,53214.1,TIER 2
rajasthan,6.46,Ktm,250 Duke,299212,2019,196,HYBRID,76.9,third owner,2021,not available,dealer,152855.25,TIER 3
Punjab,6.14,KTM,Duke 200,339049,2018,887,  Hybrid  ,99.63,second owner,2022,  Active  ,  Individual  ,215525.62,Tier 2
Uttar Pradesh,65.0,royal enfield,Classic 350,320238,2021,369,  Petrol  ,44.16,first owner,2021,  Not Available  ,dealer,207015.22,Tier 3
  Madhya Pradesh  ,6.52,  Kawasaki  ,Z650,61575,2023,211,Electric,66.23,3rd,2023,Not Available,Individual,28786.06,Tier 1
Tamil Nadu,59.62,Hero,Xtreme 160R,255070,2022,211,HYBRID,,Second,2024,,Dealer,171882.64,TIER 2
Madhya Pradesh,78.97,Kawasaki,Versys 650,121273,2021,791,Petrol,47.02,SECOND,2023,expired,  Dealer  ,73284.78,  Tier 1  
gujarat,11.02,Honda,Dio,309480,2021,785,  Petrol  ,31.85,,2022,  Active  ,Dealer,142974.6,Tier 1
west bengal,49.35,  Kawasaki  ,Vulcan S,59188,2020,346,Petrol,27.38,Second,2021,Active,INDIVIDUAL,25108.09,Tier 3
punjab,65.33,Kawasaki,Vulcan S,88446,2021,835,Petrol,49.17,1st,2021,  Expired  ,Dealer,42008.39,Tier 2
  Rajasthan  ,33.89,YAMAHA,Ray ZR,"₹248,908",2015,107,  Hybrid  ,76.05,Third,2021,  Active  ,dealer,152896.0,metro
DELHI,39.04,ktm,250 Duke,214272,2023,671,Hybrid,75.84,2nd,2023,NOT AVAILABLE,  Dealer  ,161811.48,  Tier 3  
Punjab,12.08,ROYAL ENFIELD,Meteor 350,363345,2020,103,electric,81.11,SECOND,2022,Not Available,Dealer,215422.79,  Tier 2  
Delhi,65.75,Royal Enfield,Hunter 350,353893,2023,165,electric,61.93,2nd,2024,Expired,Dealer,231506.87,Tier 2
Punjab,42.28,BAJAJ,Avenger 220,77951,2024,351,Electric,78.87,third owner,2024,Active,individual,58220.21,tier 3
  West Bengal  ,35.87,Bajaj,Platina 110,56417,2017,517,Electric,90.94,THIRD,2021,Expired,Individual,25499.93,  Tier 1  
Karnataka,77.09,Yamaha,FZ V3,56271,2021,858,  Hybrid  ,71.56,1st,2021,not available,DEALER,41104.74,Metro
  Madhya Pradesh  ,5.74,Bajaj,Avenger 220,383892,2019,541,ELECTRIC,92.75,2nd,2022,Active,Individual,248501.3,metro
Madhya Pradesh,22.96,  Hero  ,Passion Pro,63265,2022,799,  Hybrid  ,95.06,SECOND,2024,,Individual,47944.2,tier 3
rajasthan,75.91,  Royal Enfield  ,Himalayan,61672,2024,645,Petrol,25.86,First,2024,NOT AVAILABLE,Dealer,48989.86,metro
  Tamil Nadu  ,73.67,KTM,125 Duke,353603,2018,268,petrol,,second owner,2021,Active,individual,246800.18,Tier 1
  Rajasthan  ,78.3,Royal Enfield,Himalayan,175782,2021,236,Electric,74.72,second owner,2021,Expired,Dealer,139732.72,Tier 3
KARNATAKA,74.6,  KTM  ,250 Duke,222915,2015,550,  Hybrid  ,82.16,third owner,2022,EXPIRED,Individual,107056.99,Metro
  Madhya Pradesh  ,21.28,TVS,Sport,113718,2018,815,  Petrol  ,,Third,2021,active,Individual,50060.84,TIER 1
Madhya Pradesh,25.38,Kawasaki,Vulcan S,356045,2017,360,Petrol,31.76,THIRD,2023,NOT AVAILABLE,Individual,217375.2,tier 1
madhya pradesh,30.64,Yamaha,R15 V4,146249,2022,128,Hybrid,81.15,FIRST,2022,  Active  ,INDIVIDUAL,75181.97,Tier 3
Delhi,60.9,BAJAJ,Dominar 400,284915,2016,223,  Electric  ,85.82,3rd,2023,EXPIRED,individual,223868.57,tier 2
Tamil Nadu,75.93,Honda,Activa,354225,2023,437,electric,77.1,2nd,2023,  Not Available  ,INDIVIDUAL,,Tier 1
Punjab,7.91,TVS,Sport,224102,2024,488,Petrol,57.95,THIRD,2024,Active,Dealer,111554.27,Tier 2
West Bengal,26.68,TVS,Jupiter,246399,2016,798,Hybrid,81.56,Second,2024,Expired,Dealer,171554.59,Tier 1
gujarat,28.34,KTM,RC 390,215916,2016,423,Petrol,25.88,SECOND,2023,expired,Dealer,,Metro
  Tamil Nadu  ,14.63,Honda,Activa,237027,2024,129,Hybrid,66.76,2nd,2024,EXPIRED,individual,132003.45,  Tier 3  
  Delhi  ,22.07,Bajaj,Pulsar 150,393756,2024,425,Petrol,26.78,second owner,2024,Not Available,individual,173027.01,TIER 1
  Rajasthan  ,62.75,Honda,Shine,201237,2023,993,  Petrol  ,34.23,THIRD,2024,  Expired  ,DEALER,140152.08,Tier 3
delhi,22.82,TVS,Jupiter,157913,2017,276,Hybrid,74.66,second owner,2022,Expired,Individual,89861.77,Metro
West Bengal,26.76,Honda,Dio,"₹246,007",2024,939,PETROL,38.78,Second,2024,Active,Dealer,121562.65,  Tier 1  
Madhya Pradesh,9.17,  Bajaj  ,Dominar 400,213545,2022,318,Petrol,41.03,first owner,2022,ACTIVE,Dealer,133748.29,Tier 1
West Bengal,48.35,Yamaha,MT-15,58181,2023,692,Hybrid,66.41,SECOND,2023,  Expired  ,Dealer,43343.01,tier 3
RAJASTHAN,850.0,Royal Enfield,Classic 350,146299,2024,658,  Hybrid  ,91.44,SECOND,2024,active,Dealer,116309.72,Tier 2
Rajasthan,59.51,KAWASAKI,Vulcan S,165699,2023,358,Hybrid,95.03,Second,2024,Active,individual,113323.93,Tier 1
Maharashtra,58.95,Yamaha,R15 V4,67760,2019,522,  Petrol  ,47.3,Third,2022,Not Available,  Dealer  ,53063.69,Metro
Rajasthan,76.93,Hero,Glamour,232644,2020,820,Hybrid,86.1,2nd,2024,Not Available,INDIVIDUAL,100729.95,METRO
tamil nadu,7.07,  Hero  ,Passion Pro,224777,2021,724,Electric,94.63,third owner,2023,Not Available,Dealer,113325.31,metro
Rajasthan,11.9,HONDA,Unicorn,164495,2020,217,Hybrid,83.15,THIRD,2022,Expired,Dealer,76031.46,Metro
Delhi,50.89,Royal Enfield,Interceptor 650,349144,2024,281,petrol,49.26,second owner,2024,expired,Individual,198046.45,tier 1
Maharashtra,63.62,Yamaha,R15 V4,307090,2024,786,Hybrid,89.65,THIRD,2024,Active,Individual,138858.01,  Tier 2  
WEST BENGAL,77.88,KTM,Duke 200,336993,2023,228,  Petrol  ,,Third,2024,Expired,DEALER,255309.82,Tier 3
Delhi,33.78,BAJAJ,CT 100,313047,2020,629,Hybrid,95.8,SECOND,2024,expired,INDIVIDUAL,217543.21,Tier 3
Punjab,8.29,YAMAHA,Fascino 125,150642,2022,948,ELECTRIC,60.1,Second,2022,not available,INDIVIDUAL,,Tier 3
Rajasthan,49.44,Honda,Unicorn,395126,2022,123,Hybrid,98.29,FIRST,2022,Expired,INDIVIDUAL,169603.62,TIER 3
MADHYA PRADESH,72.2,Ktm,RC 390,358127,2022,837,ELECTRIC,86.82,FIRST,2022,Expired,Individual,170032.47,  Tier 2  
uttar pradesh,11.93,Honda,Dio,75193,2022,916,hybrid,91.26,Third,2024,ACTIVE,Individual,31496.42,Tier 3
West Bengal,23.2,YAMAHA,R15 V4,188419,2023,584,Petrol,35.97,First,2023,Expired,Individual,129182.78,Tier 3
  Punjab  ,59.44,Honda,CBR 650R,94390,2019,237,PETROL,25.67,Third,2022,Expired,DEALER,39280.38,Tier 3
Madhya Pradesh,57.47,Yamaha,FZ V3,86444,2024,839,Petrol,52.96,first owner,2024,Not Available,DEALER,43056.52,TIER 1
  Karnataka  ,59.2,ktm,RC 390,219655,2021,569,  Electric  ,93.23,First,2021,  Expired  ,individual,88272.94,  Tier 2  
  Gujarat  ,24.27,Yamaha,MT-15,119176,2019,947,Electric,83.48,3rd,2023,EXPIRED,individual,56289.11,  Metro  
gujarat,29.13,TVS,Apache RTR 160,133984,2021,825,Electric,79.55,third owner,2022,Active,dealer,102547.84,  Tier 1  
Punjab,59.31,BAJAJ,Dominar 400,369219,2016,169,Hybrid,63.16,2nd,2021,Expired,INDIVIDUAL,244983.04,Metro
Punjab,32.23,Kawasaki,Ninja 300,366265,2020,178,Petrol,26.52,third owner,2024,NOT AVAILABLE,Individual,219203.4,TIER 3
  Delhi  ,20.41,Ktm,390 Adventure,278668,2022,199,Hybrid,85.71,second owner,2022,  Expired  ,INDIVIDUAL,204813.92,Tier 3
Rajasthan,64.48,Hero,HF Deluxe,340992,2022,430,hybrid,72.41,third owner,2022,  Expired  ,Individual,140158.55,Tier 3
MAHARASHTRA,50.59,Yamaha,FZ V3,371840,2021,525,Hybrid,84.23,First,2021,Not Available,dealer,177145.87,tier 1
Madhya Pradesh,72.46,royal enfield,Hunter 350,117849,2023,450,  Petrol  ,37.19,First,2023,Not Available,Dealer,82184.86,Metro
Tamil Nadu,48.76,hero,Xtreme 160R,393707,2024,995,Petrol,37.45,3rd,2024,Expired,Individual,177994.38,  Tier 3  
  Delhi  ,18.68,bajaj,CT 100,390081,2022,480,HYBRID,-15.0,Second,2022,Expired,Individual,273064.16,TIER 3
  Punjab  ,60.82,Royal Enfield,Classic 350,361670,2023,278,Hybrid,78.62,Second,2023,Active,Dealer,243825.6,  Tier 1  
TAMIL NADU,41.04,royal enfield,Interceptor 650,84462,2019,188,  Hybrid  ,97.35,Third,2022,Not Available,INDIVIDUAL,47002.11,  Tier 3  
  Punjab  ,17.74,TVS,Jupiter,320920,2021,515,ELECTRIC,90.83,2nd,2021,Active,Individual,195809.75,TIER 1
Rajasthan,39.13,  Honda  ,Shine,143666,2021,656,Petrol,43.2,Third,2023,active,Individual,83534.78,Tier 2
MADHYA PRADESH,40.13,Ktm,250 Duke,232736,2018,662,  Petrol  ,39.8,SECOND,2022,ACTIVE,Dealer,127850.49,Tier 3
west bengal,-5.0,Bajaj,Dominar 400,140690,2024,113,electric,73.22,THIRD,2024,not available,Individual,84032.32,  Tier 2  
Uttar Pradesh,64.54,yamaha,MT-15,315741,2022,370,  Electric  ,63.56,first owner,2022,Not Available,  Individual  ,213090.6,Metro
UTTAR PRADESH,30.55,Honda,Unicorn,176589,2021,263,hybrid,61.33,3rd,2024,Active,Dealer,113382.26,Tier 2
RAJASTHAN,73.56,Hero,Splendor Plus,200518,2022,892,Electric,96.81,THIRD,2022,Active,Individual,123431.61,Tier 2
  Gujarat  ,71.0,  Royal Enfield  ,Interceptor 650,283009,2023,161,petrol,29.68,third owner,2024,Not Available,Individual,207806.27,Tier 3
  Punjab  ,34.13,royal enfield,Himalayan,233372,2020,206,Electric,62.93,second owner,2022,Active,Individual,169932.76,tier 3
Gujarat,24.84,  Yamaha  ,MT-15,78890,2022,418,Petrol,56.01,Second,2024,Expired,Dealer,52984.95,Tier 1
DELHI,16.02,HONDA,Unicorn,181986,2020,901,  Electric  ,72.95,third owner,2023,active,  Dealer  ,73781.11,Metro
  Punjab  ,26.68,  Bajaj  ,CT 100,349108,2023,954,  Hybrid  ,74.74,SECOND,2023,Not Available,Dealer,254974.76,  Tier 3  
Punjab,27.2,YAMAHA,FZ V3,226687,2016.0,569,PETROL,52.15,Second,2023,,Dealer,112014.23,Tier 2
  Maharashtra  ,62.32,Royal Enfield,Meteor 350,266792,2024,932,HYBRID,61.66,first owner,2024,Active,Individual,160772.5,Tier 3
MADHYA PRADESH,64.29,HERO,Splendor Plus,106311,2021,952,Electric,62.44,2nd,2022,Not Available,Individual,63121.06117369871,Tier 3
Karnataka,64.56,kawasaki,Versys 650,237726,2024,988,HYBRID,74.14,Third,2024,Active,individual,109541.99,TIER 2
Delhi,18.89,Royal Enfield,Hunter 350,367056,2017,812,Electric,66.93,3rd,2023,Not Available,Dealer,203536.46,METRO
  Punjab  ,32.94,honda,Dio,256611,2024,173,ELECTRIC,64.03,First,2024,Expired,  Dealer  ,123042.52,Tier 3
Punjab,12.83,KTM,Duke 200,110198,2023,925,PETROL,25.44,1st,2023,Not Available,Dealer,75156.19,Tier 1
delhi,33.69,Hero,Passion Pro,79269,2024,978,Electric,74.15,3rd,2024,Active,Individual,38546.94,tier 1
West Bengal,13.01,YAMAHA,Fascino 125,258995,2022,489,Electric,97.13,First,2022,Not Available,Individual,124352.71,Metro
Uttar Pradesh,55.8,Tvs,Sport,69505,2021,649,Petrol,39.85,1st,2021,EXPIRED,Dealer,38718.53,Tier 2
Karnataka,49.95,KTM,250 Duke,186392,2021,193,Petrol,30.65,second owner,2022,Expired,INDIVIDUAL,145272.9,Tier 1
madhya pradesh,5.92,KAWASAKI,Versys 650,"₹61,118",2019,111,Petrol,32.12,third owner,2021,ACTIVE,Dealer,26896.52,Metro
Gujarat,57.51,Bajaj,CT 100,224647,2024,727,Electric,71.38,third owner,2024,Not Available,Dealer,,Tier 1
Uttar Pradesh,47.18,Honda,Unicorn,308076,2020,695,PETROL,41.24,2nd,2021,Not Available,Dealer,199056.94,  Tier 1  
Maharashtra,34.33,Bajaj,Pulsar 150,308461,2019,504,  Hybrid  ,,2nd,2024,  Active  ,Individual,137073.93,  Tier 3  
Gujarat,40.46,Royal Enfield,Classic 350,276832,2024,251,hybrid,82.38,3rd,2024,Expired,Dealer,170988.49,TIER 2
WEST BENGAL,69.81,Bajaj,Platina 110,183369,2019,449,  Petrol  ,26.41,SECOND,2023,  Expired  ,dealer,92100.31,tier 3
Gujarat,69.93,Royal Enfield,Hunter 350,300294,2015,361,Hybrid,90.63,,2024,ACTIVE,Individual,235945.73,TIER 3
Karnataka,75.6,  Yamaha  ,MT-15,"₹262,217",2022,996,ELECTRIC,91.59,second owner,2023,Not Available,Individual,129443.68,Tier 2
West Bengal,64.65,TVS,Sport,"₹220,343",2015,102,Electric,97.92,third owner,2022,Active,dealer,91269.34,Tier 3
Delhi,54.87,hero,HF Deluxe,149728,2023,644,Electric,80.9,1st,2023,Not Available,DEALER,75330.47659947575,METRO
Maharashtra,41.72,TVS,Ronin,144426,2023,462,  Hybrid  ,,2nd,2023,Not Available,Dealer,109503.22,Tier 2
Madhya Pradesh,75.75,Hero,HF Deluxe,"₹135,913",2021,597,Electric,82.06,Third,2023,EXPIRED,INDIVIDUAL,72906.34,tier 2
Rajasthan,36.7,Bajaj,Platina 110,291803,2019,735,Electric,95.58,Third,2022,Active,individual,191964.75,tier 3
WEST BENGAL,57.2,Honda,Shine,344616,2024,722,petrol,37.43,1st,2024,EXPIRED,DEALER,190078.94,  Tier 3  
Madhya Pradesh,18.43,ktm,125 Duke,394446,2017,685,Hybrid,93.0,second owner,2021,EXPIRED,Dealer,212694.32,  Tier 1  
Madhya Pradesh,24.9,  Bajaj  ,Pulsar 150,263883,2022,691,  Petrol  ,37.96,2nd,2024,Not Available,  Dealer  ,173247.6093618669,Metro
Maharashtra,49.88,Royal Enfield,Hunter 350,78822,2018,696,Petrol,39.02,THIRD,2021,Expired,Individual,54578.92,tier 2
maharashtra,70.93,HONDA,Dio,387540,2024,350,  Petrol  ,34.28,1st,2024,Not Available,Individual,214775.03,  Tier 3  
Karnataka,51.38,ROYAL ENFIELD,Hunter 350,110075,2023,813,Electric,89.96,SECOND,2024,  Expired  ,  Individual  ,80501.91,Tier 1
Gujarat,27.55,  Honda  ,Dio,223686,2020,689,Petrol,31.21,SECOND,2023,ACTIVE,Individual,103902.08,Tier 1
Madhya Pradesh,42.63,  Yamaha  ,R15 V4,390849,2022,465,Petrol,47.94,Third,2022,active,Individual,229786.87,  Metro  
west bengal,59.82,Royal Enfield,Meteor 350,90082,2022,155,Electric,,third owner,2024,Not Available,Individual,63373.05,Tier 1
RAJASTHAN,43.26,  KTM  ,390 Adventure,127439,2022,631,hybrid,76.61,First,2022,active,Individual,61459.07,Tier 3
MAHARASHTRA,14.46,  Yamaha  ,Ray ZR,289716,2022,957,Petrol,47.45,SECOND,2023,  Not Available  ,Dealer,174487.04,Tier 3
tamil nadu,13.59,Royal Enfield,Himalayan,363323,2020,277,Electric,71.24,second owner,2022,Active,individual,251396.38,Tier 2
  Maharashtra  ,22.39,Royal Enfield,Meteor 350,156949,2018,786,PETROL,36.36,second owner,2024,  Expired  ,Dealer,114892.89,Tier 2
Rajasthan,62.26,  Royal Enfield  ,Interceptor 650,139291,2015,546,petrol,44.32,2nd,2023,active,Individual,94015.39,Tier 3
Punjab,20.9,Yamaha,R15 V4,147141,2024,505,  Electric  ,62.34,,2024,  Not Available  ,INDIVIDUAL,92024.55,Tier 2
UTTAR PRADESH,43.03,KTM,390 Adventure,82407,2020,407,hybrid,87.98,third owner,2021,expired,  Individual  ,42210.59,Tier 3
Delhi,48.64,  Yamaha  ,MT-15,287235,2024,533,Hybrid,73.54,third owner,2024,Expired,INDIVIDUAL,206120.62,TIER 1
  Tamil Nadu  ,12.46,tvs,Apache RTR 160,179570,2017,759,  Petrol  ,26.13,SECOND,2024,Expired,Dealer,85801.53,Tier 3
Madhya Pradesh,17.84,  Kawasaki  ,Ninja 300,96686,2020,180,Petrol,35.21,3rd,2024,not available,Dealer,54499.23,  Tier 1  
Punjab,15.6,Kawasaki,Versys 650,55858,2020,832,hybrid,72.48,2nd,2024,expired,individual,29579.44,Tier 1
Maharashtra,69.27,  TVS  ,Ronin,372593,2020,414,  Petrol  ,40.85,Third,2023,Not Available,dealer,293582.8,Tier 1
  Delhi  ,32.82,Royal Enfield,Hunter 350,271479,2023,463,Hybrid,89.43,FIRST,2023,Expired,Individual,143456.54,Tier 1
Karnataka,37.33,yamaha,FZ V3,89731,2020,749,Hybrid,78.38,Third,2021,active,Individual,58959.38,TIER 2
Punjab,69.25,YAMAHA,Fascino 125,334840,2022,265,hybrid,88.98,FIRST,2022,expired,Dealer,204547.91,Tier 2
Rajasthan,29.35,Honda,Shine,86420,2024,592,Electric,97.29,,2024,Expired,Individual,56837.83,  Tier 2  
MADHYA PRADESH,44.28,hero,Xtreme 160R,364587,2023,304,Hybrid,0.0,1st,2023,Not Available,INDIVIDUAL,188720.84,  Tier 2  
west bengal,18.65,  Kawasaki  ,Versys 650,184836,2023,524,  Electric  ,91.0,2nd,2024,Expired,INDIVIDUAL,140729.09,Metro
TAMIL NADU,46.43,ROYAL ENFIELD,Himalayan,61742,2018,915,Petrol,25.84,3rd,2024,  Expired  ,Individual,39628.51,Metro
Delhi,47.98,Hero,Xtreme 160R,297387,2016,793,Petrol,54.28,2nd,2021,  Expired  ,Dealer,169236.73,Metro
Madhya Pradesh,44.96,Honda,CBR 650R,123142,2018,164,PETROL,29.41,Second,2023,Expired,Individual,66737.72,  Tier 2  
Uttar Pradesh,14.4,Yamaha,Fascino 125,177471,2023,949,hybrid,69.92,SECOND,2024,Not Available,Dealer,120126.81,TIER 3
tamil nadu,78.15,Hero,Splendor Plus,321620,2024,435,Hybrid,85.93,3rd,2024,  Expired  ,Dealer,221041.13,  Tier 1  
karnataka,27.42,Royal Enfield,Meteor 350,394444,2024,337,Petrol,32.89,first owner,2024,Expired,Dealer,208382.68,Metro
Karnataka,8.7,HONDA,Shine,81464,2016,415,Petrol,27.04,Third,2021,  Expired  ,Individual,44996.45,TIER 2
Uttar Pradesh,42.48,Yamaha,MT-15,314543,2016,117,Petrol,0.0,third owner,2022,Expired,  Dealer  ,238888.95,Tier 3
WEST BENGAL,59.09,Royal Enfield,Himalayan,91940,2021,885,Hybrid,86.57,THIRD,2022,  Active  ,Individual,56541.1,TIER 1
Gujarat,34.27,Honda,CBR 650R,227879,2017,969,Electric,97.38,THIRD,2022,EXPIRED,dealer,106930.19,Tier 3
Rajasthan,55.51,HONDA,Unicorn,75631,2023,787,Electric,97.75,first owner,2023,NOT AVAILABLE,Dealer,,  Metro  
  Tamil Nadu  ,61.4,KTM,RC 390,"₹70,426",2022,750,Electric,98.1,2nd,2022,ACTIVE,INDIVIDUAL,48773.49,Tier 3
  Uttar Pradesh  ,10.1,ROYAL ENFIELD,Interceptor 650,181296,2024,168,  Electric  ,60.01,Third,2024,  Active  ,Dealer,95010.24,  Tier 2  
Delhi,49.28,Hero,Splendor Plus,383976,2019,501,Hybrid,,Third,2023,Active,Dealer,196513.76,Tier 3
  Gujarat  ,60.33,Kawasaki,Versys 650,204682,2024,209,Hybrid,,1st,2024,Not Available,  Dealer  ,,Tier 2
Tamil Nadu,71.63,KTM,Duke 200,320626,2022,270,Petrol,46.57,THIRD,2023,Not Available,dealer,156453.23,Tier 1
Karnataka,39.59,Hero,HF Deluxe,353456,2022,911,Electric,77.9,second owner,2023,  Not Available  ,Dealer,210051.88,Tier 1
Delhi,38.31,Bajaj,CT 100,361321,2021,838,Electric,61.66,2nd,2022,Not Available,Individual,222257.52,  Tier 2  
Rajasthan,16.67,ROYAL ENFIELD,Classic 350,260833,2024,583,Hybrid,80.24,FIRST,2024,expired,INDIVIDUAL,179696.7,Tier 3
Gujarat,53.49,  Hero  ,Xtreme 160R,149482,2022,783,petrol,58.45,Third,2023,Not Available,dealer,85620.5,TIER 2
Karnataka,6.55,TVS,Sport,"₹391,476",2021,746,Petrol,26.47,FIRST,2021,Not Available,Dealer,289400.21,tier 1
MADHYA PRADESH,44.41,TVS,Apache RTR 160,261298,2016,294,electric,72.19,Third,2021,Expired,dealer,162383.27,tier 3
  Rajasthan  ,38.61,HONDA,Shine,323297,2022,885,  Petrol  ,59.46,SECOND,2022,Active,  Individual  ,192214.41,Tier 3
  Rajasthan  ,34.2,Hero,Glamour,141918,2016,665,Hybrid,92.49,3rd,2021,not available,dealer,108790.73,Tier 1
Gujarat,30.04,Ktm,250 Duke,385191,2024,943,Petrol,,Third,2024,,INDIVIDUAL,264312.18,Tier 3
karnataka,12.14,Hero,Passion Pro,229380,2016,717,ELECTRIC,75.05,third owner,2022,active,dealer,180954.85,  Tier 2  
Uttar Pradesh,6.39,  Honda  ,Activa,201758,2024,442,Electric,,third owner,2024,Expired,DEALER,144345.88,tier 3
Maharashtra,51.05,Hero,Passion Pro,316005,2024,887,Electric,91.04,first owner,2024,expired,Dealer,190040.18,tier 1
Rajasthan,26.36,Royal Enfield,Interceptor 650,317324,2023,997,petrol,30.05,Second,2023,Expired,Individual,156133.53,TIER 1
Uttar Pradesh,49.81,ktm,250 Duke,282371,2024,905,hybrid,70.23,SECOND,2024,Not Available,Individual,155145.08,Tier 2
Tamil Nadu,42.44,Hero,Splendor Plus,353786,2022,292,ELECTRIC,72.9,Second,2023,Not Available,Individual,250426.81,tier 3
GUJARAT,9.31,hero,Xtreme 160R,162561,2022,379,Petrol,52.91,third owner,2022,NOT AVAILABLE,Dealer,67500.29,Metro
TAMIL NADU,56.28,Kawasaki,Ninja 400,264440,2020,595,electric,86.33,THIRD,2021,active,  Individual  ,196888.48,Tier 1
PUNJAB,41.71,Honda,Shine,113147,2020,403,Petrol,52.1,2nd,2022,Expired,Individual,79703.38,  Tier 2  
West Bengal,8.4,Kawasaki,Vulcan S,360165,2024,768,HYBRID,87.5,1st,2024,Not Available,dealer,155060.13,Tier 3
Tamil Nadu,12.66,  Kawasaki  ,Versys 650,394465,2023,595,  Electric  ,,FIRST,2023,active,Dealer,251372.31,TIER 1
West Bengal,68.97,TVS,NTorq 125,117100,2018,106,ELECTRIC,80.11,THIRD,2021,Not Available,Individual,80656.36,tier 2
Maharashtra,48.93,bajaj,Dominar 400,234322,2022,304,Hybrid,70.34,Third,2022,Not Available,Individual,,Tier 1
Tamil Nadu,11.57,  Kawasaki  ,Vulcan S,193781,2019,375,electric,61.48,SECOND,2022,Expired,Dealer,96676.39,  Tier 3  
  Delhi  ,29.52,TVS,Jupiter,351102,2023,483,electric,96.13,FIRST,2023,  Expired  ,individual,164636.03,TIER 2
delhi,42.08,TVS,Jupiter,159013,2020,873,electric,81.91,Third,2022,  Not Available  ,Individual,79585.27,  Tier 2  
Maharashtra,42.68,Ktm,250 Duke,122980,2017,968,petrol,31.33,THIRD,2022,  Expired  ,INDIVIDUAL,74263.69,Tier 3
UTTAR PRADESH,33.98,TVS,NTorq 125,96480,2017,648,Hybrid,77.42,2nd,2021,Not Available,  Dealer  ,56022.88,METRO
Karnataka,26.97,  Kawasaki  ,Z650,270495,2022,256,Hybrid,68.79,first owner,2022,  Expired  ,individual,208192.84,  Metro  
Maharashtra,69.85,honda,CBR 650R,259633,2023,766,Electric,79.13,First,2023,expired,Dealer,115422.29,  Metro  
  Karnataka  ,71.01,  Kawasaki  ,Ninja 300,232559,2018,888,electric,88.05,third owner,2021,  Expired  ,dealer,150014.88,Tier 3
Delhi,10.27,Bajaj,Avenger 220,65902,2019,548,Electric,74.38,Second,2023,expired,Individual,51620.66,  Metro  
Karnataka,26.23,HONDA,CBR 650R,195868,2021,119,  Petrol  ,31.35,second owner,2024,Expired,Individual,137398.96,TIER 1
Uttar Pradesh,78.85,  KTM  ,390 Adventure,229033,2015,952,Petrol,45.91,2nd,2021,Expired,individual,93810.95,Tier 3
Madhya Pradesh,74.74,Honda,CBR 650R,214826,2021,298,Electric,83.06,1st,2021,Expired,INDIVIDUAL,106228.23859514645,TIER 2
TAMIL NADU,36.56,Tvs,Apache RTR 160,294124,2024,656,Electric,66.74,SECOND,2024,Not Available,  Dealer  ,214936.68,Tier 3
Maharashtra,60.96,KTM,125 Duke,"₹188,535",2022,457,electric,68.53,third owner,2022,Not Available,  Dealer  ,97096.64,TIER 2
West Bengal,65.43,TVS,NTorq 125,103037,2021,201,electric,88.18,FIRST,2021,Not Available,dealer,47348.14,TIER 2
MADHYA PRADESH,18.25,HONDA,Shine,162369,2022,500,Electric,64.18,THIRD,2023,Not Available,INDIVIDUAL,,TIER 1
Gujarat,61.11,Royal Enfield,Classic 350,337722,2021,119,Petrol,41.54,,2021,  Not Available  ,individual,214857.4,Metro
uttar pradesh,39.94,  Honda  ,CBR 650R,155664,2023,203,Electric,96.64,1st,2023,Active,Dealer,108228.35,Tier 1
Gujarat,22.97,Bajaj,Platina 110,164423,2023,222,hybrid,86.0,third owner,2023,  Active  ,Dealer,73463.71,  Metro  
punjab,24.56,Honda,Activa,375947,2019,200,Electric,67.21,2nd,2024,Active,Individual,270932.56,Tier 3
RAJASTHAN,67.94,KTM,125 Duke,325993,2024,437,PETROL,40.46,first owner,2024,NOT AVAILABLE,Individual,213724.65,Tier 2
Delhi,34.05,Hero,HF Deluxe,209798,2021,343,Petrol,40.28,3rd,2022,NOT AVAILABLE,Dealer,108434.39,  Tier 1  
Rajasthan,58.33,yamaha,FZ V3,84943,2015,203,electric,62.43,Third,2023,Active,  Dealer  ,65993.79,Tier 3
UTTAR PRADESH,48.67,Honda,Shine,"₹79,791",2022,515,  Hybrid  ,77.18,1st,2022,Expired,Dealer,57004.23,TIER 3
  Delhi  ,70.66,Hero,Xtreme 160R,343649,2024,583,hybrid,75.27,first owner,2024,not available,INDIVIDUAL,244834.32,Tier 3
Karnataka,18.51,  Hero  ,Glamour,172730,2024,885,  Hybrid  ,70.83,FIRST,2024,Expired,dealer,113706.96,tier 1
  Punjab  ,79.79,Yamaha,MT-15,298221,2023,337,Hybrid,92.75,First,2023,Active,Individual,211778.99,TIER 1
RAJASTHAN,42.38,yamaha,R15 V4,167384,2023,873,Petrol,45.71,1st,2023,not available,dealer,120780.43,Tier 3
rajasthan,32.66,  Yamaha  ,R15 V4,"₹105,484",2024,268,HYBRID,70.93,3rd,2024,active,Individual,63332.74,metro
Maharashtra,37.06,Kawasaki,Vulcan S,304448,2020,549,Petrol,48.22,Second,2024,  Expired  ,INDIVIDUAL,219860.18,tier 2
Karnataka,30.46,HERO,HF Deluxe,356765,2022,537,  Electric  ,93.46,first owner,2022,  Not Available  ,INDIVIDUAL,226092.38,Tier 3
Tamil Nadu,45.12,ROYAL ENFIELD,Himalayan,235447,2022,593,Electric,72.2,second owner,2022,EXPIRED,individual,99157.74,  Tier 3  
  Punjab  ,59.87,Honda,Unicorn,319364,2024,909,Electric,76.38,1st,2024,ACTIVE,Individual,144546.16,METRO
Karnataka,7.3,Royal Enfield,Meteor 350,242059,2016,589,Petrol,32.47,SECOND,2023,Active,Dealer,102339.55,  Tier 2  
Karnataka,68.3,KTM,RC 390,196019,2023,119,Petrol,55.45,3rd,2023,expired,Dealer,128131.41,Tier 2
Madhya Pradesh,27.29,kawasaki,Versys 650,372215,2023,963,hybrid,98.44,Third,2024,Not Available,Dealer,247489.11,Tier 1
RAJASTHAN,31.1,  Royal Enfield  ,Himalayan,300522,2022,100,Petrol,33.09,THIRD,2022,  Active  ,Dealer,183173.61,Metro
Maharashtra,66.93,kawasaki,Ninja 400,316698,2023,338,electric,85.81,SECOND,2023,  Active  ,DEALER,148921.28,  Tier 1  
Delhi,61.18,Kawasaki,Ninja 300,291086,2022,190,ELECTRIC,98.88,,2022,Active,  Dealer  ,142992.05,TIER 1
Karnataka,50.28,KTM,RC 390,241450,2023,850,Hybrid,,2nd,2023,  Not Available  ,Dealer,178168.54,Metro
  Tamil Nadu  ,72.42,TVS,Sport,257058,2023,431,ELECTRIC,95.89,Third,2024,Active,Individual,160517.18,Tier 3
PUNJAB,47.3,  Royal Enfield  ,Classic 350,319566,2021,728,Petrol,53.13,1st,2021,  Not Available  ,Dealer,239551.05,Tier 3
Rajasthan,9.29,Honda,Unicorn,51310,2023,530,  Petrol  ,44.29,FIRST,2023,Active,Dealer,34254.25,Tier 3
West Bengal,69.61,Kawasaki,Z650,185418,2024,400,Hybrid,74.0,first owner,2024,expired,dealer,82363.44,Metro
west bengal,41.19,TVS,Sport,113157,2020,330,PETROL,53.44,3rd,2023,Expired,Individual,84084.55,Tier 1
West Bengal,41.58,  Honda  ,CBR 650R,299029,2023,757,PETROL,56.31,2nd,2023,Not Available,Dealer,237407.08,Metro
  Madhya Pradesh  ,49.92,Royal Enfield,Classic 350,276458,2022,853,Petrol,59.42,Third,2022,Expired,Individual,190346.56,tier 2
  Karnataka  ,27.3,BAJAJ,Dominar 400,"₹344,227",2023,543,Hybrid,87.25,First,2023,Expired,individual,274536.52,Tier 1
Punjab,77.42,Yamaha,FZ V3,143407,2023,232,Petrol,45.11,2nd,2023,Expired,Individual,,metro
Maharashtra,68.15,honda,Unicorn,"₹227,573",2020,159,PETROL,40.44,THIRD,2022,Expired,  Dealer  ,148665.33590356132,Tier 1
West Bengal,50.55,ktm,RC 390,198212,2023,692,Electric,,1st,2023,active,individual,118170.25,Tier 1
  Tamil Nadu  ,46.72,Hero,Splendor Plus,377094,2022,800,electric,62.39,Second,2022,Expired,Individual,227283.87,  Tier 3  
Madhya Pradesh,10.1,  Royal Enfield  ,Classic 350,373254,2018,878,electric,,Third,2024,expired,INDIVIDUAL,224665.99,TIER 1
Rajasthan,55.77,royal enfield,Interceptor 650,233042,2021,292,electric,65.22,third owner,2023,not available,Individual,163665.44,METRO
Karnataka,65.13,KTM,250 Duke,373198,2018,231,Hybrid,98.6,Second,2024,Not Available,Dealer,204054.71,  Tier 3  
Tamil Nadu,22.62,KAWASAKI,Vulcan S,101198,2018,801,Electric,71.9,second owner,2021,EXPIRED,Dealer,41557.39,tier 3
Delhi,14.37,  Yamaha  ,FZ V3,323576,2024,996,  Petrol  ,51.37,third owner,2024,EXPIRED,INDIVIDUAL,240108.95,Metro
punjab,20.3,BAJAJ,Pulsar 150,319161,2024,341,Electric,73.56,First,2024,  Active  ,Dealer,133429.07,Metro
Rajasthan,18.43,Hero,Xtreme 160R,77627,2018,113,Petrol,39.41,3rd,2022,active,Dealer,54525.25,METRO
Uttar Pradesh,43.66,honda,Dio,388527,2019,498,Hybrid,67.08,third owner,2021,not available,individual,282122.01,Tier 3
West Bengal,40.54,tvs,Ronin,362011,2023,889,Electric,89.41,First,2023,  Active  ,Individual,281966.68,Tier 3
PUNJAB,55.57,hero,HF Deluxe,305977,2017,261,  Hybrid  ,94.67,second owner,2023,Active,  Dealer  ,,Metro
Madhya Pradesh,44.47,honda,Dio,147277,2021,149,  Petrol  ,46.37,First,2021,Active,Individual,80731.31,Tier 1
Delhi,24.21,Hero,HF Deluxe,111695,2022,330,electric,74.51,first owner,2022,Not Available,Dealer,72437.77,Metro
Karnataka,32.0,Hero,Splendor Plus,295032,2020,757,Petrol,56.53,2nd,2023,Expired,INDIVIDUAL,233364.93,METRO
  Karnataka  ,11.76,YAMAHA,R15 V4,79000,2021,546,ELECTRIC,72.16,first owner,2021,,Individual,34751.45,Tier 2
punjab,68.62,Hero,Xtreme 160R,349426,2019,595,petrol,30.5,third owner,2017,Expired,Dealer,152697.83,Tier 3
Tamil Nadu,7.91,Ktm,RC 390,328095,2016,922,Electric,80.71,Third,2021,active,INDIVIDUAL,140498.16,Tier 1
Punjab,20.03,royal enfield,Interceptor 650,378483,2023,102,  Hybrid  ,,2nd,2023,,Dealer,284595.32,tier 3
madhya pradesh,13.66,  Hero  ,HF Deluxe,179272,2021,895,Petrol,49.98,SECOND,2022,Active,individual,116951.32,Tier 2
Delhi,56.73,  Hero  ,HF Deluxe,312299,2019,171,Electric,99.45,3rd,2021,Not Available,dealer,143967.21,Tier 3
Rajasthan,19.0,Royal Enfield,Meteor 350,344022,2016,982,Electric,74.86,Second,2022,EXPIRED,Dealer,235619.73,metro
PUNJAB,70.89,Yamaha,Ray ZR,207569,2024,127,  Electric  ,72.95,THIRD,2024,Expired,  Dealer  ,111078.46,Metro
punjab,9.38,Hero,Passion Pro,308359,2022,464,Electric,84.58,1st,2022,Active,dealer,223688.04,Metro
Gujarat,52.22,royal enfield,Classic 350,88806,2018,787,PETROL,40.86,2nd,2021,active,Dealer,67592.66,Tier 1
Tamil Nadu,52.0,KTM,Duke 200,170847,2021,705,hybrid,60.82,3rd,2023,,Dealer,124590.77,Metro
Punjab,20.29,KAWASAKI,Ninja 300,123498,2023,317,Hybrid,60.74,3rd,2024,expired,Dealer,66140.7266009475,Tier 3
Maharashtra,37.85,Kawasaki,Vulcan S,100987,2024,0,Petrol,51.71,Second,2024,Not Available,individual,53064.12,tier 1
Uttar Pradesh,14.45,Kawasaki,Ninja 400,298415,2019,160,Petrol,58.03,3rd,2022,Not Available,  Dealer  ,220463.11,Tier 2
Uttar Pradesh,12.29,Hero,Xtreme 160R,128862,2017,615,Hybrid,78.41,SECOND,2024,ACTIVE,Dealer,57485.4,  Tier 1  
Tamil Nadu,60.52,Yamaha,Ray ZR,62784,2021,375,ELECTRIC,64.92,First,2021,  Active  ,Individual,37339.37,TIER 2
TAMIL NADU,78.56,Kawasaki,Z650,"₹327,003",2019,148,Hybrid,63.05,THIRD,2023,not available,  Individual  ,184054.11,metro
Gujarat,35.67,KTM,RC 390,103198,2021,280,hybrid,66.66,Second,2022,Active,Dealer,56460.79,tier 1
MADHYA PRADESH,57.46,Royal Enfield,Himalayan,388196,2023,593,Petrol,37.39,SECOND,2023,Expired,Dealer,190894.02,Tier 1
Delhi,21.04,BAJAJ,Dominar 400,235711,2020,458,Hybrid,97.54,,2021,not available,Dealer,113440.76,  Tier 3  
West Bengal,12.9,Yamaha,Ray ZR,227000,2022,527,PETROL,54.54,third owner,2023,  Expired  ,Dealer,140772.2,tier 1
TAMIL NADU,17.48,Honda,Shine,304510,2022,565,petrol,34.9,second owner,2024,Not Available,individual,149256.95,Tier 3
MAHARASHTRA,17.95,Royal Enfield,Classic 350,214749,2023,954,Petrol,25.4,SECOND,2024,Active,dealer,124479.18,Tier 3
  Madhya Pradesh  ,19.37,Ktm,Duke 200,321161,2022,9999,PETROL,56.08,3rd,2023,Expired,Individual,152488.25,TIER 3
Karnataka,8.04,  Royal Enfield  ,Classic 350,165705,2021,832,Hybrid,70.52,First,2021,  Not Available  ,Individual,73092.95,Tier 2
MADHYA PRADESH,61.23,Bajaj,Platina 110,358833,2017,965,Hybrid,62.6,second owner,2023,  Expired  ,Individual,217525.31,Tier 1
West Bengal,11.73,Hero,Xtreme 160R,216337,2016,213,Petrol,36.38,,2024,Not Available,  Dealer  ,159408.22,  Tier 1  
Punjab,64.5,Yamaha,Ray ZR,163093,2020,714,HYBRID,68.03,second owner,2024,Not Available,dealer,69612.93,  Tier 3  
GUJARAT,25.69,  Yamaha  ,FZ V3,53797,2018,135,electric,92.07,2nd,2021,Not Available,Individual,37618.82,  Tier 2  
MADHYA PRADESH,54.97,Hero,Splendor Plus,360890,2019,440,  Hybrid  ,74.83,2nd,2024,  Active  ,Individual,266171.86,Tier 3
MADHYA PRADESH,49.75,honda,CBR 650R,112864,2023,363,Electric,91.88,Third,2024,Not Available,dealer,62463.12,  Metro  
Maharashtra,22.36,Honda,Dio,102770,2021,482,Electric,61.24,2nd,2023,NOT AVAILABLE,INDIVIDUAL,75030.44,  Tier 3  
Delhi,34.69,royal enfield,Classic 350,393592,2023,248,Electric,63.1,First,2023,not available,Individual,259779.98,TIER 1
WEST BENGAL,68.38,ktm,RC 390,159810,2023,725,  Hybrid  ,67.66,Second,2024,NOT AVAILABLE,  Dealer  ,127825.24,Metro
west bengal,34.5,KAWASAKI,Ninja 400,337526,2024,424,Hybrid,89.22,3rd,2024,Active,Dealer,198523.18,Metro
  West Bengal  ,66.07,Royal Enfield,Himalayan,129356,2022,311,  Electric  ,99.72,first owner,2022,Expired,  Dealer  ,57917.86,  Tier 3  
maharashtra,29.36,Bajaj,Pulsar 150,114516,2022,563,Hybrid,88.82,3rd,2023,Active,Dealer,84756.93,tier 2
West Bengal,14.57,TVS,Ronin,375012,2024,600,Petrol,,Second,2024,ACTIVE,INDIVIDUAL,238863.05,tier 2
rajasthan,68.85,TVS,Sport,369956,2019,485,Hybrid,76.7,second owner,2024,expired,Dealer,262901.44,Tier 2
Maharashtra,78.74,  Kawasaki  ,Z650,90796,2024,361,Petrol,31.12,1st,2024,Expired,  Dealer  ,63664.25,Tier 2
Uttar Pradesh,60.81,honda,CBR 650R,264644,2024,356,  Hybrid  ,67.46,Second,2024,Active,Individual,157124.41,Metro
maharashtra,17.04,Honda,CBR 650R,65175,2017,399,petrol,53.02,Third,2022,  Not Available  ,DEALER,50414.49,Tier 1
Rajasthan,69.82,Kawasaki,Ninja 400,68408,2021,146,ELECTRIC,73.9,,2021,Expired,  Individual  ,42833.08,Tier 2
maharashtra,23.38,Honda,Activa,95634,2024,666,Hybrid,83.67,third owner,2024,Expired,dealer,61654.58,Tier 3
Tamil Nadu,31.64,KTM,Duke 200,121811,2015,466,Hybrid,,SECOND,2024,Expired,Dealer,72150.21,TIER 2
Punjab,32.99,HONDA,Unicorn,102423,2016,139,Electric,64.71,Third,2022,Expired,  Individual  ,69058.05,TIER 1
Uttar Pradesh,61.42,royal enfield,Meteor 350,156557,2024,220,Hybrid,86.11,SECOND,2024,Active,Dealer,68596.08,Tier 1
  Tamil Nadu  ,26.8,  Kawasaki  ,Ninja 400,78886,2018,991,Petrol,29.12,third owner,2024,Expired,Individual,34379.58,Tier 2
Tamil Nadu,71.11,KTM,125 Duke,397190,2024,381,HYBRID,96.14,First,2024,  Active  ,Individual,183401.57,  Tier 3  
Madhya Pradesh,70.81,tvs,Sport,106054,2021,326,Electric,87.01,second owner,2023,Active,Individual,52184.78,  Metro  
Rajasthan,18.71,HERO,Passion Pro,237809,2024,718,Hybrid,999.0,second owner,2024,Not Available,Individual,152956.92,Tier 3
Karnataka,62.85,Kawasaki,Ninja 300,132482,2021,556,Petrol,51.73,Third,2021,Active,Dealer,56240.86612638737,TIER 1
Maharashtra,36.62,royal enfield,Interceptor 650,170660,2021,268,hybrid,83.61,THIRD,2021,expired,Individual,110284.81,  Tier 1  
Gujarat,71.13,yamaha,Fascino 125,63155,2021,982,  Petrol  ,26.15,3rd,2022,Not Available,Dealer,36007.92,Metro
Maharashtra,62.47,Ktm,125 Duke,367025,2024,843,hybrid,76.94,3rd,2024,active,  Individual  ,,tier 1
MAHARASHTRA,53.42,Kawasaki,Vulcan S,112633,2023,766,Hybrid,63.81,,2023,Active,DEALER,57409.05,Tier 3
MAHARASHTRA,40.35,Bajaj,Dominar 400,333368,2020,510,Electric,81.61,third owner,2023,Expired,individual,252302.7,Tier 3
MADHYA PRADESH,27.76,HERO,Glamour,82570,2023,692,Petrol,29.91,THIRD,2024,NOT AVAILABLE,individual,48657.11,  Tier 1  
Madhya Pradesh,59.67,HERO,Glamour,142737,2023,753,  Hybrid  ,66.66,First,2023,Not Available,dealer,103959.78,Tier 2
uttar pradesh,15.27,KTM,125 Duke,85875,2022,435,hybrid,63.87,,2024,Active,  Individual  ,55509.14,Tier 1
karnataka,23.46,yamaha,R15 V4,284895,2015,679,petrol,44.77,third owner,2023,expired,Individual,183167.13,  Tier 1  
Tamil Nadu,17.06,honda,Shine,60418,2021,712,Hybrid,90.75,second owner,2023,Not Available,DEALER,24190.33,Tier 3
Rajasthan,71.88,Yamaha,Fascino 125,172618,2022,884,  Hybrid  ,87.9,Second,2024,Not Available,Dealer,97649.35,Tier 3
gujarat,35.74,  Yamaha  ,Fascino 125,255418,2023,623,PETROL,46.29,First,2023,active,Individual,154299.34,Tier 2
  Uttar Pradesh  ,65.74,  Honda  ,Dio,225595,2018,938,Electric,81.36,Third,2023,Not Available,Dealer,91338.19,Tier 1
Uttar Pradesh,72.38,Kawasaki,Ninja 400,376876,2024,441,hybrid,63.26,,2024,Active,Individual,151221.39,  Tier 1  
Karnataka,65.49,  Kawasaki  ,Ninja 400,196660,2023,855,Electric,63.97,Second,2024,  Expired  ,Individual,81744.11,Tier 3
  Uttar Pradesh  ,68.85,Royal Enfield,Classic 350,154485,2021,382,Electric,80.1,1st,2021,active,INDIVIDUAL,111024.94,Tier 1
Madhya Pradesh,31.34,Bajaj,Dominar 400,311253,2017,757,Electric,65.28,2nd,2021,Active,individual,208100.23,Metro
rajasthan,79.42,YAMAHA,MT-15,328197,2023,286,electric,92.52,2nd,2023,Active,dealer,236564.02,  Tier 1  
UTTAR PRADESH,56.81,Hero,Xtreme 160R,134960,2019,316,hybrid,,Third,2024,Expired,Individual,70171.51,Tier 3
WEST BENGAL,38.92,Kawasaki,Ninja 400,373058,2020,653,Hybrid,65.15,THIRD,2024,  Not Available  ,DEALER,150411.75,  Tier 3  
Karnataka,58.35,tvs,Sport,165087,2021,468,HYBRID,83.14,Third,2022,Not Available,INDIVIDUAL,110002.72,Tier 3
maharashtra,52.94,  Yamaha  ,R15 V4,292630,2018,194,electric,76.8,,2016,ACTIVE,Dealer,158106.42,Tier 1
Madhya Pradesh,29.02,Kawasaki,Z650,250686,2019,273,Petrol,58.83,SECOND,2021,ACTIVE,INDIVIDUAL,113433.94,Tier 3
Karnataka,62.19,Yamaha,R15 V4,276894,2024,579,  Petrol  ,27.84,First,2024,Active,Dealer,196406.22,Tier 3
RAJASTHAN,56.14,  KTM  ,RC 390,179837,2021,697,  Petrol  ,36.91,Second,2021,Expired,individual,87093.68,tier 3
Uttar Pradesh,37.18,Tvs,Sport,122700,2023,283,  Hybrid  ,76.66,Third,2023,Not Available,INDIVIDUAL,58206.7,Tier 1
  Maharashtra  ,71.53,TVS,Apache RTR 160,356698,2018,178,  Hybrid  ,90.13,Second,2021,Expired,dealer,281486.07,Tier 3
punjab,35.18,Yamaha,Fascino 125,"₹69,250",2023,246,Electric,98.17,FIRST,2023,not available,  Dealer  ,51135.28,TIER 2
rajasthan,74.62,Kawasaki,Z650,193414,2023,124,Petrol,50.14,THIRD,2023,Active,dealer,87290.44,Metro
Delhi,69.49,KTM,390 Adventure,275828,2021,105,hybrid,83.43,Third,2022,,INDIVIDUAL,212207.24,tier 1
Rajasthan,10.23,  Kawasaki  ,Versys 650,147252,2018,552,Hybrid,67.7,Third,2021,Active,  Dealer  ,109056.56,Tier 1
Maharashtra,54.13,KTM,RC 390,387071,2022,260,ELECTRIC,82.0,THIRD,2023,Not Available,INDIVIDUAL,240638.28,TIER 1
Uttar Pradesh,79.68,Bajaj,Avenger 220,232040,2019,643,Hybrid,82.61,THIRD,2021,,Dealer,106156.6,  Tier 1  
Rajasthan,68.27,  Honda  ,Dio,64158,2021,673,Electric,78.55,SECOND,2024,not available,Dealer,44562.37,Metro
Punjab,36.81,Hero,Splendor Plus,79908,2023,971,Petrol,54.43,third owner,2023,Not Available,Individual,54363.32,  Tier 3  
Punjab,20.9,Yamaha,R15 V4,147141,2024,505,  Electric  ,62.34,,2024,  Not Available  ,INDIVIDUAL,92311.29378285969,Tier 2
KARNATAKA,9.85,Kawasaki,Versys 650,167470,2018,141,HYBRID,76.24,third owner,2022,Expired,Individual,74680.72,TIER 3
Karnataka,34.16,Bajaj,Platina 110,261098,2022,824,ELECTRIC,85.7,first owner,2022,  Not Available  ,Dealer,116617.64,Metro
rajasthan,11.02,HONDA,Unicorn,375933,2019,0,Petrol,53.86,second owner,2021,Not Available,Dealer,211792.04343294137,Tier 2
UTTAR PRADESH,77.71,royal enfield,Meteor 350,60961,2019,588,electric,85.58,Third,2022,  Not Available  ,  Dealer  ,37154.35,tier 2
Punjab,63.97,  Hero  ,Passion Pro,329516,2017,485,petrol,43.94,,2022,  Not Available  ,Dealer,155553.74,Tier 1
  Tamil Nadu  ,57.98,  KTM  ,Duke 200,217220,2020,337,Hybrid,92.25,Second,2024,Expired,Individual,100520.99,Tier 3
Delhi,15.36,Honda,Dio,200284,2020,427,Petrol,32.05,third owner,2023,Active,individual,158734.48,Tier 1
GUJARAT,7.07,ktm,125 Duke,"₹99,236",2024,972,Hybrid,99.17,FIRST,2024,Expired,INDIVIDUAL,76596.46,Metro
MAHARASHTRA,63.19,bajaj,Dominar 400,135887,2024,484,Petrol,33.03,first owner,2024,  Active  ,  Dealer  ,71159.16,Tier 3
Gujarat,62.66,YAMAHA,Ray ZR,252524,2019,990,Electric,69.97,2nd,2023,  Expired  ,dealer,119073.41,Tier 2
  Punjab  ,28.83,Yamaha,FZ V3,260258,2024,967,Petrol,29.92,SECOND,2024,Active,individual,116192.62,tier 2
GUJARAT,68.29,  Honda  ,Activa,244049,2016,207,Hybrid,,second owner,2024,EXPIRED,Individual,142638.99,Tier 3
Punjab,37.16,tvs,Ronin,377483,2021,115,hybrid,97.36,first owner,2021,Active,Dealer,197901.93,  Metro  
Karnataka,42.8,Bajaj,Avenger 220,296808,2023,502,Electric,81.23,2nd,2023,  Expired  ,Dealer,200094.11,Tier 3
Gujarat,77.75,Bajaj,Pulsar 150,102635,2024,791,Electric,80.34,Third,2024,EXPIRED,Individual,79078.91,tier 1
Rajasthan,53.04,yamaha,MT-15,88587,2022,857,electric,89.33,THIRD,2024,ACTIVE,Individual,64589.13,Tier 2
Madhya Pradesh,34.93,  Royal Enfield  ,Hunter 350,143748,2022,223,Electric,74.19,THIRD,2024,Not Available,Dealer,72943.15,Tier 3
Madhya Pradesh,40.24,ROYAL ENFIELD,Classic 350,291794,2017,794,Hybrid,96.06,3rd,2023,not available,dealer,153329.29,Tier 1
Madhya Pradesh,16.21,Hero,HF Deluxe,54587,2022,887,Hybrid,93.46,,2024,Not Available,Individual,,Tier 1
Delhi,59.45,TVS,Ronin,381612,2021,703,hybrid,70.85,second owner,2023,Active,  Dealer  ,242372.32,Tier 3
  Rajasthan  ,32.44,Yamaha,R15 V4,160306,2020,671,PETROL,35.1,3rd,2023,Expired,Dealer,128157.44,Tier 3
Gujarat,42.69,YAMAHA,FZ V3,280187,2017,780,Petrol,27.26,THIRD,2022,Not Available,Individual,135536.36,Tier 2
  Tamil Nadu  ,39.39,Yamaha,FZ V3,164128,2023,405,hybrid,80.88,THIRD,2023,active,INDIVIDUAL,79143.91,Tier 1
  Madhya Pradesh  ,24.6,  Honda  ,CBR 650R,366463,2021,754,petrol,,FIRST,2021,NOT AVAILABLE,  Dealer  ,167895.26,Tier 2
Punjab,29.3,Bajaj,Pulsar 150,304243,2021,167,Hybrid,84.61,3rd,2022,Not Available,DEALER,188498.24,  Tier 1  
karnataka,47.35,KTM,250 Duke,234364,2022,683,Petrol,,,2022,ACTIVE,Dealer,131703.71,Tier 1
Punjab,18.04,bajaj,Platina 110,225435,2023,544,Petrol,41.1,FIRST,2023,Active,INDIVIDUAL,134969.87,Tier 1
  Punjab  ,40.72,Hero,Splendor Plus,72038,2015,455,HYBRID,79.55,Third,2023,Expired,Dealer,52400.2,Metro
west bengal,6.72,  Honda  ,Activa,55931,2019,540,Petrol,55.7,2nd,2021,  Not Available  ,Dealer,24055.15,  Tier 1  
rajasthan,22.89,Hero,Splendor Plus,225478,2022,978,  Hybrid  ,90.39,third owner,2022,Not Available,  Dealer  ,136061.71,  Tier 3  
karnataka,38.64,Hero,HF Deluxe,379205,2018,236,Electric,94.8,third owner,2023,  Not Available  ,Dealer,195613.31,tier 3
  Tamil Nadu  ,46.82,Honda,CBR 650R,388477,2024,946,  Electric  ,75.4,Second,2024,not available,Dealer,281792.69,  Tier 1  
Punjab,35.66,royal enfield,Classic 350,59211,2019,113,electric,80.8,,2024,,Individual,38392.68,tier 2
punjab,5.97,Honda,Activa,332641,2023,209,  Hybrid  ,67.2,second owner,2024,Expired,Individual,214392.98,TIER 3
Punjab,27.43,Kawasaki,Ninja 400,240722,2024,614,Electric,75.64,Third,2024,Active,INDIVIDUAL,164364.58,Tier 2
Maharashtra,50.11,Honda,Dio,167291,2019,581,Petrol,53.46,3rd,2021,Not Available,Dealer,126534.97,Tier 1
Maharashtra,43.76,Ktm,RC 390,149263,2024,858,Hybrid,87.04,SECOND,2024,Expired,  Individual  ,74014.56,tier 3
west bengal,28.12,royal enfield,Hunter 350,120622,2020,315,ELECTRIC,97.18,third owner,2022,Expired,individual,73290.11,Metro
Delhi,8.79,royal enfield,Interceptor 650,213193,2021,408,ELECTRIC,74.99,1st,2021,  Expired  ,  Individual  ,92612.25,  Metro  
punjab,37.48,  Yamaha  ,MT-15,229311,2021,139,  Hybrid  ,70.82,First,2021,ACTIVE,Dealer,99891.72,  Tier 1  
Punjab,9.17,Royal Enfield,Himalayan,244147,2021,244,  Hybrid  ,83.19,,2024,NOT AVAILABLE,INDIVIDUAL,166872.6,Tier 1
Madhya Pradesh,47.19,KTM,RC 390,323481,2024,933,Petrol,36.27,3rd,2024,not available,Dealer,196176.15,Metro
MADHYA PRADESH,27.96,BAJAJ,CT 100,384260,2020,239,  Hybrid  ,98.57,third owner,2023,  Active  ,Individual,210907.63,Metro
  Madhya Pradesh  ,30.39,kawasaki,Vulcan S,60733,2023,701,Electric,65.36,SECOND,2023,Not Available,Dealer,40252.7,Tier 2
  Maharashtra  ,22.2,ktm,125 Duke,231358,2019,427,hybrid,60.67,3rd,2024,  Active  ,Dealer,158054.2,Tier 1
Madhya Pradesh,48.36,Ktm,390 Adventure,263805,2023,598,  Electric  ,90.59,,2023,NOT AVAILABLE,INDIVIDUAL,144117.81,TIER 1
GUJARAT,21.15,tvs,Ronin,77473,2019,916,hybrid,95.19,THIRD,2021,active,Dealer,55639.66,  Metro  
  Delhi  ,77.1,BAJAJ,CT 100,149448,2021,298,Electric,86.84,SECOND,2023,Active,Dealer,64601.26,tier 3
Karnataka,68.5,TVS,Apache RTR 160,148072,2015,177,  Petrol  ,26.13,2nd,2022,Not Available,Individual,105809.76,Tier 2
Rajasthan,41.84,  Kawasaki  ,Versys 650,200982,2023,985,  Hybrid  ,69.34,2nd,2023,  Not Available  ,Individual,86155.23,Tier 1
uttar pradesh,75.92,BAJAJ,Avenger 220,393126,2022,270,Hybrid,63.35,second owner,2023,Expired,individual,257491.23,Metro
  West Bengal  ,28.78,BAJAJ,Avenger 220,231421,2024,924,  Petrol  ,36.77,2nd,2024,Not Available,Dealer,116891.19,  Metro  
Gujarat,46.36,TVS,Sport,379107,2021,401,Petrol,34.65,Third,2021,  Expired  ,DEALER,235043.63,Metro
PUNJAB,62.5,bajaj,Pulsar 150,337399,2022,493,  Petrol  ,50.22,1st,2022,Active,Dealer,208468.8,Metro
KARNATAKA,76.35,Yamaha,R15 V4,146159,2018,474,hybrid,,third owner,2023,ACTIVE,DEALER,88364.63,Metro
KARNATAKA,74.93,Ktm,RC 390,353696,2021,187,HYBRID,67.72,2nd,2024,Expired,Individual,174319.83,  Tier 1  
Tamil Nadu,5.01,Bajaj,CT 100,369021,2017,301,petrol,37.84,third owner,2022,  Not Available  ,  Dealer  ,288376.75,Tier 2
WEST BENGAL,25.93,tvs,Jupiter,249960,2024,467,petrol,34.54,THIRD,2024,,dealer,196512.57,TIER 2
  Punjab  ,11.26,  KTM  ,RC 390,277053,2022,315,Hybrid,81.16,First,2022,Expired,  Individual  ,,TIER 1
Karnataka,23.65,Yamaha,Ray ZR,316406,2024,539,Hybrid,999.0,Third,2024,not available,individual,134535.03,Tier 2
Punjab,46.42,  Hero  ,Glamour,367471,2017,828,Electric,91.8,third owner,2021,Not Available,Individual,200822.79,Metro
Delhi,65.75,Royal Enfield,Interceptor 650,273997,2022,209,Petrol,58.73,second owner,2023,  Active  ,Individual,215428.56,Tier 2
Tamil Nadu,51.25,  Royal Enfield  ,Hunter 350,137165,2020,581,hybrid,98.6,3rd,2023,Active,Dealer,72722.0,Tier 3
Tamil Nadu,61.91,Royal Enfield,Interceptor 650,79777,2023,629,Petrol,50.65,First,2023,Active,Dealer,55183.77,Metro
tamil nadu,64.58,Bajaj,Platina 110,130683,2019,298,HYBRID,71.53,Third,2021,Not Available,dealer,59844.97,Tier 3
tamil nadu,58.93,Kawasaki,Vulcan S,361924,2015,711,Electric,86.28,Third,2024,Expired,Dealer,275399.94,Metro
west bengal,44.64,Hero,Xtreme 160R,245927,2024,632,Hybrid,99.58,Second,2024,Expired,INDIVIDUAL,142253.45,TIER 2
Madhya Pradesh,77.67,Kawasaki,Ninja 400,93124,2019,410,  Hybrid  ,66.09,2nd,2021,,  Dealer  ,64584.84,TIER 2
  West Bengal  ,59.68,Kawasaki,Z650,96403,2015,970,Petrol,59.84,third owner,2024,,  Dealer  ,38791.99,tier 3
Delhi,8.29,KTM,Duke 200,348481,2019,275,petrol,30.52,,2022,expired,Individual,235352.6,Tier 2
TAMIL NADU,11.92,Hero,Splendor Plus,91493,2024,826,Hybrid,94.46,3rd,2024,,Individual,47605.03,Tier 3
punjab,13.65,Tvs,NTorq 125,247189,2023,326,Electric,87.52,3rd,2024,Expired,Individual,158681.71,Metro
maharashtra,63.18,yamaha,R15 V4,278282,2024,794,PETROL,40.77,first owner,2024,Expired,Dealer,115333.8587349414,TIER 3
delhi,45.89,Yamaha,FZ V3,195269,2023,417,Petrol,50.3,second owner,2023,EXPIRED,INDIVIDUAL,101085.25,Metro
Karnataka,67.62,Bajaj,Dominar 400,63074,2019,740,Electric,,third owner,2024,,dealer,40853.72,Tier 2
  Madhya Pradesh  ,12.5,  Yamaha  ,R15 V4,178454,2019.0,542,Petrol,31.19,Third,2024,Not Available,Dealer,106022.89,Tier 2
gujarat,27.32,royal enfield,Classic 350,"₹250,535",2023,553,HYBRID,69.43,First,2023,,Individual,176857.94,Tier 1
Madhya Pradesh,41.26,Bajaj,CT 100,99620,2021,302,  Electric  ,,third owner,2022,Active,Dealer,53183.41,Tier 1
Delhi,45.11,HONDA,Dio,"₹82,114",2023,541,Petrol,36.83,3rd,2023,  Expired  ,Individual,33757.75,  Tier 1  
uttar pradesh,74.61,HERO,Xtreme 160R,106841,2015,323,Hybrid,97.07,third owner,2023,Not Available,Individual,53314.24,Metro
  West Bengal  ,9.07,Yamaha,MT-15,337220,2020,124,ELECTRIC,80.13,SECOND,2024,  Not Available  ,INDIVIDUAL,155888.85,METRO
uttar pradesh,68.8,Hero,Passion Pro,255201,2019,949,Electric,99.4,Third,2024,Active,Individual,143366.08,Tier 1
Maharashtra,42.63,  Kawasaki  ,Vulcan S,321134,2021,607,Hybrid,81.04,First,2021,,Dealer,219901.41,tier 3
gujarat,47.02,Kawasaki,Ninja 400,174136,2020,570,Hybrid,86.57,2nd,2024,not available,  Dealer  ,133353.8,Tier 3
  Punjab  ,27.66,hero,Glamour,399261,2024,916,Petrol,29.96,1st,2024,not available,  Individual  ,262756.87,Tier 1
rajasthan,71.12,Kawasaki,Versys 650,350879,2022,773,Electric,99.82,,2023,expired,Individual,150970.33,metro
Uttar Pradesh,68.67,  Yamaha  ,Fascino 125,"₹349,961",2024,528,Petrol,50.89,SECOND,2024,NOT AVAILABLE,INDIVIDUAL,254859.74,Tier 3
gujarat,46.59,KTM,Duke 200,281377,2023,175,Hybrid,79.15,3rd,2023,,Dealer,198561.92,  Tier 1  
Rajasthan,37.11,  Royal Enfield  ,Classic 350,106365,2018,760,Petrol,,2nd,2021,Active,individual,68203.13,Tier 1
Rajasthan,47.89,yamaha,R15 V4,52332,2019,453,ELECTRIC,97.15,Third,2024,Not Available,Dealer,34387.4,Tier 3
Rajasthan,32.51,TVS,NTorq 125,287321,2021,734,Electric,66.98,Third,2022,  Expired  ,INDIVIDUAL,,  Metro  
Tamil Nadu,64.86,Honda,Unicorn,319235,2023,339,  Hybrid  ,82.33,SECOND,2023,expired,Individual,193088.86,Tier 2
MADHYA PRADESH,21.21,Yamaha,Fascino 125,181969,2017,713,Petrol,29.14,Second,2021,Not Available,  Dealer  ,113306.08,  Tier 3  
  Madhya Pradesh  ,29.46,Hero,Splendor Plus,376097,2023,901,Electric,84.62,3rd,2024,ACTIVE,individual,263667.56,Tier 2
west bengal,34.69,Kawasaki,Vulcan S,75881,2023,996,  Petrol  ,37.1,third owner,2024,Expired,DEALER,51631.78,Tier 1
Madhya Pradesh,75.7,  Yamaha  ,FZ V3,177150,2024,953,ELECTRIC,,2nd,2024,expired,  Dealer  ,137990.34,metro
GUJARAT,17.98,KTM,390 Adventure,86488,2022,371,Hybrid,63.62,First,2022,Not Available,Dealer,48020.45465734438,  Tier 3  
Delhi,37.2,Ktm,390 Adventure,229841,2020,569,Petrol,,2nd,2021,Active,dealer,100737.88,  Metro  
Madhya Pradesh,68.49,TVS,NTorq 125,233037,2023,821,HYBRID,74.71,,2023,Not Available,DEALER,168957.83,Tier 1
West Bengal,8.66,Yamaha,Ray ZR,310400,2017,152,Hybrid,78.12,third owner,2023,  Not Available  ,dealer,192585.14,Tier 2
karnataka,79.15,Honda,Dio,363784,2017,189,  Electric  ,83.49,Third,2023,EXPIRED,Dealer,181111.98,Tier 3
  Punjab  ,46.9,BAJAJ,Pulsar 150,148101,2022,633,ELECTRIC,66.91,Third,2023,EXPIRED,Individual,73459.72,Tier 3
  Uttar Pradesh  ,29.87,Hero,HF Deluxe,285795,2015,586,Petrol,34.28,second owner,2023,NOT AVAILABLE,individual,119891.99,Metro
West Bengal,66.76,HERO,Passion Pro,107834,2023,286,Hybrid,65.32,Second,2024,expired,Individual,74836.11,Tier 3
karnataka,39.72,KAWASAKI,Ninja 400,127508,2023,476,  Hybrid  ,61.56,second owner,2023,ACTIVE,dealer,70436.41,  Metro  
Uttar Pradesh,68.11,ROYAL ENFIELD,Interceptor 650,246969,2021,565,Petrol,49.71,first owner,2021,Not Available,Individual,102237.5,Tier 1
Maharashtra,44.2,honda,Dio,220706,2019,205,Petrol,,2nd,2023,  Active  ,Individual,104336.4,Metro
madhya pradesh,31.71,Hero,Passion Pro,263247,2018,786,Hybrid,75.1,SECOND,2024,EXPIRED,Individual,162565.16,Tier 3
TAMIL NADU,64.51,Honda,CBR 650R,144396,2022,801,electric,76.48,third owner,2024,,Individual,70145.62,TIER 3
Rajasthan,57.32,  Honda  ,CBR 650R,316195,2018,820,hybrid,60.29,Second,2023,EXPIRED,Individual,127720.57,Tier 3
KARNATAKA,41.43,  KTM  ,390 Adventure,171630,2020,431,  Petrol  ,,second owner,2024,Expired,DEALER,126039.33,  Tier 1  
Gujarat,19.84,royal enfield,Himalayan,378786,2018,347,PETROL,31.76,SECOND,2021,Expired,Dealer,288560.4,TIER 2
  Karnataka  ,34.59,ktm,250 Duke,296868,2024,422,petrol,59.36,3rd,2024,ACTIVE,Individual,137672.44,Tier 3
Rajasthan,18.89,Royal Enfield,Himalayan,163559,2022,672,PETROL,37.77,first owner,2022,  Active  ,Dealer,85962.25,Tier 1
Madhya Pradesh,26.56,HONDA,CBR 650R,245971,2024,942,petrol,26.77,THIRD,2024,  Not Available  ,Dealer,152175.04,Tier 2
Maharashtra,15.62,BAJAJ,Platina 110,385318,2016,234,electric,88.87,3rd,2021,Not Available,dealer,170943.62,Tier 2
Uttar Pradesh,61.5,  TVS  ,Ronin,331979,2023,290,Electric,90.11,first owner,2023,Not Available,DEALER,139271.45,Tier 2
gujarat,-5.0,Royal Enfield,Classic 350,203888,2018,707,Electric,76.82,second owner,2022,Expired,Individual,98831.58,Tier 3
  Uttar Pradesh  ,63.26,  KTM  ,250 Duke,132330,2022,667,  Electric  ,76.85,SECOND,2022,,Individual,92238.92,tier 2
  Gujarat  ,79.89,YAMAHA,FZ V3,185693,2023,143,  Petrol  ,45.99,SECOND,2023,  Active  ,Individual,91892.78,Tier 1
Karnataka,29.74,  Royal Enfield  ,Hunter 350,128372,2024,298,Petrol,51.76,Third,2024,,individual,66655.23,Tier 2
Uttar Pradesh,35.27,Royal Enfield,Himalayan,158927,2020,651,  Electric  ,83.3,Third,2021,Not Available,Dealer,110431.32,Tier 3
West Bengal,23.03,KTM,RC 390,389799,2021,249,Electric,91.09,third owner,2021,Expired,  Individual  ,167429.96,tier 2
gujarat,27.18,Tvs,Jupiter,350776,2015,545,Electric,63.05,SECOND,2021,Active,dealer,194635.11,Metro
punjab,68.48,KTM,125 Duke,354141,2021,463,  Hybrid  ,82.56,third owner,2022,Not Available,Dealer,222127.34,  Tier 2  
Gujarat,57.59,honda,Unicorn,55245,2022,627,Electric,81.78,second owner,2023,Not Available,dealer,34563.65,Tier 2
Tamil Nadu,61.59,TVS,NTorq 125,347785,2024,808,PETROL,49.58,first owner,2024,expired,Dealer,153887.43,TIER 2
PUNJAB,28.33,KAWASAKI,Z650,211196,2023,769,PETROL,34.51,First,2023,Expired,DEALER,108369.89,Metro
Rajasthan,50.64,Tvs,Jupiter,280337,2024,267,Hybrid,80.99,FIRST,2023,not available,Individual,121731.66,metro
Maharashtra,14.03,bajaj,CT 100,186955,2019,160,  Electric  ,89.45,THIRD,2021,  Expired  ,dealer,85892.97,tier 3
Maharashtra,29.76,Hero,HF Deluxe,346261,2015,611,Petrol,53.71,,2021,expired,individual,263786.53,  Tier 3  
uttar pradesh,28.6,Hero,Passion Pro,120770,2022,781,Petrol,30.9,Third,2023,not available,Individual,72816.64,Tier 2
Karnataka,39.18,TVS,Ronin,257065,2024,748,petrol,48.74,third owner,2024,EXPIRED,Dealer,136681.07,  Tier 1  
Maharashtra,15.63,KAWASAKI,Z650,55263,2023,964,Electric,83.12,3rd,2024,Not Available,Individual,39229.01,TIER 2
  Gujarat  ,36.96,Bajaj,Dominar 400,85737,2021,397,hybrid,62.27,FIRST,2021,NOT AVAILABLE,Dealer,43298.65,Tier 3
tamil nadu,42.88,Royal Enfield,Classic 350,146907,2021,185,petrol,27.65,second owner,2021,,DEALER,68324.84,tier 2
Maharashtra,20.81,honda,Activa,145817,2021,121,Hybrid,81.8,3rd,2023,  Not Available  ,  Dealer  ,,tier 2
uttar pradesh,33.25,Bajaj,CT 100,367167,2021,982,Hybrid,,,2023,expired,Dealer,264974.45,TIER 1
Madhya Pradesh,61.46,Yamaha,FZ V3,171346,2020,551,Electric,99.81,2nd,2022,,  Dealer  ,135446.86,Tier 3
Rajasthan,79.84,hero,Passion Pro,61838,2023,212,PETROL,36.87,SECOND,2024,,Dealer,37965.5,Metro
MADHYA PRADESH,67.68,royal enfield,Interceptor 650,166846,2024,115,PETROL,49.61,2nd,2024,Not Available,Individual,79583.35,Tier 1
  Maharashtra  ,26.5,Yamaha,Ray ZR,344728,2021,387,Electric,78.42,Second,2022,EXPIRED,  Individual  ,267493.12,tier 2
Delhi,65.71,KTM,250 Duke,176671,2021,955,HYBRID,77.29,second owner,2024,Active,Individual,129459.95,tier 3
Uttar Pradesh,57.73,Hero,Xtreme 160R,341139,2021,373,electric,97.44,FIRST,2021,ACTIVE,Individual,268000.09,TIER 2
Tamil Nadu,44.03,Royal Enfield,Meteor 350,334352,2019,273,Hybrid,93.03,Second,2022,ACTIVE,Individual,183021.53,TIER 2
Gujarat,5.32,Tvs,Sport,"₹207,061",2019,611,Petrol,49.26,Third,2024,ACTIVE,Dealer,160834.79,Tier 2
Gujarat,45.46,TVS,Ronin,296120,2022,412,HYBRID,60.99,1st,2022,expired,Individual,232485.66,Metro
gujarat,36.9,Royal Enfield,Himalayan,195922,2024,144,  Petrol  ,33.2,Second,2024,  Not Available  ,INDIVIDUAL,149712.42,TIER 2
